    0.000000     0.000000     0.000000     0.000000     0.000000     0.000000     0.000000     0.000000     0.000000     0.000000     0.000000     0.000000     0.000000     0.000000     0.000000     0.000000     0.000000     0.000000     0.000000     0.000000     0.073125     0.281250     0.536250     0.761250     0.956250     1.121250     1.256250     1.361250     1.436250     1.481250     1.496250     1.481250     1.436250     1.361250     1.256250     1.121250     0.956250     0.761250     0.536250     0.281250     0.000000
    0.000041     0.000031    -0.000117    -0.000318    -0.000531    -0.000739    -0.000939    -0.001129    -0.001308    -0.001481    -0.001652    -0.001835    -0.002053    -0.002345    -0.002773    -0.003419    -0.004321    -0.005096    -0.003212     0.013570     0.096957     0.288362     0.531874     0.758785     0.955233     1.120769     1.255964     1.361043     1.436075     1.481085     1.496083     1.481074     1.436061     1.361045     1.256025     1.121000     0.955961     0.760881     0.535778     0.281218     0.000000
    0.000031    -0.000138    -0.000642    -0.001287    -0.001973    -0.002655    -0.003313    -0.003936    -0.004520    -0.005068    -0.005590    -0.006111    -0.006667    -0.007308    -0.008075    -0.008915    -0.009391    -0.007778     0.001538     0.034452     0.126059     0.302621     0.531040     0.755785     0.953267     1.119616     1.255209     1.360468     1.435575     1.480605     1.495591     1.480553     1.435499     1.360433     1.255357     1.120265     0.955141     0.759971     0.534919     0.280926     0.000000
   -0.000063    -0.000571    -0.001610    -0.002855    -0.004169    -0.005477    -0.006737    -0.007922    -0.009016    -0.010016    -0.010923    -0.011752    -0.012521    -0.013228    -0.013786    -0.013840    -0.012307    -0.006261     0.011461     0.056174     0.152900     0.319149     0.534283     0.754226     0.951436     1.118281     1.254220     1.359650     1.434820     1.479851     1.494803     1.479706     1.434578     1.359429     1.254261     1.119068     0.953840     0.758608     0.533709     0.280282     0.000000
   -0.000234    -0.001247    -0.002971    -0.004925    -0.006956    -0.008966    -0.010890    -0.012682    -0.014306    -0.015740    -0.016966    -0.017966    -0.018707    -0.019090    -0.018845    -0.017285    -0.012775    -0.001650     0.023660     0.076815     0.176737     0.335892     0.540291     0.754471     0.950292     1.117135     1.253220     1.358723     1.433896     1.478882     1.493756     1.478561     1.433322     1.358052     1.252756     1.117432     0.952085     0.756812     0.532111     0.279277     0.000000
   -0.000461    -0.002111    -0.004641    -0.007380    -0.010178    -0.012919    -0.015519    -0.017906    -0.020024    -0.021821    -0.023248    -0.024241    -0.024694    -0.024394    -0.022887    -0.019199    -0.011311     0.004799     0.036552     0.095950     0.198014     0.352120     0.547950     0.756307     0.950004     1.116373     1.252363     1.357799     1.432882     1.477752     1.492493     1.477151     1.431755     1.356322     1.250861     1.115376     0.949893     0.754585     0.530107     0.277939     0.000000
   -0.000725    -0.003105    -0.006530    -0.010109    -0.013697    -0.017172    -0.020428    -0.023370    -0.025916    -0.027981    -0.029476    -0.030284    -0.030222    -0.028966    -0.025899    -0.019832    -0.008506     0.012219     0.049402     0.113625     0.217254     0.367624     0.556547     0.759399     0.950553     1.116068     1.251732     1.356954     1.431839     1.476512     1.491051     1.475505     1.429902     1.354261     1.248595     1.112914     0.947274     0.751931     0.527703     0.276308     0.000000
   -0.001011    -0.004179    -0.008561    -0.013014    -0.017403    -0.021598    -0.025476    -0.028920    -0.031816    -0.034048    -0.035483    -0.035952    -0.035198    -0.032798    -0.028004    -0.019474    -0.004817     0.020094     0.061900     0.130015     0.234884     0.382393     0.565655     0.763445     0.951848     1.116223     1.251361     1.356228     1.430808     1.475198     1.489464     1.473651     1.427787     1.351890     1.245975     1.110063     0.944243     0.748862     0.524920     0.274421     0.000000
   -0.001308    -0.005297    -0.010673    -0.016020    -0.021210    -0.026105    -0.030565    -0.034451    -0.037621    -0.039925    -0.041189    -0.041193    -0.039616    -0.035950    -0.029352    -0.018374    -0.000560     0.028137     0.073945     0.145313     0.251226     0.396482     0.575027     0.768210     0.953782     1.116808     1.251252     1.355639     1.429815     1.473835     1.487755     1.471612     1.425430     1.349227     1.243019     1.106839     0.940815     0.745397     0.521789     0.272315     0.000000
   -0.001610    -0.006434    -0.012823    -0.019073    -0.025056    -0.030627    -0.035629    -0.039900    -0.043272    -0.045563    -0.046561    -0.046001    -0.043507    -0.038507    -0.030081    -0.016716     0.004065     0.036200     0.085527     0.159692     0.266526     0.409968     0.584516     0.773515     0.956257     1.117781     1.251391     1.355189     1.428868     1.472439     1.485943     1.469407     1.422851     1.346291     1.239744     1.103259     0.937008     0.741560     0.518341     0.270021     0.000000
   -0.001911    -0.007576    -0.014984    -0.022136    -0.028901    -0.035121    -0.040625    -0.045229    -0.048738    -0.050941    -0.051596    -0.050396    -0.046921    -0.040548    -0.030303    -0.014634     0.008933     0.044209     0.096679     0.173303     0.280971     0.422922     0.594036     0.779228     0.959184     1.119097     1.251758     1.354871     1.427971     1.471019     1.484039     1.467049     1.420063     1.343095     1.236166     1.099340     0.932845     0.737378     0.514611     0.267568     0.000000
   -0.002211    -0.008715    -0.017141    -0.025187    -0.032717    -0.039560    -0.045528    -0.050415    -0.054003    -0.056057    -0.056303    -0.054405    -0.049905    -0.042142    -0.030106    -0.012219     0.013967     0.052135     0.107446     0.186268     0.294706     0.435414     0.603535     0.785252     0.962490     1.120714     1.252328     1.354673     1.427120     1.469578     1.482051     1.464548     1.417080     1.339655     1.232301     1.095101     0.928346     0.732879     0.510631     0.264982     0.000000
   -0.002509    -0.009846    -0.019282    -0.028212    -0.036488    -0.043927    -0.050322    -0.055447    -0.059065    -0.060914    -0.060700    -0.058058    -0.052504    -0.043348    -0.029555    -0.009537     0.019121     0.059969     0.117875     0.198689     0.307846     0.447500     0.612985     0.791511     0.966113     1.122595     1.253080     1.354582     1.426309     1.468114     1.479982     1.461913     1.413910     1.335983     1.228163     1.090559     0.923535     0.728091     0.506433     0.262285     0.000000
   -0.002805    -0.010969    -0.021406    -0.031205    -0.040207    -0.048214    -0.055000    -0.060323    -0.063924    -0.065523    -0.064804    -0.061384    -0.054757    -0.044213    -0.028700    -0.006632     0.024364     0.067714     0.128011     0.210649     0.320482     0.459230     0.622365     0.797949     0.970000     1.124704     1.253989     1.354581     1.425529     1.466626     1.477835     1.459148     1.410563     1.332090     1.223766     1.085732     0.918434     0.723043     0.502046     0.259498     0.000000
   -0.003098    -0.012084    -0.023509    -0.034162    -0.043869    -0.052416    -0.059561    -0.065042    -0.068585    -0.069893    -0.068634    -0.064409    -0.056698    -0.044775    -0.027581    -0.003538     0.029681     0.075378     0.137894     0.222216     0.332686     0.470646     0.631667     0.804523     0.974109     1.127010     1.255036     1.354659     1.424773     1.465109     1.475609     1.456257     1.407046     1.327985     1.219124     1.080638     0.913065     0.717761     0.497496     0.256638     0.000000
   -0.003390    -0.013190    -0.025591    -0.037081    -0.047471    -0.056531    -0.064002    -0.069607    -0.073056    -0.074038    -0.072208    -0.067157    -0.058354    -0.045065    -0.026228    -0.000279     0.035059     0.082969     0.147559     0.233444     0.344518     0.481784     0.640883     0.811197     0.978401     1.129487     1.256202     1.354802     1.424031     1.463559     1.473305     1.453243     1.403365     1.323679     1.214249     1.075294     0.907450     0.712270     0.492807     0.253720     0.000000
   -0.003681    -0.014288    -0.027653    -0.039962    -0.051013    -0.060559    -0.068326    -0.074022    -0.077343    -0.077968    -0.075542    -0.069648    -0.059749    -0.045108    -0.024665     0.003127     0.040493     0.090498     0.157035     0.244381     0.356026     0.492671     0.650011     0.817944     0.982844     1.132110     1.257470     1.354997     1.423296     1.461972     1.470921     1.450110     1.399525     1.319180     1.209154     1.069715     0.901611     0.706595     0.488003     0.250758     0.000000
   -0.003971    -0.015378    -0.029695    -0.042806    -0.054496    -0.064502    -0.072536    -0.078292    -0.081454    -0.081694    -0.078650    -0.071900    -0.060905    -0.044927    -0.022912     0.006665     0.045976     0.097974     0.166345     0.255062     0.367249     0.503333     0.659049     0.824741     0.987412     1.134856     1.258824     1.355233     1.422559     1.460343     1.468456     1.446857     1.395531     1.314495     1.203850     1.063917     0.895565     0.700759     0.483103     0.247764     0.000000
   -0.004259    -0.016461    -0.031717    -0.045612    -0.057919    -0.068360    -0.076633    -0.082420    -0.085396    -0.085226    -0.081545    -0.073929    -0.061838    -0.044538    -0.020984     0.010325     0.051507     0.105404     0.175513     0.265519     0.378219     0.513791     0.667995     0.831569     0.992081     1.137707     1.260250     1.355501     1.421814     1.458667     1.465909     1.443488     1.391387     1.309633     1.198348     1.057915     0.889334     0.694780     0.478124     0.244747     0.000000
   -0.004546    -0.017536    -0.033718    -0.048381    -0.061283    -0.072135    -0.080621    -0.086412    -0.089177    -0.088575    -0.084240    -0.075749    -0.062564    -0.043957    -0.018895     0.014097     0.057082     0.112796     0.184554     0.275779     0.388963     0.524061     0.676851     0.838413     0.996829     1.140644     1.261735     1.355790     1.421054     1.456942     1.463278     1.440002     1.387099     1.304600     1.192658     1.051724     0.882934     0.688679     0.473082     0.241717     0.000000
   -0.004831    -0.018603    -0.035698    -0.051112    -0.064590    -0.075829    -0.084502    -0.090273    -0.092802    -0.091748    -0.086745    -0.077371    -0.063095    -0.043196    -0.016655     0.017975     0.062701     0.120156     0.193483     0.285862     0.399504     0.534158     0.685616     0.845260     1.001639     1.143652     1.263266     1.356093     1.420273     1.455163     1.460563     1.436403     1.382668     1.299403     1.186789     1.045356     0.876381     0.682473     0.467992     0.238680     0.000000
   -0.005115    -0.019662    -0.037659    -0.053806    -0.067840    -0.079444    -0.088280    -0.094006    -0.096279    -0.094754    -0.089069    -0.078807    -0.063444    -0.042267    -0.014275     0.021951     0.068362     0.127489     0.202314     0.295786     0.409860     0.544095     0.694290     0.852099     1.006495     1.146716     1.264834     1.356401     1.419465     1.453327     1.457761     1.432690     1.378099     1.294047     1.180753     1.038825     0.869692     0.676177     0.462865     0.235644     0.000000
   -0.005398    -0.020713    -0.039598    -0.056464    -0.071033    -0.082980    -0.091958    -0.097616    -0.099611    -0.097599    -0.091221    -0.080067    -0.063619    -0.041179    -0.011762     0.026021     0.074064     0.134801     0.211057     0.305568     0.420048     0.553883     0.702874     0.858920     1.011384     1.149823     1.266428     1.356706     1.418625     1.451432     1.454872     1.428864     1.373396     1.288540     1.174556     1.032142     0.862880     0.669806     0.457713     0.232613     0.000000
   -0.005679    -0.021755    -0.041516    -0.059084    -0.074170    -0.086440    -0.095537    -0.101107    -0.102805    -0.100290    -0.093209    -0.081157    -0.063630    -0.039941    -0.009122     0.030180     0.079806     0.142095     0.219722     0.315219     0.430081     0.563530     0.711368     0.865715     1.016291     1.152962     1.268039     1.357003     1.417750     1.449473     1.451896     1.424928     1.368561     1.282886     1.168209     1.025320     0.855959     0.663372     0.452545     0.229592     0.000000
   -0.005958    -0.022788    -0.043414    -0.061668    -0.077253    -0.089824    -0.099020    -0.104482    -0.105865    -0.102833    -0.095038    -0.082086    -0.063484    -0.038558    -0.006363     0.034425     0.085589     0.149375     0.228315     0.324752     0.439972     0.573044     0.719773     0.872477     1.021208     1.156121     1.269659     1.357285     1.416834     1.447449     1.448831     1.420882     1.363598     1.277092     1.161718     1.018368     0.848942     0.656886     0.447369     0.226584     0.000000
   -0.006235    -0.023813    -0.045290    -0.064215    -0.080281    -0.093135    -0.102410    -0.107745    -0.108796    -0.105232    -0.096715    -0.082860    -0.063187    -0.037038    -0.003488     0.038752     0.091411     0.156643     0.236845     0.334177     0.449730     0.582433     0.728090     0.879201     1.026124     1.159292     1.271279     1.357546     1.415873     1.445358     1.445677     1.416726     1.358509     1.271161     1.155092     1.011296     0.841838     0.650360     0.442192     0.223592     0.000000
   -0.006511    -0.024828    -0.047145    -0.066726    -0.083255    -0.096374    -0.105708    -0.110897    -0.111600    -0.107493    -0.098245    -0.083485    -0.062746    -0.035386    -0.000503     0.043158     0.097272     0.163903     0.245317     0.343500     0.459363     0.591703     0.736319     0.885881     1.031031     1.162466     1.272893     1.357782     1.414865     1.443197     1.442432     1.412462     1.353297     1.265100     1.148338     1.004115     0.834659     0.643802     0.437020     0.220620     0.000000
   -0.006784    -0.025835    -0.048979    -0.069200    -0.086177    -0.099541    -0.108916    -0.113942    -0.114282    -0.109619    -0.099633    -0.083966    -0.062165    -0.033607     0.002588     0.047642     0.103172     0.171157     0.253736     0.352732     0.468881     0.600858     0.744461     0.892513     1.035921     1.165634     1.274494     1.357987     1.413805     1.440964     1.439097     1.408091     1.347966     1.258912     1.141462     0.996832     0.827414     0.637219     0.431858     0.217669     0.000000
   -0.007056    -0.026832    -0.050791    -0.071639    -0.089046    -0.102638    -0.112037    -0.116883    -0.116845    -0.111614    -0.100883    -0.084308    -0.061450    -0.031705     0.005783     0.052200     0.109110     0.178408     0.262107     0.361876     0.478289     0.609904     0.752516     0.899093     1.040788     1.168790     1.276077     1.358157     1.412691     1.438658     1.435671     1.403613     1.342516     1.252602     1.134471     0.989456     0.820111     0.630620     0.426710     0.214740     0.000000
   -0.007326    -0.027820    -0.052582    -0.074042    -0.091862    -0.105666    -0.115071    -0.119721    -0.119291    -0.113481    -0.101999    -0.084514    -0.060604    -0.029684     0.009078     0.056832     0.115088     0.185657     0.270434     0.370941     0.487594     0.618846     0.760486     0.905618     1.045626     1.171927     1.277635     1.358288     1.411519     1.436276     1.432154     1.399030     1.336951     1.246174     1.127372     0.981994     0.812759     0.624010     0.421581     0.211834     0.000000
   -0.007594    -0.028799    -0.054352    -0.076409    -0.094628    -0.108626    -0.118020    -0.122459    -0.121622    -0.115225    -0.102985    -0.084588    -0.059631    -0.027547     0.012470     0.061535     0.121103     0.192905     0.278722     0.379930     0.496802     0.627687     0.768372     0.912085     1.050430     1.175040     1.279165     1.358376     1.410288     1.433818     1.428544     1.394342     1.331272     1.239632     1.120168     0.974453     0.805362     0.617395     0.416472     0.208953     0.000000
   -0.007859    -0.029768    -0.056100    -0.078742    -0.097343    -0.111518    -0.120886    -0.125097    -0.123842    -0.116846    -0.103842    -0.084534    -0.058534    -0.025297     0.015957     0.066308     0.127158     0.200156     0.286973     0.388849     0.505917     0.636430     0.776174     0.918492     1.055194     1.178123     1.280660     1.358418     1.408995     1.431282     1.424841     1.389549     1.325482     1.232980     1.112867     0.966840     0.797929     0.610779     0.411386     0.206096     0.000000
   -0.008123    -0.030728    -0.057827    -0.081039    -0.100007    -0.114344    -0.123670    -0.127639    -0.125953    -0.118348    -0.104576    -0.084354    -0.057316    -0.022937     0.019537     0.071151     0.133251     0.207410     0.295191     0.397702     0.514944     0.645080     0.783893     0.924837     1.059916     1.181172     1.282118     1.358410     1.407637     1.428666     1.421046     1.384653     1.319583     1.226220     1.105472     0.959159     0.790464     0.604165     0.406325     0.203265     0.000000
   -0.008385    -0.031678    -0.059534    -0.083301    -0.102622    -0.117105    -0.126372    -0.130085    -0.127955    -0.119734    -0.105186    -0.084051    -0.055980    -0.020469     0.023208     0.076061     0.139383     0.214669     0.303378     0.406492     0.523888     0.653640     0.791530     0.931118     1.064591     1.184182     1.283534     1.358350     1.406212     1.425969     1.417156     1.379653     1.313576     1.219357     1.097988     0.951417     0.782973     0.597559     0.401291     0.200458     0.000000
   -0.008644    -0.032619    -0.061219    -0.085529    -0.105187    -0.119801    -0.128995    -0.132437    -0.129852    -0.121004    -0.105677    -0.083628    -0.054528    -0.017896     0.026969     0.081038     0.145553     0.221934     0.311538     0.415225     0.532751     0.662111     0.799086     0.937334     1.069216     1.187150     1.284904     1.358234     1.404718     1.423190     1.413173     1.374551     1.307464     1.212393     1.090419     0.943617     0.775458     0.590961     0.396283     0.197676     0.000000
   -0.008902    -0.033550    -0.062883    -0.087723    -0.107704    -0.122433    -0.131538    -0.134696    -0.131643    -0.122160    -0.106049    -0.083086    -0.052961    -0.015218     0.030819     0.086082     0.151763     0.229207     0.319672     0.423902     0.541538     0.670498     0.806562     0.943483     1.073789     1.190071     1.286226     1.358059     1.403153     1.420327     1.409095     1.369347     1.301246     1.205331     1.082770     0.935765     0.767925     0.584375     0.391304     0.194919     0.000000
   -0.009157    -0.034473    -0.064526    -0.089883    -0.110171    -0.125000    -0.134002    -0.136863    -0.133331    -0.123205    -0.106305    -0.082426    -0.051282    -0.012437     0.034755     0.091192     0.158012     0.236489     0.327784     0.432528     0.550252     0.678803     0.813959     0.949566     1.078306     1.192944     1.287496     1.357824     1.401516     1.417379     1.404922     1.364040     1.294926     1.198173     1.075044     0.927864     0.760377     0.577802     0.386353     0.192186     0.000000
   -0.009410    -0.035385    -0.066149    -0.092008    -0.112591    -0.127505    -0.136389    -0.138939    -0.134918    -0.124140    -0.106446    -0.081652    -0.049493    -0.009556     0.038777     0.096367     0.164301     0.243781     0.335875     0.441104     0.558897     0.687028     0.821279     0.955580     1.082766     1.195764     1.288712     1.357525     1.399803     1.414345     1.400653     1.358632     1.288504     1.190922     1.067243     0.919918     0.752815     0.571243     0.381431     0.189477     0.000000
   -0.009662    -0.036289    -0.067751    -0.094100    -0.114962    -0.129947    -0.138699    -0.140925    -0.136403    -0.124965    -0.106473    -0.080764    -0.047593    -0.006574     0.042885     0.101608     0.170631     0.251085     0.343948     0.449635     0.567474     0.695175     0.828521     0.961525     1.087167     1.198530     1.289870     1.357161     1.398015     1.411223     1.396287     1.353122     1.281981     1.183580     1.059371     0.911929     0.745243     0.564701     0.376537     0.186791     0.000000
   -0.009911    -0.037183    -0.069332    -0.096158    -0.117286    -0.132327    -0.140933    -0.142822    -0.137787    -0.125682    -0.106388    -0.079763    -0.045586    -0.003493     0.047077     0.106913     0.177001     0.258402     0.352004     0.458122     0.575987     0.703248     0.835688     0.967402     1.091507     1.201239     1.290968     1.356729     1.396148     1.408013     1.391825     1.347510     1.275359     1.176148     1.051431     0.903900     0.737663     0.558174     0.371670     0.184127     0.000000
   -0.010158    -0.038067    -0.070892    -0.098183    -0.119562    -0.134645    -0.143090    -0.144630    -0.139073    -0.126292    -0.106191    -0.078650    -0.043471    -0.000314     0.051353     0.112284     0.183412     0.265732     0.360046     0.466568     0.584439     0.711247     0.842780     0.973209     1.095784     1.203888     1.292004     1.356227     1.394201     1.404714     1.387265     1.341798     1.268638     1.168630     1.043425     0.895835     0.730075     0.551665     0.366832     0.181485     0.000000
   -0.010403    -0.038943    -0.072432    -0.100174    -0.121791    -0.136901    -0.145172    -0.146349    -0.140259    -0.126796    -0.105883    -0.077426    -0.041250     0.002962     0.055713     0.117719     0.189865     0.273078     0.368075     0.474976     0.592831     0.719175     0.849799     0.978946     1.099997     1.206475     1.292975     1.355653     1.392173     1.401323     1.382606     1.335983     1.261819     1.161026     1.035355     0.887734     0.722482     0.545173     0.362020     0.178864     0.000000
   -0.010646    -0.039809    -0.073952    -0.102132    -0.123973    -0.139096    -0.147179    -0.147981    -0.141347    -0.127193    -0.105465    -0.076092    -0.038922     0.006336     0.060157     0.123220     0.196361     0.280441     0.376093     0.483347     0.601167     0.727034     0.856744     0.984613     1.104145     1.208999     1.293880     1.355006     1.390061     1.397839     1.377849     1.330068     1.254903     1.153338     1.027223     0.879600     0.714885     0.538699     0.357235     0.176264     0.000000
   -0.010887    -0.040666    -0.075451    -0.104057    -0.126107    -0.141230    -0.149111    -0.149525    -0.142337    -0.127485    -0.104938    -0.074649    -0.036489     0.009806     0.064684     0.128786     0.202900     0.287821     0.384103     0.491684     0.609448     0.734826     0.863618     0.990210     1.108226     1.211458     1.294717     1.354282     1.387864     1.394263     1.372991     1.324050     1.247890     1.145567     1.019031     0.871434     0.707284     0.532241     0.352475     0.173683     0.000000
   -0.011125    -0.041513    -0.076929    -0.105948    -0.128195    -0.143302    -0.150967    -0.150981    -0.143229    -0.127671    -0.104302    -0.073096    -0.033951     0.013372     0.069294     0.134417     0.209482     0.295220     0.392105     0.499989     0.617677     0.742552     0.870420     0.995736     1.112239     1.213849     1.295482     1.353481     1.385581     1.390591     1.368033     1.317931     1.240781     1.137715     1.010780     0.863237     0.699680     0.525801     0.347739     0.171120     0.000000
   -0.011362    -0.042351    -0.078388    -0.107807    -0.130236    -0.145313    -0.152749    -0.152350    -0.144024    -0.127753    -0.103556    -0.071435    -0.031309     0.017035     0.073987     0.140115     0.216109     0.302640     0.400102     0.508265     0.625856     0.750214     0.877153     1.001192     1.116183     1.216171     1.296175     1.352600     1.383210     1.386822     1.362973     1.311710     1.233577     1.129782     1.002472     0.855011     0.692073     0.519377     0.343028     0.168576     0.000000
   -0.011597    -0.043181    -0.079826    -0.109632    -0.132229    -0.147263    -0.154456    -0.153633    -0.144721    -0.127730    -0.102702    -0.069664    -0.028561     0.020794     0.078764     0.145879     0.222782     0.310080     0.408095     0.516511     0.633986     0.757814     0.883816     1.006577     1.120057     1.218423     1.296794     1.351638     1.380749     1.382957     1.357811     1.305386     1.226278     1.121769     0.994108     0.846757     0.684464     0.512969     0.338339     0.166048     0.000000
   -0.011830    -0.044000    -0.081243    -0.111424    -0.134176    -0.149152    -0.156088    -0.154827    -0.145321    -0.127602    -0.101740    -0.067785    -0.025709     0.024650     0.083624     0.151709     0.229500     0.317543     0.416085     0.524732     0.642069     0.765353     0.890411     1.011892     1.123860     1.220602     1.297336     1.350592     1.378196     1.378992     1.352545     1.298959     1.218883     1.113678     0.985688     0.838475     0.676852     0.506576     0.333672     0.163537     0.000000
   -0.012060    -0.044811    -0.082640    -0.113183    -0.136076    -0.150979    -0.157645    -0.155934    -0.145823    -0.127369    -0.100668    -0.065797    -0.022753     0.028602     0.088569     0.157607     0.236266     0.325030     0.424075     0.532928     0.650108     0.772832     0.896938     1.017135     1.127592     1.222708     1.297799     1.349461     1.375549     1.374926     1.347174     1.292430     1.211394     1.105509     0.977214     0.830165     0.669239     0.500199     0.329027     0.161042     0.000000
   -0.012289    -0.045612    -0.084016    -0.114909    -0.137928    -0.152745    -0.159126    -0.156954    -0.146227    -0.127030    -0.099487    -0.063700    -0.019691     0.032651     0.093598     0.163573     0.243079     0.332542     0.432064     0.541100     0.658103     0.780253     0.903397     1.022307     1.131250     1.224738     1.298183     1.348243     1.372808     1.370759     1.341699     1.285796     1.203810     1.097262     0.968687     0.821829     0.661623     0.493835     0.324401     0.158562     0.000000
   -0.012515    -0.046404    -0.085372    -0.116601    -0.139733    -0.154449    -0.160532    -0.157885    -0.146533    -0.126587    -0.098197    -0.061494    -0.016524     0.036797     0.098712     0.169608     0.249941     0.340079     0.440056     0.549251     0.666056     0.787616     0.909790     1.027407     1.134834     1.226691     1.298484     1.346935     1.369969     1.366488     1.336116     1.279058     1.196132     1.088938     0.960107     0.813467     0.654004     0.487486     0.319795     0.156096     0.000000
   -0.012739    -0.047187    -0.086707    -0.118259    -0.141489    -0.156091    -0.161861    -0.158728    -0.146740    -0.126037    -0.096797    -0.059177    -0.013251     0.041040     0.103911     0.175711     0.256853     0.347644     0.448051     0.557382     0.673969     0.794924     0.916117     1.032436     1.138343     1.228566     1.298702     1.345537     1.367032     1.362113     1.330426     1.272216     1.188359     1.080538     0.951474     0.805079     0.646382     0.481149     0.315207     0.153644     0.000000
   -0.012962    -0.047960    -0.088022    -0.119884    -0.143198    -0.157670    -0.163114    -0.159481    -0.146847    -0.125380    -0.095287    -0.056751    -0.009872     0.045382     0.109196     0.181885     0.263815     0.355237     0.456050     0.565494     0.681842     0.802176     0.922377     1.037392     1.141776     1.230360     1.298833     1.344045     1.363995     1.357631     1.324627     1.265268     1.180492     1.072062     0.942790     0.796665     0.638758     0.474824     0.310637     0.151205     0.000000
   -0.013182    -0.048724    -0.089315    -0.121474    -0.144858    -0.159186    -0.164289    -0.160144    -0.146855    -0.124617    -0.093666    -0.054214    -0.006386     0.049822     0.114567     0.188129     0.270828     0.362859     0.464055     0.573589     0.689677     0.809373     0.928572     1.042276     1.145131     1.232072     1.298877     1.342458     1.360854     1.353040     1.318718     1.258215     1.172530     1.063510     0.934054     0.788225     0.631130     0.468510     0.306083     0.148779     0.000000
   -0.013400    -0.049478    -0.090588    -0.123029    -0.146469    -0.160637    -0.165387    -0.160717    -0.146761    -0.123745    -0.091934    -0.051566    -0.002793     0.054362     0.120026     0.194445     0.277893     0.370510     0.472066     0.581667     0.697474     0.816517     0.934701     1.047086     1.148408     1.233701     1.298831     1.340775     1.357610     1.348340     1.312698     1.251055     1.164474     1.054883     0.925267     0.779759     0.623499     0.462208     0.301546     0.146365     0.000000
   -0.013616    -0.050223    -0.091838    -0.124550    -0.148031    -0.162025    -0.166406    -0.161199    -0.146566    -0.122765    -0.090089    -0.048805     0.000908     0.059001     0.125573     0.200833     0.285011     0.378193     0.480085     0.589729     0.705236     0.823607     0.940764     1.051823     1.151605     1.235244     1.298693     1.338992     1.354259     1.343529     1.306566     1.243787     1.156322     1.046180     0.916429     0.771268     0.615863     0.455916     0.297024     0.143963     0.000000
   -0.013830    -0.050958    -0.093068    -0.126035    -0.149542    -0.163347    -0.167345    -0.161588    -0.146269    -0.121674    -0.088130    -0.045931     0.004717     0.063741     0.131208     0.207294     0.292183     0.385908     0.488113     0.597777     0.712962     0.830645     0.946762     1.056485     1.154721     1.236700     1.298462     1.337107     1.350800     1.338605     1.300320     1.236412     1.148077     1.037402     0.907541     0.762752     0.608224     0.449633     0.292517     0.141572     0.000000
   -0.014042    -0.051683    -0.094275    -0.127485    -0.151003    -0.164603    -0.168203    -0.161884    -0.145867    -0.120474    -0.086058    -0.042944     0.008636     0.068582     0.136933     0.213828     0.299409     0.393656     0.496150     0.605812     0.720652     0.837630     0.952694     1.061071     1.157754     1.238067     1.298134     1.335120     1.347231     1.333566     1.293960     1.228929     1.139736     1.028550     0.898603     0.754211     0.600580     0.443360     0.288024     0.139192     0.000000
   -0.014251    -0.052398    -0.095460    -0.128898    -0.152412    -0.165792    -0.168980    -0.162085    -0.145361    -0.119161    -0.083871    -0.039842     0.012666     0.073526     0.142747     0.220436     0.306691     0.401437     0.504197     0.613833     0.728309     0.844562     0.958559     1.065581     1.160703     1.239343     1.297707     1.333026     1.343549     1.328410     1.287484     1.221336     1.131300     1.019623     0.889615     0.745644     0.592931     0.437096     0.283546     0.136823     0.000000
   -0.014459    -0.053103    -0.096622    -0.130274    -0.153768    -0.166912    -0.169674    -0.162190    -0.144749    -0.117735    -0.081567    -0.036624     0.016807     0.078572     0.148653     0.227120     0.314028     0.409252     0.512255     0.621841     0.735931     0.851442     0.964357     1.070013     1.163567     1.240526     1.297181     1.330825     1.339753     1.323137     1.280890     1.213634     1.122768     1.010622     0.880577     0.737052     0.585278     0.430841     0.279081     0.134464     0.000000
   -0.014664    -0.053798    -0.097762    -0.131612    -0.155071    -0.167964    -0.170283    -0.162198    -0.144030    -0.116196    -0.079146    -0.033290     0.021059     0.083722     0.154650     0.233879     0.321422     0.417101     0.520324     0.629838     0.743519     0.858269     0.970088     1.074367     1.166343     1.241613     1.296551     1.328513     1.335841     1.317743     1.274179     1.205821     1.114142     1.001548     0.871490     0.728436     0.577621     0.424594     0.274629     0.132116     0.000000
   -0.014866    -0.054482    -0.098877    -0.132912    -0.156319    -0.168945    -0.170808    -0.162108    -0.143202    -0.114540    -0.076606    -0.029838     0.025425     0.088976     0.160738     0.240714     0.328873     0.424986     0.528405     0.637822     0.751073     0.865043     0.975751     1.078640     1.169029     1.242603     1.295816     1.326088     1.331809     1.312229     1.267348     1.197898     1.105420     0.992399     0.862354     0.719795     0.569958     0.418355     0.270191     0.129778     0.000000
   -0.015067    -0.055155    -0.099968    -0.134172    -0.157512    -0.169854    -0.171245    -0.161918    -0.142263    -0.112768    -0.073946    -0.026267     0.029905     0.094336     0.166920     0.247626     0.336381     0.432906     0.536497     0.645795     0.758593     0.871763     0.981344     1.082832     1.171624     1.243494     1.294974     1.323549     1.327657     1.306590     1.260396     1.189863     1.096603     0.983177     0.853170     0.711129     0.562291     0.412125     0.265766     0.127450     0.000000
   -0.015264    -0.055817    -0.101035    -0.135392    -0.158648    -0.170690    -0.171594    -0.161626    -0.141213    -0.110878    -0.071166    -0.022576     0.034500     0.099801     0.173195     0.254615     0.343947     0.440863     0.544602     0.653755     0.766079     0.878430     0.986867     1.086941     1.174126     1.244282     1.294021     1.320892     1.323382     1.300827     1.253322     1.181716     1.087691     0.973882     0.843938     0.702440     0.554620     0.405903     0.261354     0.125132     0.000000
   -0.015460    -0.056467    -0.102076    -0.136571    -0.159726    -0.171451    -0.171852    -0.161231    -0.140050    -0.108868    -0.068263    -0.018764     0.039210     0.105373     0.179564     0.261682     0.351571     0.448855     0.552719     0.661704     0.773529     0.885041     0.992318     1.090966     1.176533     1.244966     1.292956     1.318115     1.318982     1.294937     1.246126     1.173457     1.078684     0.964515     0.834659     0.693728     0.546945     0.399689     0.256955     0.122825     0.000000
   -0.015652    -0.057106    -0.103090    -0.137707    -0.160744    -0.172136    -0.172019    -0.160731    -0.138772    -0.106736    -0.065236    -0.014830     0.044037     0.111053     0.186028     0.268827     0.359254     0.456883     0.560848     0.669640     0.780944     0.891596     0.997697     1.094903     1.178842     1.245543     1.291775     1.315215     1.314454     1.288919     1.238806     1.165085     1.069582     0.955076     0.825333     0.684993     0.539267     0.393485     0.252570     0.120528     0.000000
   -0.015842    -0.057732    -0.104078    -0.138800    -0.161701    -0.172742    -0.172091    -0.160124    -0.137376    -0.104482    -0.062085    -0.010773     0.048982     0.116841     0.192586     0.276050     0.366995     0.464946     0.568988     0.677563     0.788323     0.898094     1.003000     1.098752     1.181051     1.246010     1.290476     1.312191     1.309798     1.282771     1.231361     1.156600     1.060385     0.945565     0.815961     0.676236     0.531586     0.387290     0.248199     0.118241     0.000000
   -0.016029    -0.058345    -0.105037    -0.139847    -0.162595    -0.173268    -0.172068    -0.159407    -0.135863    -0.102103    -0.058807    -0.006591     0.054045     0.122738     0.199240     0.283352     0.374794     0.473046     0.577140     0.685473     0.795664     0.904534     1.008228     1.102510     1.183157     1.246365     1.289057     1.309039     1.305009     1.276492     1.223790     1.148002     1.051094     0.935985     0.806545     0.667458     0.523903     0.381105     0.243841     0.115965     0.000000
   -0.016213    -0.058945    -0.105968    -0.140848    -0.163425    -0.173712    -0.171947    -0.158581    -0.134229    -0.099598    -0.055401    -0.002284     0.059227     0.128743     0.205990     0.290732     0.382652     0.481180     0.585302     0.693367     0.802967     0.910913     1.013376     1.106175     1.185158     1.246604     1.287514     1.305757     1.300087     1.270079     1.216093     1.139291     1.041710     0.926334     0.797085     0.658661     0.516218     0.374930     0.239499     0.113700     0.000000
   -0.016394    -0.059531    -0.106868    -0.141801    -0.164188    -0.174072    -0.171726    -0.157641    -0.132472    -0.096965    -0.051866     0.002150     0.064530     0.134859     0.212835     0.298190     0.390567     0.489350     0.593473     0.701246     0.810230     0.917230     1.018445     1.109744     1.187052     1.246726     1.285844     1.302343     1.295029     1.263532     1.208269     1.130466     1.032232     0.916616     0.787582     0.649844     0.508533     0.368767     0.235172     0.111447     0.000000
   -0.016572    -0.060103    -0.107737    -0.142704    -0.164883    -0.174346    -0.171403    -0.156586    -0.130591    -0.094203    -0.048200     0.006711     0.069953     0.141085     0.219776     0.305727     0.398540     0.497552     0.601654     0.709108     0.817451     0.923484     1.023431     1.113215     1.188834     1.246727     1.284046     1.298793     1.289833     1.256849     1.200317     1.121529     1.022662     0.906829     0.778038     0.641009     0.500850     0.362616     0.230861     0.109205     0.000000
   -0.016746    -0.060659    -0.108574    -0.143555    -0.165507    -0.174531    -0.170975    -0.155414    -0.128584    -0.091309    -0.044403     0.011401     0.075497     0.147421     0.226813     0.313342     0.406569     0.505788     0.609841     0.716952     0.824628     0.929672     1.028332     1.116585     1.190503     1.246604     1.282115     1.295106     1.284497     1.250029     1.192236     1.112478     1.013001     0.896977     0.768454     0.632159     0.493168     0.356479     0.226566     0.106976     0.000000
   -0.016916    -0.061200    -0.109376    -0.144354    -0.166058    -0.174625    -0.170441    -0.154122    -0.126449    -0.088283    -0.040472     0.016220     0.081163     0.153867     0.233946     0.321034     0.414654     0.514056     0.618035     0.724775     0.831760     0.935792     1.033145     1.119852     1.192056     1.246354     1.280050     1.291278     1.279020     1.243071     1.184027     1.103315     1.003249     0.887061     0.758832     0.623294     0.485490     0.350356     0.222289     0.104759     0.000000
   -0.017083    -0.061724    -0.110143    -0.145097    -0.166534    -0.174625    -0.169797    -0.152708    -0.124184    -0.085123    -0.036408     0.021169     0.086952     0.160425     0.241175     0.328803     0.422794     0.522354     0.626233     0.732576     0.838845     0.941841     1.037868     1.123012     1.193489     1.245974     1.277847     1.287308     1.273399     1.235973     1.175689     1.094040     0.993409     0.877081     0.749173     0.614416     0.477817     0.344250     0.218031     0.102555     0.000000
   -0.017246    -0.062231    -0.110873    -0.145783    -0.166933    -0.174529    -0.169041    -0.151170    -0.121786    -0.081826    -0.032207     0.026250     0.092863     0.167093     0.248498     0.336648     0.430988     0.530681     0.634433     0.740353     0.845880     0.947817     1.042497     1.126062     1.194798     1.245461     1.275503     1.283193     1.267632     1.228735     1.167222     1.084655     0.983480     0.867040     0.739480     0.605527     0.470151     0.338160     0.213792     0.100365     0.000000
   -0.017404    -0.062719    -0.111565    -0.146409    -0.167251    -0.174335    -0.168170    -0.149506    -0.119254    -0.078392    -0.027870     0.031462     0.098897     0.173871     0.255916     0.344568     0.439235     0.539036     0.642634     0.748103     0.852862     0.953716     1.047030     1.128999     1.195982     1.244812     1.273016     1.278931     1.261719     1.221356     1.158626     1.075159     0.973466     0.856941     0.729755     0.596630     0.462494     0.332089     0.209574     0.098189     0.000000
   -0.017558    -0.063188    -0.112216    -0.146973    -0.167487    -0.174038    -0.167182    -0.147713    -0.116586    -0.074819    -0.023396     0.036806     0.105054     0.180760     0.263427     0.352561     0.447532     0.547415     0.650833     0.755824     0.859788     0.959536     1.051463     1.131820     1.197036     1.244023     1.270382     1.274519     1.255657     1.213835     1.149902     1.065554     0.963367     0.846784     0.720000     0.587726     0.454848     0.326039     0.205378     0.096028     0.000000
   -0.017707    -0.063637    -0.112825    -0.147472    -0.167637    -0.173637    -0.166074    -0.145788    -0.113780    -0.071105    -0.018782     0.042283     0.111334     0.187758     0.271031     0.360627     0.455878     0.555818     0.659028     0.763513     0.866656     0.965274     1.055793     1.134520     1.197957     1.243091     1.267599     1.269955     1.249445     1.206172     1.141049     1.055841     0.953186     0.836574     0.710218     0.578818     0.447216     0.320012     0.201205     0.093883     0.000000
   -0.017851    -0.064064    -0.113390    -0.147905    -0.167698    -0.173129    -0.164843    -0.143730    -0.110833    -0.067250    -0.014030     0.047893     0.117737     0.194864     0.278727     0.368764     0.464272     0.564242     0.667216     0.771167     0.873462     0.970926     1.060017     1.137098     1.198742     1.242014     1.264665     1.265237     1.243083     1.198366     1.132070     1.046023     0.942926     0.826311     0.700412     0.569909     0.439598     0.314009     0.197056     0.091754     0.000000
   -0.017989    -0.064468    -0.113909    -0.148268    -0.167668    -0.172510    -0.163487    -0.141536    -0.107745    -0.063251    -0.009137     0.053636     0.124262     0.202079     0.286513     0.376970     0.472710     0.572684     0.675394     0.778783     0.880203     0.976488     1.064130     1.139548     1.199387     1.240787     1.261575     1.260363     1.236567     1.190418     1.122963     1.036100     0.932587     0.816000     0.690583     0.561002     0.431999     0.308031     0.192934     0.089642     0.000000
   -0.018121    -0.064849    -0.114379    -0.148559    -0.167544    -0.171778    -0.162003    -0.139203    -0.104513    -0.059108    -0.004103     0.059512     0.130909     0.209401     0.294387     0.385243     0.481191     0.581142     0.683559     0.786357     0.886876     0.981957     1.068130     1.141868     1.199889     1.239408     1.258329     1.255331     1.229899     1.182328     1.113732     1.026076     0.922174     0.805642     0.680737     0.552099     0.424420     0.302083     0.188839     0.087549     0.000000
   -0.018248    -0.065204    -0.114799    -0.148774    -0.167322    -0.170929    -0.160387    -0.136730    -0.101136    -0.054819     0.001072     0.065521     0.137677     0.216829     0.302348     0.393581     0.489711     0.589612     0.691708     0.793887     0.893476     0.987329     1.072011     1.144054     1.200243     1.237874     1.254923     1.250140     1.223077     1.174095     1.104377     1.015951     0.911690     0.795243     0.670875     0.543204     0.416864     0.296165     0.184773     0.085473     0.000000
   -0.018367    -0.065533    -0.115165    -0.148911    -0.166999    -0.169961    -0.158638    -0.134114    -0.097612    -0.050384     0.006388     0.071663     0.144565     0.224360     0.310395     0.401981     0.498269     0.598090     0.699837     0.801367     0.899999     0.992600     1.075771     1.146101     1.200447     1.236182     1.251355     1.244788     1.216101     1.165721     1.094900     1.005729     0.901136     0.784804     0.661003     0.534320     0.409335     0.290280     0.180738     0.083417     0.000000
   -0.018480    -0.065834    -0.115477    -0.148967    -0.166571    -0.168870    -0.156753    -0.131353    -0.093939    -0.045803     0.011845     0.077937     0.151572     0.231994     0.318523     0.410441     0.506860     0.606575     0.707941     0.808793     0.906441     0.997766     1.079405     1.148006     1.200498     1.234328     1.247623     1.239274     1.208970     1.157206     1.085302     0.995413     0.890518     0.774331     0.651122     0.525450     0.401835     0.284430     0.176734     0.081382     0.000000
   -0.018585    -0.066106    -0.115730    -0.148938    -0.166037    -0.167653    -0.154728    -0.128445    -0.090117    -0.041073     0.017445     0.084342     0.158696     0.239729     0.326733     0.418958     0.515481     0.615061     0.716018     0.816163     0.912799     1.002822     1.082909     1.149764     1.200391     1.232310     1.243724     1.233596     1.201685     1.148553     1.075587     0.985006     0.879839     0.763826     0.641239     0.516599     0.394367     0.278618     0.172765     0.079367     0.000000
   -0.018683    -0.066346    -0.115922    -0.148822    -0.165391    -0.166307    -0.152562    -0.125388    -0.086144    -0.036195     0.023185     0.090877     0.165937     0.247563     0.335019     0.427528     0.524129     0.623545     0.724063     0.823471     0.919067     1.007764     1.086278     1.151374     1.200123     1.230125     1.239657     1.227755     1.194245     1.139761     1.065756     0.974511     0.869102     0.753295     0.631355     0.507770     0.386936     0.272846     0.168831     0.077375     0.000000
   -0.018772    -0.066554    -0.116051    -0.148615    -0.164632    -0.164829    -0.150251    -0.122180    -0.082019    -0.031169     0.029066     0.097542     0.173292     0.255492     0.343381     0.436148     0.532800     0.632022     0.732071     0.830712     0.925241     1.012588     1.089509     1.152829     1.199691     1.227771     1.235420     1.221748     1.186652     1.130833     1.055812     0.963932     0.858312     0.742742     0.621477     0.498967     0.379543     0.267116     0.164935     0.075405     0.000000
   -0.018853    -0.066728    -0.116114    -0.148313    -0.163755    -0.163216    -0.147794    -0.118820    -0.077740    -0.025994     0.035087     0.104335     0.180760     0.263515     0.351813     0.444814     0.541489     0.640489     0.740037     0.837882     0.931316     1.017288     1.092597     1.154127     1.199092     1.225244     1.231012     1.215577     1.178906     1.121771     1.045760     0.953272     0.847474     0.732171     0.611608     0.490194     0.372192     0.261433     0.161077     0.073459     0.000000
   -0.018924    -0.066866    -0.116109    -0.147914    -0.162757    -0.161465    -0.145188    -0.115306    -0.073309    -0.020670     0.041247     0.111253     0.188337     0.271628     0.360314     0.453523     0.550193     0.648939     0.747958     0.844976     0.937287     1.021861     1.095538     1.155263     1.198323     1.222544     1.226432     1.209240     1.171008     1.112577     1.035601     0.942538     0.836592     0.721587     0.601754     0.481456     0.364888     0.255797     0.157260     0.071537     0.000000
   -0.018985    -0.066966    -0.116031    -0.147414    -0.161635    -0.159573    -0.142430    -0.111637    -0.068723    -0.015199     0.047546     0.118297     0.196022     0.279829     0.368879     0.462270     0.558906     0.657370     0.755827     0.851989     0.943150     1.026302     1.098328     1.156235     1.197380     1.219667     1.221677     1.202738     1.162960     1.103254     1.025340     0.931732     0.825672     0.710996     0.591919     0.472757     0.357633     0.250212     0.153486     0.069641     0.000000
   -0.019036    -0.067027    -0.115879    -0.146810    -0.160386    -0.157538    -0.139520    -0.107811    -0.063983    -0.009580     0.053980     0.125462     0.203811     0.288113     0.377504     0.471051     0.567625     0.665774     0.763639     0.858916     0.948899     1.030606     1.100963     1.157038     1.196261     1.216613     1.216749     1.196072     1.154764     1.093806     1.014982     0.920860     0.814718     0.700404     0.582109     0.464101     0.350432     0.244681     0.149756     0.067771     0.000000
   -0.019076    -0.067046    -0.115650    -0.146099    -0.159006    -0.155356    -0.136454    -0.103828    -0.059089    -0.003815     0.060550     0.132747     0.211702     0.296478     0.386185     0.479861     0.576343     0.674148     0.771390     0.865750     0.954529     1.034768     1.103438     1.157669     1.194964     1.213379     1.211646     1.189242     1.146421     1.084235     1.004530     0.909927     0.803738     0.689815     0.572328     0.455492     0.343287     0.239206     0.146071     0.065928     0.000000
   -0.019105    -0.067022    -0.115340    -0.145277    -0.157493    -0.153025    -0.133232    -0.099686    -0.054041     0.002095     0.067253     0.140149     0.219691     0.304919     0.394918     0.488695     0.585055     0.682485     0.779073     0.872488     0.960036     1.038783     1.105749     1.158125     1.193485     1.209963     1.206368     1.182250     1.137936     1.074545     0.993990     0.898939     0.792735     0.679235     0.562582     0.446936     0.336203     0.233789     0.142435     0.064112     0.000000
   -0.019121    -0.066953    -0.114947    -0.144341    -0.155844    -0.150544    -0.129852    -0.095387    -0.048839     0.008150     0.074086     0.147666     0.227775     0.313433     0.403698     0.497548     0.593757     0.690780     0.786683     0.879123     0.965413     1.042648     1.107893     1.158402     1.191824     1.206366     1.200915     1.175096     1.129309     1.064742     0.983366     0.887902     0.781718     0.668671     0.552876     0.438438     0.329183     0.228435     0.138847     0.062325     0.000000
   -0.019125    -0.066838    -0.114468    -0.143288    -0.154055    -0.147910    -0.126313    -0.090928    -0.043485     0.014347     0.081048     0.155293     0.235950     0.322014     0.412519     0.506415     0.602442     0.699028     0.794214     0.885650     0.970657     1.046357     1.109866     1.158499     1.189977     1.202586     1.195289     1.167785     1.120545     1.054828     0.972665     0.876821     0.770691     0.658129     0.543217     0.430001     0.322232     0.223144     0.135311     0.060567     0.000000
   -0.019116    -0.066674    -0.113901    -0.142115    -0.152124    -0.145120    -0.122614    -0.086311    -0.037978     0.020685     0.088135     0.163028     0.244211     0.330658     0.421377     0.515290     0.611105     0.707221     0.801660     0.892063     0.975761     1.049906     1.111663     1.158411     1.187943     1.198624     1.189490     1.160316     1.111648     1.044809     0.961892     0.865704     0.759662     0.647614     0.533609     0.421631     0.315352     0.217921     0.131828     0.058840     0.000000
   -0.019093    -0.066459    -0.113241    -0.140820    -0.150049    -0.142174    -0.118754    -0.081536    -0.032322     0.027160     0.095344     0.170867     0.252554     0.339360     0.430267     0.524167     0.619739     0.715355     0.809015     0.898357     0.980720     1.053291     1.113282     1.158136     1.185722     1.194478     1.183519     1.152694     1.102622     1.034692     0.951053     0.854557     0.748637     0.637134     0.524058     0.413332     0.308547     0.212767     0.128398     0.057143     0.000000
   -0.019056    -0.066193    -0.112488    -0.139398    -0.147828    -0.139070    -0.114732    -0.076603    -0.026516     0.033771     0.102672     0.178805     0.260975     0.348115     0.439182     0.533040     0.628339     0.723423     0.816274     0.904525     0.985531     1.056507     1.114718     1.157673     1.183312     1.190149     1.177378     1.144922     1.093470     1.024480     0.940155     0.843387     0.737624     0.626695     0.514571     0.405110     0.301822     0.207684     0.125024     0.055477     0.000000
   -0.019004    -0.065872    -0.111638    -0.137849    -0.145457    -0.135807    -0.110549    -0.071513    -0.020564     0.040515     0.110116     0.186838     0.269468     0.356917     0.448117     0.541903     0.636898     0.731418     0.823431     0.910564     0.990187     1.059551     1.115970     1.157020     1.180712     1.185639     1.171069     1.137003     1.084199     1.014180     0.929206     0.832201     0.726629     0.616304     0.505153     0.396969     0.295180     0.202677     0.121708     0.053843     0.000000
   -0.018936    -0.065495    -0.110688    -0.136169    -0.142937    -0.132384    -0.106206    -0.066268    -0.014468     0.047388     0.117672     0.194962     0.278028     0.365760     0.457066     0.550751     0.645409     0.739335     0.830478     0.916466     0.994684     1.062418     1.117035     1.156174     1.177922     1.180947     1.164595     1.128941     1.074814     1.003800     0.918211     0.821006     0.715660     0.605967     0.495810     0.388913     0.288623     0.197746     0.118449     0.052242     0.000000
   -0.018853    -0.065062    -0.109638    -0.134356    -0.140265    -0.128801    -0.101701    -0.060869    -0.008229     0.054388     0.125334     0.203172     0.286651     0.374640     0.466021     0.559575     0.653867     0.747167     0.837411     0.922227     0.999018     1.065105     1.117909     1.155135     1.174942     1.176077     1.157960     1.120741     1.065319     0.993345     0.907178     0.809811     0.704724     0.595692     0.486548     0.380948     0.282157     0.192894     0.115251     0.050673     0.000000
   -0.018753    -0.064570    -0.108483    -0.132409    -0.137439    -0.125056    -0.097037    -0.055318    -0.001852     0.061510     0.133099     0.211462     0.295329     0.383549     0.474978     0.568370     0.662264     0.754907     0.844224     0.927842     1.003183     1.067608     1.118591     1.153901     1.171773     1.171028     1.151165     1.112407     1.055722     0.982822     0.896116     0.798624     0.693829     0.585484     0.477372     0.373078     0.275783     0.188124     0.112113     0.049139     0.000000
   -0.018636    -0.064017    -0.107224    -0.130326    -0.134460    -0.121152    -0.092215    -0.049618     0.004661     0.068749     0.140962     0.219827     0.304058     0.392481     0.483929     0.577129     0.670594     0.762550     0.850909     0.933304     1.007177     1.069925     1.119078     1.152472     1.168415     1.165805     1.144216     1.103945     1.046030     0.972240     0.885032     0.787451     0.682983     0.575351     0.468288     0.365307     0.269506     0.183437     0.109038     0.047638     0.000000
   -0.018502    -0.063403    -0.105858    -0.128106    -0.131327    -0.117087    -0.087236    -0.043771     0.011306     0.076103     0.148918     0.228262     0.312831     0.401430     0.492868     0.585845     0.678850     0.770088     0.857463     0.938610     1.010994     1.072052     1.119369     1.150849     1.164871     1.160410     1.137117     1.095361     1.036248     0.961606     0.873935     0.776302     0.672193     0.565300     0.459303     0.357641     0.263329     0.178836     0.106026     0.046172     0.000000
   -0.018350    -0.062727    -0.104383    -0.125747    -0.128039    -0.112863    -0.082102    -0.037780     0.018079     0.083566     0.156961     0.236760     0.321642     0.410389     0.501788     0.594512     0.687026     0.777516     0.863878     0.943754     1.014631     1.073988     1.119464     1.149030     1.161141     1.154846     1.129872     1.086661     1.026384     0.950928     0.862832     0.765185     0.661466     0.555338     0.450421     0.350082     0.257254     0.174322     0.103078     0.044740     0.000000
   -0.018180    -0.061986    -0.102798    -0.123249    -0.124596    -0.108481    -0.076816    -0.031649     0.024976     0.091133     0.165086     0.245316     0.330484     0.419351     0.510681     0.603122     0.695114     0.784828     0.870150     0.948732     1.018084     1.075729     1.119360     1.147017     1.157227     1.149117     1.122487     1.077851     1.016447     0.940214     0.851733     0.754109     0.650812     0.545470     0.441648     0.342636     0.251284     0.169897     0.100196     0.043343     0.000000
   -0.017991    -0.061181    -0.101103    -0.120611    -0.121000    -0.103943    -0.071380    -0.025381     0.031993     0.098798     0.173287     0.253923     0.339350     0.428310     0.519541     0.611668     0.703108     0.792016     0.876273     0.953539     1.021351     1.077273     1.119058     1.144811     1.153134     1.143228     1.114968     1.068939     1.006444     0.929474     0.840646     0.743081     0.640237     0.535705     0.432990     0.335307     0.245423     0.165562     0.097379     0.041982     0.000000
   -0.017784    -0.060311    -0.099296    -0.117834    -0.117251    -0.099251    -0.065798    -0.018980     0.039123     0.106557     0.181557     0.262574     0.348234     0.437257     0.528360     0.620143     0.711002     0.799076     0.882242     0.958171     1.024428     1.078621     1.118558     1.142414     1.148863     1.137182     1.107320     1.059932     0.996382     0.918716     0.829581     0.732111     0.629749     0.526048     0.424452     0.328098     0.239672     0.161321     0.094629     0.040656     0.000000
   -0.017557    -0.059374    -0.097378    -0.114917    -0.113350    -0.094407    -0.060072    -0.012451     0.046363     0.114403     0.189891     0.271263     0.357128     0.446187     0.537132     0.628541     0.718789     0.806001     0.888052     0.962625     1.027314     1.079769     1.117860     1.139827     1.144418     1.130985     1.099550     1.050837     0.986272     0.907949     0.818546     0.721206     0.619356     0.516507     0.416038     0.321012     0.234034     0.157172     0.091946     0.039366     0.000000
   -0.017311    -0.058372    -0.095348    -0.111862    -0.109300    -0.089414    -0.054208    -0.005799     0.053707     0.122330     0.198282     0.279983     0.366026     0.455091     0.545849     0.636854     0.726462     0.812786     0.893699     0.966897     1.030004     1.080718     1.116965     1.137054     1.139804     1.124643     1.091665     1.041663     0.976122     0.897182     0.807551     0.710376     0.609066     0.507086     0.407754     0.314054     0.228512     0.153119     0.089331     0.038111     0.000000
   -0.017045    -0.057303    -0.093206    -0.108669    -0.105102    -0.084276    -0.048208     0.000972     0.061149     0.130332     0.206722     0.288727     0.374919     0.463963     0.554504     0.645076     0.734016     0.819425     0.899177     0.970983     1.032499     1.081468     1.115874     1.134096     1.135025     1.118161     1.083673     1.032418     0.965941     0.886425     0.796604     0.699629     0.598885     0.497793     0.399604     0.307227     0.223107     0.149161     0.086784     0.036893     0.000000
   -0.016760    -0.056167    -0.090953    -0.105341    -0.100759    -0.078995    -0.042078     0.007856     0.068682     0.138402     0.215206     0.297486     0.383802     0.472794     0.563090     0.653200     0.741444     0.825912     0.904483     0.974882     1.034797     1.082018     1.114590     1.130957     1.130085     1.111547     1.075581     1.023111     0.955738     0.875687     0.785716     0.688973     0.588821     0.488633     0.391593     0.300534     0.217821     0.145301     0.084306     0.035710     0.000000
   -0.016456    -0.054965    -0.088591    -0.101878    -0.096274    -0.073577    -0.035822     0.014847     0.076301     0.146534     0.223725     0.306255     0.392665     0.481579     0.571600     0.661219     0.748740     0.832244     0.909613     0.978589     1.036896     1.082369     1.113114     1.127642     1.124991     1.104807     1.067397     1.013751     0.945523     0.864978     0.774894     0.678417     0.578882     0.479612     0.383724     0.293977     0.212656     0.141538     0.081896     0.034563     0.000000
   -0.016132    -0.053697    -0.086120    -0.098284    -0.091651    -0.068025    -0.029446     0.021939     0.083999     0.154720     0.232273     0.315026     0.401503     0.490308     0.580026     0.669127     0.755898     0.838415     0.914563     0.982104     1.038795     1.082522     1.111449     1.124154     1.119748     1.097948     1.059130     1.004348     0.935306     0.854308     0.764149     0.667969     0.569074     0.470735     0.376003     0.287559     0.207613     0.137873     0.079556     0.033452     0.000000
   -0.015788    -0.052363    -0.083541    -0.094561    -0.086892    -0.062344    -0.022956     0.029126     0.091768     0.162953     0.240842     0.323790     0.410306     0.498976     0.588362     0.676917     0.762914     0.844421     0.919330     0.985425     1.040496     1.082479     1.109598     1.120499     1.114362     1.090977     1.050789     0.994909     0.925096     0.843686     0.753488     0.657637     0.559404     0.462008     0.368432     0.281283     0.202695     0.134307     0.077284     0.032376     0.000000
   -0.015425    -0.050966    -0.080858    -0.090712    -0.082004    -0.056540    -0.016357     0.036402     0.099603     0.171226     0.249425     0.332541     0.419069     0.507574     0.596602     0.684584     0.769781     0.850257     0.923912     0.988550     1.041998     1.082241     1.107564     1.116681     1.108841     1.083904     1.042382     0.985447     0.914903     0.833121     0.742922     0.647428     0.549878     0.453435     0.361016     0.275150     0.197901     0.130840     0.075081     0.031336     0.000000
   -0.015044    -0.049505    -0.078071    -0.086741    -0.076989    -0.050618    -0.009656     0.043759     0.107496     0.179532     0.258013     0.341271     0.427783     0.516096     0.604737     0.692121     0.776494     0.855920     0.928305     0.991478     1.043302     1.081812     1.105353     1.112706     1.103191     1.076736     1.033918     0.975969     0.904738     0.822624     0.732459     0.637351     0.540502     0.445022     0.353757     0.269163     0.193232     0.127473     0.072947     0.030331     0.000000
   -0.014643    -0.047982    -0.075185    -0.082652    -0.071853    -0.044583    -0.002859     0.051190     0.115440     0.187863     0.266600     0.349972     0.436440     0.524535     0.612762     0.699522     0.783050     0.861407     0.932509     0.994209     1.044408     1.081193     1.102968     1.108580     1.097419     1.069481     1.025408     0.966486     0.894609     0.812204     0.722108     0.627413     0.531283     0.436772     0.346658     0.263324     0.188691     0.124206     0.070881     0.029361     0.000000
   -0.014225    -0.046399    -0.072201    -0.078448    -0.066602    -0.038443     0.004026     0.058689     0.123426     0.196210     0.275178     0.358636     0.445034     0.532883     0.620671     0.706783     0.789444     0.866714     0.936521     0.996742     1.045320     1.080388     1.100414     1.104310     1.091533     1.062149     1.016861     0.957008     0.884528     0.801870     0.711876     0.617620     0.522225     0.428690     0.339722     0.257633     0.184276     0.121038     0.068884     0.028426     0.000000
   -0.013789    -0.044758    -0.069124    -0.074135    -0.061241    -0.032203     0.010994     0.066248     0.131447     0.204567     0.283738     0.367257     0.453557     0.541134     0.628457     0.713897     0.795671     0.871838     0.940339     0.999079     1.046037     1.079402     1.097697     1.099902     1.085542     1.054749     1.008285     0.947545     0.874504     0.791632     0.701773     0.607980     0.513335     0.420779     0.332951     0.252093     0.179989     0.117969     0.066955     0.027526     0.000000
   -0.013335    -0.043059    -0.065956    -0.069718    -0.055776    -0.025870     0.018036     0.073859     0.139496     0.212926     0.292273     0.375826     0.462002     0.549281     0.636115     0.720861     0.801727     0.876777     0.943964     1.001220     1.046564     1.078237     1.094821     1.095364     1.079454     1.047289     0.999693     0.938108     0.864546     0.781498     0.691805     0.598498     0.504618     0.413043     0.326348     0.246703     0.175829     0.115000     0.065093     0.026659     0.000000
   -0.012865    -0.041307    -0.062703    -0.065202    -0.050213    -0.019452     0.025146     0.081515     0.147565     0.221279     0.300776     0.384336     0.470363     0.557318     0.643639     0.727669     0.807611     0.881530     0.947395     1.003166     1.046903     1.076898     1.091795     1.090702     1.073277     1.039780     0.991092     0.928705     0.854664     0.771477     0.681981     0.589182     0.496076     0.405484     0.319914     0.241465     0.171797     0.112129     0.063298     0.025827     0.000000
   -0.012379    -0.039502    -0.059368    -0.060592    -0.044560    -0.012955     0.032315     0.089207     0.155646     0.229617     0.309239     0.392780     0.478631     0.565238     0.651023     0.734317     0.813317     0.886094     0.950631     1.004919     1.047058     1.075391     1.088622     1.085925     1.067020     1.032231     0.982494     0.919347     0.844867     0.761578     0.672308     0.580037     0.487716     0.398107     0.313650     0.236380     0.167892     0.109356     0.061570     0.025027     0.000000
   -0.011877    -0.037648    -0.055955    -0.055895    -0.038823    -0.006387     0.039536     0.096928     0.163730     0.237933     0.317653     0.401150     0.486801     0.573036     0.658263     0.740801     0.818845     0.890468     0.953674     1.006480     1.047031     1.073720     1.085311     1.081040     1.060693     1.024651     0.973908     0.910044     0.835166     0.751808     0.662793     0.571069     0.479541     0.390912     0.307558     0.231447     0.164114     0.106681     0.059907     0.024261     0.000000
   -0.011362    -0.035748    -0.052470    -0.051117    -0.033009     0.000244     0.046801     0.104671     0.171810     0.246220     0.326013     0.409440     0.494866     0.580705     0.665353     0.747118     0.824191     0.894652     0.956524     1.007853     1.046827     1.071892     1.081869     1.076056     1.054303     1.017050     0.965343     0.900805     0.825568     0.742177     0.653441     0.562281     0.471554     0.383903     0.301639     0.226666     0.160464     0.104104     0.058309     0.023527     0.000000
   -0.010832    -0.033804    -0.048918    -0.046265    -0.027125     0.006931     0.054102     0.112425     0.179879     0.254469     0.334310     0.417642     0.502819     0.588241     0.672290     0.753264     0.829353     0.898645     0.959181     1.009041     1.046451     1.069912     1.078302     1.070982     1.047861     1.009439     0.956811     0.891639     0.816083     0.732690     0.644261     0.553680     0.463759     0.377081     0.295893     0.222039     0.156939     0.101622     0.056776     0.022826     0.000000
   -0.010290    -0.031819    -0.045304    -0.041344    -0.021179     0.013666     0.061430     0.120185     0.187927     0.262674     0.342536     0.425750     0.510655     0.595639     0.679069     0.759237     0.834330     0.902448     0.961649     1.010045     1.045908     1.067786     1.074618     1.065825     1.041375     1.001826     0.948320     0.882557     0.806718     0.723357     0.635256     0.545269     0.456158     0.370447     0.290322     0.217563     0.153540     0.099235     0.055307     0.022156     0.000000
   -0.009736    -0.029797    -0.041633    -0.036363    -0.015179     0.020440     0.068778     0.127941     0.195948     0.270825     0.350686     0.433758     0.518369     0.602892     0.685686     0.765033     0.839122     0.906060     0.963928     1.010870     1.045201     1.065521     1.070825     1.060594     1.034856     0.994221     0.939880     0.873567     0.797483     0.714182     0.626433     0.537053     0.448754     0.364003     0.284924     0.213239     0.150265     0.096943     0.053900     0.021517     0.000000
   -0.009172    -0.027741    -0.037911    -0.031327    -0.009133     0.027246     0.076138     0.135687     0.203933     0.278918     0.358752     0.441659     0.525953     0.609998     0.692138     0.770651     0.843726     0.909482     0.966021     1.011521     1.044337     1.063124     1.066931     1.055298     1.028311     0.986633     0.931500     0.864677     0.788383     0.705174     0.617796     0.529034     0.441548     0.357750     0.279700     0.209066     0.147114     0.094745     0.052556     0.020909     0.000000
   -0.008597    -0.025655    -0.034144    -0.026245    -0.003048     0.034075     0.083502     0.143413     0.211876     0.286943     0.366728     0.449446     0.533404     0.616950     0.698421     0.776089     0.848144     0.912716     0.967932     1.012000     1.043322     1.060601     1.062943     1.049946     1.021752     0.979073     0.923189     0.855896     0.779428     0.696337     0.609351     0.521216     0.434544     0.351687     0.274650     0.205043     0.144085     0.092638     0.051272     0.020331     0.000000
   -0.008015    -0.023542    -0.030339    -0.021123     0.003068     0.040919     0.090860     0.151112     0.219768     0.294894     0.374606     0.457115     0.540716     0.623747     0.704534     0.781345     0.852374     0.915763     0.969661     1.012313     1.042161     1.057960     1.058871     1.044547     1.015185     0.971549     0.914956     0.847232     0.770624     0.687678     0.601101     0.513601     0.427741     0.345816     0.269773     0.201170     0.141177     0.090623     0.050049     0.019782     0.000000
   -0.007424    -0.021406    -0.026500    -0.015969     0.009206     0.047771     0.098207     0.158776     0.227602     0.302764     0.382382     0.464660     0.547884     0.630383     0.710473     0.786418     0.856417     0.918625     0.971215     1.012464     1.040861     1.055208     1.054721     1.039109     1.008622     0.964070     0.906810     0.838693     0.761977     0.679201     0.593050     0.506192     0.421140     0.340136     0.265069     0.197444     0.138389     0.088697     0.048885     0.019263     0.000000
   -0.006827    -0.019251    -0.022634    -0.010791     0.015359     0.054621     0.105532     0.166399     0.235372     0.310547     0.390048     0.472075     0.554905     0.636856     0.716237     0.791308     0.860274     0.921303     0.972594     1.012459     1.039427     1.052352     1.050503     1.033642     1.002071     0.956645     0.898759     0.830286     0.753493     0.670912     0.585201     0.498990     0.414744     0.334647     0.260536     0.193865     0.135720     0.086861     0.047780     0.018773     0.000000
   -0.006225    -0.017080    -0.018748    -0.005595     0.021518     0.061462     0.112830     0.173971     0.243070     0.318237     0.397600     0.479357     0.561775     0.643163     0.721823     0.796014     0.863945     0.923802     0.973805     1.012303     1.037867     1.049400     1.046224     1.028153     0.995539     0.949282     0.890810     0.822018     0.745178     0.662814     0.577557     0.491998     0.408551     0.329349     0.256173     0.190431     0.133168     0.085111     0.046732     0.018311     0.000000
   -0.005618    -0.014897    -0.014847    -0.000390     0.027676     0.068286     0.120091     0.181487     0.250689     0.325826     0.405031     0.486499     0.568489     0.649301     0.727231     0.800537     0.867434     0.926122     0.974851     1.012000     1.036186     1.046359     1.041892     1.022652     0.989037     0.941990     0.882971     0.813895     0.737038     0.654912     0.570121     0.485215     0.402562     0.324240     0.251979     0.187141     0.130731     0.083448     0.045741     0.017876     0.000000
   -0.005009    -0.012706    -0.010937     0.004817     0.033825     0.075085     0.127309     0.188939     0.258224     0.333310     0.412338     0.493498     0.575045     0.655268     0.732459     0.804875     0.870739     0.928268     0.975736     1.011558     1.034392     1.043237     1.037516     1.017146     0.982572     0.934777     0.875249     0.805923     0.729077     0.647208     0.562894     0.478644     0.396776     0.319319     0.247953     0.183993     0.128408     0.081869     0.044805     0.017469     0.000000
   -0.004397    -0.010510    -0.007025     0.010020     0.039957     0.081852     0.134476     0.196321     0.265668     0.340683     0.419514     0.500351     0.581439     0.661063     0.737507     0.809031     0.873865     0.930243     0.976465     1.010981     1.032491     1.040041     1.033104     1.011644     0.976152     0.927649     0.867651     0.798108     0.721299     0.639706     0.555878     0.472284     0.391194     0.314586     0.244092     0.180985     0.126198     0.080374     0.043923     0.017088     0.000000
   -0.003785    -0.008314    -0.003117     0.015210     0.046065     0.088579     0.141585     0.203625     0.273014     0.347939     0.426556     0.507052     0.587669     0.666683     0.742375     0.813005     0.876813     0.932050     0.977042     1.010275     1.030491     1.036779     1.028663     1.006154     0.969785     0.920614     0.860184     0.790456     0.713708     0.632409     0.549074     0.466135     0.385813     0.310039     0.240396     0.178115     0.124098     0.078961     0.043096     0.016734     0.000000
   -0.003173    -0.006121     0.000782     0.020381     0.052140     0.095258     0.148629     0.210846     0.280258     0.355075     0.433459     0.513600     0.593733     0.672127     0.747062     0.816799     0.879586     0.933693     0.977473     1.009447     1.028397     1.033459     1.024202     1.000683     0.963479     0.913679     0.852852     0.782970     0.706308     0.625317     0.542483     0.460197     0.380634     0.305675     0.236861     0.175382     0.122107     0.077628     0.042321     0.016405     0.000000
   -0.002563    -0.003935     0.004665     0.025526     0.058176     0.101883     0.155602     0.217977     0.287394     0.362084     0.440220     0.519991     0.599628     0.677396     0.751569     0.820413     0.882186     0.935177     0.977764     1.008503     1.026217     1.030087     1.019727     0.995239     0.957240     0.906850     0.845661     0.775655     0.699101     0.618433     0.536106     0.454469     0.375654     0.301494     0.233486     0.172784     0.120224     0.076375     0.041598     0.016101     0.000000
   -0.001955    -0.001760     0.008527     0.030638     0.064165     0.108446     0.162497     0.225012     0.294416     0.368963     0.446835     0.526223     0.605353     0.682487     0.755896     0.823850     0.884617     0.936504     0.977918     1.007448     1.023957     1.026670     1.015246     0.989830     0.951075     0.900134     0.838617     0.768514     0.692091     0.611758     0.529942     0.448951     0.370872     0.297493     0.230270     0.170318     0.118445     0.075200     0.040925     0.015822     0.000000
   -0.001351     0.000403     0.012363     0.035710     0.070102     0.114941     0.169308     0.231947     0.301321     0.375708     0.453301     0.532293     0.610907     0.687401     0.760045     0.827112     0.886881     0.937680     0.977941     1.006288     1.021624     1.023216     1.010767     0.984461     0.944990     0.893534     0.831723     0.761552     0.685278     0.605293     0.523991     0.443641     0.366286     0.293671     0.227209     0.167982     0.116770     0.074100     0.040302     0.015567     0.000000
   -0.000751     0.002548     0.016166     0.040736     0.075978     0.121362     0.176029     0.238776     0.308104     0.382314     0.459615     0.538199     0.616289     0.692138     0.764016     0.830201     0.888983     0.938709     0.977839     1.005031     1.019225     1.019732     1.006295     0.979140     0.938992     0.887058     0.824984     0.754770     0.678665     0.599038     0.518253     0.438538     0.361894     0.290024     0.224301     0.165774     0.115197     0.073076     0.039728     0.015336     0.000000
   -0.000157     0.004673     0.019932     0.045709     0.081788     0.127702     0.182654     0.245493     0.314759     0.388780     0.465775     0.543941     0.621498     0.696699     0.767812     0.833119     0.890926     0.939596     0.977617     1.003681     1.016767     1.016224     1.001838     0.973873     0.933085     0.880709     0.818403     0.748172     0.672252     0.592994     0.512726     0.433640     0.357694     0.286550     0.221544     0.163692     0.113724     0.072126     0.039203     0.015129     0.000000
    0.000431     0.006774     0.023656     0.050625     0.087526     0.133956     0.189179     0.252095     0.321285     0.395101     0.471778     0.549516     0.626534     0.701083     0.771433     0.835870     0.892712     0.940344     0.977281     1.002245     1.014255     1.012699     0.997402     0.968665     0.927276     0.874491     0.811984     0.741758     0.666041     0.587159     0.507409     0.428945     0.353684     0.283247     0.218935     0.161734     0.112348     0.071248     0.038724     0.014944     0.000000
    0.001011     0.008849     0.027333     0.055477     0.093185     0.140118     0.195598     0.258577     0.327677     0.401276     0.477622     0.554923     0.631397     0.705293     0.774881     0.838456     0.894348     0.940960     0.976835     1.000729     1.011695     1.009162     0.992993     0.963522     0.921568     0.868409     0.805729     0.735532     0.660032     0.581533     0.502301     0.424451     0.349861     0.280113     0.216473     0.159897     0.111069     0.070440     0.038291     0.014782     0.000000
    0.001584     0.010896     0.030959     0.060260     0.098761     0.146183     0.201906     0.264935     0.333931     0.407301     0.483307     0.560163     0.636087     0.709329     0.778160     0.840881     0.895835     0.941447     0.976285     0.999138     1.009094     1.005621     0.988616     0.958449     0.915967     0.862466     0.799641     0.729493     0.654225     0.576116     0.497400     0.420156     0.346222     0.277143     0.214153     0.158180     0.109884     0.069702     0.037904     0.014642     0.000000
    0.002147     0.012910     0.034529     0.064970     0.104248     0.152145     0.208100     0.271166     0.340046     0.413175     0.488830     0.565234     0.640605     0.713192     0.781270     0.843147     0.897180     0.941811     0.975637     0.997478     1.006458     1.002079     0.984277     0.953451     0.910475     0.856665     0.793721     0.723643     0.648619     0.570905     0.492704     0.416056     0.342764     0.274337     0.211974     0.156579     0.108791     0.069032     0.037561     0.014523     0.000000
    0.002700     0.014891     0.038039     0.069600     0.109642     0.158001     0.214174     0.277266     0.346019     0.418895     0.494192     0.570136     0.644952     0.716885     0.784216     0.845259     0.898384     0.942056     0.974896     0.995755     1.003792     0.998544     0.979981     0.948533     0.905098     0.851008     0.787970     0.717981     0.643214     0.565900     0.488210     0.412150     0.339485     0.271690     0.209933     0.155093     0.107789     0.068429     0.037261     0.014426     0.000000
    0.003244     0.016835     0.041486     0.074148     0.114937     0.163747     0.220127     0.283233     0.351847     0.424462     0.499391     0.574871     0.649127     0.720409     0.786999     0.847219     0.899454     0.942187     0.974067     0.993974     1.001101     0.995020     0.975732     0.943698     0.899837     0.845497     0.782391     0.712509     0.638009     0.561098     0.483916     0.408434     0.336382     0.269199     0.208027     0.153720     0.106876     0.067891     0.037004     0.014349     0.000000
    0.003776     0.018740     0.044866     0.078608     0.120130     0.169377     0.225953     0.289063     0.357528     0.429873     0.504428     0.579438     0.653134     0.723767     0.789623     0.849032     0.900392     0.942209     0.973155     0.992141     0.998392     0.991512     0.971535     0.938949     0.894695     0.840134     0.776983     0.707225     0.633002     0.556498     0.479820     0.404906     0.333450     0.266862     0.206254     0.152456     0.106050     0.067418     0.036789     0.014293     0.000000
    0.004296     0.020605     0.048177     0.082977     0.125216     0.174889     0.231651     0.294754     0.363062     0.435127     0.509301     0.583838     0.656974     0.726961     0.792090     0.850700     0.901204     0.942126     0.972165     0.990259     0.995667     0.988024     0.967394     0.934291     0.889676     0.834921     0.771746     0.702128     0.628192     0.552096     0.475917     0.401561     0.330688     0.264676     0.204611     0.151300     0.105309     0.067007     0.036616     0.014257     0.000000
    0.004804     0.022428     0.051414     0.087252     0.130193     0.180280     0.237217     0.300305     0.368447     0.440225     0.514012     0.588073     0.660647     0.729992     0.794403     0.852228     0.901894     0.941944     0.971101     0.988335     0.992933     0.984562     0.963313     0.929726     0.884780     0.829858     0.766681     0.697218     0.623577     0.547890     0.472206     0.398397     0.328092     0.262637     0.203094     0.150249     0.104652     0.066658     0.036482     0.014241     0.000000
    0.005300     0.024207     0.054577     0.091430     0.135057     0.185546     0.242649     0.305713     0.373681     0.445166     0.518561     0.592143     0.664157     0.732865     0.796567     0.853620     0.902465     0.941666     0.969970     0.986373     0.990194     0.981128     0.959294     0.925256     0.880009     0.824946     0.761787     0.692493     0.619154     0.543878     0.468683     0.395411     0.325657     0.260743     0.201702     0.149302     0.104076     0.066369     0.036388     0.014245     0.000000
    0.005783     0.025942     0.057661     0.095508     0.139805     0.190685     0.247946     0.310977     0.378764     0.449950     0.522949     0.596050     0.667506     0.735582     0.798584     0.854880     0.902923     0.941297     0.968774     0.984378     0.987453     0.977726     0.955342     0.920884     0.875365     0.820185     0.757064     0.687952     0.614922     0.540056     0.465345     0.392598     0.323382     0.258990     0.200431     0.148455     0.103579     0.066139     0.036333     0.014267     0.000000
    0.006252     0.027629     0.060666     0.099482     0.144435     0.195695     0.253104     0.316097     0.383696     0.454577     0.527176     0.599796     0.670695     0.738145     0.800458     0.856010     0.903271     0.940843     0.967520     0.982353     0.984716     0.974360     0.951458     0.916612     0.870849     0.815575     0.752510     0.683592     0.610876     0.536421     0.462188     0.389956     0.321263     0.257375     0.199280     0.147707     0.103161     0.065967     0.036315     0.014308     0.000000
    0.006708     0.029270     0.063590     0.103353     0.148945     0.200573     0.258123     0.321070     0.388476     0.459049     0.531245     0.603382     0.673728     0.740558     0.802192     0.857017     0.903514     0.940306     0.966210     0.980303     0.981984     0.971033     0.947644     0.912440     0.866460     0.811116     0.748124     0.679412     0.607016     0.532970     0.459208     0.387480     0.319296     0.255895     0.198244     0.147055     0.102820     0.065852     0.036335     0.014367     0.000000
    0.007150     0.030862     0.066431     0.107116     0.153332     0.205319     0.263002     0.325898     0.393106     0.463365     0.535156     0.606811     0.676606     0.742824     0.803791     0.857902     0.903655     0.939691     0.964849     0.978231     0.979263     0.967748     0.943904     0.908371     0.862200     0.806807     0.743904     0.675409     0.603337     0.529700     0.456403     0.385167     0.317477     0.254546     0.197321     0.146497     0.102553     0.065792     0.036391     0.014444     0.000000
    0.007578     0.032406     0.069188     0.110772     0.157595     0.209931     0.267740     0.330578     0.397584     0.467527     0.538911     0.610085     0.679333     0.744946     0.805257     0.858671     0.903700     0.939003     0.963441     0.976142     0.976554     0.964507     0.940238     0.904405     0.858067     0.802646     0.739849     0.671580     0.599837     0.526606     0.453767     0.383014     0.315803     0.253326     0.196509     0.146031     0.102359     0.065786     0.036483     0.014539     0.000000
    0.007991     0.033900     0.071860     0.114319     0.161734     0.214408     0.272336     0.335112     0.401911     0.471536     0.542512     0.613206     0.681912     0.746928     0.806594     0.859327     0.903651     0.938245     0.961991     0.974038     0.973862     0.961313     0.936649     0.900542     0.854063     0.798634     0.735956     0.667922     0.596511     0.523685     0.451298     0.381016     0.314270     0.252231     0.195805     0.145655     0.102236     0.065833     0.036610     0.014651     0.000000
    0.008391     0.035344     0.074446     0.117755     0.165747     0.218749     0.276790     0.339500     0.406090     0.475393     0.545962     0.616177     0.684346     0.748773     0.807806     0.859873     0.903513     0.937421     0.960500     0.971923     0.971188     0.958167     0.933136     0.896783     0.850185     0.794767     0.732223     0.664433     0.593357     0.520934     0.448991     0.379169     0.312876     0.251258     0.195206     0.145366     0.102183     0.065932     0.036772     0.014781     0.000000
    0.008776     0.036739     0.076947     0.121081     0.169634     0.222954     0.281102     0.343742     0.410120     0.479101     0.549262     0.619001     0.686638     0.750484     0.808897     0.860315     0.903290     0.936535     0.958974     0.969800     0.968535     0.955071     0.929702     0.893128     0.846434     0.791045     0.728648     0.661110     0.590371     0.518348     0.446842     0.377470     0.311616     0.250405     0.194709     0.145163     0.102197     0.066082     0.036967     0.014927     0.000000
    0.009146     0.038083     0.079361     0.124297     0.173394     0.227023     0.285272     0.347838     0.414002     0.482660     0.552414     0.621681     0.688790     0.752065     0.809871     0.860656     0.902986     0.935591     0.957415     0.967672     0.965905     0.952027     0.926346     0.889576     0.842808     0.787465     0.725228     0.657948     0.587549     0.515923     0.444847     0.375915     0.310486     0.249667     0.194312     0.145042     0.102279     0.066281     0.037195     0.015089     0.000000
    0.009503     0.039378     0.081689     0.127401     0.177027     0.230956     0.289300     0.351790     0.417739     0.486073     0.555422     0.624219     0.690808     0.753520     0.810731     0.860899     0.902604     0.934592     0.955826     0.965541     0.963301     0.949035     0.923070     0.886128     0.839306     0.784025     0.721959     0.654946     0.584887     0.513655     0.443003     0.374500     0.309484     0.249042     0.194012     0.145003     0.102424     0.066529     0.037455     0.015268     0.000000
    0.009845     0.040623     0.083931     0.130395     0.180534     0.234754     0.293188     0.355599     0.421331     0.489343     0.558287     0.626618     0.692692     0.754852     0.811481     0.861048     0.902147     0.933541     0.954210     0.963410     0.960723     0.946097     0.919873     0.882782     0.835926     0.780723     0.718839     0.652098     0.582382     0.511541     0.441306     0.373221     0.308605     0.248526     0.193807     0.145043     0.102633     0.066824     0.037747     0.015462     0.000000
    0.010173     0.041818     0.086088     0.133279     0.183916     0.238416     0.296937     0.359266     0.424781     0.492471     0.561013     0.628882     0.694448     0.756065     0.812124     0.861107     0.901620     0.932441     0.952570     0.961281     0.958173     0.943214     0.916755     0.879538     0.832666     0.777557     0.715866     0.649401     0.580029     0.509576     0.439750     0.372075     0.307847     0.248117     0.193693     0.145159     0.102904     0.067165     0.038069     0.015672     0.000000
    0.010487     0.042965     0.088160     0.136053     0.187172     0.241945     0.300547     0.362793     0.428091     0.495459     0.563602     0.631014     0.696079     0.757162     0.812665     0.861080     0.901026     0.931297     0.950909     0.959155     0.955654     0.940385     0.913716     0.876394     0.829525     0.774523     0.713034     0.646853     0.577824     0.507756     0.438333     0.371057     0.307205     0.247811     0.193669     0.145350     0.103234     0.067552     0.038422     0.015897     0.000000
    0.010788     0.044063     0.090148     0.138719     0.190304     0.245340     0.304019     0.366181     0.431263     0.498311     0.566058     0.633016     0.697588     0.758147     0.813107     0.860970     0.900368     0.930109     0.949229     0.957036     0.953165     0.937613     0.910755     0.873349     0.826501     0.771619     0.710342     0.644448     0.575764     0.506077     0.437049     0.370163     0.306676     0.247606     0.193732     0.145614     0.103623     0.067982     0.038804     0.016137     0.000000
    0.011074     0.045114     0.092053     0.141277     0.193314     0.248604     0.307356     0.369432     0.434298     0.501029     0.568382     0.634893     0.698978     0.759024     0.813453     0.860780     0.899649     0.928883     0.947532     0.954924     0.950709     0.934896     0.907873     0.870402     0.823590     0.768843     0.707785     0.642183     0.573844     0.504534     0.435896     0.369391     0.306257     0.247498     0.193879     0.145948     0.104069     0.068455     0.039215     0.016391     0.000000
    0.011348     0.046118     0.093877     0.143730     0.196202     0.251738     0.310559     0.372549     0.437199     0.503615     0.570579     0.636648     0.700254     0.759796     0.813708     0.860514     0.898872     0.927619     0.945821     0.952821     0.948284     0.932234     0.905067     0.867550     0.820792     0.766190     0.705361     0.640054     0.572060     0.503124     0.434869     0.368735     0.305945     0.247484     0.194107     0.146351     0.104570     0.068970     0.039654     0.016659     0.000000
    0.011609     0.047076     0.095620     0.146078     0.198970     0.254744     0.313630     0.375533     0.439969     0.506073     0.572652     0.638284     0.701418     0.760466     0.813874     0.860175     0.898040     0.926321     0.944098     0.950728     0.945894     0.929628     0.902338     0.864793     0.818103     0.763658     0.703065     0.638057     0.570408     0.501843     0.433963     0.368192     0.305735     0.247562     0.194415     0.146820     0.105124     0.069526     0.040120     0.016942     0.000000
    0.011856     0.047988     0.097284     0.148323     0.201621     0.257623     0.316571     0.378386     0.442611     0.508405     0.574603     0.639804     0.702475     0.761040     0.813955     0.859767     0.897157     0.924991     0.942363     0.948647     0.943537     0.927078     0.899684     0.862129     0.815521     0.761244     0.700894     0.636189     0.568884     0.500685     0.433176     0.367759     0.305625     0.247728     0.194799     0.147354     0.105731     0.070121     0.040613     0.017238     0.000000
    0.012092     0.048857     0.098870     0.150468     0.204155     0.260378     0.319384     0.381111     0.445126     0.510614     0.576436     0.641212     0.703427     0.761519     0.813955     0.859292     0.896225     0.923632     0.940621     0.946579     0.941214     0.924582     0.897103     0.859555     0.813043     0.758945     0.698844     0.634445     0.567484     0.499648     0.432502     0.367432     0.305610     0.247980     0.195258     0.147951     0.106388     0.070754     0.041132     0.017547     0.000000
    0.012315     0.049682     0.100381     0.152513     0.206576     0.263011     0.322071     0.383711     0.447518     0.512703     0.578153     0.642511     0.704278     0.761907     0.813876     0.858754     0.895247     0.922245     0.938870     0.944525     0.938926     0.922140     0.894595     0.857070     0.810667     0.756757     0.696912     0.632820     0.566203     0.498727     0.431939     0.367207     0.305689     0.248314     0.195788     0.148608     0.107094     0.071425     0.041677     0.017869     0.000000
    0.012526     0.050465     0.101817     0.154462     0.208885     0.265523     0.324636     0.386188     0.449789     0.514676     0.579759     0.643705     0.705033     0.762208     0.813723     0.858156     0.894225     0.920833     0.937115     0.942485     0.936672     0.919752     0.892158     0.854671     0.808389     0.754676     0.695093     0.631312     0.565037     0.497918     0.431482     0.367081     0.305858     0.248729     0.196388     0.149324     0.107848     0.072132     0.042246     0.018203     0.000000
    0.012726     0.051208     0.103182     0.156316     0.211085     0.267919     0.327080     0.388545     0.451943     0.516535     0.581257     0.644797     0.705693     0.762425     0.813498     0.857500     0.893162     0.919397     0.935355     0.940460     0.934453     0.917417     0.889791     0.852356     0.806207     0.752701     0.693384     0.629917     0.563983     0.497217     0.431127     0.367050     0.306112     0.249220     0.197055     0.150096     0.108648     0.072874     0.042839     0.018550     0.000000
    0.012915     0.051910     0.104476     0.158078     0.213178     0.270200     0.329406     0.390784     0.453982     0.518284     0.582650     0.645791     0.706263     0.762562     0.813204     0.856790     0.892060     0.917940     0.933592     0.938451     0.932268     0.915134     0.887492     0.850123     0.804119     0.750827     0.691782     0.628629     0.563037     0.496619     0.430870     0.367110     0.306450     0.249785     0.197786     0.150924     0.109493     0.073650     0.043455     0.018908     0.000000
    0.013093     0.052575     0.105702     0.159750     0.215167     0.272369     0.331617     0.392909     0.455909     0.519925     0.583941     0.646689     0.706746     0.762622     0.812845     0.856028     0.890922     0.916464     0.931827     0.936458     0.930117     0.912902     0.885259     0.847970     0.802120     0.749050     0.690283     0.627446     0.562194     0.496122     0.430709     0.367258     0.306869     0.250422     0.198580     0.151804     0.110380     0.074459     0.044093     0.019278     0.000000
    0.013261     0.053202     0.106861     0.161334     0.217054     0.274428     0.333715     0.394921     0.457727     0.521462     0.585133     0.647496     0.707146     0.762608     0.812424     0.855217     0.889749     0.914970     0.930061     0.934482     0.928000     0.910720     0.883091     0.845894     0.800209     0.747368     0.688882     0.626364     0.561450     0.495721     0.430638     0.367490     0.307364     0.251128     0.199434     0.152735     0.111309     0.075300     0.044753     0.019659     0.000000
    0.013419     0.053793     0.107957     0.162834     0.218843     0.276381     0.335704     0.396826     0.459440     0.522897     0.586230     0.648214     0.707465     0.762523     0.811943     0.854359     0.888545     0.913459     0.928296     0.932523     0.925917     0.908588     0.880986     0.843893     0.798383     0.745778     0.687576     0.625378     0.560802     0.495413     0.430655     0.367804     0.307933     0.251899     0.200345     0.153715     0.112279     0.076172     0.045434     0.020051     0.000000
    0.013567     0.054349     0.108990     0.164251     0.220536     0.278231     0.337587     0.398624     0.461049     0.524235     0.587235     0.648848     0.707707     0.762371     0.811406     0.853458     0.887311     0.911934     0.926532     0.930582     0.923867     0.906503     0.878943     0.841964     0.796638     0.744275     0.686363     0.624485     0.560246     0.495193     0.430756     0.368196     0.308573     0.252734     0.201312     0.154742     0.113286     0.077073     0.046135     0.020453     0.000000
    0.013706     0.054872     0.109964     0.165588     0.222136     0.279980     0.339366     0.400319     0.462560     0.525478     0.588151     0.649399     0.707875     0.762154     0.810814     0.852515     0.886048     0.910396     0.924771     0.928658     0.921849     0.904465     0.876958     0.840106     0.794971     0.742857     0.685237     0.623681     0.559777     0.495058     0.430937     0.368662     0.309281     0.253630     0.202333     0.155814     0.114331     0.078003     0.046856     0.020866     0.000000
    0.013837     0.055363     0.110879     0.166849     0.223646     0.281631     0.341045     0.401915     0.463974     0.526630     0.588981     0.649872     0.707973     0.761875     0.810172     0.851532     0.884760     0.908846     0.923012     0.926752     0.919864     0.902472     0.875032     0.838315     0.793380     0.741520     0.684195     0.622962     0.559393     0.495004     0.431195     0.369200     0.310055     0.254585     0.203404     0.156930     0.115411     0.078960     0.047595     0.021287     0.000000
    0.013958     0.055823     0.111740     0.168035     0.225069     0.283188     0.342627     0.403414     0.465294     0.527693     0.589729     0.650269     0.708003     0.761538     0.809482     0.850513     0.883448     0.907285     0.921256     0.924863     0.917910     0.900524     0.873161     0.836590     0.791862     0.740261     0.683235     0.622326     0.559089     0.495028     0.431527     0.369806     0.310890     0.255595     0.204524     0.158088     0.116525     0.079943     0.048353     0.021719     0.000000
    0.014072     0.056253     0.112546     0.169150     0.226408     0.284653     0.344114     0.404820     0.466524     0.528670     0.590398     0.650594     0.707968     0.761145     0.808745     0.849460     0.882113     0.905715     0.919505     0.922993     0.915987     0.898619     0.871344     0.834927     0.790414     0.739077     0.682352     0.621767     0.558863     0.495126     0.431929     0.370477     0.311785     0.256658     0.205691     0.159285     0.117672     0.080951     0.049127     0.022158     0.000000
    0.014178     0.056656     0.113302     0.170196     0.227666     0.286030     0.345510     0.406135     0.467667     0.529565     0.590990     0.650849     0.707872     0.760700     0.807966     0.848374     0.880758     0.904137     0.917759     0.921140     0.914095     0.896756     0.869579     0.833325     0.789033     0.737965     0.681544     0.621283     0.558710     0.495295     0.432397     0.371210     0.312737     0.257772     0.206902     0.160520     0.118850     0.081983     0.049918     0.022607     0.000000
    0.014277     0.057031     0.114008     0.171176     0.228846     0.287322     0.346818     0.407363     0.468726     0.530381     0.591510     0.651038     0.707717     0.760204     0.807145     0.847257     0.879384     0.902552     0.916019     0.919306     0.912232     0.894934     0.867864     0.831782     0.787717     0.736921     0.680806     0.620871     0.558626     0.495532     0.432929     0.372003     0.313743     0.258935     0.208156     0.161792     0.120058     0.083038     0.050725     0.023063     0.000000
    0.014368     0.057380     0.114668     0.172092     0.229950     0.288532     0.348042     0.408506     0.469703     0.531121     0.591959     0.651164     0.707507     0.759660     0.806286     0.846112     0.877992     0.900962     0.914284     0.917488     0.910398     0.893151     0.866198     0.830294     0.786462     0.735943     0.680136     0.620526     0.558610     0.495832     0.433522     0.372851     0.314800     0.260143     0.209450     0.163098     0.121294     0.084115     0.051546     0.023527     0.000000
    0.014453     0.057705     0.115282     0.172948     0.230983     0.289663     0.349183     0.409568     0.470603     0.531788     0.592341     0.651230     0.707243     0.759071     0.805391     0.844941     0.876584     0.899366     0.912556     0.915689     0.908593     0.891406     0.864578     0.828860     0.785266     0.735028     0.679531     0.620246     0.558657     0.496194     0.434173     0.373753     0.315906     0.261395     0.210783     0.164437     0.122557     0.085213     0.052382     0.023999     0.000000
    0.014532     0.058007     0.115854     0.173746     0.231946     0.290718     0.350246     0.410553     0.471427     0.532384     0.592658     0.651237     0.706929     0.758440     0.804463     0.843745     0.875162     0.897766     0.910834     0.913907     0.906815     0.889698     0.863004     0.827478     0.784127     0.734172     0.678987     0.620027     0.558764     0.496613     0.434878     0.374706     0.317058     0.262689     0.212152     0.165806     0.123845     0.086330     0.053231     0.024477     0.000000
    0.014605     0.058287     0.116385     0.174488     0.232843     0.291700     0.351234     0.411462     0.472180     0.532914     0.592914     0.651190     0.706567     0.757769     0.803502     0.842527     0.873727     0.896164     0.909120     0.912142     0.905064     0.888025     0.861472     0.826145     0.783042     0.733373     0.678501     0.619867     0.558928     0.497087     0.435634     0.375706     0.318253     0.264022     0.213555     0.167205     0.125158     0.087465     0.054093     0.024961     0.000000
    0.014672     0.058546     0.116878     0.175177     0.233677     0.292613     0.352148     0.412299     0.472863     0.533378     0.593112     0.651091     0.706160     0.757061     0.802513     0.841288     0.872281     0.894559     0.907414     0.910395     0.903339     0.886387     0.859982     0.824859     0.782008     0.732629     0.678070     0.619762     0.559146     0.497612     0.436439     0.376752     0.319490     0.265391     0.214991     0.168632     0.126492     0.088618     0.054966     0.025452     0.000000
    0.014734     0.058785     0.117333     0.175815     0.234450     0.293459     0.352994     0.413067     0.473480     0.533781     0.593253     0.650942     0.705710     0.756317     0.801495     0.840030     0.870824     0.892953     0.905715     0.908664     0.901640     0.884782     0.858532     0.823618     0.781023     0.731936     0.677692     0.619709     0.559415     0.498187     0.437291     0.377840     0.320766     0.266796     0.216456     0.170084     0.127848     0.089787     0.055850     0.025948     0.000000
    0.014791     0.059005     0.117755     0.176406     0.235166     0.294241     0.353773     0.413769     0.474034     0.534125     0.593342     0.650746     0.705220     0.755540     0.800452     0.838754     0.869357     0.891347     0.904025     0.906950     0.899965     0.883208     0.857119     0.822420     0.780085     0.731291     0.677364     0.619706     0.559733     0.498807     0.438185     0.378969     0.322078     0.268232     0.217951     0.171561     0.129224     0.090971     0.056745     0.026450     0.000000
    0.014843     0.059208     0.118143     0.176952     0.235828     0.294962     0.354488     0.414408     0.474527     0.534413     0.593380     0.650506     0.704693     0.754732     0.799386     0.837462     0.867883     0.889741     0.902343     0.905253     0.898314     0.881666     0.855743     0.821263     0.779190     0.730693     0.677083     0.619749     0.560095     0.499471     0.439120     0.380134     0.323424     0.269700     0.219472     0.173060     0.130618     0.092169     0.057649     0.026956     0.000000
    0.014891     0.059394     0.118500     0.177455     0.236437     0.295626     0.355143     0.414986     0.474963     0.534648     0.593369     0.650224     0.704130     0.753895     0.798298     0.836156     0.866403     0.888136     0.900670     0.903572     0.896687     0.880153     0.854402     0.820145     0.778338     0.730139     0.676846     0.619837     0.560501     0.500176     0.440093     0.381335     0.324802     0.271196     0.221018     0.174581     0.132029     0.093380     0.058562     0.027467     0.000000
    0.014935     0.059565     0.118828     0.177916     0.236996     0.296234     0.355740     0.415507     0.475343     0.534832     0.593313     0.649902     0.703533     0.753032     0.797190     0.834837     0.864916     0.886533     0.899006     0.901908     0.895082     0.878669     0.853095     0.819064     0.777526     0.729626     0.676650     0.619965     0.560946     0.500918     0.441102     0.382569     0.326210     0.272718     0.222587     0.176120     0.133456     0.094603     0.059483     0.027982     0.000000
    0.014975     0.059721     0.119128     0.178340     0.237509     0.296790     0.356283     0.415973     0.475671     0.534967     0.593214     0.649543     0.702906     0.752144     0.796063     0.833507     0.863425     0.884932     0.897352     0.900259     0.893500     0.877212     0.851819     0.818019     0.776751     0.729152     0.676495     0.620133     0.561429     0.501696     0.442144     0.383833     0.327645     0.274265     0.224177     0.177678     0.134898     0.095837     0.060411     0.028500     0.000000
    0.015012     0.059863     0.119403     0.178727     0.237978     0.297297     0.356773     0.416387     0.475950     0.535057     0.593075     0.649149     0.702249     0.751233     0.794920     0.832166     0.861931     0.883334     0.895707     0.898626     0.891939     0.875781     0.850574     0.817007     0.776013     0.728714     0.676376     0.620336     0.561946     0.502507     0.443217     0.385126     0.329106     0.275834     0.225787     0.179252     0.136352     0.097081     0.061346     0.029022     0.000000
    0.015045     0.059993     0.119654     0.179081     0.238406     0.297757     0.357214     0.416752     0.476181     0.535103     0.592897     0.648722     0.701565     0.750301     0.793763     0.830817     0.860434     0.881740     0.894072     0.897008     0.890398     0.874376     0.849357     0.816027     0.775307     0.728312     0.676291     0.620574     0.562496     0.503349     0.444318     0.386444     0.330590     0.277424     0.227415     0.180841     0.137819     0.098333     0.062286     0.029546     0.000000
    0.015075     0.060111     0.119882     0.179403     0.238794     0.298172     0.357608     0.417070     0.476367     0.535109     0.592682     0.648264     0.700857     0.749350     0.792591     0.829460     0.858935     0.880150     0.892446     0.895406     0.888878     0.872995     0.848169     0.815077     0.774634     0.727941     0.676240     0.620843     0.563077     0.504219     0.445446     0.387787     0.332096     0.279033     0.229058     0.182443     0.139295     0.099593     0.063231     0.030073     0.000000
    0.015102     0.060218     0.120089     0.179694     0.239145     0.298546     0.357959     0.417344     0.476512     0.535076     0.592434     0.647778     0.700125     0.748381     0.791408     0.828097     0.857436     0.878565     0.890831     0.893818     0.887377     0.871637     0.847006     0.814156     0.773990     0.727602     0.676218     0.621141     0.563685     0.505116     0.446597     0.389151     0.333622     0.280660     0.230717     0.184058     0.140782     0.100860     0.064181     0.030601     0.000000
    0.015127     0.060315     0.120276     0.179958     0.239461     0.298881     0.358267     0.417576     0.476616     0.535006     0.592154     0.647265     0.699372     0.747396     0.790215     0.826729     0.855936     0.876986     0.889226     0.892246     0.885895     0.870302     0.845869     0.813262     0.773375     0.727291     0.676225     0.621467     0.564319     0.506036     0.447771     0.390536     0.335165     0.282301     0.232388     0.185682     0.142276     0.102133     0.065134     0.031132     0.000000
    0.015149     0.060403     0.120445     0.180196     0.239745     0.299178     0.358537     0.417769     0.476684     0.534903     0.591845     0.646727     0.698599     0.746398     0.789012     0.825357     0.854438     0.875412     0.887632     0.890688     0.884432     0.868988     0.844756     0.812394     0.772786     0.727006     0.676257     0.621818     0.564977     0.506979     0.448965     0.391938     0.336724     0.283956     0.234071     0.187316     0.143777     0.103410     0.066090     0.031663     0.000000
    0.015169     0.060482     0.120598     0.180410     0.239999     0.299442     0.358769     0.417925     0.476715     0.534767     0.591507     0.646166     0.697809     0.745386     0.787802     0.823982     0.852942     0.873844     0.886048     0.889145     0.882986     0.867695     0.843666     0.811550     0.772223     0.726747     0.676315     0.622192     0.565657     0.507941     0.450178     0.393357     0.338297     0.285624     0.235764     0.188958     0.145284     0.104691     0.067048     0.032196     0.000000
    0.015188     0.060553     0.120735     0.180601     0.240225     0.299673     0.358967     0.418047     0.476714     0.534602     0.591144     0.645584     0.697002     0.744363     0.786585     0.822605     0.851448     0.872284     0.884475     0.887616     0.881558     0.866422     0.842597     0.810728     0.771682     0.726510     0.676394     0.622588     0.566357     0.508922     0.451406     0.394790     0.339883     0.287301     0.237465     0.190606     0.146796     0.105975     0.068008     0.032728     0.000000
    0.015204     0.060617     0.120858     0.180772     0.240425     0.299874     0.359133     0.418136     0.476682     0.534408     0.590757     0.644983     0.696181     0.743330     0.785363     0.821228     0.849958     0.870730     0.882913     0.886101     0.880147     0.865168     0.841550     0.809928     0.771163     0.726295     0.676494     0.623003     0.567075     0.509920     0.452650     0.396236     0.341480     0.288988     0.239173     0.192260     0.148311     0.107262     0.068969     0.033262     0.000000
    0.015219     0.060675     0.120967     0.180924     0.240601     0.300047     0.359270     0.418194     0.476622     0.534189     0.590347     0.644364     0.695346     0.742289     0.784137     0.819850     0.848472     0.869185     0.881361     0.884600     0.878752     0.863932     0.840521     0.809149     0.770665     0.726100     0.676614     0.623435     0.567809     0.510931     0.453906     0.397693     0.343085     0.290682     0.240887     0.193917     0.149828     0.108549     0.069929     0.033794     0.000000
    0.015232     0.060726     0.121065     0.181058     0.240754     0.300194     0.359378     0.418225     0.476534     0.533945     0.589918     0.643729     0.694500     0.741241     0.782908     0.818474     0.846990     0.867647     0.879821     0.883113     0.877373     0.862714     0.839511     0.808388     0.770186     0.725924     0.676750     0.623884     0.568557     0.511956     0.455173     0.399160     0.344699     0.292382     0.242605     0.195577     0.151347     0.109836     0.070890     0.034327     0.000000
    0.015244     0.060773     0.121152     0.181176     0.240887     0.300317     0.359460     0.418229     0.476422     0.533680     0.589469     0.643079     0.693644     0.740186     0.781677     0.817099     0.845514     0.866118     0.878293     0.881640     0.876010     0.861513     0.838520     0.807646     0.769724     0.725764     0.676903     0.624348     0.569319     0.512992     0.456449     0.400634     0.346318     0.294086     0.244326     0.197239     0.152866     0.111123     0.071849     0.034858     0.000000
    0.015255     0.060814     0.121230     0.181279     0.241001     0.300419     0.359519     0.418210     0.476286     0.533394     0.589004     0.642417     0.692779     0.739127     0.780445     0.815727     0.844044     0.864598     0.876775     0.880180     0.874661     0.860328     0.837544     0.806920     0.769279     0.725620     0.677070     0.624824     0.570091     0.514038     0.457734     0.402114     0.347943     0.295794     0.246049     0.198901     0.154384     0.112408     0.072806     0.035388     0.000000
    0.015265     0.060851     0.121298     0.181370     0.241097     0.300500     0.359555     0.418168     0.476130     0.533089     0.588523     0.641743     0.691906     0.738064     0.779213     0.814358     0.842580     0.863087     0.875269     0.878733     0.873328     0.859158     0.836585     0.806210     0.768849     0.725491     0.677250     0.625312     0.570874     0.515092     0.459026     0.403600     0.349571     0.297504     0.247772     0.200562     0.155901     0.113692     0.073762     0.035917     0.000000
    0.015274     0.060884     0.121359     0.181448     0.241178     0.300562     0.359571     0.418105     0.475954     0.532767     0.588029     0.641058     0.691027     0.736999     0.777982     0.812994     0.841123     0.861586     0.873775     0.877300     0.872009     0.858004     0.835641     0.805516     0.768433     0.725374     0.677442     0.625810     0.571665     0.516152     0.460322     0.405089     0.351200     0.299214     0.249494     0.202221     0.157415     0.114972     0.074714     0.036444     0.000000
    0.015282     0.060915     0.121412     0.181515     0.241245     0.300608     0.359569     0.418024     0.475761     0.532430     0.587522     0.640365     0.690143     0.735932     0.776753     0.811635     0.839674     0.860094     0.872293     0.875880     0.870704     0.856864     0.834712     0.804835     0.768031     0.725269     0.677644     0.626317     0.572464     0.517219     0.461622     0.406580     0.352831     0.300923     0.251215     0.203878     0.158925     0.116248     0.075663     0.036968     0.000000
    0.015289     0.060942     0.121460     0.181574     0.241300     0.300638     0.359550     0.417926     0.475551     0.532078     0.587003     0.639664     0.689255     0.734865     0.775527     0.810281     0.838233     0.858613     0.870822     0.874473     0.869412     0.855738     0.833796     0.804167     0.767640     0.725175     0.677855     0.626831     0.573268     0.518289     0.462925     0.408073     0.354461     0.302631     0.252933     0.205531     0.160431     0.117520     0.076608     0.037490     0.000000
    0.015296     0.060967     0.121502     0.181623     0.241342     0.300655     0.359516     0.417812     0.475327     0.531714     0.586476     0.638957     0.688364     0.733798     0.774305     0.808934     0.836801     0.857142     0.869363     0.873078     0.868135     0.854626     0.832894     0.803512     0.767261     0.725091     0.678075     0.627352     0.574077     0.519362     0.464229     0.409565     0.356089     0.304336     0.254646     0.207178     0.161932     0.118787     0.077549     0.038010     0.000000
    0.015303     0.060989     0.121540     0.181665     0.241375     0.300660     0.359469     0.417685     0.475090     0.531339     0.585939     0.638245     0.687471     0.732733     0.773087     0.807594     0.835378     0.855682     0.867917     0.871697     0.866870     0.853527     0.832003     0.802868     0.766891     0.725015     0.678301     0.627878     0.574889     0.520437     0.465533     0.411056     0.357715     0.306037     0.256355     0.208821     0.163427     0.120047     0.078485     0.038526     0.000000
    0.015309     0.061011     0.121574     0.181701     0.241399     0.300653     0.359409     0.417545     0.474842     0.530955     0.585396     0.637528     0.686578     0.731670     0.771874     0.806261     0.833964     0.854233     0.866482     0.870328     0.865618     0.852440     0.831125     0.802234     0.766532     0.724948     0.678533     0.628408     0.575704     0.521513     0.466837     0.412544     0.359337     0.307733     0.258058     0.210456     0.164914     0.121301     0.079415     0.039039     0.000000
    0.015315     0.061030     0.121604     0.181732     0.241415     0.300637     0.359339     0.417394     0.474583     0.530562     0.584847     0.636808     0.685684     0.730609     0.770666     0.804936     0.832560     0.852795     0.865059     0.868972     0.864378     0.851365     0.830258     0.801611     0.766180     0.724887     0.678771     0.628941     0.576520     0.522588     0.468138     0.414028     0.360953     0.309422     0.259753     0.212084     0.166394     0.122548     0.080340     0.039549     0.000000
    0.015321     0.061049     0.121632     0.181757     0.241425     0.300613     0.359259     0.417234     0.474315     0.530161     0.584292     0.636087     0.684791     0.729553     0.769465     0.803620     0.831167     0.851369     0.863649     0.867628     0.863151     0.850302     0.829402     0.800997     0.765837     0.724832     0.679012     0.629476     0.577336     0.523662     0.469436     0.415508     0.362564     0.311105     0.261441     0.213703     0.167866     0.123788     0.081258     0.040055     0.000000
    0.015327     0.061067     0.121658     0.181780     0.241429     0.300582     0.359171     0.417065     0.474040     0.529755     0.583734     0.635364     0.683900     0.728501     0.768271     0.802313     0.829784     0.849954     0.862251     0.866297     0.861936     0.849250     0.828556     0.800392     0.765500     0.724782     0.679257     0.630013     0.578151     0.524733     0.470730     0.416983     0.364169     0.312780     0.263120     0.215313     0.169328     0.125019     0.082170     0.040557     0.000000
    0.015333     0.061085     0.121683     0.181799     0.241429     0.300544     0.359076     0.416889     0.473758     0.529343     0.583174     0.634641     0.683012     0.727455     0.767085     0.801015     0.828412     0.848552     0.860866     0.864978     0.860733     0.848210     0.827719     0.799796     0.765170     0.724736     0.679504     0.630550     0.578966     0.525801     0.472019     0.418451     0.365765     0.314446     0.264790     0.216914     0.170781     0.126241     0.083075     0.041055     0.000000
    0.015338     0.061103     0.121706     0.181816     0.241424     0.300502     0.358976     0.416708     0.473471     0.528928     0.582611     0.633919     0.682126     0.726414     0.765906     0.799727     0.827051     0.847161     0.859492     0.863671     0.859542     0.847180     0.826892     0.799207     0.764846     0.724695     0.679753     0.631087     0.579777     0.526865     0.473302     0.419912     0.367353     0.316102     0.266449     0.218503     0.172224     0.127453     0.083972     0.041548     0.000000
    0.015344     0.061120     0.121729     0.181831     0.241417     0.300456     0.358870     0.416521     0.473180     0.528510     0.582048     0.633198     0.681245     0.725380     0.764737     0.798449     0.825702     0.845783     0.858132     0.862377     0.858362     0.846160     0.826074     0.798625     0.764527     0.724656     0.680003     0.631623     0.580586     0.527924     0.474579     0.421364     0.368931     0.317748     0.268097     0.220082     0.173655     0.128656     0.084861     0.042037     0.000000
    0.015350     0.061138     0.121752     0.181845     0.241409     0.300407     0.358761     0.416331     0.472886     0.528090     0.581484     0.632480     0.680369     0.724352     0.763576     0.797183     0.824365     0.844417     0.856783     0.861095     0.857194     0.845151     0.825265     0.798049     0.764213     0.724620     0.680253     0.632156     0.581391     0.528977     0.475848     0.422808     0.370500     0.319383     0.269734     0.221648     0.175075     0.129849     0.085742     0.042521     0.000000
    0.015357     0.061156     0.121775     0.181859     0.241398     0.300355     0.358650     0.416137     0.472589     0.527669     0.580922     0.631764     0.679498     0.723333     0.762425     0.795927     0.823039     0.843063     0.855448     0.859824     0.856036     0.844151     0.824463     0.797480     0.763902     0.724586     0.680503     0.632688     0.582191     0.530024     0.477109     0.424242     0.372057     0.321006     0.271357     0.223202     0.176482     0.131030     0.086615     0.043000     0.000000
    0.015363     0.061176     0.121799     0.181874     0.241388     0.300303     0.358536     0.415942     0.472291     0.527248     0.580361     0.631053     0.678633     0.722321     0.761284     0.794682     0.821726     0.841723     0.854125     0.858566     0.854890     0.843161     0.823670     0.796917     0.763596     0.724553     0.680751     0.633216     0.582986     0.531064     0.478362     0.425666     0.373603     0.322617     0.272968     0.224743     0.177878     0.132201     0.087479     0.043475     0.000000
    0.015370     0.061195     0.121824     0.181889     0.241377     0.300249     0.358422     0.415746     0.471993     0.526828     0.579802     0.630345     0.677775     0.721318     0.760153     0.793449     0.820425     0.840395     0.852814     0.857320     0.853754     0.842181     0.822883     0.796359     0.763292     0.724522     0.680999     0.633741     0.583776     0.532096     0.479605     0.427079     0.375137     0.324215     0.274565     0.226270     0.179260     0.133359     0.088334     0.043944     0.000000
    0.015377     0.061216     0.121851     0.181905     0.241367     0.300196     0.358307     0.415550     0.471695     0.526409     0.579247     0.629643     0.676923     0.720324     0.759032     0.792228     0.819137     0.839080     0.851516     0.856085     0.852629     0.841209     0.822105     0.795807     0.762992     0.724490     0.681245     0.634261     0.584559     0.533119     0.480838     0.428481     0.376658     0.325798     0.276148     0.227782     0.180628     0.134506     0.089180     0.044407     0.000000
    0.015385     0.061238     0.121879     0.181923     0.241359     0.300144     0.358193     0.415355     0.471398     0.525993     0.578695     0.628947     0.676079     0.719339     0.757923     0.791020     0.817862     0.837778     0.850231     0.854863     0.851515     0.840246     0.821333     0.795259     0.762693     0.724459     0.681488     0.634777     0.585335     0.534135     0.482060     0.429870     0.378166     0.327368     0.277717     0.229280     0.181983     0.135641     0.090016     0.044865     0.000000
    0.015393     0.061262     0.121909     0.181943     0.241352     0.300094     0.358080     0.415161     0.471103     0.525579     0.578148     0.628256     0.675243     0.718365     0.756825     0.789823     0.816600     0.836489     0.848959     0.853652     0.850411     0.839292     0.820568     0.794715     0.762397     0.724427     0.681728     0.635288     0.586104     0.535140     0.483271     0.431247     0.379660     0.328923     0.279270     0.230763     0.183323     0.136763     0.090842     0.045318     0.000000
    0.015401     0.061286     0.121941     0.181965     0.241348     0.300045     0.357969     0.414968     0.470811     0.525169     0.577606     0.627572     0.674416     0.717400     0.755739     0.788639     0.815351     0.835213     0.847699     0.852453     0.849318     0.838347     0.819809     0.794176     0.762103     0.724395     0.681966     0.635793     0.586866     0.536136     0.484471     0.432611     0.381139     0.330462     0.280807     0.232231     0.184648     0.137872     0.091659     0.045765     0.000000
    0.015410     0.061313     0.121975     0.181990     0.241346     0.299999     0.357861     0.414779     0.470522     0.524763     0.577069     0.626896     0.673597     0.716446     0.754664     0.787468     0.814115     0.833951     0.846452     0.851266     0.848234     0.837410     0.819057     0.793641     0.761810     0.724361     0.682199     0.636292     0.587619     0.537122     0.485659     0.433962     0.382604     0.331986     0.282328     0.233682     0.185959     0.138968     0.092465     0.046206     0.000000
    0.015419     0.061340     0.122012     0.182018     0.241347     0.299956     0.357755     0.414593     0.470237     0.524362     0.576538     0.626226     0.672788     0.715502     0.753601     0.786310     0.812893     0.832701     0.845217     0.850090     0.847161     0.836481     0.818310     0.793109     0.761519     0.724327     0.682429     0.636785     0.588364     0.538098     0.486835     0.435298     0.384054     0.333494     0.283833     0.235117     0.187254     0.140051     0.093261     0.046641     0.000000
    0.015429     0.061370     0.122052     0.182050     0.241352     0.299917     0.357653     0.414410     0.469956     0.523966     0.576014     0.625565     0.671988     0.714569     0.752551     0.785165     0.811684     0.831465     0.843996     0.848926     0.846098     0.835561     0.817570     0.792581     0.761228     0.724290     0.682655     0.637271     0.589099     0.539062     0.487998     0.436620     0.385488     0.334986     0.285321     0.236536     0.188534     0.141120     0.094047     0.047070     0.000000
    0.015439     0.061401     0.122094     0.182085     0.241361     0.299881     0.357555     0.414232     0.469679     0.523576     0.575496     0.624912     0.671198     0.713648     0.751513     0.784033     0.810489     0.830243     0.842787     0.847773     0.845045     0.834648     0.816835     0.792057     0.760938     0.724252     0.682877     0.637751     0.589826     0.540015     0.489147     0.437928     0.386906     0.336460     0.286792     0.237937     0.189798     0.142175     0.094822     0.047493     0.000000
    0.015450     0.061434     0.122140     0.182123     0.241374     0.299850     0.357462     0.414058     0.469408     0.523191     0.574986     0.624268     0.670417     0.712738     0.750487     0.782915     0.809307     0.829034     0.841590     0.846632     0.844002     0.833743     0.816106     0.791535     0.760649     0.724212     0.683093     0.638224     0.590544     0.540957     0.490284     0.439220     0.388308     0.337918     0.288245     0.239322     0.191045     0.143216     0.095586     0.047910     0.000000
    0.015461     0.061468     0.122188     0.182166     0.241391     0.299823     0.357374     0.413890     0.469143     0.522814     0.574483     0.623633     0.669648     0.711840     0.749475     0.781810     0.808139     0.827838     0.840406     0.845502     0.842968     0.832846     0.815383     0.791016     0.760360     0.724169     0.683305     0.638689     0.591251     0.541887     0.491407     0.440498     0.389694     0.339358     0.289681     0.240689     0.192277     0.144243     0.096340     0.048321     0.000000
    0.015473     0.061505     0.122240     0.182212     0.241413     0.299802     0.357290     0.413727     0.468884     0.522443     0.573989     0.623006     0.668889     0.710954     0.748475     0.780718     0.806984     0.826655     0.839235     0.844384     0.841944     0.831957     0.814665     0.790500     0.760071     0.724124     0.683512     0.639146     0.591949     0.542805     0.492516     0.441759     0.391062     0.340781     0.291098     0.242038     0.193492     0.145256     0.097083     0.048726     0.000000
    0.015485     0.061543     0.122295     0.182263     0.241440     0.299785     0.357212     0.413570     0.468631     0.522079     0.573502     0.622390     0.668140     0.710079     0.747488     0.779640     0.805843     0.825486     0.838076     0.843276     0.840930     0.831075     0.813952     0.789987     0.759782     0.724076     0.683714     0.639596     0.592637     0.543711     0.493610     0.443005     0.392414     0.342186     0.292498     0.243370     0.194691     0.146255     0.097815     0.049125     0.000000
    0.015498     0.061583     0.122353     0.182318     0.241471     0.299774     0.357140     0.413419     0.468385     0.521723     0.573025     0.621783     0.667403     0.709217     0.746514     0.778575     0.804716     0.824331     0.836930     0.842180     0.839925     0.830201     0.813244     0.789477     0.759493     0.724026     0.683910     0.640038     0.593314     0.544604     0.494691     0.444236     0.393749     0.343573     0.293879     0.244684     0.195872     0.147239     0.098535     0.049518     0.000000
    0.015512     0.061625     0.122415     0.182378     0.241508     0.299769     0.357074     0.413275     0.468146     0.521375     0.572556     0.621186     0.666676     0.708367     0.745553     0.777524     0.803603     0.823188     0.835797     0.841096     0.838929     0.829334     0.812541     0.788969     0.759205     0.723973     0.684101     0.640473     0.593982     0.545485     0.495757     0.445450     0.395066     0.344941     0.295242     0.245980     0.197038     0.148209     0.099245     0.049904     0.000000
    0.015526     0.061669     0.122480     0.182441     0.241550     0.299769     0.357014     0.413137     0.467914     0.521035     0.572095     0.620599     0.665961     0.707529     0.744605     0.776487     0.802503     0.822059     0.834676     0.840022     0.837944     0.828475     0.811843     0.788463     0.758915     0.723917     0.684286     0.640899     0.594638     0.546353     0.496808     0.446648     0.396366     0.346292     0.296586     0.247257     0.198186     0.149164     0.099944     0.050284     0.000000
    0.015540     0.061715     0.122548     0.182510     0.241598     0.299776     0.356961     0.413007     0.467690     0.520703     0.571645     0.620022     0.665258     0.706703     0.743671     0.775463     0.801417     0.820943     0.833567     0.838959     0.836967     0.827622     0.811150     0.787960     0.758626     0.723858     0.684466     0.641316     0.595285     0.547209     0.497845     0.447829     0.397648     0.347623     0.297912     0.248517     0.199317     0.150105     0.100632     0.050658     0.000000
    0.015555     0.061763     0.122620     0.182583     0.241650     0.299788     0.356914     0.412883     0.467473     0.520379     0.571203     0.619456     0.664565     0.705890     0.742749     0.774453     0.800345     0.819841     0.832470     0.837908     0.836000     0.826777     0.810462     0.787459     0.758336     0.723796     0.684640     0.641726     0.595920     0.548052     0.498867     0.448994     0.398912     0.348937     0.299218     0.249758     0.200432     0.151031     0.101309     0.051026     0.000000
    0.015570     0.061813     0.122695     0.182661     0.241709     0.299807     0.356874     0.412767     0.467264     0.520064     0.570771     0.618900     0.663885     0.705090     0.741841     0.773456     0.799286     0.818751     0.831386     0.836867     0.835041     0.825939     0.809779     0.786961     0.758046     0.723731     0.684808     0.642127     0.596545     0.548881     0.499874     0.450143     0.400159     0.350231     0.300506     0.250981     0.201529     0.151943     0.101975     0.051387     0.000000
    0.015586     0.061864     0.122774     0.182743     0.241773     0.299832     0.356841     0.412658     0.467064     0.519758     0.570349     0.618355     0.663215     0.704302     0.740946     0.772473     0.798241     0.817675     0.830314     0.835838     0.834092     0.825108     0.809100     0.786464     0.757755     0.723662     0.684971     0.642520     0.597159     0.549698     0.500867     0.451275     0.401388     0.351507     0.301775     0.252185     0.202610     0.152840     0.102629     0.051742     0.000000
    0.015603     0.061918     0.122856     0.182830     0.241842     0.299863     0.356815     0.412556     0.466871     0.519461     0.569936     0.617821     0.662558     0.703526     0.740064     0.771504     0.797209     0.816612     0.829254     0.834819     0.833152     0.824284     0.808426     0.785970     0.757464     0.723591     0.685127     0.642905     0.597762     0.550502     0.501844     0.452390     0.402598     0.352765     0.303025     0.253371     0.203673     0.153722     0.103273     0.052092     0.000000
    0.015620     0.061973     0.122942     0.182922     0.241917     0.299901     0.356796     0.412462     0.466687     0.519172     0.569533     0.617297     0.661912     0.702763     0.739195     0.770548     0.796191     0.815562     0.828207     0.833810     0.832221     0.823467     0.807757     0.785478     0.757173     0.723516     0.685278     0.643281     0.598355     0.551293     0.502806     0.453489     0.403791     0.354003     0.304257     0.254539     0.204720     0.154590     0.103906     0.052435     0.000000
    0.015637     0.062030     0.123030     0.183018     0.241998     0.299945     0.356783     0.412376     0.466511     0.518893     0.569140     0.616784     0.661278     0.702012     0.738339     0.769605     0.795186     0.814524     0.827171     0.832813     0.831300     0.822657     0.807093     0.784988     0.756880     0.723438     0.685423     0.643649     0.598936     0.552070     0.503753     0.454571     0.404966     0.355223     0.305469     0.255688     0.205749     0.155444     0.104528     0.052772     0.000000
    0.015655     0.062089     0.123122     0.183118     0.242084     0.299995     0.356778     0.412298     0.466343     0.518623     0.568757     0.616281     0.660655     0.701274     0.737497     0.768676     0.794194     0.813500     0.826147     0.831826     0.830387     0.821854     0.806432     0.784500     0.756588     0.723357     0.685562     0.644008     0.599507     0.552835     0.504686     0.455637     0.406123     0.356424     0.306663     0.256819     0.206762     0.156283     0.105140     0.053103     0.000000
    0.015674     0.062150     0.123217     0.183223     0.242176     0.300052     0.356780     0.412227     0.466184     0.518361     0.568384     0.615790     0.660044     0.700548     0.736667     0.767760     0.793216     0.812488     0.825135     0.830850     0.829482     0.821058     0.805777     0.784014     0.756295     0.723273     0.685696     0.644359     0.600068     0.553587     0.505603     0.456686     0.407263     0.357607     0.307837     0.257932     0.207758     0.157108     0.105740     0.053428     0.000000
    0.015693     0.062212     0.123316     0.183333     0.242273     0.300115     0.356789     0.412164     0.466033     0.518109     0.568020     0.615309     0.659444     0.699834     0.735850     0.766857     0.792250     0.811489     0.824135     0.829884     0.828587     0.820268     0.805126     0.783530     0.756001     0.723186     0.685823     0.644702     0.600617     0.554326     0.506506     0.457718     0.408384     0.358771     0.308993     0.259027     0.208738     0.157919     0.106330     0.053747     0.000000
    0.015712     0.062276     0.123417     0.183447     0.242376     0.300184     0.356805     0.412109     0.465891     0.517867     0.567667     0.614839     0.658857     0.699133     0.735046     0.765968     0.791298     0.810502     0.823147     0.828928     0.827700     0.819485     0.804480     0.783048     0.755707     0.723096     0.685945     0.645037     0.601156     0.555052     0.507394     0.458734     0.409488     0.359917     0.310131     0.260104     0.209701     0.158715     0.106909     0.054060     0.000000
    0.015732     0.062341     0.123522     0.183565     0.242483     0.300260     0.356828     0.412061     0.465757     0.517633     0.567323     0.614380     0.658280     0.698444     0.734255     0.765091     0.790358     0.809528     0.822170     0.827983     0.826823     0.818709     0.803838     0.782569     0.755412     0.723002     0.686062     0.645363     0.601685     0.555766     0.508267     0.459734     0.410574     0.361044     0.311250     0.261163     0.210648     0.159498     0.107478     0.054368     0.000000
    0.015752     0.062408     0.123629     0.183687     0.242596     0.300341     0.356858     0.412021     0.465631     0.517408     0.566990     0.613931     0.657715     0.697767     0.733476     0.764227     0.789432     0.808566     0.821204     0.827048     0.825953     0.817940     0.803200     0.782091     0.755117     0.722906     0.686172     0.645681     0.602202     0.556466     0.509125     0.460717     0.411643     0.362153     0.312350     0.262204     0.211578     0.160267     0.108037     0.054669     0.000000
    0.015772     0.062477     0.123739     0.183813     0.242715     0.300429     0.356895     0.411989     0.465514     0.517192     0.566666     0.613493     0.657162     0.697102     0.732710     0.763376     0.788518     0.807617     0.820250     0.826124     0.825093     0.817177     0.802567     0.781616     0.754822     0.722806     0.686278     0.645992     0.602710     0.557154     0.509969     0.461684     0.412694     0.363244     0.313432     0.263227     0.212492     0.161022     0.108585     0.054965     0.000000
    0.015793     0.062546     0.123852     0.183944     0.242838     0.300523     0.356939     0.411964     0.465405     0.516986     0.566352     0.613065     0.656619     0.696449     0.731956     0.762538     0.787617     0.806679     0.819308     0.825209     0.824241     0.816421     0.801939     0.781143     0.754526     0.722704     0.686378     0.646294     0.603207     0.557830     0.510798     0.462635     0.413728     0.364316     0.314497     0.264233     0.213390     0.161764     0.109124     0.055256     0.000000
    0.015814     0.062618     0.123968     0.184078     0.242966     0.300622     0.356989     0.411947     0.465304     0.516788     0.566047     0.612648     0.656088     0.695808     0.731215     0.761712     0.786728     0.805754     0.818376     0.824305     0.823397     0.815672     0.801315     0.780672     0.754230     0.722599     0.686472     0.646589     0.603694     0.558493     0.511613     0.463570     0.414744     0.365371     0.315543     0.265222     0.214273     0.162492     0.109652     0.055541     0.000000
    0.015836     0.062690     0.124086     0.184216     0.243099     0.300728     0.357046     0.411937     0.465211     0.516599     0.565752     0.612241     0.655568     0.695178     0.730486     0.760898     0.785851     0.804841     0.817456     0.823410     0.822562     0.814929     0.800696     0.780203     0.753934     0.722491     0.686561     0.646876     0.604171     0.559144     0.512414     0.464489     0.415744     0.366408     0.316571     0.266194     0.215139     0.163207     0.110170     0.055820     0.000000
    0.015858     0.062764     0.124207     0.184357     0.243237     0.300839     0.357110     0.411934     0.465126     0.516419     0.565467     0.611845     0.655058     0.694560     0.729768     0.760097     0.784987     0.803939     0.816547     0.822525     0.821735     0.814193     0.800081     0.779736     0.753638     0.722381     0.686645     0.647155     0.604638     0.559783     0.513201     0.465393     0.416727     0.367428     0.317582     0.267148     0.215991     0.163909     0.110679     0.056094     0.000000
    0.015880     0.062840     0.124330     0.184502     0.243379     0.300955     0.357179     0.411939     0.465049     0.516247     0.565191     0.611458     0.654560     0.693953     0.729063     0.759308     0.784135     0.803049     0.815648     0.821650     0.820916     0.813464     0.799471     0.779272     0.753341     0.722268     0.686724     0.647427     0.605095     0.560410     0.513974     0.466281     0.417693     0.368430     0.318575     0.268086     0.216827     0.164598     0.111178     0.056363     0.000000
    0.015903     0.062916     0.124456     0.184651     0.243526     0.301077     0.357255     0.411950     0.464980     0.516084     0.564924     0.611082     0.654072     0.693358     0.728369     0.758531     0.783295     0.802171     0.814761     0.820785     0.820106     0.812740     0.798865     0.778810     0.753044     0.722152     0.686798     0.647692     0.605543     0.561025     0.514733     0.467153     0.418642     0.369415     0.319551     0.269007     0.217647     0.165274     0.111668     0.056627     0.000000
    0.015926     0.062993     0.124584     0.184803     0.243677     0.301204     0.357337     0.411968     0.464918     0.515930     0.564666     0.610715     0.653595     0.692774     0.727687     0.757766     0.782466     0.801304     0.813884     0.819930     0.819304     0.812024     0.798263     0.778350     0.752748     0.722034     0.686868     0.647949     0.605981     0.561628     0.515478     0.468011     0.419575     0.370383     0.320510     0.269912     0.218453     0.165938     0.112148     0.056885     0.000000
    0.015949     0.063072     0.124714     0.184958     0.243832     0.301336     0.357425     0.411993     0.464864     0.515783     0.564418     0.610358     0.653129     0.692201     0.727017     0.757012     0.781649     0.800448     0.813018     0.819084     0.818510     0.811314     0.797667     0.777893     0.752451     0.721914     0.686932     0.648199     0.606409     0.562220     0.516210     0.468853     0.420492     0.371334     0.321452     0.270801     0.219244     0.166589     0.112619     0.057138     0.000000
    0.015972     0.063151     0.124845     0.185116     0.243991     0.301473     0.357519     0.412025     0.464817     0.515645     0.564178     0.610011     0.652672     0.691639     0.726358     0.756270     0.780844     0.799604     0.812162     0.818247     0.817725     0.810610     0.797074     0.777438     0.752155     0.721792     0.686992     0.648442     0.606828     0.562800     0.516929     0.469680     0.421393     0.372269     0.322377     0.271674     0.220021     0.167228     0.113082     0.057387     0.000000
    0.015995     0.063232     0.124979     0.185277     0.244154     0.301615     0.357619     0.412063     0.464778     0.515515     0.563947     0.609673     0.652226     0.691088     0.725710     0.755540     0.780050     0.798770     0.811317     0.817420     0.816947     0.809913     0.796486     0.776985     0.751859     0.721667     0.687047     0.648678     0.607238     0.563369     0.517635     0.470493     0.422278     0.373187     0.323286     0.272530     0.220784     0.167855     0.113535     0.057630     0.000000
    0.016019     0.063313     0.125115     0.185440     0.244321     0.301762     0.357724     0.412108     0.464746     0.515392     0.563724     0.609344     0.651790     0.690547     0.725073     0.754821     0.779268     0.797948     0.810482     0.816602     0.816177     0.809222     0.795903     0.776535     0.751563     0.721540     0.687098     0.648907     0.607639     0.563927     0.518327     0.471292     0.423148     0.374088     0.324179     0.273372     0.221532     0.168470     0.113979     0.057869     0.000000
    0.016043     0.063395     0.125252     0.185607     0.244491     0.301913     0.357834     0.412158     0.464720     0.515278     0.563510     0.609025     0.651363     0.690016     0.724447     0.754113     0.778496     0.797136     0.809657     0.815794     0.815416     0.808537     0.795324     0.776087     0.751267     0.721411     0.687144     0.649130     0.608032     0.564474     0.519007     0.472076     0.424002     0.374974     0.325056     0.274198     0.222266     0.169074     0.114415     0.058103     0.000000
    0.016067     0.063478     0.125391     0.185776     0.244665     0.302068     0.357949     0.412215     0.464702     0.515170     0.563305     0.608715     0.650946     0.689496     0.723832     0.753415     0.777736     0.796335     0.808842     0.814994     0.814662     0.807859     0.794750     0.775642     0.750971     0.721280     0.687187     0.649346     0.608415     0.565010     0.519675     0.472846     0.424841     0.375844     0.325917     0.275009     0.222987     0.169666     0.114843     0.058333     0.000000
    0.016092     0.063562     0.125532     0.185947     0.244842     0.302227     0.358070     0.412277     0.464690     0.515071     0.563107     0.608413     0.650539     0.688986     0.723227     0.752729     0.776986     0.795545     0.808037     0.814204     0.813916     0.807187     0.794181     0.775200     0.750677     0.721148     0.687225     0.649556     0.608790     0.565536     0.520329     0.473602     0.425665     0.376699     0.326762     0.275805     0.223695     0.170247     0.115262     0.058558     0.000000
    0.016116     0.063647     0.125674     0.186120     0.245022     0.302391     0.358195     0.412346     0.464684     0.514978     0.562917     0.608120     0.650141     0.688486     0.722632     0.752053     0.776247     0.794765     0.807242     0.813422     0.813177     0.806522     0.793615     0.774760     0.750382     0.721014     0.687259     0.649760     0.609157     0.566051     0.520972     0.474345     0.426474     0.377538     0.327593     0.276587     0.224389     0.170817     0.115673     0.058778     0.000000
    0.016141     0.063731     0.125817     0.186296     0.245205     0.302558     0.358325     0.412419     0.464685     0.514893     0.562736     0.607836     0.649753     0.687996     0.722048     0.751388     0.775519     0.793996     0.806457     0.812650     0.812447     0.805862     0.793055     0.774322     0.750088     0.720878     0.687289     0.649957     0.609515     0.566557     0.521603     0.475074     0.427269     0.378362     0.328408     0.277354     0.225070     0.171376     0.116077     0.058994     0.000000
    0.016165     0.063817     0.125962     0.186474     0.245391     0.302729     0.358459     0.412498     0.464692     0.514814     0.562562     0.607560     0.649373     0.687515     0.721474     0.750734     0.774801     0.793236     0.805682     0.811886     0.811724     0.805209     0.792499     0.773888     0.749795     0.720741     0.687316     0.650149     0.609865     0.567052     0.522222     0.475789     0.428049     0.379172     0.329208     0.278107     0.225738     0.171924     0.116472     0.059206     0.000000
    0.016190     0.063903     0.126107     0.186653     0.245580     0.302903     0.358598     0.412582     0.464705     0.514742     0.562395     0.607292     0.649002     0.687044     0.720910     0.750089     0.774093     0.792487     0.804916     0.811131     0.811009     0.804563     0.791948     0.773456     0.749503     0.720602     0.687339     0.650335     0.610207     0.567537     0.522829     0.476492     0.428815     0.379966     0.329994     0.278846     0.226394     0.172462     0.116860     0.059414     0.000000
    0.016215     0.063990     0.126254     0.186834     0.245771     0.303081     0.358741     0.412671     0.464723     0.514677     0.562235     0.607033     0.648640     0.686582     0.720356     0.749454     0.773395     0.791747     0.804159     0.810385     0.810301     0.803922     0.791401     0.773027     0.749211     0.720462     0.687359     0.650515     0.610542     0.568012     0.523425     0.477182     0.429568     0.380747     0.330765     0.279572     0.227038     0.172990     0.117240     0.059618     0.000000
    0.016240     0.064076     0.126402     0.187017     0.245964     0.303262     0.358888     0.412765     0.464747     0.514618     0.562083     0.606781     0.648287     0.686129     0.719811     0.748830     0.772707     0.791017     0.803412     0.809647     0.809601     0.803287     0.790859     0.772601     0.748920     0.720320     0.687375     0.650689     0.610869     0.568478     0.524010     0.477859     0.430307     0.381513     0.331523     0.280284     0.227670     0.173508     0.117613     0.059818     0.000000
    0.016265     0.064164     0.126550     0.187202     0.246160     0.303446     0.359039     0.412863     0.464777     0.514565     0.561938     0.606537     0.647942     0.685686     0.719276     0.748215     0.772029     0.790297     0.802674     0.808918     0.808908     0.802659     0.790321     0.772177     0.748630     0.720178     0.687387     0.650859     0.611189     0.568935     0.524583     0.478524     0.431032     0.382265     0.332267     0.280983     0.228290     0.174016     0.117979     0.060013     0.000000
    0.016290     0.064251     0.126699     0.187387     0.246358     0.303632     0.359193     0.412966     0.464812     0.514518     0.561800     0.606300     0.647605     0.685251     0.718749     0.747609     0.771361     0.789587     0.801945     0.808197     0.808223     0.802037     0.789788     0.771756     0.748341     0.720034     0.687397     0.651023     0.611501     0.569382     0.525146     0.479177     0.431745     0.383004     0.332997     0.281670     0.228898     0.174514     0.118337     0.060205     0.000000
    0.016316     0.064339     0.126849     0.187574     0.246557     0.303822     0.359351     0.413073     0.464852     0.514477     0.561668     0.606071     0.647276     0.684824     0.718232     0.747013     0.770702     0.788885     0.801225     0.807484     0.807545     0.801421     0.789259     0.771339     0.748052     0.719889     0.687404     0.651182     0.611806     0.569820     0.525698     0.479817     0.432444     0.383729     0.333713     0.282343     0.229495     0.175003     0.118689     0.060393     0.000000
    0.016341     0.064427     0.127000     0.187762     0.246759     0.304014     0.359512     0.413184     0.464897     0.514442     0.561542     0.605849     0.646955     0.684406     0.717724     0.746427     0.770053     0.788194     0.800514     0.806780     0.806874     0.800811     0.788735     0.770924     0.747765     0.719744     0.687407     0.651335     0.612104     0.570250     0.526240     0.480446     0.433131     0.384441     0.334417     0.283004     0.230081     0.175482     0.119034     0.060578     0.000000
    0.016366     0.064515     0.127151     0.187951     0.246962     0.304208     0.359676     0.413300     0.464946     0.514412     0.561423     0.605634     0.646641     0.683997     0.717225     0.745849     0.769413     0.787511     0.799812     0.806083     0.806211     0.800206     0.788216     0.770512     0.747479     0.719598     0.687408     0.651484     0.612395     0.570671     0.526772     0.481064     0.433805     0.385141     0.335108     0.283653     0.230655     0.175953     0.119372     0.060759     0.000000
    0.016391     0.064603     0.127302     0.188141     0.247167     0.304404     0.359843     0.413418     0.465000     0.514388     0.561310     0.605426     0.646335     0.683595     0.716734     0.745280     0.768782     0.786837     0.799118     0.805395     0.805554     0.799608     0.787701     0.770103     0.747195     0.719450     0.687406     0.651629     0.612680     0.571084     0.527293     0.481670     0.434467     0.385827     0.335786     0.284290     0.231220     0.176414     0.119704     0.060937     0.000000
    0.016416     0.064691     0.127454     0.188332     0.247372     0.304603     0.360013     0.413541     0.465058     0.514369     0.561203     0.605224     0.646037     0.683201     0.716252     0.744721     0.768160     0.786172     0.798433     0.804715     0.804905     0.799016     0.787191     0.769697     0.746911     0.719303     0.687402     0.651769     0.612958     0.571488     0.527805     0.482265     0.435117     0.386501     0.336452     0.284915     0.231773     0.176867     0.120030     0.061111     0.000000
    0.016442     0.064780     0.127606     0.188523     0.247580     0.304803     0.360186     0.413667     0.465121     0.514355     0.561102     0.605029     0.645746     0.682816     0.715778     0.744170     0.767547     0.785516     0.797756     0.804042     0.804262     0.798430     0.786685     0.769294     0.746629     0.719154     0.687395     0.651904     0.613230     0.571884     0.528307     0.482849     0.435756     0.387163     0.337106     0.285529     0.232317     0.177312     0.120350     0.061281     0.000000
    0.016467     0.064868     0.127758     0.188715     0.247788     0.305005     0.360361     0.413796     0.465188     0.514345     0.561006     0.604840     0.645461     0.682438     0.715313     0.743627     0.766942     0.784868     0.797088     0.803377     0.803627     0.797849     0.786184     0.768894     0.746348     0.719005     0.687385     0.652035     0.613496     0.572272     0.528799     0.483422     0.436382     0.387813     0.337748     0.286132     0.232850     0.177748     0.120663     0.061449     0.000000
    0.016492     0.064956     0.127910     0.188908     0.247997     0.305209     0.360538     0.413928     0.465258     0.514340     0.560915     0.604658     0.645184     0.682067     0.714855     0.743093     0.766346     0.784230     0.796428     0.802721     0.802999     0.797275     0.785688     0.768497     0.746068     0.718856     0.687373     0.652161     0.613755     0.572652     0.529282     0.483985     0.436998     0.388452     0.338378     0.286724     0.233374     0.178176     0.120971     0.061613     0.000000
    0.016517     0.065044     0.128063     0.189101     0.248207     0.305414     0.360718     0.414063     0.465332     0.514340     0.560830     0.604481     0.644913     0.681704     0.714405     0.742567     0.765759     0.783599     0.795776     0.802071     0.802377     0.796706     0.785196     0.768103     0.745790     0.718706     0.687359     0.652284     0.614009     0.573025     0.529756     0.484538     0.437602     0.389078     0.338997     0.287305     0.233888     0.178596     0.121273     0.061775     0.000000
    0.016542     0.065132     0.128215     0.189294     0.248418     0.305621     0.360899     0.414201     0.465410     0.514344     0.560750     0.604311     0.644649     0.681348     0.713963     0.742049     0.765180     0.782977     0.795132     0.801429     0.801762     0.796143     0.784708     0.767712     0.745513     0.718556     0.687343     0.652403     0.614257     0.573391     0.530222     0.485080     0.438196     0.389694     0.339605     0.287875     0.234392     0.179009     0.121569     0.061933     0.000000
    0.016567     0.065220     0.128367     0.189487     0.248629     0.305828     0.361083     0.414341     0.465491     0.514352     0.560675     0.604146     0.644391     0.680999     0.713528     0.741539     0.764608     0.782363     0.794496     0.800795     0.801154     0.795586     0.784225     0.767324     0.745238     0.718406     0.687325     0.652517     0.614499     0.573749     0.530678     0.485613     0.438778     0.390299     0.340201     0.288435     0.234887     0.179414     0.121860     0.062088     0.000000
    0.016591     0.065308     0.128519     0.189680     0.248841     0.306037     0.361268     0.414484     0.465575     0.514365     0.560605     0.603986     0.644140     0.680656     0.713101     0.741036     0.764045     0.781757     0.793868     0.800168     0.800553     0.795034     0.783747     0.766940     0.744964     0.718256     0.687305     0.652628     0.614736     0.574100     0.531126     0.486136     0.439351     0.390892     0.340788     0.288985     0.235374     0.179811     0.122145     0.062241     0.000000
    0.016616     0.065395     0.128671     0.189873     0.249053     0.306247     0.361455     0.414629     0.465663     0.514381     0.560540     0.603832     0.643894     0.680321     0.712681     0.740542     0.763490     0.781158     0.793248     0.799549     0.799958     0.794489     0.783273     0.766558     0.744692     0.718105     0.687283     0.652736     0.614968     0.574444     0.531566     0.486649     0.439913     0.391475     0.341363     0.289525     0.235851     0.180201     0.122425     0.062390     0.000000
    0.016641     0.065482     0.128822     0.190066     0.249266     0.306457     0.361643     0.414777     0.465753     0.514400     0.560478     0.603683     0.643655     0.679992     0.712268     0.740055     0.762943     0.780568     0.792635     0.798936     0.799370     0.793948     0.782804     0.766180     0.744422     0.717955     0.687259     0.652840     0.615194     0.574781     0.531997     0.487154     0.440465     0.392048     0.341929     0.290055     0.236320     0.180585     0.122700     0.062537     0.000000
    0.016665     0.065569     0.128973     0.190259     0.249479     0.306668     0.361832     0.414926     0.465846     0.514424     0.560421     0.603539     0.643421     0.679670     0.711863     0.739575     0.762403     0.779986     0.792030     0.798331     0.798788     0.793414     0.782339     0.765805     0.744153     0.717804     0.687234     0.652940     0.615415     0.575112     0.532421     0.487649     0.441007     0.392611     0.342484     0.290576     0.236781     0.180961     0.122971     0.062681     0.000000
    0.016690     0.065655     0.129124     0.190452     0.249691     0.306880     0.362023     0.415077     0.465942     0.514450     0.560369     0.603400     0.643193     0.679353     0.711464     0.739103     0.761871     0.779411     0.791432     0.797733     0.798213     0.792885     0.781878     0.765433     0.743886     0.717654     0.687207     0.653038     0.615631     0.575436     0.532837     0.488135     0.441540     0.393164     0.343030     0.291088     0.237233     0.181330     0.123236     0.062823     0.000000
    0.016714     0.065741     0.129274     0.190644     0.249904     0.307092     0.362214     0.415230     0.466040     0.514480     0.560320     0.603266     0.642971     0.679043     0.711071     0.738638     0.761346     0.778843     0.790842     0.797142     0.797644     0.792361     0.781422     0.765064     0.743621     0.717504     0.687179     0.653132     0.615843     0.575754     0.533245     0.488613     0.442063     0.393707     0.343566     0.291591     0.237678     0.181693     0.123496     0.062962     0.000000
    0.016738     0.065827     0.129423     0.190836     0.250116     0.307304     0.362407     0.415384     0.466140     0.514513     0.560275     0.603137     0.642753     0.678739     0.710686     0.738180     0.760829     0.778283     0.790259     0.796557     0.797081     0.791844     0.780971     0.764698     0.743357     0.717354     0.687149     0.653223     0.616049     0.576065     0.533645     0.489082     0.442577     0.394240     0.344093     0.292085     0.238114     0.182050     0.123752     0.063098     0.000000
    0.016762     0.065912     0.129572     0.191027     0.250329     0.307517     0.362600     0.415540     0.466243     0.514549     0.560234     0.603012     0.642541     0.678441     0.710306     0.737728     0.760318     0.777730     0.789683     0.795980     0.796525     0.791331     0.780524     0.764336     0.743095     0.717204     0.687118     0.653311     0.616252     0.576371     0.534038     0.489543     0.443082     0.394764     0.344610     0.292570     0.238543     0.182400     0.124004     0.063233     0.000000
    0.016786     0.065997     0.129721     0.191218     0.250541     0.307730     0.362794     0.415698     0.466348     0.514588     0.560197     0.602891     0.642335     0.678149     0.709933     0.737284     0.759815     0.777184     0.789114     0.795409     0.795975     0.790824     0.780081     0.763977     0.742835     0.717055     0.687085     0.653396     0.616449     0.576671     0.534425     0.489995     0.443579     0.395279     0.345118     0.293047     0.238965     0.182744     0.124251     0.063364     0.000000
    0.016810     0.066082     0.129869     0.191408     0.250752     0.307942     0.362989     0.415856     0.466454     0.514629     0.560163     0.602775     0.642133     0.677862     0.709567     0.736846     0.759319     0.776646     0.788552     0.794845     0.795431     0.790322     0.779643     0.763621     0.742577     0.716906     0.687051     0.653478     0.616643     0.576965     0.534804     0.490440     0.444066     0.395786     0.345618     0.293515     0.239379     0.183082     0.124493     0.063494     0.000000
    0.016833     0.066165     0.130015     0.191597     0.250963     0.308155     0.363184     0.416016     0.466563     0.514673     0.560132     0.602663     0.641935     0.677581     0.709206     0.736414     0.758829     0.776114     0.787997     0.794288     0.794893     0.789826     0.779209     0.763268     0.742321     0.716757     0.687017     0.653558     0.616832     0.577253     0.535176     0.490877     0.444546     0.396283     0.346109     0.293976     0.239786     0.183415     0.124732     0.063621     0.000000
    0.016857     0.066249     0.130162     0.191786     0.251174     0.308367     0.363379     0.416176     0.466673     0.514720     0.560105     0.602554     0.641743     0.677305     0.708851     0.735989     0.758346     0.775589     0.787449     0.793737     0.794361     0.789335     0.778780     0.762919     0.742067     0.716609     0.686981     0.653635     0.617017     0.577536     0.535542     0.491306     0.445017     0.396772     0.346592     0.294428     0.240186     0.183741     0.124966     0.063746     0.000000
    0.016880     0.066331     0.130307     0.191973     0.251383     0.308580     0.363574     0.416338     0.466784     0.514768     0.560080     0.602450     0.641555     0.677034     0.708502     0.735571     0.757870     0.775071     0.786907     0.793192     0.793835     0.788849     0.778354     0.762572     0.741814     0.716462     0.686944     0.653710     0.617198     0.577814     0.535901     0.491728     0.445480     0.397253     0.347066     0.294873     0.240579     0.184062     0.125196     0.063869     0.000000
    0.016903     0.066414     0.130452     0.192160     0.251593     0.308791     0.363770     0.416500     0.466897     0.514819     0.560059     0.602349     0.641372     0.676768     0.708159     0.735158     0.757400     0.774560     0.786373     0.792654     0.793315     0.788369     0.777934     0.762229     0.741564     0.716315     0.686906     0.653782     0.617375     0.578086     0.536253     0.492143     0.445935     0.397725     0.347533     0.295311     0.240965     0.184378     0.125423     0.063990     0.000000
    0.016926     0.066495     0.130595     0.192346     0.251801     0.309002     0.363966     0.416662     0.467012     0.514872     0.560040     0.602252     0.641192     0.676508     0.707821     0.734752     0.756937     0.774055     0.785844     0.792123     0.792801     0.787893     0.777517     0.761889     0.741315     0.716168     0.686868     0.653851     0.617549     0.578353     0.536600     0.492550     0.446382     0.398190     0.347991     0.295741     0.241345     0.184688     0.125646     0.064109     0.000000
    0.016948     0.066576     0.130738     0.192531     0.252008     0.309213     0.364161     0.416826     0.467127     0.514927     0.560024     0.602158     0.641017     0.676252     0.707489     0.734351     0.756480     0.773557     0.785323     0.791597     0.792293     0.787423     0.777105     0.761553     0.741069     0.716022     0.686828     0.653919     0.617719     0.578615     0.536940     0.492951     0.446822     0.398647     0.348442     0.296163     0.241719     0.184993     0.125865     0.064226     0.000000
    0.016971     0.066657     0.130880     0.192714     0.252215     0.309423     0.364357     0.416989     0.467244     0.514984     0.560011     0.602067     0.640846     0.676001     0.707162     0.733956     0.756029     0.773065     0.784807     0.791078     0.791790     0.786958     0.776697     0.761219     0.740824     0.715877     0.686788     0.653984     0.617885     0.578873     0.537275     0.493344     0.447254     0.399096     0.348886     0.296579     0.242086     0.185293     0.126080     0.064341     0.000000
    0.016993     0.066737     0.131020     0.192897     0.252420     0.309633     0.364552     0.417153     0.467362     0.515042     0.560000     0.601980     0.640680     0.675755     0.706840     0.733567     0.755585     0.772579     0.784298     0.790565     0.791293     0.786498     0.776293     0.760889     0.740582     0.715733     0.686747     0.654048     0.618048     0.579126     0.537603     0.493731     0.447679     0.399538     0.349322     0.296988     0.242448     0.185588     0.126292     0.064454     0.000000
    0.017015     0.066816     0.131160     0.193079     0.252624     0.309841     0.364747     0.417318     0.467480     0.515102     0.559991     0.601896     0.640516     0.675513     0.706524     0.733184     0.755146     0.772100     0.783795     0.790057     0.790802     0.786043     0.775893     0.760562     0.740341     0.715589     0.686706     0.654109     0.618207     0.579374     0.537926     0.494112     0.448097     0.399972     0.349751     0.297390     0.242803     0.185879     0.126500     0.064565     0.000000
    0.017037     0.066894     0.131299     0.193259     0.252828     0.310049     0.364941     0.417482     0.467600     0.515164     0.559985     0.601815     0.640357     0.675275     0.706212     0.732806     0.754713     0.771626     0.783298     0.789556     0.790316     0.785593     0.775498     0.760238     0.740103     0.715446     0.686664     0.654168     0.618363     0.579617     0.538244     0.494486     0.448509     0.400399     0.350173     0.297786     0.243153     0.186164     0.126705     0.064674     0.000000
    0.017059     0.066972     0.131437     0.193438     0.253030     0.310256     0.365135     0.417646     0.467720     0.515227     0.559981     0.601737     0.640201     0.675042     0.705906     0.732434     0.754286     0.771159     0.782808     0.789061     0.789836     0.785148     0.775107     0.759917     0.739867     0.715304     0.686621     0.654226     0.618516     0.579857     0.538556     0.494854     0.448913     0.400820     0.350588     0.298175     0.243497     0.186445     0.126907     0.064782     0.000000
    0.017080     0.067050     0.131573     0.193616     0.253230     0.310462     0.365328     0.417811     0.467840     0.515291     0.559979     0.601662     0.640049     0.674813     0.705604     0.732067     0.753865     0.770698     0.782323     0.788571     0.789362     0.784707     0.774719     0.759600     0.739632     0.715163     0.686578     0.654281     0.618666     0.580091     0.538862     0.495216     0.449311     0.401233     0.350997     0.298559     0.243836     0.186722     0.127105     0.064888     0.000000
    0.017102     0.067126     0.131709     0.193792     0.253430     0.310666     0.365521     0.417975     0.467962     0.515357     0.559979     0.601589     0.639901     0.674589     0.705307     0.731705     0.753449     0.770242     0.781844     0.788088     0.788892     0.784272     0.774336     0.759286     0.739400     0.715022     0.686534     0.654335     0.618813     0.580322     0.539164     0.495571     0.449703     0.401640     0.351398     0.298935     0.244169     0.186994     0.127301     0.064992     0.000000
    0.017123     0.067202     0.131843     0.193967     0.253628     0.310870     0.365713     0.418139     0.468083     0.515424     0.559980     0.601519     0.639755     0.674368     0.705015     0.731348     0.753039     0.769792     0.781371     0.787610     0.788429     0.783842     0.773957     0.758974     0.739170     0.714883     0.686491     0.654387     0.618957     0.580549     0.539461     0.495922     0.450088     0.402040     0.351794     0.299306     0.244497     0.187262     0.127493     0.065095     0.000000
    0.017144     0.067277     0.131976     0.194141     0.253825     0.311073     0.365904     0.418303     0.468205     0.515491     0.559984     0.601451     0.639613     0.674151     0.704727     0.730997     0.752634     0.769348     0.780904     0.787137     0.787970     0.783416     0.773582     0.758666     0.738942     0.714744     0.686446     0.654438     0.619098     0.580772     0.539752     0.496266     0.450467     0.402434     0.352183     0.299672     0.244820     0.187525     0.127682     0.065196     0.000000
    0.017164     0.067352     0.132108     0.194314     0.254021     0.311274     0.366094     0.418467     0.468328     0.515560     0.559989     0.601386     0.639474     0.673938     0.704443     0.730650     0.752235     0.768910     0.780442     0.786670     0.787517     0.782995     0.773212     0.758362     0.738716     0.714606     0.686402     0.654487     0.619236     0.580991     0.540039     0.496605     0.450840     0.402822     0.352566     0.300031     0.245137     0.187785     0.127869     0.065296     0.000000
    0.017185     0.067425     0.132239     0.194485     0.254215     0.311474     0.366284     0.418630     0.468450     0.515629     0.559996     0.601324     0.639338     0.673729     0.704165     0.730308     0.751841     0.768477     0.779986     0.786209     0.787069     0.782579     0.772845     0.758060     0.738492     0.714469     0.686357     0.654535     0.619372     0.581206     0.540321     0.496938     0.451207     0.403204     0.352943     0.300385     0.245450     0.188040     0.128052     0.065394     0.000000
    0.017205     0.067498     0.132368     0.194654     0.254408     0.311673     0.366472     0.418792     0.468573     0.515700     0.560005     0.601263     0.639205     0.673524     0.703890     0.729972     0.751452     0.768049     0.779536     0.785753     0.786626     0.782167     0.772482     0.757761     0.738270     0.714334     0.686312     0.654581     0.619505     0.581417     0.540598     0.497266     0.451568     0.403580     0.353315     0.300733     0.245758     0.188292     0.128233     0.065490     0.000000
    0.017225     0.067571     0.132497     0.194822     0.254599     0.311870     0.366660     0.418954     0.468695     0.515771     0.560014     0.601205     0.639075     0.673322     0.703619     0.729639     0.751068     0.767627     0.779091     0.785303     0.786188     0.781760     0.772123     0.757466     0.738051     0.714199     0.686267     0.654626     0.619636     0.581625     0.540871     0.497589     0.451924     0.403950     0.353680     0.301076     0.246062     0.188540     0.128411     0.065586     0.000000
    0.017245     0.067642     0.132624     0.194989     0.254788     0.312066     0.366846     0.419116     0.468818     0.515843     0.560025     0.601149     0.638948     0.673123     0.703353     0.729312     0.750690     0.767210     0.778651     0.784857     0.785755     0.781357     0.771768     0.757173     0.737833     0.714065     0.686222     0.654669     0.619764     0.581829     0.541140     0.497907     0.452274     0.404314     0.354040     0.301414     0.246360     0.188784     0.128586     0.065679     0.000000
    0.017265     0.067713     0.132750     0.195154     0.254976     0.312261     0.367032     0.419277     0.468941     0.515915     0.560038     0.601094     0.638823     0.672928     0.703090     0.728989     0.750316     0.766799     0.778217     0.784417     0.785327     0.780959     0.771417     0.756884     0.737618     0.713932     0.686176     0.654711     0.619889     0.582030     0.541404     0.498220     0.452619     0.404673     0.354395     0.301747     0.246655     0.189025     0.128759     0.065772     0.000000
    0.017284     0.067783     0.132875     0.195318     0.255163     0.312454     0.367216     0.419437     0.469063     0.515988     0.560052     0.601042     0.638702     0.672736     0.702832     0.728670     0.749947     0.766392     0.777788     0.783983     0.784904     0.780566     0.771069     0.756597     0.737404     0.713801     0.686131     0.654752     0.620013     0.582228     0.541664     0.498528     0.452958     0.405026     0.354744     0.302074     0.246944     0.189262     0.128929     0.065863     0.000000
    0.017303     0.067852     0.132998     0.195480     0.255347     0.312646     0.367399     0.419597     0.469185     0.516061     0.560066     0.600992     0.638582     0.672548     0.702577     0.728356     0.749583     0.765991     0.777364     0.783553     0.784486     0.780177     0.770726     0.756314     0.737193     0.713670     0.686085     0.654792     0.620134     0.582422     0.541920     0.498831     0.453292     0.405374     0.355088     0.302397     0.247230     0.189495     0.129097     0.065952     0.000000
    0.017322     0.067921     0.133120     0.195640     0.255531     0.312836     0.367581     0.419755     0.469307     0.516135     0.560082     0.600943     0.638465     0.672362     0.702326     0.728046     0.749224     0.765595     0.776946     0.783128     0.784073     0.779792     0.770386     0.756034     0.736984     0.713540     0.686040     0.654831     0.620253     0.582613     0.542172     0.499130     0.453622     0.405717     0.355427     0.302715     0.247511     0.189725     0.129262     0.066041     0.000000
    0.017341     0.067989     0.133241     0.195799     0.255712     0.313025     0.367761     0.419913     0.469429     0.516209     0.560099     0.600896     0.638351     0.672180     0.702079     0.727740     0.748869     0.765203     0.776532     0.782709     0.783664     0.779412     0.770050     0.755756     0.736777     0.713412     0.685994     0.654868     0.620370     0.582801     0.542420     0.499424     0.453946     0.406054     0.355761     0.303029     0.247789     0.189952     0.129425     0.066128     0.000000
    0.017360     0.068056     0.133361     0.195956     0.255892     0.313212     0.367941     0.420070     0.469550     0.516283     0.560117     0.600851     0.638239     0.672001     0.701836     0.727439     0.748519     0.764817     0.776123     0.782294     0.783261     0.779036     0.769718     0.755482     0.736572     0.713285     0.685948     0.654905     0.620484     0.582986     0.542665     0.499714     0.454265     0.406387     0.356090     0.303338     0.248062     0.190175     0.129586     0.066214     0.000000
    0.017378     0.068122     0.133479     0.196112     0.256070     0.313397     0.368118     0.420226     0.469671     0.516358     0.560136     0.600807     0.638129     0.671825     0.701596     0.727141     0.748173     0.764435     0.775720     0.781884     0.782861     0.778664     0.769390     0.755211     0.736369     0.713158     0.685903     0.654940     0.620597     0.583169     0.542905     0.499999     0.454580     0.406715     0.356414     0.303642     0.248331     0.190396     0.129744     0.066298     0.000000
    0.017396     0.068188     0.133596     0.196266     0.256247     0.313581     0.368295     0.420381     0.469792     0.516432     0.560155     0.600765     0.638022     0.671651     0.701360     0.726848     0.747832     0.764058     0.775321     0.781480     0.782467     0.778297     0.769065     0.754942     0.736169     0.713033     0.685858     0.654975     0.620708     0.583348     0.543142     0.500281     0.454890     0.407038     0.356733     0.303942     0.248597     0.190613     0.129901     0.066382     0.000000
    0.017414     0.068252     0.133712     0.196419     0.256421     0.313764     0.368470     0.420535     0.469912     0.516507     0.560176     0.600724     0.637916     0.671481     0.701127     0.726559     0.747495     0.763685     0.774927     0.781079     0.782077     0.777934     0.768744     0.754677     0.735970     0.712909     0.685812     0.655009     0.620816     0.583524     0.543376     0.500558     0.455196     0.407356     0.357048     0.304238     0.248859     0.190827     0.130054     0.066464     0.000000
    0.017432     0.068316     0.133826     0.196570     0.256594     0.313944     0.368644     0.420688     0.470031     0.516582     0.560197     0.600685     0.637813     0.671313     0.700897     0.726273     0.747163     0.763318     0.774537     0.780684     0.781692     0.777575     0.768426     0.754414     0.735773     0.712786     0.685767     0.655042     0.620923     0.583698     0.543605     0.500830     0.455497     0.407670     0.357358     0.304529     0.249117     0.191038     0.130206     0.066545     0.000000
    0.017449     0.068380     0.133940     0.196719     0.256766     0.314123     0.368816     0.420840     0.470150     0.516657     0.560218     0.600647     0.637712     0.671148     0.700671     0.725992     0.746835     0.762954     0.774153     0.780293     0.781311     0.777220     0.768112     0.754155     0.735579     0.712664     0.685722     0.655074     0.621029     0.583869     0.543832     0.501099     0.455794     0.407979     0.357664     0.304816     0.249371     0.191246     0.130356     0.066625     0.000000
    0.017467     0.068442     0.134052     0.196867     0.256935     0.314300     0.368987     0.420991     0.470269     0.516731     0.560241     0.600611     0.637613     0.670985     0.700448     0.725714     0.746511     0.762596     0.773773     0.779907     0.780935     0.776869     0.767802     0.753898     0.735386     0.712544     0.685678     0.655105     0.621132     0.584037     0.544055     0.501364     0.456086     0.408284     0.357966     0.305100     0.249622     0.191451     0.130504     0.066704     0.000000
    0.017484     0.068504     0.134162     0.197013     0.257103     0.314476     0.369156     0.421140     0.470386     0.516806     0.560264     0.600575     0.637515     0.670825     0.700228     0.725439     0.746191     0.762241     0.773398     0.779526     0.780563     0.776522     0.767495     0.753644     0.735196     0.712424     0.685633     0.655135     0.621234     0.584203     0.544275     0.501626     0.456375     0.408584     0.358263     0.305379     0.249869     0.191654     0.130649     0.066782     0.000000
    0.017501     0.068565     0.134272     0.197157     0.257269     0.314649     0.369324     0.421289     0.470503     0.516881     0.560287     0.600541     0.637420     0.670668     0.700011     0.725169     0.745875     0.761891     0.773027     0.779149     0.780195     0.776179     0.767191     0.753393     0.735008     0.712306     0.685589     0.655165     0.621334     0.584367     0.544491     0.501883     0.456659     0.408880     0.358556     0.305655     0.250113     0.191853     0.130793     0.066859     0.000000
    0.017517     0.068626     0.134380     0.197300     0.257433     0.314822     0.369490     0.421436     0.470620     0.516955     0.560311     0.600508     0.637326     0.670513     0.699797     0.724902     0.745563     0.761546     0.772660     0.778776     0.779832     0.775840     0.766891     0.753145     0.734821     0.712189     0.685544     0.655194     0.621432     0.584528     0.544705     0.502137     0.456940     0.409173     0.358846     0.305926     0.250354     0.192050     0.130935     0.066935     0.000000
    0.017534     0.068685     0.134487     0.197441     0.257596     0.314992     0.369655     0.421582     0.470735     0.517030     0.560335     0.600476     0.637234     0.670361     0.699587     0.724638     0.745255     0.761204     0.772298     0.778408     0.779473     0.775505     0.766595     0.752899     0.734637     0.712073     0.685501     0.655222     0.621529     0.584686     0.544915     0.502387     0.457216     0.409461     0.359131     0.306194     0.250591     0.192245     0.131074     0.067010     0.000000
    0.017550     0.068744     0.134592     0.197581     0.257757     0.315160     0.369818     0.421727     0.470850     0.517104     0.560360     0.600445     0.637144     0.670211     0.699379     0.724378     0.744951     0.760867     0.771941     0.778044     0.779118     0.775174     0.766302     0.752656     0.734454     0.711958     0.685457     0.655250     0.621624     0.584842     0.545123     0.502634     0.457489     0.409745     0.359412     0.306459     0.250825     0.192436     0.131212     0.067084     0.000000
    0.017566     0.068802     0.134696     0.197719     0.257916     0.315327     0.369979     0.421871     0.470964     0.517177     0.560385     0.600415     0.637056     0.670063     0.699174     0.724122     0.744651     0.760534     0.771587     0.777685     0.778767     0.774847     0.766012     0.752416     0.734274     0.711844     0.685414     0.655276     0.621718     0.584996     0.545327     0.502877     0.457757     0.410025     0.359689     0.306720     0.251057     0.192626     0.131349     0.067157     0.000000
    0.017582     0.068860     0.134800     0.197856     0.258073     0.315492     0.370139     0.422013     0.471077     0.517251     0.560411     0.600386     0.636969     0.669917     0.698972     0.723869     0.744355     0.760205     0.771238     0.777330     0.778420     0.774524     0.765725     0.752179     0.734096     0.711732     0.685370     0.655303     0.621811     0.585148     0.545529     0.503117     0.458022     0.410302     0.359963     0.306977     0.251284     0.192812     0.131483     0.067229     0.000000
    0.017597     0.068916     0.134901     0.197990     0.258228     0.315656     0.370298     0.422154     0.471189     0.517324     0.560436     0.600358     0.636883     0.669774     0.698773     0.723619     0.744062     0.759880     0.770893     0.776979     0.778078     0.774204     0.765442     0.751944     0.733919     0.711621     0.685328     0.655329     0.621902     0.585298     0.545728     0.503354     0.458284     0.410574     0.360233     0.307231     0.251509     0.192996     0.131616     0.067300     0.000000
    0.017613     0.068972     0.135002     0.198124     0.258382     0.315817     0.370455     0.422294     0.471301     0.517397     0.560462     0.600331     0.636799     0.669632     0.698576     0.723372     0.743773     0.759559     0.770553     0.776632     0.777739     0.773888     0.765162     0.751712     0.733745     0.711510     0.685285     0.655354     0.621991     0.585445     0.545924     0.503587     0.458542     0.410843     0.360500     0.307481     0.251731     0.193178     0.131746     0.067370     0.000000
    0.017628     0.069028     0.135101     0.198255     0.258534     0.315977     0.370610     0.422433     0.471411     0.517470     0.560488     0.600305     0.636717     0.669493     0.698382     0.723129     0.743488     0.759242     0.770216     0.776289     0.777405     0.773576     0.764886     0.751483     0.733572     0.711401     0.685243     0.655379     0.622080     0.585590     0.546117     0.503817     0.458796     0.411109     0.360762     0.307728     0.251950     0.193358     0.131876     0.067439     0.000000
    0.017643     0.069082     0.135199     0.198385     0.258684     0.316135     0.370764     0.422570     0.471521     0.517542     0.560515     0.600279     0.636636     0.669356     0.698191     0.722888     0.743206     0.758929     0.769883     0.775950     0.777074     0.773267     0.764612     0.751256     0.733402     0.711294     0.685201     0.655403     0.622166     0.585734     0.546308     0.504045     0.459048     0.411371     0.361022     0.307972     0.252167     0.193535     0.132003     0.067507     0.000000
    0.017658     0.069136     0.135296     0.198514     0.258832     0.316291     0.370916     0.422706     0.471630     0.517613     0.560541     0.600255     0.636557     0.669221     0.698002     0.722651     0.742928     0.758619     0.769555     0.775616     0.776747     0.772962     0.764342     0.751032     0.733233     0.711187     0.685160     0.655427     0.622252     0.585875     0.546496     0.504269     0.459295     0.411629     0.361278     0.308213     0.252380     0.193710     0.132129     0.067575     0.000000
    0.017672     0.069190     0.135392     0.198641     0.258979     0.316446     0.371066     0.422841     0.471737     0.517685     0.560568     0.600231     0.636479     0.669088     0.697816     0.722417     0.742653     0.758314     0.769230     0.775285     0.776424     0.772661     0.764075     0.750811     0.733067     0.711081     0.685119     0.655450     0.622337     0.586015     0.546682     0.504490     0.459540     0.411884     0.361530     0.308451     0.252591     0.193882     0.132253     0.067641     0.000000
    0.017687     0.069242     0.135486     0.198766     0.259124     0.316598     0.371215     0.422974     0.471844     0.517755     0.560595     0.600207     0.636402     0.668957     0.697633     0.722186     0.742381     0.758012     0.768909     0.774958     0.776105     0.772363     0.763811     0.750592     0.732902     0.710977     0.685078     0.655473     0.622420     0.586152     0.546865     0.504708     0.459781     0.412136     0.361780     0.308685     0.252799     0.194052     0.132376     0.067707     0.000000
    0.017701     0.069294     0.135580     0.198890     0.259267     0.316749     0.371362     0.423106     0.471950     0.517826     0.560621     0.600185     0.636326     0.668828     0.697452     0.721957     0.742113     0.757714     0.768592     0.774635     0.775790     0.772068     0.763550     0.750375     0.732739     0.710874     0.685037     0.655495     0.622502     0.586288     0.547046     0.504923     0.460019     0.412384     0.362026     0.308917     0.253004     0.194221     0.132497     0.067772     0.000000
    0.017715     0.069345     0.135672     0.199013     0.259409     0.316899     0.371507     0.423236     0.472055     0.517896     0.560648     0.600163     0.636252     0.668700     0.697273     0.721732     0.741849     0.757419     0.768279     0.774316     0.775478     0.771777     0.763292     0.750162     0.732578     0.710772     0.684997     0.655517     0.622583     0.586422     0.547224     0.505136     0.460254     0.412629     0.362269     0.309145     0.253207     0.194387     0.132617     0.067836     0.000000
    0.017729     0.069396     0.135763     0.199133     0.259549     0.317046     0.371651     0.423365     0.472159     0.517965     0.560675     0.600141     0.636179     0.668575     0.697097     0.721510     0.741587     0.757128     0.767970     0.774001     0.775170     0.771490     0.763037     0.749950     0.732419     0.710671     0.684958     0.655539     0.622663     0.586554     0.547400     0.505345     0.460486     0.412871     0.362508     0.309371     0.253407     0.194551     0.132735     0.067899     0.000000
    0.017743     0.069445     0.135852     0.199253     0.259687     0.317192     0.371794     0.423493     0.472262     0.518034     0.560702     0.600121     0.636107     0.668451     0.696923     0.721290     0.741329     0.756840     0.767664     0.773689     0.774866     0.771205     0.762785     0.749741     0.732261     0.710571     0.684919     0.655560     0.622741     0.586684     0.547574     0.505552     0.460715     0.413110     0.362745     0.309594     0.253604     0.194713     0.132852     0.067962     0.000000
    0.017756     0.069495     0.135941     0.199370     0.259823     0.317336     0.371934     0.423620     0.472364     0.518102     0.560729     0.600101     0.636037     0.668329     0.696751     0.721073     0.741074     0.756556     0.767362     0.773382     0.774565     0.770924     0.762536     0.749535     0.732106     0.710472     0.684880     0.655581     0.622819     0.586813     0.547745     0.505757     0.460941     0.413346     0.362979     0.309813     0.253799     0.194873     0.132967     0.068024     0.000000
    0.017770     0.069543     0.136028     0.199487     0.259958     0.317478     0.372073     0.423745     0.472465     0.518170     0.560756     0.600081     0.635967     0.668208     0.696582     0.720859     0.740822     0.756276     0.767063     0.773077     0.774268     0.770647     0.762290     0.749331     0.731952     0.710374     0.684841     0.655602     0.622896     0.586939     0.547914     0.505958     0.461164     0.413579     0.363210     0.310031     0.253992     0.195030     0.133081     0.068085     0.000000
    0.017783     0.069591     0.136115     0.199602     0.260091     0.317619     0.372211     0.423868     0.472565     0.518237     0.560783     0.600062     0.635899     0.668090     0.696415     0.720648     0.740573     0.755999     0.766769     0.772777     0.773974     0.770373     0.762047     0.749129     0.731800     0.710278     0.684803     0.655622     0.622971     0.587065     0.548081     0.506157     0.461384     0.413809     0.363438     0.310245     0.254182     0.195186     0.133193     0.068145     0.000000
    0.017796     0.069638     0.136200     0.199715     0.260222     0.317758     0.372347     0.423991     0.472664     0.518303     0.560809     0.600043     0.635831     0.667973     0.696250     0.720439     0.740328     0.755725     0.766477     0.772480     0.773684     0.770102     0.761807     0.748930     0.731650     0.710183     0.684765     0.655642     0.623046     0.587188     0.548246     0.506354     0.461602     0.414036     0.363662     0.310457     0.254370     0.195340     0.133304     0.068204     0.000000
    0.017809     0.069685     0.136284     0.199827     0.260352     0.317895     0.372481     0.424112     0.472761     0.518369     0.560836     0.600025     0.635765     0.667857     0.696087     0.720233     0.740085     0.755454     0.766189     0.772186     0.773397     0.769834     0.761569     0.748733     0.731502     0.710088     0.684728     0.655661     0.623119     0.587310     0.548409     0.506548     0.461816     0.414260     0.363885     0.310666     0.254555     0.195493     0.133414     0.068263     0.000000
    0.017821     0.069731     0.136367     0.199937     0.260480     0.318031     0.372614     0.424231     0.472858     0.518435     0.560863     0.600007     0.635700     0.667744     0.695926     0.720029     0.739845     0.755187     0.765905     0.771896     0.773114     0.769569     0.761335     0.748538     0.731355     0.709995     0.684691     0.655681     0.623192     0.587431     0.548570     0.506739     0.462028     0.414481     0.364104     0.310872     0.254739     0.195643     0.133522     0.068321     0.000000
    0.017834     0.069776     0.136449     0.200046     0.260607     0.318165     0.372745     0.424350     0.472954     0.518499     0.560889     0.599990     0.635635     0.667631     0.695767     0.719829     0.739608     0.754923     0.765624     0.771610     0.772834     0.769308     0.761103     0.748346     0.731210     0.709903     0.684655     0.655700     0.623264     0.587550     0.548728     0.506929     0.462238     0.414700     0.364321     0.311076     0.254920     0.195791     0.133629     0.068379     0.000000
    0.017846     0.069821     0.136529     0.200154     0.260732     0.318297     0.372874     0.424466     0.473049     0.518564     0.560915     0.599973     0.635572     0.667520     0.695611     0.719630     0.739374     0.754662     0.765346     0.771327     0.772557     0.769049     0.760874     0.748156     0.731067     0.709812     0.684619     0.655719     0.623335     0.587667     0.548885     0.507116     0.462444     0.414915     0.364535     0.311278     0.255098     0.195938     0.133735     0.068435     0.000000
    0.017858     0.069865     0.136609     0.200260     0.260855     0.318428     0.373002     0.424582     0.473143     0.518627     0.560942     0.599957     0.635510     0.667411     0.695456     0.719434     0.739143     0.754404     0.765072     0.771047     0.772284     0.768794     0.760647     0.747968     0.730925     0.709722     0.684583     0.655737     0.623404     0.587783     0.549040     0.507300     0.462649     0.415129     0.364746     0.311477     0.255275     0.196083     0.133839     0.068491     0.000000
    0.017870     0.069909     0.136688     0.200365     0.260977     0.318557     0.373129     0.424696     0.473235     0.518690     0.560968     0.599941     0.635448     0.667303     0.695304     0.719241     0.738915     0.754150     0.764801     0.770771     0.772013     0.768541     0.760424     0.747783     0.730786     0.709634     0.684548     0.655755     0.623474     0.587898     0.549193     0.507482     0.462850     0.415339     0.364955     0.311673     0.255449     0.196226     0.133942     0.068547     0.000000
    0.017882     0.069952     0.136765     0.200469     0.261097     0.318684     0.373254     0.424809     0.473327     0.518752     0.560994     0.599925     0.635388     0.667197     0.695153     0.719049     0.738690     0.753898     0.764533     0.770497     0.771746     0.768292     0.760203     0.747599     0.730647     0.709546     0.684513     0.655773     0.623542     0.588011     0.549344     0.507662     0.463050     0.415547     0.365161     0.311867     0.255622     0.196367     0.134044     0.068601     0.000000
    0.017893     0.069994     0.136842     0.200571     0.261216     0.318810     0.373377     0.424921     0.473418     0.518814     0.561019     0.599910     0.635328     0.667092     0.695004     0.718861     0.738467     0.753650     0.764268     0.770228     0.771483     0.768046     0.759984     0.747418     0.730511     0.709459     0.684479     0.655791     0.623609     0.588123     0.549493     0.507840     0.463246     0.415753     0.365365     0.312059     0.255792     0.196506     0.134145     0.068655     0.000000
    0.017905     0.070036     0.136917     0.200671     0.261333     0.318934     0.373499     0.425031     0.473507     0.518875     0.561045     0.599895     0.635269     0.666989     0.694857     0.718674     0.738247     0.753404     0.764007     0.769961     0.771222     0.767802     0.759769     0.747239     0.730376     0.709373     0.684445     0.655809     0.623676     0.588233     0.549640     0.508016     0.463441     0.415955     0.365566     0.312249     0.255960     0.196644     0.134244     0.068709     0.000000
    0.017916     0.070077     0.136992     0.200771     0.261448     0.319057     0.373619     0.425140     0.473596     0.518935     0.561070     0.599880     0.635211     0.666886     0.694712     0.718490     0.738030     0.753162     0.763749     0.769697     0.770965     0.767562     0.759555     0.747062     0.730243     0.709289     0.684411     0.655826     0.623741     0.588342     0.549786     0.508189     0.463633     0.416156     0.365765     0.312436     0.256126     0.196781     0.134343     0.068761     0.000000
    0.017927     0.070118     0.137066     0.200869     0.261562     0.319178     0.373738     0.425247     0.473684     0.518995     0.561095     0.599865     0.635154     0.666786     0.694569     0.718308     0.737815     0.752922     0.763493     0.769437     0.770710     0.767324     0.759345     0.746888     0.730111     0.709205     0.684378     0.655844     0.623806     0.588450     0.549929     0.508361     0.463822     0.416354     0.365961     0.312621     0.256290     0.196915     0.134440     0.068813     0.000000
    0.017938     0.070158     0.137138     0.200966     0.261675     0.319298     0.373856     0.425354     0.473770     0.519054     0.561120     0.599851     0.635098     0.666686     0.694428     0.718129     0.737603     0.752685     0.763241     0.769180     0.770459     0.767089     0.759137     0.746715     0.729981     0.709123     0.684345     0.655861     0.623870     0.588557     0.550071     0.508530     0.464010     0.416549     0.366155     0.312803     0.256452     0.197048     0.134536     0.068865     0.000000
    0.017949     0.070198     0.137210     0.201061     0.261786     0.319416     0.373972     0.425459     0.473856     0.519112     0.561145     0.599837     0.635042     0.666588     0.694288     0.717951     0.737394     0.752451     0.762992     0.768926     0.770210     0.766857     0.758931     0.746545     0.729853     0.709041     0.684313     0.655877     0.623934     0.588662     0.550212     0.508697     0.464195     0.416743     0.366346     0.312984     0.256612     0.197180     0.134630     0.068916     0.000000
    0.017960     0.070237     0.137280     0.201156     0.261896     0.319532     0.374086     0.425562     0.473940     0.519170     0.561170     0.599824     0.634987     0.666491     0.694150     0.717776     0.737187     0.752220     0.762746     0.768674     0.769965     0.766628     0.758728     0.746376     0.729726     0.708960     0.684281     0.655894     0.623996     0.588766     0.550350     0.508862     0.464377     0.416934     0.366536     0.313162     0.256771     0.197309     0.134724     0.068966     0.000000
    0.017970     0.070276     0.137350     0.201249     0.262004     0.319647     0.374199     0.425665     0.474024     0.519227     0.561194     0.599810     0.634933     0.666395     0.694014     0.717603     0.736982     0.751992     0.762503     0.768426     0.769722     0.766401     0.758527     0.746210     0.729601     0.708881     0.684250     0.655910     0.624058     0.588869     0.550487     0.509026     0.464558     0.417122     0.366723     0.313338     0.256927     0.197438     0.134817     0.069015     0.000000
    0.017981     0.070314     0.137419     0.201341     0.262111     0.319761     0.374311     0.425766     0.474106     0.519284     0.561218     0.599797     0.634880     0.666301     0.693880     0.717432     0.736780     0.751766     0.762262     0.768181     0.769482     0.766178     0.758329     0.746045     0.729477     0.708802     0.684219     0.655927     0.624120     0.588970     0.550622     0.509187     0.464737     0.417309     0.366908     0.313512     0.257081     0.197564     0.134908     0.069064     0.000000
    0.017991     0.070351     0.137487     0.201431     0.262216     0.319873     0.374421     0.425866     0.474188     0.519339     0.561242     0.599784     0.634827     0.666207     0.693747     0.717263     0.736581     0.751544     0.762025     0.767939     0.769246     0.765956     0.758133     0.745883     0.729354     0.708725     0.684188     0.655943     0.624180     0.589070     0.550756     0.509346     0.464913     0.417493     0.367090     0.313684     0.257234     0.197690     0.134998     0.069113     0.000000
    0.018001     0.070388     0.137553     0.201521     0.262320     0.319983     0.374530     0.425964     0.474268     0.519395     0.561266     0.599772     0.634775     0.666115     0.693616     0.717096     0.736384     0.751323     0.761790     0.767699     0.769012     0.765738     0.757939     0.745722     0.729234     0.708648     0.684158     0.655959     0.624240     0.589169     0.550888     0.509504     0.465087     0.417675     0.367271     0.313854     0.257385     0.197813     0.135088     0.069161     0.000000
    0.018011     0.070425     0.137619     0.201609     0.262423     0.320092     0.374637     0.426062     0.474348     0.519449     0.561289     0.599759     0.634724     0.666024     0.693486     0.716932     0.736189     0.751106     0.761559     0.767463     0.768780     0.765522     0.757748     0.745564     0.729114     0.708572     0.684128     0.655975     0.624299     0.589267     0.551019     0.509659     0.465259     0.417854     0.367449     0.314022     0.257534     0.197936     0.135176     0.069208     0.000000
    0.018021     0.070461     0.137685     0.201696     0.262524     0.320200     0.374743     0.426158     0.474426     0.519503     0.561312     0.599747     0.634673     0.665934     0.693358     0.716769     0.735997     0.750891     0.761329     0.767229     0.768552     0.765309     0.757559     0.745407     0.728996     0.708498     0.684098     0.655991     0.624358     0.589364     0.551148     0.509813     0.465430     0.418032     0.367625     0.314188     0.257681     0.198057     0.135263     0.069255     0.000000
    0.018031     0.070496     0.137749     0.201782     0.262624     0.320306     0.374848     0.426253     0.474504     0.519556     0.561335     0.599735     0.634623     0.665846     0.693232     0.716608     0.735807     0.750679     0.761103     0.766998     0.768326     0.765098     0.757372     0.745252     0.728880     0.708424     0.684069     0.656006     0.624415     0.589460     0.551275     0.509965     0.465598     0.418208     0.367799     0.314352     0.257827     0.198176     0.135349     0.069301     0.000000
    0.018040     0.070531     0.137812     0.201866     0.262723     0.320411     0.374951     0.426346     0.474580     0.519609     0.561357     0.599723     0.634574     0.665758     0.693107     0.716449     0.735619     0.750469     0.760880     0.766770     0.768103     0.764890     0.757188     0.745100     0.728765     0.708351     0.684041     0.656022     0.624473     0.589555     0.551401     0.510115     0.465764     0.418381     0.367971     0.314514     0.257970     0.198294     0.135434     0.069347     0.000000
    0.018050     0.070566     0.137875     0.201950     0.262820     0.320515     0.375053     0.426439     0.474656     0.519661     0.561380     0.599711     0.634526     0.665672     0.692984     0.716292     0.735433     0.750261     0.760659     0.766545     0.767883     0.764684     0.757006     0.744949     0.728651     0.708279     0.684012     0.656037     0.624529     0.589648     0.551526     0.510264     0.465928     0.418552     0.368141     0.314674     0.258113     0.198411     0.135518     0.069392     0.000000
    0.018059     0.070600     0.137936     0.202032     0.262916     0.320617     0.375153     0.426530     0.474731     0.519712     0.561402     0.599700     0.634478     0.665586     0.692862     0.716137     0.735250     0.750057     0.760440     0.766322     0.767665     0.764481     0.756826     0.744800     0.728539     0.708208     0.683985     0.656052     0.624585     0.589741     0.551649     0.510410     0.466090     0.418722     0.368309     0.314832     0.258253     0.198526     0.135601     0.069436     0.000000
    0.018068     0.070633     0.137997     0.202113     0.263011     0.320718     0.375253     0.426621     0.474805     0.519762     0.561424     0.599688     0.634430     0.665502     0.692742     0.715984     0.735069     0.749854     0.760225     0.766102     0.767450     0.764280     0.756648     0.744652     0.728428     0.708138     0.683957     0.656067     0.624640     0.589832     0.551771     0.510555     0.466251     0.418889     0.368475     0.314988     0.258392     0.198640     0.135683     0.069480     0.000000
    0.018077     0.070666     0.138057     0.202194     0.263105     0.320817     0.375351     0.426710     0.474877     0.519812     0.561445     0.599677     0.634383     0.665419     0.692623     0.715833     0.734890     0.749654     0.760012     0.765885     0.767238     0.764082     0.756472     0.744507     0.728319     0.708069     0.683930     0.656082     0.624695     0.589922     0.551891     0.510699     0.466409     0.419055     0.368639     0.315143     0.258529     0.198752     0.135765     0.069524     0.000000
    0.018086     0.070699     0.138116     0.202273     0.263197     0.320916     0.375447     0.426797     0.474949     0.519862     0.561466     0.599666     0.634337     0.665336     0.692506     0.715683     0.734714     0.749457     0.759801     0.765670     0.767028     0.763886     0.756298     0.744363     0.728211     0.708000     0.683903     0.656097     0.624749     0.590012     0.552010     0.510840     0.466566     0.419218     0.368801     0.315295     0.258664     0.198863     0.135845     0.069567     0.000000
    0.018095     0.070731     0.138175     0.202351     0.263288     0.321012     0.375543     0.426884     0.475020     0.519911     0.561487     0.599655     0.634291     0.665255     0.692390     0.715536     0.734539     0.749262     0.759593     0.765457     0.766820     0.763692     0.756127     0.744221     0.728104     0.707933     0.683877     0.656111     0.624803     0.590100     0.552128     0.510980     0.466721     0.419380     0.368961     0.315446     0.258798     0.198973     0.135924     0.069610     0.000000
    0.018104     0.070763     0.138232     0.202428     0.263378     0.321108     0.375637     0.426970     0.475090     0.519959     0.561508     0.599644     0.634246     0.665175     0.692275     0.715390     0.734366     0.749069     0.759387     0.765248     0.766615     0.763501     0.755958     0.744081     0.727999     0.707866     0.683851     0.656126     0.624856     0.590187     0.552244     0.511119     0.466874     0.419539     0.369120     0.315595     0.258931     0.199082     0.136002     0.069652     0.000000
    0.018112     0.070795     0.138289     0.202504     0.263466     0.321202     0.375730     0.427054     0.475159     0.520006     0.561529     0.599633     0.634202     0.665095     0.692162     0.715246     0.734196     0.748878     0.759184     0.765040     0.766413     0.763312     0.755790     0.743942     0.727895     0.707800     0.683826     0.656141     0.624908     0.590274     0.552359     0.511255     0.467025     0.419697     0.369276     0.315742     0.259061     0.199189     0.136080     0.069693     0.000000
    0.018121     0.070826     0.138345     0.202579     0.263554     0.321295     0.375822     0.427138     0.475228     0.520053     0.561549     0.599623     0.634158     0.665017     0.692050     0.715103     0.734028     0.748690     0.758984     0.764836     0.766213     0.763125     0.755625     0.743805     0.727792     0.707735     0.683800     0.656155     0.624960     0.590359     0.552472     0.511391     0.467174     0.419853     0.369431     0.315888     0.259191     0.199295     0.136156     0.069734     0.000000
    0.018129     0.070856     0.138400     0.202653     0.263640     0.321387     0.375912     0.427220     0.475295     0.520099     0.561569     0.599612     0.634114     0.664940     0.691940     0.714963     0.733861     0.748504     0.758786     0.764633     0.766015     0.762941     0.755462     0.743670     0.727691     0.707671     0.683776     0.656169     0.625011     0.590443     0.552584     0.511524     0.467322     0.420007     0.369584     0.316032     0.259318     0.199400     0.136232     0.069775     0.000000
    0.018137     0.070886     0.138455     0.202726     0.263725     0.321478     0.376002     0.427301     0.475361     0.520145     0.561589     0.599602     0.634071     0.664863     0.691831     0.714824     0.733697     0.748320     0.758590     0.764434     0.765820     0.762758     0.755300     0.743537     0.727590     0.707608     0.683751     0.656183     0.625062     0.590527     0.552695     0.511656     0.467468     0.420160     0.369735     0.316174     0.259445     0.199503     0.136306     0.069815     0.000000
    0.018145     0.070916     0.138508     0.202798     0.263809     0.321567     0.376090     0.427381     0.475427     0.520190     0.561608     0.599592     0.634029     0.664788     0.691723     0.714687     0.733534     0.748139     0.758396     0.764236     0.765627     0.762578     0.755141     0.743405     0.727491     0.707546     0.683727     0.656197     0.625112     0.590609     0.552805     0.511787     0.467612     0.420310     0.369884     0.316315     0.259569     0.199606     0.136380     0.069854     0.000000
    0.018153     0.070945     0.138561     0.202869     0.263892     0.321655     0.376177     0.427460     0.475492     0.520235     0.561627     0.599582     0.633987     0.664713     0.691617     0.714551     0.733374     0.747959     0.758205     0.764041     0.765436     0.762400     0.754984     0.743275     0.727394     0.707484     0.683703     0.656211     0.625162     0.590691     0.552914     0.511916     0.467755     0.420459     0.370031     0.316454     0.259693     0.199707     0.136453     0.069893     0.000000
    0.018161     0.070974     0.138614     0.202939     0.263974     0.321742     0.376263     0.427538     0.475556     0.520279     0.561646     0.599572     0.633946     0.664639     0.691512     0.714417     0.733215     0.747782     0.758016     0.763848     0.765248     0.762225     0.754828     0.743146     0.727297     0.707423     0.683680     0.656225     0.625211     0.590772     0.553021     0.512043     0.467896     0.420606     0.370177     0.316591     0.259814     0.199807     0.136525     0.069932     0.000000
    0.018169     0.071003     0.138665     0.203008     0.264054     0.321828     0.376347     0.427615     0.475619     0.520322     0.561665     0.599562     0.633905     0.664566     0.691408     0.714285     0.733059     0.747607     0.757829     0.763658     0.765062     0.762051     0.754675     0.743019     0.727202     0.707363     0.683657     0.656239     0.625259     0.590852     0.553127     0.512169     0.468035     0.420751     0.370321     0.316726     0.259935     0.199905     0.136596     0.069970     0.000000
    0.018177     0.071031     0.138716     0.203076     0.264134     0.321913     0.376431     0.427691     0.475681     0.520365     0.561683     0.599552     0.633864     0.664494     0.691305     0.714154     0.732904     0.747434     0.757645     0.763470     0.764878     0.761880     0.754523     0.742893     0.727108     0.707304     0.683634     0.656253     0.625308     0.590931     0.553232     0.512294     0.468173     0.420895     0.370464     0.316861     0.260054     0.200003     0.136667     0.070008     0.000000
    0.018184     0.071058     0.138767     0.203143     0.264212     0.321997     0.376513     0.427766     0.475742     0.520407     0.561701     0.599542     0.633824     0.664423     0.691203     0.714024     0.732751     0.747263     0.757463     0.763284     0.764697     0.761710     0.754373     0.742770     0.727015     0.707245     0.683612     0.656266     0.625355     0.591009     0.553335     0.512417     0.468309     0.421037     0.370604     0.316993     0.260171     0.200100     0.136736     0.070045     0.000000
    0.018192     0.071086     0.138816     0.203209     0.264290     0.322079     0.376594     0.427840     0.475803     0.520448     0.561719     0.599532     0.633785     0.664353     0.691103     0.713897     0.732600     0.747094     0.757283     0.763100     0.764517     0.761543     0.754225     0.742647     0.726923     0.707188     0.683590     0.656280     0.625402     0.591086     0.553438     0.512539     0.468443     0.421178     0.370743     0.317124     0.260287     0.200195     0.136805     0.070082     0.000000
    0.018199     0.071113     0.138865     0.203275     0.264366     0.322160     0.376675     0.427913     0.475863     0.520489     0.561736     0.599523     0.633746     0.664284     0.691004     0.713771     0.732451     0.746927     0.757105     0.762919     0.764340     0.761377     0.754079     0.742526     0.726832     0.707131     0.683568     0.656293     0.625449     0.591162     0.553539     0.512659     0.468577     0.421316     0.370881     0.317253     0.260402     0.200289     0.136873     0.070119     0.000000
    0.018206     0.071139     0.138913     0.203339     0.264441     0.322241     0.376754     0.427985     0.475921     0.520530     0.561754     0.599513     0.633707     0.664215     0.690906     0.713646     0.732303     0.746762     0.756929     0.762739     0.764165     0.761214     0.753934     0.742407     0.726743     0.707075     0.683547     0.656307     0.625495     0.591238     0.553639     0.512778     0.468708     0.421453     0.371017     0.317381     0.260516     0.200382     0.136940     0.070155     0.000000
    0.018214     0.071166     0.138961     0.203403     0.264516     0.322320     0.376832     0.428056     0.475980     0.520570     0.561771     0.599504     0.633669     0.664147     0.690810     0.713523     0.732158     0.746599     0.756755     0.762562     0.763992     0.761053     0.753792     0.742289     0.726655     0.707019     0.683526     0.656320     0.625541     0.591312     0.553738     0.512896     0.468838     0.421589     0.371151     0.317508     0.260628     0.200474     0.137006     0.070190     0.000000
    0.018221     0.071192     0.139008     0.203466     0.264589     0.322398     0.376909     0.428126     0.476037     0.520609     0.561788     0.599495     0.633631     0.664080     0.690714     0.713401     0.732014     0.746438     0.756584     0.762387     0.763821     0.760893     0.753651     0.742173     0.726567     0.706964     0.683505     0.656333     0.625586     0.591386     0.553836     0.513012     0.468966     0.421723     0.371284     0.317633     0.260739     0.200565     0.137072     0.070225     0.000000
    0.018228     0.071217     0.139054     0.203528     0.264661     0.322475     0.376985     0.428195     0.476094     0.520648     0.561804     0.599485     0.633594     0.664014     0.690620     0.713281     0.731871     0.746279     0.756414     0.762214     0.763652     0.760736     0.753511     0.742057     0.726481     0.706910     0.683485     0.656346     0.625631     0.591459     0.553933     0.513127     0.469093     0.421855     0.371415     0.317756     0.260848     0.200655     0.137137     0.070260     0.000000
    0.018235     0.071242     0.139100     0.203589     0.264733     0.322551     0.377060     0.428264     0.476149     0.520686     0.561820     0.599476     0.633557     0.663948     0.690526     0.713162     0.731731     0.746122     0.756247     0.762044     0.763485     0.760580     0.753374     0.741944     0.726396     0.706857     0.683465     0.656359     0.625675     0.591532     0.554029     0.513241     0.469219     0.421986     0.371545     0.317878     0.260957     0.200744     0.137201     0.070294     0.000000
    0.018241     0.071267     0.139145     0.203649     0.264803     0.322626     0.377134     0.428331     0.476205     0.520724     0.561837     0.599467     0.633520     0.663884     0.690434     0.713044     0.731592     0.745967     0.756081     0.761875     0.763320     0.760427     0.753238     0.741832     0.726312     0.706805     0.683445     0.656372     0.625719     0.591603     0.554123     0.513354     0.469343     0.422116     0.371673     0.317999     0.261064     0.200831     0.137264     0.070328     0.000000
    0.018248     0.071292     0.139189     0.203709     0.264872     0.322700     0.377207     0.428397     0.476259     0.520761     0.561852     0.599458     0.633484     0.663820     0.690343     0.712928     0.731455     0.745814     0.755918     0.761708     0.763158     0.760275     0.753104     0.741721     0.726229     0.706753     0.683426     0.656385     0.625762     0.591674     0.554217     0.513465     0.469466     0.422243     0.371800     0.318118     0.261169     0.200918     0.137326     0.070362     0.000000
    0.018255     0.071316     0.139233     0.203768     0.264941     0.322773     0.377279     0.428463     0.476313     0.520798     0.561868     0.599449     0.633448     0.663757     0.690253     0.712814     0.731319     0.745662     0.755756     0.761543     0.762997     0.760125     0.752971     0.741611     0.726148     0.706701     0.683406     0.656398     0.625805     0.591744     0.554309     0.513575     0.469587     0.422370     0.371925     0.318236     0.261274     0.201004     0.137388     0.070395     0.000000
    0.018261     0.071340     0.139276     0.203826     0.265009     0.322845     0.377350     0.428527     0.476365     0.520834     0.561883     0.599440     0.633413     0.663694     0.690164     0.712700     0.731185     0.745512     0.755597     0.761381     0.762838     0.759977     0.752840     0.741503     0.726067     0.706651     0.683388     0.656411     0.625848     0.591813     0.554401     0.513683     0.469707     0.422495     0.372048     0.318352     0.261377     0.201088     0.137449     0.070428     0.000000
    0.018268     0.071363     0.139319     0.203883     0.265075     0.322916     0.377420     0.428591     0.476418     0.520870     0.561898     0.599431     0.633378     0.663632     0.690076     0.712589     0.731053     0.745364     0.755439     0.761220     0.762681     0.759830     0.752711     0.741397     0.725987     0.706601     0.683369     0.656423     0.625890     0.591881     0.554491     0.513791     0.469825     0.422618     0.372171     0.318467     0.261479     0.201172     0.137510     0.070460     0.000000
    0.018274     0.071387     0.139361     0.203939     0.265141     0.322987     0.377490     0.428654     0.476469     0.520905     0.561913     0.599423     0.633344     0.663571     0.689989     0.712478     0.730922     0.745218     0.755283     0.761061     0.762526     0.759686     0.752583     0.741291     0.725908     0.706552     0.683351     0.656436     0.625931     0.591949     0.554581     0.513897     0.469942     0.422740     0.372292     0.318581     0.261580     0.201255     0.137569     0.070492     0.000000
    0.018280     0.071409     0.139402     0.203995     0.265206     0.323056     0.377558     0.428716     0.476520     0.520940     0.561928     0.599414     0.633310     0.663511     0.689903     0.712369     0.730793     0.745074     0.755129     0.760904     0.762372     0.759543     0.752457     0.741187     0.725830     0.706503     0.683333     0.656448     0.625973     0.592016     0.554669     0.514002     0.470058     0.422861     0.372411     0.318693     0.261680     0.201336     0.137628     0.070523     0.000000
    0.018286     0.071432     0.139443     0.204050     0.265270     0.323124     0.377625     0.428777     0.476570     0.520974     0.561942     0.599405     0.633276     0.663451     0.689819     0.712261     0.730665     0.744931     0.754977     0.760749     0.762221     0.759402     0.752333     0.741084     0.725754     0.706455     0.683315     0.656461     0.626013     0.592082     0.554757     0.514105     0.470173     0.422980     0.372529     0.318804     0.261778     0.201417     0.137686     0.070555     0.000000
    0.018292     0.071454     0.139484     0.204104     0.265333     0.323191     0.377692     0.428838     0.476619     0.521008     0.561956     0.599397     0.633243     0.663392     0.689735     0.712154     0.730539     0.744790     0.754827     0.760596     0.762072     0.759263     0.752210     0.740983     0.725678     0.706408     0.683298     0.656473     0.626054     0.592147     0.554843     0.514208     0.470286     0.423098     0.372646     0.318914     0.261875     0.201497     0.137744     0.070585     0.000000
    0.018298     0.071476     0.139524     0.204157     0.265396     0.323258     0.377757     0.428897     0.476668     0.521041     0.561970     0.599388     0.633209     0.663334     0.689652     0.712048     0.730414     0.744651     0.754679     0.760444     0.761924     0.759125     0.752088     0.740883     0.725603     0.706362     0.683281     0.656485     0.626094     0.592212     0.554929     0.514309     0.470398     0.423215     0.372761     0.319022     0.261972     0.201576     0.137800     0.070616     0.000000
    0.018304     0.071498     0.139563     0.204210     0.265457     0.323323     0.377822     0.428956     0.476716     0.521074     0.561984     0.599380     0.633177     0.663277     0.689570     0.711944     0.730291     0.744513     0.754532     0.760295     0.761778     0.758989     0.751968     0.740784     0.725529     0.706316     0.683264     0.656497     0.626133     0.592276     0.555013     0.514410     0.470508     0.423330     0.372875     0.319130     0.262067     0.201654     0.137857     0.070646     0.000000
    0.018310     0.071520     0.139602     0.204262     0.265518     0.323388     0.377886     0.429014     0.476763     0.521106     0.561997     0.599371     0.633145     0.663220     0.689489     0.711841     0.730169     0.744377     0.754387     0.760147     0.761634     0.758855     0.751849     0.740686     0.725456     0.706270     0.683247     0.656509     0.626172     0.592340     0.555097     0.514509     0.470617     0.423444     0.372988     0.319236     0.262161     0.201731     0.137912     0.070676     0.000000
    0.018316     0.071541     0.139640     0.204313     0.265578     0.323452     0.377949     0.429071     0.476810     0.521138     0.562011     0.599363     0.633113     0.663164     0.689409     0.711740     0.730049     0.744243     0.754244     0.760001     0.761491     0.758722     0.751732     0.740589     0.725384     0.706225     0.683231     0.656522     0.626211     0.592402     0.555180     0.514607     0.470726     0.423556     0.373099     0.319340     0.262253     0.201807     0.137967     0.070705     0.000000
    0.018322     0.071562     0.139678     0.204364     0.265637     0.323515     0.378011     0.429128     0.476856     0.521170     0.562024     0.599354     0.633081     0.663108     0.689330     0.711639     0.729930     0.744110     0.754102     0.759857     0.761351     0.758591     0.751617     0.740494     0.725313     0.706181     0.683215     0.656534     0.626250     0.592464     0.555261     0.514704     0.470832     0.423667     0.373209     0.319444     0.262345     0.201882     0.138021     0.070734     0.000000
    0.018327     0.071582     0.139715     0.204414     0.265695     0.323577     0.378072     0.429183     0.476902     0.521201     0.562036     0.599346     0.633050     0.663053     0.689252     0.711540     0.729813     0.743979     0.753963     0.759715     0.761212     0.758461     0.751502     0.740400     0.725243     0.706138     0.683199     0.656545     0.626288     0.592526     0.555342     0.514799     0.470938     0.423777     0.373318     0.319546     0.262436     0.201956     0.138075     0.070763     0.000000
    0.018333     0.071602     0.139752     0.204463     0.265752     0.323638     0.378132     0.429238     0.476946     0.521231     0.562049     0.599338     0.633019     0.662999     0.689175     0.711442     0.729697     0.743849     0.753825     0.759574     0.761074     0.758334     0.751390     0.740307     0.725174     0.706095     0.683184     0.656557     0.626325     0.592586     0.555422     0.514894     0.471042     0.423886     0.373426     0.319647     0.262525     0.202029     0.138127     0.070791     0.000000
    0.018338     0.071622     0.139788     0.204512     0.265809     0.323699     0.378192     0.429292     0.476991     0.521261     0.562061     0.599330     0.632988     0.662945     0.689099     0.711345     0.729582     0.743721     0.753688     0.759435     0.760939     0.758207     0.751278     0.740215     0.725105     0.706052     0.683169     0.656569     0.626362     0.592646     0.555501     0.514988     0.471145     0.423993     0.373532     0.319747     0.262614     0.202102     0.138180     0.070819     0.000000
    0.018344     0.071642     0.139824     0.204559     0.265865     0.323758     0.378251     0.429346     0.477034     0.521291     0.562074     0.599322     0.632958     0.662892     0.689023     0.711249     0.729469     0.743594     0.753553     0.759297     0.760805     0.758083     0.751168     0.740124     0.725038     0.706010     0.683154     0.656581     0.626399     0.592706     0.555579     0.515080     0.471247     0.424099     0.373637     0.319846     0.262701     0.202174     0.138231     0.070847     0.000000
    0.018349     0.071662     0.139860     0.204607     0.265920     0.323817     0.378309     0.429399     0.477077     0.521320     0.562086     0.599313     0.632928     0.662839     0.688949     0.711154     0.729357     0.743469     0.753420     0.759162     0.760672     0.757959     0.751059     0.740035     0.724971     0.705969     0.683139     0.656592     0.626436     0.592764     0.555657     0.515172     0.471348     0.424204     0.373741     0.319943     0.262788     0.202245     0.138282     0.070874     0.000000
    0.018354     0.071681     0.139894     0.204653     0.265975     0.323875     0.378366     0.429451     0.477120     0.521349     0.562097     0.599305     0.632898     0.662787     0.688875     0.711060     0.729246     0.743346     0.753289     0.759028     0.760541     0.757837     0.750952     0.739946     0.724905     0.705928     0.683124     0.656604     0.626472     0.592823     0.555733     0.515262     0.471448     0.424308     0.373843     0.320040     0.262873     0.202315     0.138333     0.070901     0.000000
    0.018360     0.071700     0.139929     0.204700     0.266029     0.323932     0.378422     0.429502     0.477161     0.521377     0.562109     0.599297     0.632869     0.662736     0.688802     0.710968     0.729137     0.743224     0.753159     0.758895     0.760412     0.757717     0.750846     0.739859     0.724840     0.705888     0.683110     0.656615     0.626508     0.592880     0.555809     0.515352     0.471546     0.424410     0.373945     0.320135     0.262958     0.202384     0.138383     0.070928     0.000000
    0.018365     0.071719     0.139963     0.204745     0.266082     0.323989     0.378478     0.429552     0.477203     0.521405     0.562120     0.599290     0.632840     0.662685     0.688730     0.710876     0.729029     0.743103     0.753030     0.758764     0.760285     0.757598     0.750741     0.739773     0.724776     0.705849     0.683096     0.656627     0.626543     0.592937     0.555884     0.515440     0.471644     0.424512     0.374045     0.320229     0.263041     0.202452     0.138432     0.070954     0.000000
    0.018370     0.071737     0.139996     0.204790     0.266134     0.324045     0.378533     0.429602     0.477243     0.521433     0.562131     0.599282     0.632811     0.662635     0.688659     0.710786     0.728922     0.742984     0.752904     0.758635     0.760159     0.757481     0.750638     0.739688     0.724713     0.705810     0.683082     0.656638     0.626578     0.592993     0.555957     0.515528     0.471740     0.424612     0.374144     0.320322     0.263124     0.202520     0.138480     0.070980     0.000000
    0.018375     0.071755     0.140029     0.204834     0.266186     0.324100     0.378587     0.429651     0.477284     0.521460     0.562142     0.599274     0.632783     0.662586     0.688589     0.710697     0.728817     0.742866     0.752778     0.758507     0.760034     0.757365     0.750535     0.739604     0.724651     0.705771     0.683069     0.656649     0.626613     0.593049     0.556031     0.515614     0.471835     0.424711     0.374242     0.320414     0.263205     0.202586     0.138528     0.071006     0.000000
    0.018380     0.071773     0.140062     0.204878     0.266237     0.324154     0.378641     0.429700     0.477323     0.521487     0.562153     0.599266     0.632755     0.662537     0.688519     0.710609     0.728713     0.742750     0.752654     0.758381     0.759911     0.757251     0.750434     0.739521     0.724589     0.705733     0.683055     0.656661     0.626647     0.593104     0.556103     0.515700     0.471929     0.424809     0.374338     0.320505     0.263286     0.202652     0.138576     0.071031     0.000000
    0.018384     0.071791     0.140094     0.204921     0.266287     0.324208     0.378694     0.429748     0.477362     0.521514     0.562164     0.599258     0.632727     0.662488     0.688451     0.710522     0.728610     0.742635     0.752532     0.758257     0.759789     0.757138     0.750335     0.739439     0.724528     0.705695     0.683042     0.656672     0.626681     0.593158     0.556174     0.515784     0.472022     0.424905     0.374434     0.320595     0.263365     0.202717     0.138623     0.071056     0.000000
    0.018389     0.071809     0.140126     0.204963     0.266337     0.324260     0.378746     0.429795     0.477401     0.521540     0.562174     0.599251     0.632700     0.662440     0.688383     0.710435     0.728508     0.742521     0.752411     0.758133     0.759669     0.757026     0.750236     0.739358     0.724468     0.705658     0.683029     0.656683     0.626715     0.593212     0.556245     0.515868     0.472114     0.425001     0.374529     0.320684     0.263444     0.202782     0.138669     0.071081     0.000000
    0.018394     0.071826     0.140157     0.205005     0.266385     0.324313     0.378797     0.429842     0.477439     0.521565     0.562184     0.599243     0.632672     0.662393     0.688316     0.710350     0.728408     0.742409     0.752292     0.758012     0.759551     0.756916     0.750139     0.739278     0.724409     0.705622     0.683017     0.656694     0.626748     0.593265     0.556315     0.515950     0.472205     0.425095     0.374622     0.320771     0.263521     0.202845     0.138715     0.071106     0.000000
    0.018399     0.071843     0.140188     0.205047     0.266434     0.324364     0.378848     0.429888     0.477476     0.521591     0.562194     0.599235     0.632646     0.662346     0.688250     0.710266     0.728308     0.742298     0.752174     0.757892     0.759434     0.756807     0.750043     0.739199     0.724350     0.705586     0.683004     0.656705     0.626781     0.593318     0.556384     0.516032     0.472295     0.425189     0.374714     0.320858     0.263598     0.202908     0.138760     0.071130     0.000000
    0.018403     0.071860     0.140219     0.205087     0.266481     0.324415     0.378898     0.429933     0.477513     0.521615     0.562204     0.599228     0.632619     0.662300     0.688184     0.710183     0.728210     0.742189     0.752057     0.757773     0.759318     0.756699     0.749948     0.739121     0.724292     0.705550     0.682992     0.656716     0.626814     0.593370     0.556452     0.516112     0.472383     0.425281     0.374805     0.320944     0.263674     0.202970     0.138805     0.071154     0.000000
    0.018408     0.071877     0.140249     0.205128     0.266528     0.324465     0.378947     0.429978     0.477549     0.521640     0.562214     0.599220     0.632593     0.662254     0.688120     0.710101     0.728113     0.742081     0.751942     0.757656     0.759204     0.756593     0.749855     0.739044     0.724235     0.705515     0.682980     0.656726     0.626846     0.593421     0.556520     0.516192     0.472471     0.425372     0.374896     0.321028     0.263749     0.203032     0.138849     0.071177     0.000000
    0.018412     0.071893     0.140278     0.205168     0.266575     0.324514     0.378996     0.430022     0.477585     0.521664     0.562224     0.599213     0.632566     0.662209     0.688056     0.710020     0.728017     0.741974     0.751828     0.757540     0.759091     0.756488     0.749762     0.738968     0.724179     0.705481     0.682968     0.656737     0.626878     0.593472     0.556587     0.516271     0.472558     0.425462     0.374985     0.321112     0.263823     0.203092     0.138893     0.071201     0.000000
    0.018417     0.071909     0.140308     0.205207     0.266621     0.324563     0.379044     0.430065     0.477620     0.521688     0.562233     0.599205     0.632541     0.662164     0.687992     0.709940     0.727923     0.741868     0.751716     0.757425     0.758979     0.756384     0.749671     0.738893     0.724123     0.705447     0.682957     0.656748     0.626910     0.593523     0.556653     0.516349     0.472644     0.425552     0.375073     0.321195     0.263896     0.203152     0.138936     0.071224     0.000000
    0.018421     0.071925     0.140337     0.205246     0.266666     0.324611     0.379091     0.430108     0.477655     0.521712     0.562242     0.599198     0.632515     0.662120     0.687930     0.709860     0.727829     0.741764     0.751605     0.757312     0.758869     0.756281     0.749580     0.738819     0.724068     0.705413     0.682945     0.656758     0.626941     0.593573     0.556718     0.516426     0.472728     0.425640     0.375160     0.321276     0.263969     0.203211     0.138978     0.071247     0.000000
    0.018425     0.071941     0.140365     0.205284     0.266710     0.324658     0.379138     0.430151     0.477690     0.521735     0.562251     0.599190     0.632490     0.662076     0.687868     0.709782     0.727737     0.741661     0.751495     0.757201     0.758760     0.756180     0.749491     0.738746     0.724014     0.705380     0.682934     0.656769     0.626972     0.593622     0.556783     0.516502     0.472812     0.425727     0.375246     0.321357     0.264040     0.203270     0.139021     0.071269     0.000000
    0.018430     0.071956     0.140393     0.205321     0.266754     0.324705     0.379184     0.430192     0.477724     0.521758     0.562260     0.599183     0.632465     0.662033     0.687807     0.709705     0.727646     0.741559     0.751387     0.757090     0.758652     0.756080     0.749403     0.738674     0.723961     0.705347     0.682923     0.656779     0.627003     0.593671     0.556847     0.516578     0.472895     0.425813     0.375331     0.321437     0.264111     0.203328     0.139062     0.071292     0.000000
    0.018434     0.071972     0.140421     0.205359     0.266798     0.324751     0.379229     0.430234     0.477757     0.521780     0.562269     0.599176     0.632440     0.661990     0.687747     0.709628     0.727555     0.741458     0.751279     0.756981     0.758546     0.755981     0.749316     0.738602     0.723908     0.705315     0.682912     0.656790     0.627033     0.593719     0.556910     0.516652     0.472977     0.425898     0.375415     0.321516     0.264181     0.203385     0.139103     0.071314     0.000000
    0.018438     0.071987     0.140449     0.205395     0.266840     0.324797     0.379274     0.430274     0.477790     0.521802     0.562277     0.599168     0.632416     0.661948     0.687687     0.709552     0.727466     0.741359     0.751174     0.756873     0.758441     0.755884     0.749231     0.738532     0.723856     0.705283     0.682901     0.656800     0.627064     0.593767     0.556972     0.516726     0.473058     0.425982     0.375498     0.321594     0.264250     0.203441     0.139144     0.071335     0.000000
    0.018442     0.072002     0.140476     0.205432     0.266883     0.324842     0.379318     0.430314     0.477823     0.521824     0.562286     0.599161     0.632391     0.661906     0.687628     0.709478     0.727378     0.741260     0.751069     0.756767     0.758338     0.755788     0.749146     0.738462     0.723804     0.705252     0.682891     0.656810     0.627093     0.593814     0.557034     0.516799     0.473138     0.426065     0.375580     0.321671     0.264318     0.203497     0.139184     0.071357     0.000000
    0.018446     0.072017     0.140502     0.205467     0.266924     0.324886     0.379362     0.430354     0.477855     0.521846     0.562294     0.599154     0.632367     0.661865     0.687570     0.709404     0.727291     0.741163     0.750966     0.756662     0.758235     0.755692     0.749062     0.738394     0.723753     0.705221     0.682881     0.656821     0.627123     0.593861     0.557095     0.516871     0.473217     0.426147     0.375661     0.321747     0.264385     0.203552     0.139224     0.071378     0.000000
    0.018450     0.072031     0.140529     0.205503     0.266966     0.324930     0.379405     0.430393     0.477886     0.521867     0.562302     0.599147     0.632344     0.661824     0.687512     0.709331     0.727205     0.741067     0.750864     0.756558     0.758134     0.755598     0.748979     0.738326     0.723703     0.705190     0.682870     0.656831     0.627152     0.593907     0.557156     0.516942     0.473295     0.426228     0.375741     0.321822     0.264452     0.203607     0.139263     0.071399     0.000000
    0.018454     0.072046     0.140555     0.205537     0.267006     0.324973     0.379448     0.430431     0.477918     0.521888     0.562310     0.599140     0.632320     0.661783     0.687455     0.709259     0.727120     0.740972     0.750763     0.756455     0.758034     0.755506     0.748898     0.738259     0.723654     0.705160     0.682861     0.656841     0.627181     0.593953     0.557215     0.517012     0.473372     0.426308     0.375820     0.321896     0.264517     0.203660     0.139301     0.071420     0.000000
    0.018458     0.072060     0.140580     0.205572     0.267046     0.325016     0.379490     0.430469     0.477948     0.521908     0.562318     0.599133     0.632297     0.661743     0.687399     0.709188     0.727036     0.740879     0.750663     0.756354     0.757936     0.755414     0.748817     0.738193     0.723605     0.705130     0.682851     0.656851     0.627210     0.593998     0.557274     0.517082     0.473449     0.426388     0.375898     0.321970     0.264582     0.203713     0.139340     0.071440     0.000000
    0.018462     0.072074     0.140606     0.205606     0.267086     0.325058     0.379531     0.430507     0.477979     0.521928     0.562325     0.599126     0.632274     0.661704     0.687343     0.709117     0.726953     0.740786     0.750565     0.756254     0.757838     0.755323     0.748737     0.738127     0.723557     0.705101     0.682841     0.656861     0.627238     0.594043     0.557333     0.517151     0.473524     0.426466     0.375976     0.322042     0.264646     0.203766     0.139377     0.071460     0.000000
    0.018465     0.072088     0.140631     0.205639     0.267125     0.325099     0.379572     0.430544     0.478009     0.521948     0.562333     0.599119     0.632251     0.661665     0.687288     0.709048     0.726871     0.740695     0.750468     0.756155     0.757742     0.755234     0.748659     0.738063     0.723509     0.705072     0.682832     0.656871     0.627266     0.594087     0.557390     0.517219     0.473599     0.426544     0.376052     0.322114     0.264710     0.203818     0.139415     0.071480     0.000000
    0.018469     0.072101     0.140655     0.205672     0.267163     0.325140     0.379612     0.430580     0.478038     0.521968     0.562340     0.599112     0.632229     0.661626     0.687234     0.708979     0.726790     0.740605     0.750372     0.756057     0.757647     0.755145     0.748581     0.737999     0.723462     0.705043     0.682823     0.656880     0.627294     0.594131     0.557448     0.517286     0.473673     0.426620     0.376128     0.322185     0.264773     0.203869     0.139452     0.071500     0.000000
    0.018473     0.072115     0.140680     0.205705     0.267201     0.325181     0.379652     0.430616     0.478067     0.521987     0.562347     0.599105     0.632206     0.661588     0.687180     0.708911     0.726710     0.740515     0.750277     0.755961     0.757553     0.755058     0.748504     0.737937     0.723416     0.705015     0.682813     0.656890     0.627321     0.594174     0.557504     0.517352     0.473746     0.426696     0.376202     0.322255     0.264835     0.203920     0.139488     0.071519     0.000000
    0.018476     0.072128     0.140704     0.205737     0.267239     0.325221     0.379691     0.430652     0.478096     0.522007     0.562355     0.599098     0.632184     0.661550     0.687127     0.708844     0.726631     0.740427     0.750183     0.755865     0.757460     0.754972     0.748429     0.737875     0.723370     0.704988     0.682804     0.656900     0.627349     0.594217     0.557560     0.517418     0.473818     0.426771     0.376276     0.322324     0.264896     0.203970     0.139524     0.071539     0.000000
    0.018480     0.072141     0.140727     0.205768     0.267276     0.325260     0.379730     0.430686     0.478124     0.522025     0.562362     0.599091     0.632162     0.661513     0.687075     0.708777     0.726553     0.740340     0.750090     0.755771     0.757368     0.754887     0.748354     0.737813     0.723325     0.704960     0.682796     0.656909     0.627375     0.594259     0.557615     0.517483     0.473889     0.426844     0.376349     0.322392     0.264956     0.204019     0.139560     0.071558     0.000000
    0.018484     0.072154     0.140751     0.205800     0.267312     0.325299     0.379768     0.430721     0.478152     0.522044     0.562368     0.599085     0.632141     0.661476     0.687023     0.708712     0.726475     0.740254     0.749999     0.755678     0.757278     0.754803     0.748280     0.737753     0.723281     0.704933     0.682787     0.656919     0.627402     0.594301     0.557670     0.517547     0.473959     0.426917     0.376421     0.322460     0.265016     0.204068     0.139595     0.071576     0.000000
    0.018487     0.072167     0.140774     0.205831     0.267348     0.325337     0.379805     0.430755     0.478179     0.522062     0.562375     0.599078     0.632119     0.661439     0.686972     0.708647     0.726399     0.740169     0.749909     0.755586     0.757188     0.754720     0.748207     0.737693     0.723237     0.704907     0.682779     0.656929     0.627429     0.594343     0.557724     0.517611     0.474029     0.426990     0.376492     0.322527     0.265075     0.204116     0.139629     0.071595     0.000000
    0.018490     0.072179     0.140797     0.205861     0.267384     0.325375     0.379842     0.430789     0.478207     0.522080     0.562382     0.599071     0.632098     0.661403     0.686921     0.708583     0.726324     0.740085     0.749819     0.755495     0.757100     0.754638     0.748135     0.737634     0.723193     0.704880     0.682770     0.656938     0.627455     0.594384     0.557777     0.517673     0.474098     0.427061     0.376563     0.322593     0.265133     0.204164     0.139664     0.071613     0.000000
    0.018494     0.072192     0.140819     0.205891     0.267419     0.325412     0.379879     0.430822     0.478233     0.522098     0.562388     0.599064     0.632077     0.661368     0.686871     0.708519     0.726249     0.740002     0.749731     0.755406     0.757012     0.754557     0.748064     0.737576     0.723150     0.704855     0.682762     0.656947     0.627481     0.594424     0.557830     0.517735     0.474166     0.427132     0.376632     0.322658     0.265191     0.204211     0.139698     0.071631     0.000000
    0.018497     0.072204     0.140841     0.205921     0.267453     0.325449     0.379915     0.430854     0.478260     0.522115     0.562394     0.599058     0.632057     0.661332     0.686821     0.708457     0.726175     0.739920     0.749644     0.755317     0.756926     0.754477     0.747993     0.737518     0.723108     0.704829     0.682754     0.656957     0.627506     0.594464     0.557882     0.517797     0.474233     0.427201     0.376701     0.322722     0.265248     0.204258     0.139731     0.071649     0.000000
    0.018501     0.072216     0.140863     0.205950     0.267487     0.325485     0.379951     0.430886     0.478286     0.522133     0.562401     0.599051     0.632036     0.661297     0.686772     0.708395     0.726103     0.739839     0.749558     0.755230     0.756841     0.754398     0.747924     0.737462     0.723066     0.704804     0.682746     0.656966     0.627532     0.594504     0.557934     0.517857     0.474299     0.427270     0.376769     0.322786     0.265304     0.204304     0.139764     0.071667     0.000000
    0.018504     0.072228     0.140885     0.205979     0.267521     0.325521     0.379986     0.430918     0.478311     0.522150     0.562407     0.599045     0.632016     0.661263     0.686724     0.708334     0.726031     0.739759     0.749473     0.755143     0.756757     0.754320     0.747856     0.737406     0.723025     0.704779     0.682739     0.656975     0.627557     0.594543     0.557985     0.517917     0.474365     0.427338     0.376836     0.322849     0.265360     0.204349     0.139797     0.071685     0.000000
    0.018507     0.072240     0.140906     0.206008     0.267554     0.325556     0.380021     0.430949     0.478336     0.522166     0.562413     0.599038     0.631996     0.661229     0.686676     0.708274     0.725960     0.739679     0.749389     0.755058     0.756674     0.754243     0.747788     0.737350     0.722984     0.704755     0.682731     0.656984     0.627581     0.594582     0.558035     0.517977     0.474430     0.427406     0.376903     0.322911     0.265415     0.204394     0.139829     0.071702     0.000000
    0.018510     0.072251     0.140927     0.206036     0.267587     0.325591     0.380055     0.430980     0.478361     0.522183     0.562418     0.599032     0.631976     0.661195     0.686629     0.708214     0.725889     0.739601     0.749306     0.754973     0.756592     0.754166     0.747721     0.737296     0.722944     0.704731     0.682724     0.656993     0.627606     0.594621     0.558085     0.518035     0.474494     0.427472     0.376968     0.322973     0.265469     0.204439     0.139861     0.071719     0.000000
    0.018513     0.072263     0.140948     0.206064     0.267619     0.325626     0.380089     0.431011     0.478386     0.522199     0.562424     0.599025     0.631956     0.661162     0.686582     0.708155     0.725820     0.739524     0.749224     0.754890     0.756511     0.754091     0.747655     0.737242     0.722905     0.704707     0.682716     0.657002     0.627630     0.594659     0.558134     0.518093     0.474558     0.427538     0.377033     0.323033     0.265523     0.204482     0.139892     0.071736     0.000000
    0.018516     0.072274     0.140969     0.206091     0.267651     0.325659     0.380122     0.431041     0.478410     0.522215     0.562430     0.599019     0.631936     0.661129     0.686536     0.708097     0.725751     0.739448     0.749143     0.754808     0.756430     0.754017     0.747590     0.737189     0.722866     0.704683     0.682709     0.657011     0.627655     0.594696     0.558183     0.518150     0.474620     0.427603     0.377097     0.323093     0.265576     0.204526     0.139924     0.071752     0.000000
    0.018519     0.072285     0.140989     0.206118     0.267683     0.325693     0.380155     0.431071     0.478434     0.522230     0.562435     0.599012     0.631917     0.661096     0.686490     0.708039     0.725684     0.739372     0.749062     0.754726     0.756351     0.753944     0.747525     0.737136     0.722827     0.704660     0.682702     0.657020     0.627678     0.594733     0.558231     0.518207     0.474682     0.427667     0.377160     0.323153     0.265628     0.204569     0.139954     0.071769     0.000000
    0.018522     0.072296     0.141009     0.206145     0.267714     0.325726     0.380187     0.431100     0.478457     0.522246     0.562441     0.599006     0.631898     0.661064     0.686445     0.707982     0.725617     0.739298     0.748983     0.754646     0.756273     0.753871     0.747462     0.737084     0.722789     0.704637     0.682695     0.657029     0.627702     0.594770     0.558279     0.518263     0.474743     0.427730     0.377223     0.323211     0.265680     0.204611     0.139985     0.071785     0.000000
    0.018525     0.072307     0.141028     0.206171     0.267745     0.325759     0.380219     0.431129     0.478481     0.522261     0.562446     0.599000     0.631879     0.661032     0.686400     0.707926     0.725551     0.739224     0.748905     0.754566     0.756196     0.753799     0.747399     0.737033     0.722751     0.704615     0.682688     0.657038     0.627725     0.594806     0.558326     0.518318     0.474804     0.427793     0.377285     0.323269     0.265731     0.204653     0.140015     0.071801     0.000000
    0.018528     0.072318     0.141048     0.206197     0.267775     0.325791     0.380251     0.431157     0.478504     0.522276     0.562451     0.598994     0.631860     0.661000     0.686356     0.707870     0.725485     0.739151     0.748828     0.754488     0.756120     0.753729     0.747337     0.736982     0.722714     0.704593     0.682682     0.657046     0.627749     0.594842     0.558373     0.518373     0.474864     0.427855     0.377346     0.323326     0.265782     0.204694     0.140044     0.071817     0.000000
    0.018531     0.072329     0.141067     0.206223     0.267805     0.325822     0.380282     0.431185     0.478526     0.522291     0.562456     0.598987     0.631842     0.660969     0.686313     0.707815     0.725421     0.739079     0.748752     0.754410     0.756044     0.753659     0.747276     0.736932     0.722678     0.704571     0.682675     0.657055     0.627771     0.594878     0.558419     0.518427     0.474923     0.427916     0.377406     0.323383     0.265832     0.204735     0.140074     0.071833     0.000000
    0.018534     0.072339     0.141086     0.206248     0.267834     0.325854     0.380313     0.431213     0.478548     0.522306     0.562461     0.598981     0.631824     0.660938     0.686270     0.707761     0.725357     0.739008     0.748676     0.754334     0.755970     0.753590     0.747216     0.736883     0.722642     0.704549     0.682669     0.657064     0.627794     0.594913     0.558464     0.518480     0.474981     0.427977     0.377466     0.323439     0.265881     0.204775     0.140103     0.071848     0.000000
    0.018537     0.072349     0.141105     0.206273     0.267863     0.325885     0.380343     0.431240     0.478570     0.522320     0.562466     0.598975     0.631805     0.660908     0.686227     0.707707     0.725294     0.738938     0.748602     0.754258     0.755897     0.753522     0.747156     0.736834     0.722606     0.704528     0.682663     0.657072     0.627817     0.594948     0.558509     0.518533     0.475039     0.428037     0.377525     0.323494     0.265930     0.204815     0.140131     0.071863     0.000000
    0.018540     0.072360     0.141123     0.206298     0.267892     0.325915     0.380373     0.431267     0.478592     0.522334     0.562471     0.598969     0.631787     0.660877     0.686185     0.707654     0.725231     0.738869     0.748528     0.754184     0.755824     0.753455     0.747097     0.736786     0.722571     0.704507     0.682656     0.657081     0.627839     0.594982     0.558554     0.518585     0.475096     0.428096     0.377583     0.323548     0.265978     0.204854     0.140160     0.071878     0.000000
    0.018543     0.072370     0.141141     0.206322     0.267920     0.325945     0.380402     0.431294     0.478613     0.522348     0.562475     0.598963     0.631770     0.660848     0.686143     0.707602     0.725170     0.738800     0.748456     0.754110     0.755752     0.753388     0.747039     0.736739     0.722536     0.704486     0.682650     0.657089     0.627861     0.595016     0.558598     0.518637     0.475153     0.428154     0.377640     0.323602     0.266026     0.204893     0.140188     0.071893     0.000000
    0.018545     0.072380     0.141159     0.206346     0.267948     0.325975     0.380432     0.431320     0.478634     0.522362     0.562480     0.598957     0.631752     0.660818     0.686102     0.707550     0.725109     0.738733     0.748384     0.754037     0.755681     0.753323     0.746981     0.736692     0.722502     0.704466     0.682644     0.657098     0.627883     0.595050     0.558642     0.518688     0.475209     0.428212     0.377697     0.323656     0.266073     0.204932     0.140215     0.071908     0.000000
    0.018548     0.072389     0.141177     0.206370     0.267976     0.326004     0.380460     0.431346     0.478655     0.522375     0.562484     0.598951     0.631735     0.660789     0.686061     0.707499     0.725049     0.738666     0.748313     0.753965     0.755612     0.753258     0.746924     0.736646     0.722468     0.704446     0.682639     0.657106     0.627904     0.595083     0.558685     0.518739     0.475264     0.428269     0.377754     0.323708     0.266119     0.204970     0.140242     0.071923     0.000000
    0.018551     0.072399     0.141195     0.206393     0.268003     0.326033     0.380489     0.431371     0.478675     0.522388     0.562489     0.598945     0.631717     0.660760     0.686021     0.707448     0.724989     0.738600     0.748243     0.753894     0.755542     0.753194     0.746868     0.736600     0.722435     0.704426     0.682633     0.657114     0.627925     0.595116     0.558727     0.518788     0.475318     0.428326     0.377809     0.323760     0.266165     0.205007     0.140269     0.071937     0.000000
    0.018553     0.072409     0.141212     0.206416     0.268030     0.326062     0.380516     0.431396     0.478695     0.522402     0.562493     0.598939     0.631700     0.660731     0.685981     0.707398     0.724931     0.738535     0.748174     0.753823     0.755474     0.753131     0.746813     0.736555     0.722402     0.704407     0.682627     0.657122     0.627947     0.595149     0.558770     0.518838     0.475372     0.428381     0.377864     0.323812     0.266210     0.205044     0.140296     0.071951     0.000000
    0.018556     0.072418     0.141229     0.206439     0.268057     0.326090     0.380544     0.431421     0.478715     0.522414     0.562497     0.598933     0.631683     0.660703     0.685942     0.707349     0.724873     0.738470     0.748105     0.753754     0.755407     0.753068     0.746758     0.736510     0.722369     0.704387     0.682622     0.657130     0.627967     0.595181     0.558811     0.518886     0.475426     0.428437     0.377918     0.323862     0.266255     0.205081     0.140322     0.071965     0.000000
    0.018558     0.072427     0.141246     0.206461     0.268083     0.326117     0.380571     0.431445     0.478735     0.522427     0.562501     0.598927     0.631667     0.660675     0.685903     0.707300     0.724815     0.738406     0.748038     0.753685     0.755340     0.753007     0.746704     0.736467     0.722337     0.704368     0.682616     0.657138     0.627988     0.595213     0.558852     0.518935     0.475478     0.428491     0.377972     0.323913     0.266300     0.205117     0.140348     0.071979     0.000000
    0.018561     0.072437     0.141262     0.206484     0.268109     0.326145     0.380598     0.431469     0.478754     0.522440     0.562505     0.598921     0.631650     0.660648     0.685865     0.707251     0.724759     0.738343     0.747971     0.753618     0.755274     0.752946     0.746651     0.736423     0.722306     0.704350     0.682611     0.657146     0.628009     0.595245     0.558893     0.518982     0.475530     0.428545     0.378025     0.323962     0.266343     0.205153     0.140374     0.071993     0.000000
    0.018563     0.072446     0.141279     0.206506     0.268134     0.326172     0.380625     0.431493     0.478773     0.522452     0.562509     0.598915     0.631634     0.660620     0.685827     0.707204     0.724703     0.738281     0.747905     0.753551     0.755209     0.752886     0.746598     0.736380     0.722274     0.704331     0.682606     0.657154     0.628029     0.595276     0.558933     0.519029     0.475582     0.428598     0.378077     0.324011     0.266387     0.205188     0.140399     0.072006     0.000000
    0.018566     0.072455     0.141295     0.206527     0.268159     0.326199     0.380651     0.431517     0.478792     0.522464     0.562513     0.598910     0.631617     0.660593     0.685789     0.707157     0.724647     0.738220     0.747840     0.753485     0.755145     0.752826     0.746546     0.736338     0.722243     0.704313     0.682601     0.657162     0.628049     0.595307     0.558973     0.519076     0.475633     0.428651     0.378129     0.324060     0.266429     0.205223     0.140424     0.072020     0.000000
    0.018568     0.072463     0.141311     0.206548     0.268184     0.326225     0.380676     0.431540     0.478810     0.522476     0.562517     0.598904     0.631601     0.660567     0.685752     0.707110     0.724593     0.738159     0.747775     0.753419     0.755082     0.752768     0.746495     0.736296     0.722213     0.704295     0.682596     0.657170     0.628069     0.595337     0.559013     0.519122     0.475683     0.428703     0.378180     0.324107     0.266472     0.205257     0.140449     0.072033     0.000000
    0.018571     0.072472     0.141327     0.206569     0.268208     0.326251     0.380702     0.431563     0.478828     0.522488     0.562520     0.598898     0.631586     0.660540     0.685716     0.707064     0.724539     0.738099     0.747712     0.753355     0.755019     0.752710     0.746444     0.736255     0.722183     0.704277     0.682591     0.657178     0.628089     0.595368     0.559052     0.519168     0.475733     0.428754     0.378231     0.324155     0.266513     0.205291     0.140473     0.072046     0.000000
    0.018573     0.072481     0.141342     0.206590     0.268233     0.326276     0.380727     0.431585     0.478846     0.522499     0.562524     0.598892     0.631570     0.660514     0.685679     0.707018     0.724485     0.738040     0.747649     0.753291     0.754957     0.752652     0.746394     0.736214     0.722153     0.704260     0.682586     0.657186     0.628108     0.595397     0.559090     0.519213     0.475782     0.428805     0.378281     0.324201     0.266555     0.205325     0.140498     0.072059     0.000000
    0.018575     0.072489     0.141358     0.206611     0.268256     0.326302     0.380752     0.431607     0.478864     0.522511     0.562527     0.598887     0.631554     0.660488     0.685643     0.706973     0.724433     0.737981     0.747587     0.753228     0.754896     0.752596     0.746345     0.736174     0.722124     0.704243     0.682582     0.657193     0.628127     0.595427     0.559128     0.519257     0.475830     0.428855     0.378330     0.324248     0.266595     0.205358     0.140521     0.072072     0.000000
    0.018578     0.072498     0.141373     0.206631     0.268280     0.326327     0.380776     0.431629     0.478882     0.522522     0.562531     0.598881     0.631539     0.660463     0.685608     0.706929     0.724381     0.737923     0.747526     0.753166     0.754836     0.752540     0.746296     0.736135     0.722095     0.704226     0.682577     0.657201     0.628146     0.595456     0.559166     0.519301     0.475878     0.428905     0.378379     0.324293     0.266636     0.205391     0.140545     0.072084     0.000000
    0.018580     0.072506     0.141388     0.206651     0.268303     0.326351     0.380800     0.431651     0.478899     0.522533     0.562534     0.598876     0.631523     0.660437     0.685573     0.706885     0.724329     0.737866     0.747465     0.753105     0.754776     0.752485     0.746248     0.736095     0.722067     0.704209     0.682573     0.657209     0.628165     0.595485     0.559203     0.519344     0.475926     0.428954     0.378427     0.324338     0.266675     0.205424     0.140568     0.072097     0.000000
    0.018582     0.072514     0.141402     0.206671     0.268326     0.326375     0.380824     0.431672     0.478916     0.522544     0.562537     0.598870     0.631508     0.660412     0.685538     0.706841     0.724278     0.737810     0.747405     0.753044     0.754718     0.752431     0.746200     0.736057     0.722039     0.704193     0.682568     0.657216     0.628184     0.595514     0.559240     0.519387     0.475973     0.429002     0.378475     0.324383     0.266715     0.205456     0.140591     0.072109     0.000000
    0.018584     0.072522     0.141417     0.206690     0.268349     0.326399     0.380847     0.431693     0.478932     0.522554     0.562541     0.598865     0.631493     0.660388     0.685504     0.706799     0.724228     0.737754     0.747346     0.752984     0.754659     0.752377     0.746153     0.736019     0.722011     0.704176     0.682564     0.657224     0.628202     0.595542     0.559276     0.519430     0.476019     0.429050     0.378522     0.324427     0.266754     0.205487     0.140614     0.072121     0.000000
    0.018586     0.072530     0.141431     0.206709     0.268371     0.326423     0.380870     0.431714     0.478949     0.522565     0.562544     0.598859     0.631479     0.660363     0.685470     0.706756     0.724178     0.737699     0.747288     0.752925     0.754602     0.752324     0.746107     0.735981     0.721984     0.704160     0.682560     0.657231     0.628221     0.595570     0.559312     0.519472     0.476065     0.429097     0.378568     0.324470     0.266792     0.205519     0.140637     0.072133     0.000000
    0.018589     0.072538     0.141445     0.206728     0.268393     0.326446     0.380893     0.431734     0.478965     0.522575     0.562547     0.598854     0.631464     0.660339     0.685437     0.706714     0.724129     0.737644     0.747230     0.752866     0.754545     0.752271     0.746061     0.735944     0.721957     0.704144     0.682555     0.657238     0.628239     0.595598     0.559348     0.519513     0.476110     0.429144     0.378614     0.324513     0.266830     0.205550     0.140659     0.072145     0.000000
    0.018591     0.072546     0.141459     0.206747     0.268415     0.326469     0.380915     0.431754     0.478981     0.522586     0.562550     0.598848     0.631449     0.660315     0.685404     0.706673     0.724081     0.737590     0.747173     0.752809     0.754489     0.752219     0.746016     0.735907     0.721930     0.704129     0.682551     0.657246     0.628257     0.595625     0.559383     0.519554     0.476155     0.429190     0.378660     0.324556     0.266867     0.205580     0.140681     0.072157     0.000000
    0.018593     0.072553     0.141473     0.206765     0.268436     0.326492     0.380938     0.431774     0.478997     0.522596     0.562553     0.598843     0.631435     0.660291     0.685371     0.706632     0.724033     0.737537     0.747117     0.752751     0.754434     0.752168     0.745971     0.735871     0.721904     0.704114     0.682547     0.657253     0.628275     0.595652     0.559418     0.519595     0.476199     0.429236     0.378705     0.324598     0.266904     0.205610     0.140702     0.072168     0.000000
    0.018595     0.072561     0.141487     0.206783     0.268457     0.326514     0.380960     0.431794     0.479012     0.522605     0.562555     0.598838     0.631421     0.660268     0.685339     0.706591     0.723985     0.737485     0.747061     0.752695     0.754379     0.752118     0.745927     0.735835     0.721878     0.704098     0.682544     0.657260     0.628292     0.595679     0.559452     0.519635     0.476243     0.429281     0.378749     0.324639     0.266941     0.205640     0.140724     0.072180     0.000000
    0.018597     0.072568     0.141500     0.206801     0.268478     0.326536     0.380981     0.431813     0.479028     0.522615     0.562558     0.598832     0.631407     0.660245     0.685307     0.706551     0.723938     0.737433     0.747006     0.752639     0.754325     0.752068     0.745884     0.735800     0.721852     0.704084     0.682540     0.657267     0.628310     0.595705     0.559486     0.519675     0.476286     0.429326     0.378793     0.324680     0.266977     0.205670     0.140745     0.072191     0.000000
    0.018599     0.072576     0.141514     0.206819     0.268499     0.326558     0.381002     0.431832     0.479043     0.522625     0.562561     0.598827     0.631393     0.660222     0.685275     0.706512     0.723892     0.737381     0.746952     0.752584     0.754272     0.752019     0.745841     0.735765     0.721827     0.704069     0.682536     0.657274     0.628327     0.595732     0.559520     0.519714     0.476329     0.429370     0.378836     0.324721     0.267013     0.205699     0.140766     0.072202     0.000000
    0.018601     0.072583     0.141527     0.206837     0.268519     0.326580     0.381023     0.431851     0.479058     0.522634     0.562563     0.598822     0.631379     0.660199     0.685244     0.706473     0.723846     0.737331     0.746898     0.752530     0.754219     0.751970     0.745798     0.735730     0.721802     0.704054     0.682532     0.657281     0.628344     0.595758     0.559553     0.519753     0.476371     0.429413     0.378879     0.324761     0.267048     0.205728     0.140786     0.072213     0.000000
    0.018603     0.072590     0.141540     0.206854     0.268539     0.326601     0.381044     0.431869     0.479072     0.522644     0.562566     0.598817     0.631365     0.660177     0.685213     0.706434     0.723801     0.737281     0.746845     0.752476     0.754167     0.751922     0.745756     0.735697     0.721777     0.704040     0.682529     0.657288     0.628361     0.595783     0.559586     0.519791     0.476413     0.429456     0.378921     0.324800     0.267083     0.205756     0.140807     0.072224     0.000000
    0.018605     0.072597     0.141552     0.206871     0.268559     0.326622     0.381065     0.431888     0.479087     0.522653     0.562569     0.598811     0.631352     0.660155     0.685183     0.706396     0.723757     0.737231     0.746793     0.752423     0.754116     0.751875     0.745715     0.735663     0.721753     0.704026     0.682525     0.657295     0.628377     0.595809     0.559618     0.519829     0.476454     0.429499     0.378963     0.324840     0.267117     0.205784     0.140827     0.072235     0.000000
    0.018607     0.072604     0.141565     0.206888     0.268578     0.326642     0.381085     0.431906     0.479101     0.522662     0.562571     0.598806     0.631338     0.660133     0.685152     0.706358     0.723712     0.737182     0.746741     0.752371     0.754065     0.751828     0.745674     0.735630     0.721729     0.704012     0.682522     0.657302     0.628394     0.595834     0.559650     0.519866     0.476495     0.429541     0.379005     0.324878     0.267151     0.205812     0.140847     0.072246     0.000000
    0.018609     0.072611     0.141577     0.206904     0.268597     0.326663     0.381105     0.431923     0.479115     0.522670     0.562573     0.598801     0.631325     0.660111     0.685123     0.706321     0.723669     0.737134     0.746690     0.752319     0.754015     0.751781     0.745634     0.735597     0.721706     0.703998     0.682519     0.657309     0.628410     0.595858     0.559682     0.519903     0.476535     0.429583     0.379045     0.324916     0.267185     0.205839     0.140867     0.072256     0.000000
    0.018610     0.072618     0.141590     0.206921     0.268616     0.326683     0.381124     0.431941     0.479129     0.522679     0.562576     0.598796     0.631312     0.660090     0.685093     0.706284     0.723626     0.737086     0.746639     0.752268     0.753965     0.751736     0.745594     0.735565     0.721682     0.703985     0.682515     0.657316     0.628427     0.595883     0.559714     0.519940     0.476575     0.429624     0.379086     0.324954     0.267218     0.205866     0.140886     0.072266     0.000000
    0.018612     0.072624     0.141602     0.206937     0.268635     0.326703     0.381144     0.431958     0.479143     0.522688     0.562578     0.598791     0.631299     0.660069     0.685064     0.706247     0.723583     0.737039     0.746589     0.752218     0.753917     0.751691     0.745554     0.735533     0.721659     0.703972     0.682512     0.657323     0.628443     0.595907     0.559745     0.519976     0.476614     0.429664     0.379126     0.324991     0.267251     0.205893     0.140905     0.072277     0.000000
    0.018614     0.072631     0.141614     0.206953     0.268654     0.326722     0.381163     0.431975     0.479156     0.522696     0.562580     0.598786     0.631286     0.660048     0.685035     0.706211     0.723541     0.736992     0.746540     0.752168     0.753868     0.751646     0.745516     0.735502     0.721637     0.703959     0.682509     0.657329     0.628459     0.595931     0.559775     0.520012     0.476653     0.429705     0.379165     0.325028     0.267284     0.205920     0.140924     0.072287     0.000000
    0.018616     0.072638     0.141625     0.206968     0.268672     0.326742     0.381181     0.431992     0.479169     0.522705     0.562582     0.598781     0.631273     0.660027     0.685007     0.706176     0.723500     0.736946     0.746491     0.752118     0.753820     0.751602     0.745477     0.735471     0.721614     0.703946     0.682506     0.657336     0.628474     0.595955     0.559806     0.520047     0.476692     0.429744     0.379204     0.325065     0.267316     0.205946     0.140943     0.072297     0.000000
    0.018618     0.072644     0.141637     0.206984     0.268690     0.326761     0.381200     0.432008     0.479182     0.522713     0.562584     0.598776     0.631261     0.660006     0.684978     0.706141     0.723458     0.736901     0.746443     0.752070     0.753773     0.751558     0.745439     0.735440     0.721592     0.703933     0.682503     0.657342     0.628490     0.595978     0.559836     0.520082     0.476730     0.429783     0.379243     0.325100     0.267347     0.205972     0.140962     0.072307     0.000000
    0.018619     0.072650     0.141649     0.206999     0.268708     0.326779     0.381218     0.432025     0.479195     0.522721     0.562586     0.598771     0.631248     0.659986     0.684951     0.706106     0.723418     0.736856     0.746396     0.752022     0.753727     0.751516     0.745402     0.735410     0.721570     0.703920     0.682500     0.657349     0.628505     0.596002     0.559866     0.520117     0.476767     0.429822     0.379281     0.325136     0.267379     0.205997     0.140980     0.072316     0.000000
    0.018621     0.072657     0.141660     0.207014     0.268725     0.326798     0.381236     0.432041     0.479208     0.522729     0.562588     0.598766     0.631236     0.659966     0.684923     0.706072     0.723378     0.736811     0.746349     0.751974     0.753681     0.751473     0.745365     0.735380     0.721549     0.703908     0.682497     0.657356     0.628520     0.596025     0.559895     0.520151     0.476804     0.429861     0.379318     0.325171     0.267410     0.206022     0.140998     0.072326     0.000000
    0.018623     0.072663     0.141671     0.207029     0.268742     0.326816     0.381254     0.432057     0.479220     0.522736     0.562590     0.598761     0.631224     0.659946     0.684896     0.706038     0.723338     0.736768     0.746302     0.751927     0.753635     0.751431     0.745328     0.735350     0.721527     0.703896     0.682494     0.657362     0.628536     0.596047     0.559924     0.520185     0.476841     0.429898     0.379355     0.325206     0.267440     0.206047     0.141016     0.072336     0.000000
    0.018624     0.072669     0.141682     0.207044     0.268760     0.326834     0.381272     0.432072     0.479233     0.522744     0.562592     0.598756     0.631211     0.659927     0.684869     0.706004     0.723299     0.736724     0.746257     0.751881     0.753591     0.751390     0.745292     0.735321     0.721507     0.703884     0.682492     0.657368     0.628550     0.596070     0.559953     0.520218     0.476877     0.429936     0.379392     0.325240     0.267471     0.206072     0.141033     0.072345     0.000000
    0.018626     0.072675     0.141693     0.207058     0.268776     0.326852     0.381289     0.432088     0.479245     0.522752     0.562594     0.598752     0.631199     0.659907     0.684842     0.705971     0.723260     0.736681     0.746211     0.751835     0.753546     0.751349     0.745257     0.735293     0.721486     0.703872     0.682489     0.657375     0.628565     0.596092     0.559981     0.520251     0.476913     0.429973     0.379428     0.325274     0.267500     0.206096     0.141051     0.072354     0.000000
    0.018628     0.072681     0.141704     0.207073     0.268793     0.326870     0.381306     0.432103     0.479257     0.522759     0.562596     0.598747     0.631188     0.659888     0.684816     0.705938     0.723222     0.736639     0.746167     0.751790     0.753503     0.751309     0.745222     0.735264     0.721465     0.703860     0.682486     0.657381     0.628580     0.596114     0.560009     0.520284     0.476949     0.430009     0.379464     0.325308     0.267530     0.206120     0.141068     0.072364     0.000000
    0.018629     0.072687     0.141714     0.207087     0.268809     0.326887     0.381323     0.432118     0.479269     0.522766     0.562597     0.598742     0.631176     0.659869     0.684790     0.705906     0.723184     0.736597     0.746122     0.751745     0.753459     0.751269     0.745187     0.735236     0.721445     0.703849     0.682484     0.657387     0.628594     0.596136     0.560037     0.520316     0.476984     0.430045     0.379500     0.325341     0.267559     0.206144     0.141085     0.072373     0.000000
    0.018631     0.072693     0.141725     0.207101     0.268826     0.326904     0.381340     0.432133     0.479280     0.522774     0.562599     0.598737     0.631164     0.659850     0.684764     0.705874     0.723147     0.736556     0.746079     0.751701     0.753417     0.751230     0.745153     0.735209     0.721425     0.703837     0.682481     0.657393     0.628609     0.596158     0.560064     0.520348     0.477018     0.430081     0.379535     0.325373     0.267588     0.206168     0.141102     0.072382     0.000000
    0.018632     0.072698     0.141735     0.207115     0.268842     0.326921     0.381356     0.432147     0.479292     0.522781     0.562601     0.598733     0.631153     0.659832     0.684739     0.705842     0.723110     0.736515     0.746036     0.751657     0.753374     0.751191     0.745119     0.735181     0.721406     0.703826     0.682479     0.657400     0.628623     0.596179     0.560092     0.520379     0.477053     0.430116     0.379569     0.325406     0.267616     0.206191     0.141119     0.072390     0.000000
    0.018634     0.072704     0.141745     0.207128     0.268857     0.326938     0.381372     0.432162     0.479303     0.522788     0.562602     0.598728     0.631141     0.659813     0.684714     0.705811     0.723073     0.736475     0.745993     0.751614     0.753333     0.751152     0.745086     0.735154     0.721387     0.703815     0.682476     0.657406     0.628637     0.596200     0.560118     0.520410     0.477086     0.430151     0.379604     0.325438     0.267644     0.206214     0.141135     0.072399     0.000000
    0.018636     0.072710     0.141755     0.207142     0.268873     0.326954     0.381388     0.432176     0.479314     0.522794     0.562604     0.598723     0.631130     0.659795     0.684689     0.705780     0.723037     0.736435     0.745951     0.751572     0.753292     0.751114     0.745053     0.735128     0.721367     0.703804     0.682474     0.657412     0.628651     0.596221     0.560145     0.520441     0.477120     0.430186     0.379637     0.325469     0.267672     0.206236     0.141151     0.072408     0.000000
    0.018637     0.072715     0.141765     0.207155     0.268888     0.326970     0.381404     0.432190     0.479325     0.522801     0.562605     0.598719     0.631119     0.659777     0.684664     0.705749     0.723002     0.736395     0.745909     0.751530     0.753251     0.751077     0.745020     0.735102     0.721349     0.703794     0.682472     0.657418     0.628665     0.596241     0.560171     0.520472     0.477153     0.430220     0.379671     0.325500     0.267700     0.206259     0.141167     0.072416     0.000000
    0.018639     0.072720     0.141775     0.207168     0.268903     0.326986     0.381420     0.432204     0.479336     0.522808     0.562607     0.598714     0.631108     0.659759     0.684640     0.705719     0.722966     0.736357     0.745868     0.751488     0.753211     0.751040     0.744988     0.735076     0.721330     0.703783     0.682470     0.657424     0.628678     0.596262     0.560197     0.520502     0.477186     0.430254     0.379704     0.325531     0.267727     0.206281     0.141183     0.072425     0.000000
    0.018640     0.072726     0.141785     0.207181     0.268918     0.327002     0.381435     0.432217     0.479346     0.522814     0.562608     0.598710     0.631097     0.659742     0.684616     0.705689     0.722932     0.736318     0.745828     0.751447     0.753171     0.751004     0.744956     0.735050     0.721312     0.703773     0.682467     0.657430     0.628692     0.596282     0.560223     0.520531     0.477218     0.430287     0.379736     0.325562     0.267754     0.206303     0.141199     0.072433     0.000000
    0.018641     0.072731     0.141794     0.207193     0.268933     0.327017     0.381450     0.432231     0.479357     0.522821     0.562609     0.598705     0.631086     0.659724     0.684592     0.705660     0.722897     0.736280     0.745788     0.751407     0.753132     0.750967     0.744925     0.735025     0.721294     0.703763     0.682465     0.657436     0.628705     0.596302     0.560248     0.520561     0.477250     0.430320     0.379769     0.325592     0.267780     0.206324     0.141214     0.072441     0.000000
    0.018643     0.072736     0.141804     0.207206     0.268948     0.327033     0.381465     0.432244     0.479367     0.522827     0.562611     0.598701     0.631075     0.659707     0.684569     0.705630     0.722863     0.736243     0.745748     0.751367     0.753093     0.750932     0.744894     0.735000     0.721276     0.703753     0.682463     0.657441     0.628718     0.596322     0.560273     0.520590     0.477282     0.430352     0.379801     0.325621     0.267806     0.206346     0.141229     0.072450     0.000000
    0.018644     0.072741     0.141813     0.207218     0.268962     0.327048     0.381480     0.432257     0.479377     0.522833     0.562612     0.598696     0.631064     0.659690     0.684546     0.705602     0.722830     0.736205     0.745709     0.751327     0.753055     0.750897     0.744864     0.734975     0.721258     0.703743     0.682461     0.657447     0.628731     0.596341     0.560298     0.520619     0.477313     0.430384     0.379832     0.325651     0.267832     0.206367     0.141245     0.072458     0.000000
    0.018646     0.072747     0.141822     0.207231     0.268976     0.327063     0.381494     0.432270     0.479388     0.522839     0.562613     0.598692     0.631054     0.659673     0.684523     0.705573     0.722797     0.736169     0.745670     0.751288     0.753018     0.750862     0.744833     0.734951     0.721241     0.703733     0.682459     0.657453     0.628744     0.596360     0.560323     0.520647     0.477344     0.430416     0.379863     0.325680     0.267858     0.206387     0.141259     0.072466     0.000000
    0.018647     0.072752     0.141831     0.207243     0.268990     0.327078     0.381508     0.432283     0.479397     0.522845     0.562614     0.598687     0.631043     0.659657     0.684500     0.705545     0.722764     0.736133     0.745632     0.751250     0.752980     0.750828     0.744804     0.734927     0.721224     0.703723     0.682457     0.657459     0.628757     0.596379     0.560347     0.520675     0.477374     0.430447     0.379894     0.325708     0.267883     0.206408     0.141274     0.072473     0.000000
    0.018648     0.072757     0.141840     0.207254     0.269004     0.327092     0.381522     0.432295     0.479407     0.522851     0.562615     0.598683     0.631033     0.659640     0.684478     0.705517     0.722731     0.736097     0.745594     0.751211     0.752944     0.750794     0.744774     0.734904     0.721207     0.703714     0.682456     0.657464     0.628770     0.596398     0.560371     0.520703     0.477404     0.430478     0.379924     0.325737     0.267908     0.206428     0.141289     0.072481     0.000000
    0.018650     0.072761     0.141849     0.207266     0.269017     0.327106     0.381536     0.432307     0.479417     0.522857     0.562617     0.598679     0.631023     0.659624     0.684456     0.705490     0.722699     0.736061     0.745557     0.751174     0.752907     0.750760     0.744745     0.734880     0.721190     0.703704     0.682454     0.657470     0.628782     0.596417     0.560395     0.520730     0.477434     0.430509     0.379954     0.325765     0.267933     0.206448     0.141303     0.072489     0.000000
    0.018651     0.072766     0.141858     0.207278     0.269031     0.327121     0.381550     0.432320     0.479426     0.522863     0.562618     0.598674     0.631013     0.659608     0.684434     0.705462     0.722668     0.736027     0.745520     0.751137     0.752871     0.750727     0.744717     0.734857     0.721174     0.703695     0.682452     0.657476     0.628795     0.596435     0.560418     0.520758     0.477463     0.430539     0.379984     0.325793     0.267957     0.206468     0.141317     0.072496     0.000000
    0.018652     0.072771     0.141866     0.207289     0.269044     0.327135     0.381564     0.432332     0.479435     0.522868     0.562619     0.598670     0.631003     0.659592     0.684412     0.705435     0.722636     0.735992     0.745484     0.751100     0.752836     0.750695     0.744688     0.734834     0.721158     0.703686     0.682450     0.657481     0.628807     0.596454     0.560441     0.520784     0.477493     0.430569     0.380013     0.325820     0.267981     0.206488     0.141331     0.072504     0.000000
    0.018654     0.072776     0.141875     0.207301     0.269057     0.327148     0.381577     0.432343     0.479445     0.522874     0.562620     0.598666     0.630993     0.659576     0.684391     0.705409     0.722606     0.735958     0.745448     0.751064     0.752801     0.750663     0.744660     0.734812     0.721142     0.703677     0.682449     0.657487     0.628819     0.596472     0.560464     0.520811     0.477521     0.430599     0.380042     0.325847     0.268005     0.206507     0.141345     0.072511     0.000000
    0.018655     0.072780     0.141883     0.207312     0.269070     0.327162     0.381590     0.432355     0.479454     0.522879     0.562621     0.598662     0.630983     0.659561     0.684369     0.705383     0.722575     0.735924     0.745412     0.751028     0.752766     0.750631     0.744633     0.734790     0.721126     0.703668     0.682447     0.657492     0.628831     0.596490     0.560487     0.520837     0.477550     0.430628     0.380071     0.325874     0.268028     0.206526     0.141359     0.072519     0.000000
    0.018656     0.072785     0.141891     0.207323     0.269083     0.327175     0.381603     0.432367     0.479463     0.522885     0.562621     0.598658     0.630973     0.659545     0.684348     0.705357     0.722545     0.735891     0.745377     0.750992     0.752732     0.750599     0.744605     0.734768     0.721110     0.703659     0.682445     0.657498     0.628843     0.596507     0.560509     0.520863     0.477578     0.430657     0.380099     0.325900     0.268052     0.206545     0.141373     0.072526     0.000000
    0.018657     0.072789     0.141900     0.207333     0.269095     0.327189     0.381616     0.432378     0.479471     0.522890     0.562622     0.598653     0.630964     0.659530     0.684328     0.705331     0.722515     0.735858     0.745343     0.750958     0.752698     0.750568     0.744579     0.734746     0.721095     0.703651     0.682444     0.657503     0.628855     0.596525     0.560531     0.520889     0.477606     0.430686     0.380127     0.325926     0.268074     0.206564     0.141386     0.072533     0.000000
    0.018659     0.072794     0.141908     0.207344     0.269108     0.327202     0.381629     0.432389     0.479480     0.522895     0.562623     0.598649     0.630954     0.659515     0.684307     0.705306     0.722486     0.735826     0.745308     0.750923     0.752665     0.750538     0.744552     0.734725     0.721080     0.703642     0.682442     0.657508     0.628867     0.596542     0.560553     0.520914     0.477633     0.430714     0.380155     0.325952     0.268097     0.206582     0.141399     0.072540     0.000000
    0.018660     0.072798     0.141916     0.207355     0.269120     0.327214     0.381641     0.432400     0.479489     0.522900     0.562624     0.598645     0.630945     0.659500     0.684287     0.705281     0.722456     0.735793     0.745275     0.750889     0.752632     0.750508     0.744526     0.734704     0.721065     0.703634     0.682441     0.657514     0.628878     0.596559     0.560575     0.520939     0.477660     0.430742     0.380182     0.325977     0.268120     0.206601     0.141412     0.072547     0.000000
    0.018661     0.072803     0.141923     0.207365     0.269132     0.327227     0.381653     0.432411     0.479497     0.522905     0.562625     0.598641     0.630935     0.659485     0.684267     0.705256     0.722428     0.735762     0.745241     0.750855     0.752600     0.750478     0.744500     0.734683     0.721050     0.703626     0.682440     0.657519     0.628890     0.596576     0.560596     0.520964     0.477687     0.430769     0.380209     0.326003     0.268142     0.206619     0.141425     0.072554     0.000000
    0.018662     0.072807     0.141931     0.207375     0.269144     0.327240     0.381665     0.432422     0.479505     0.522910     0.562625     0.598637     0.630926     0.659471     0.684247     0.705231     0.722399     0.735730     0.745208     0.750822     0.752567     0.750448     0.744474     0.734663     0.721035     0.703618     0.682438     0.657524     0.628901     0.596593     0.560618     0.520988     0.477714     0.430797     0.380236     0.326027     0.268164     0.206636     0.141438     0.072561     0.000000
    0.018663     0.072811     0.141939     0.207386     0.269155     0.327252     0.381677     0.432432     0.479513     0.522915     0.562626     0.598633     0.630917     0.659456     0.684228     0.705207     0.722371     0.735699     0.745176     0.750789     0.752536     0.750419     0.744449     0.734642     0.721021     0.703610     0.682437     0.657529     0.628913     0.596610     0.560638     0.521013     0.477740     0.430824     0.380262     0.326052     0.268185     0.206654     0.141450     0.072567     0.000000
    0.018665     0.072815     0.141946     0.207396     0.269167     0.327264     0.381689     0.432443     0.479521     0.522920     0.562627     0.598629     0.630908     0.659442     0.684208     0.705183     0.722343     0.735669     0.745143     0.750756     0.752504     0.750390     0.744424     0.734623     0.721007     0.703602     0.682436     0.657534     0.628924     0.596626     0.560659     0.521037     0.477766     0.430850     0.380289     0.326076     0.268207     0.206671     0.141463     0.072574     0.000000
    0.018666     0.072819     0.141954     0.207405     0.269178     0.327276     0.381701     0.432453     0.479529     0.522924     0.562628     0.598625     0.630899     0.659428     0.684189     0.705160     0.722316     0.735639     0.745111     0.750724     0.752474     0.750362     0.744400     0.734603     0.720993     0.703594     0.682434     0.657539     0.628935     0.596642     0.560680     0.521060     0.477791     0.430877     0.380314     0.326100     0.268228     0.206689     0.141475     0.072581     0.000000
    0.018667     0.072824     0.141961     0.207415     0.269190     0.327288     0.381712     0.432463     0.479537     0.522929     0.562628     0.598621     0.630890     0.659414     0.684170     0.705136     0.722289     0.735609     0.745080     0.750693     0.752443     0.750334     0.744375     0.734583     0.720979     0.703587     0.682433     0.657544     0.628946     0.596658     0.560700     0.521084     0.477817     0.430903     0.380340     0.326124     0.268249     0.206706     0.141487     0.072587     0.000000
    0.018668     0.072828     0.141968     0.207425     0.269201     0.327300     0.381724     0.432473     0.479545     0.522933     0.562629     0.598617     0.630881     0.659400     0.684152     0.705113     0.722262     0.735579     0.745049     0.750661     0.752413     0.750306     0.744351     0.734564     0.720965     0.703579     0.682432     0.657549     0.628956     0.596674     0.560720     0.521107     0.477842     0.430928     0.380365     0.326147     0.268269     0.206722     0.141499     0.072593     0.000000
    0.018669     0.072832     0.141975     0.207434     0.269212     0.327311     0.381735     0.432483     0.479552     0.522938     0.562629     0.598613     0.630872     0.659386     0.684133     0.705090     0.722236     0.735550     0.745018     0.750630     0.752383     0.750279     0.744328     0.734545     0.720952     0.703572     0.682431     0.657554     0.628967     0.596690     0.560740     0.521129     0.477866     0.430954     0.380390     0.326171     0.268290     0.206739     0.141511     0.072600     0.000000
    0.018670     0.072835     0.141982     0.207444     0.269223     0.327323     0.381746     0.432492     0.479560     0.522942     0.562630     0.598609     0.630864     0.659373     0.684115     0.705068     0.722209     0.735521     0.744988     0.750600     0.752354     0.750252     0.744304     0.734526     0.720939     0.703565     0.682430     0.657559     0.628977     0.596705     0.560759     0.521152     0.477891     0.430979     0.380414     0.326193     0.268310     0.206755     0.141523     0.072606     0.000000
    0.018671     0.072839     0.141989     0.207453     0.269233     0.327334     0.381757     0.432502     0.479567     0.522946     0.562630     0.598605     0.630855     0.659359     0.684097     0.705045     0.722184     0.735493     0.744958     0.750570     0.752324     0.750225     0.744281     0.734508     0.720926     0.703557     0.682428     0.657564     0.628988     0.596721     0.560779     0.521174     0.477915     0.431004     0.380439     0.326216     0.268330     0.206771     0.141534     0.072612     0.000000
    0.018672     0.072843     0.141996     0.207462     0.269244     0.327345     0.381767     0.432511     0.479574     0.522951     0.562631     0.598602     0.630847     0.659346     0.684079     0.705023     0.722158     0.735465     0.744928     0.750540     0.752296     0.750199     0.744258     0.734490     0.720913     0.703550     0.682427     0.657569     0.628998     0.596736     0.560798     0.521196     0.477939     0.431028     0.380463     0.326238     0.268349     0.206787     0.141546     0.072618     0.000000
    0.018673     0.072847     0.142003     0.207471     0.269254     0.327356     0.381778     0.432521     0.479582     0.522955     0.562631     0.598598     0.630838     0.659333     0.684061     0.705002     0.722133     0.735437     0.744899     0.750510     0.752267     0.750173     0.744236     0.734472     0.720900     0.703543     0.682426     0.657574     0.629009     0.596751     0.560817     0.521218     0.477963     0.431052     0.380486     0.326261     0.268369     0.206803     0.141557     0.072624     0.000000
    0.018674     0.072851     0.142010     0.207480     0.269265     0.327367     0.381788     0.432530     0.479589     0.522959     0.562632     0.598594     0.630830     0.659320     0.684044     0.704980     0.722108     0.735409     0.744870     0.750481     0.752239     0.750147     0.744214     0.734454     0.720887     0.703536     0.682425     0.657579     0.629019     0.596766     0.560835     0.521240     0.477986     0.431076     0.380510     0.326282     0.268388     0.206819     0.141568     0.072630     0.000000
    0.018675     0.072854     0.142016     0.207489     0.269275     0.327377     0.381799     0.432539     0.479595     0.522963     0.562632     0.598590     0.630822     0.659307     0.684027     0.704959     0.722083     0.735382     0.744842     0.750453     0.752212     0.750122     0.744192     0.734437     0.720875     0.703530     0.682424     0.657583     0.629029     0.596780     0.560854     0.521261     0.478009     0.431100     0.380533     0.326304     0.268407     0.206834     0.141579     0.072636     0.000000
    0.018676     0.072858     0.142023     0.207497     0.269285     0.327388     0.381809     0.432548     0.479602     0.522967     0.562633     0.598587     0.630814     0.659295     0.684010     0.704938     0.722059     0.735355     0.744814     0.750424     0.752184     0.750097     0.744170     0.734419     0.720863     0.703523     0.682423     0.657588     0.629039     0.596795     0.560872     0.521282     0.478032     0.431123     0.380556     0.326325     0.268425     0.206849     0.141590     0.072642     0.000000
    0.018677     0.072861     0.142029     0.207506     0.269295     0.327398     0.381819     0.432557     0.479609     0.522971     0.562633     0.598583     0.630806     0.659282     0.683993     0.704917     0.722035     0.735329     0.744786     0.750396     0.752157     0.750072     0.744149     0.734402     0.720851     0.703516     0.682423     0.657593     0.629048     0.596809     0.560890     0.521303     0.478054     0.431146     0.380578     0.326346     0.268444     0.206864     0.141601     0.072648     0.000000
    0.018678     0.072865     0.142036     0.207514     0.269304     0.327408     0.381829     0.432565     0.479616     0.522975     0.562633     0.598579     0.630798     0.659270     0.683976     0.704896     0.722011     0.735303     0.744758     0.750369     0.752131     0.750048     0.744128     0.734385     0.720839     0.703510     0.682422     0.657597     0.629058     0.596823     0.560908     0.521324     0.478077     0.431169     0.380601     0.326367     0.268462     0.206879     0.141612     0.072653     0.000000
    0.018679     0.072868     0.142042     0.207523     0.269314     0.327419     0.381838     0.432574     0.479622     0.522978     0.562634     0.598576     0.630790     0.659258     0.683960     0.704876     0.721987     0.735277     0.744731     0.750341     0.752104     0.750023     0.744107     0.734369     0.720827     0.703504     0.682421     0.657602     0.629068     0.596837     0.560926     0.521344     0.478099     0.431192     0.380623     0.326388     0.268480     0.206894     0.141622     0.072659     0.000000
    0.018680     0.072872     0.142048     0.207531     0.269323     0.327429     0.381848     0.432582     0.479629     0.522982     0.562634     0.598572     0.630782     0.659245     0.683943     0.704856     0.721964     0.735251     0.744704     0.750314     0.752078     0.750000     0.744086     0.734352     0.720816     0.703497     0.682420     0.657606     0.629077     0.596851     0.560943     0.521364     0.478120     0.431214     0.380645     0.326408     0.268498     0.206909     0.141633     0.072664     0.000000
    0.018681     0.072875     0.142054     0.207539     0.269333     0.327438     0.381858     0.432590     0.479635     0.522986     0.562634     0.598569     0.630774     0.659233     0.683927     0.704836     0.721941     0.735226     0.744678     0.750288     0.752053     0.749976     0.744066     0.734336     0.720804     0.703491     0.682419     0.657611     0.629087     0.596865     0.560961     0.521384     0.478142     0.431236     0.380666     0.326428     0.268516     0.206923     0.141643     0.072670     0.000000
    0.018682     0.072879     0.142060     0.207547     0.269342     0.327448     0.381867     0.432599     0.479641     0.522989     0.562634     0.598565     0.630767     0.659222     0.683911     0.704816     0.721918     0.735201     0.744651     0.750261     0.752027     0.749953     0.744046     0.734320     0.720793     0.703485     0.682418     0.657615     0.629096     0.596879     0.560978     0.521404     0.478163     0.431258     0.380687     0.326448     0.268533     0.206937     0.141653     0.072675     0.000000
    0.018683     0.072882     0.142066     0.207555     0.269351     0.327458     0.381876     0.432607     0.479647     0.522993     0.562635     0.598562     0.630759     0.659210     0.683896     0.704797     0.721896     0.735176     0.744626     0.750235     0.752002     0.749930     0.744026     0.734304     0.720782     0.703479     0.682418     0.657620     0.629105     0.596892     0.560995     0.521423     0.478184     0.431279     0.380709     0.326467     0.268550     0.206951     0.141663     0.072681     0.000000
    0.018684     0.072885     0.142072     0.207563     0.269360     0.327467     0.381885     0.432615     0.479653     0.522996     0.562635     0.598558     0.630751     0.659198     0.683880     0.704778     0.721874     0.735152     0.744600     0.750209     0.751978     0.749907     0.744006     0.734289     0.720771     0.703473     0.682417     0.657624     0.629114     0.596905     0.561011     0.521442     0.478205     0.431301     0.380729     0.326487     0.268567     0.206965     0.141673     0.072686     0.000000
    0.018685     0.072888     0.142078     0.207570     0.269369     0.327476     0.381894     0.432623     0.479659     0.523000     0.562635     0.598555     0.630744     0.659187     0.683865     0.704759     0.721852     0.735128     0.744575     0.750184     0.751953     0.749885     0.743987     0.734273     0.720760     0.703467     0.682416     0.657628     0.629123     0.596918     0.561028     0.521461     0.478225     0.431322     0.380750     0.326506     0.268584     0.206978     0.141683     0.072691     0.000000
    0.018685     0.072892     0.142084     0.207578     0.269378     0.327486     0.381903     0.432630     0.479665     0.523003     0.562635     0.598551     0.630737     0.659175     0.683849     0.704740     0.721830     0.735104     0.744550     0.750159     0.751929     0.749863     0.743968     0.734258     0.720749     0.703462     0.682416     0.657633     0.629132     0.596931     0.561044     0.521480     0.478246     0.431343     0.380770     0.326525     0.268601     0.206992     0.141692     0.072696     0.000000
    0.018686     0.072895     0.142089     0.207585     0.269386     0.327495     0.381912     0.432638     0.479671     0.523006     0.562635     0.598548     0.630729     0.659164     0.683834     0.704722     0.721809     0.735081     0.744525     0.750134     0.751905     0.749841     0.743949     0.734243     0.720739     0.703456     0.682415     0.657637     0.629141     0.596944     0.561060     0.521499     0.478266     0.431363     0.380790     0.326543     0.268617     0.207005     0.141702     0.072701     0.000000
    0.018687     0.072898     0.142095     0.207593     0.269395     0.327504     0.381920     0.432645     0.479677     0.523009     0.562636     0.598544     0.630722     0.659153     0.683820     0.704703     0.721788     0.735058     0.744501     0.750110     0.751882     0.749819     0.743931     0.734228     0.720728     0.703450     0.682414     0.657641     0.629150     0.596957     0.561076     0.521517     0.478285     0.431383     0.380810     0.326562     0.268633     0.207018     0.141711     0.072706     0.000000
    0.018688     0.072901     0.142100     0.207600     0.269403     0.327512     0.381929     0.432653     0.479682     0.523013     0.562636     0.598541     0.630715     0.659142     0.683805     0.704685     0.721767     0.735035     0.744477     0.750085     0.751858     0.749798     0.743912     0.734214     0.720718     0.703445     0.682414     0.657645     0.629159     0.596970     0.561092     0.521535     0.478305     0.431403     0.380830     0.326580     0.268649     0.207031     0.141720     0.072711     0.000000
    0.018689     0.072904     0.142106     0.207607     0.269412     0.327521     0.381937     0.432660     0.479688     0.523016     0.562636     0.598538     0.630708     0.659131     0.683790     0.704668     0.721746     0.735012     0.744453     0.750062     0.751835     0.749777     0.743894     0.734199     0.720708     0.703439     0.682413     0.657650     0.629167     0.596982     0.561108     0.521553     0.478324     0.431423     0.380849     0.326598     0.268665     0.207044     0.141730     0.072716     0.000000
    0.018690     0.072907     0.142111     0.207614     0.269420     0.327530     0.381946     0.432667     0.479693     0.523019     0.562636     0.598534     0.630701     0.659121     0.683776     0.704650     0.721726     0.734990     0.744429     0.750038     0.751813     0.749756     0.743876     0.734185     0.720698     0.703434     0.682413     0.657654     0.629176     0.596994     0.561123     0.521571     0.478343     0.431443     0.380868     0.326616     0.268681     0.207057     0.141739     0.072721     0.000000
    0.018690     0.072910     0.142116     0.207621     0.269428     0.327538     0.381954     0.432675     0.479699     0.523022     0.562636     0.598531     0.630694     0.659110     0.683762     0.704632     0.721706     0.734968     0.744406     0.750015     0.751790     0.749736     0.743859     0.734171     0.720688     0.703429     0.682412     0.657658     0.629184     0.597006     0.561138     0.521588     0.478362     0.431462     0.380887     0.326633     0.268696     0.207069     0.141748     0.072726     0.000000
    0.018691     0.072913     0.142122     0.207628     0.269436     0.327547     0.381962     0.432682     0.479704     0.523025     0.562636     0.598528     0.630687     0.659100     0.683748     0.704615     0.721686     0.734946     0.744383     0.749992     0.751768     0.749716     0.743841     0.734157     0.720679     0.703424     0.682412     0.657662     0.629192     0.597018     0.561153     0.521605     0.478381     0.431481     0.380906     0.326651     0.268711     0.207082     0.141756     0.072730     0.000000
    0.018692     0.072916     0.142127     0.207635     0.269444     0.327555     0.381970     0.432689     0.479709     0.523028     0.562636     0.598525     0.630681     0.659089     0.683734     0.704598     0.721666     0.734924     0.744361     0.749969     0.751746     0.749696     0.743824     0.734143     0.720669     0.703419     0.682411     0.657666     0.629200     0.597030     0.561168     0.521623     0.478399     0.431500     0.380924     0.326668     0.268726     0.207094     0.141765     0.072735     0.000000
    0.018693     0.072918     0.142132     0.207642     0.269452     0.327563     0.381978     0.432695     0.479714     0.523030     0.562636     0.598522     0.630674     0.659079     0.683720     0.704581     0.721647     0.734903     0.744338     0.749946     0.751725     0.749676     0.743807     0.734130     0.720660     0.703414     0.682411     0.657670     0.629209     0.597042     0.561183     0.521639     0.478417     0.431519     0.380942     0.326685     0.268741     0.207106     0.141774     0.072739     0.000000
    0.018694     0.072921     0.142137     0.207649     0.269459     0.327571     0.381985     0.432702     0.479720     0.523033     0.562636     0.598518     0.630667     0.659069     0.683707     0.704565     0.721628     0.734882     0.744316     0.749924     0.751704     0.749657     0.743790     0.734117     0.720650     0.703409     0.682410     0.657674     0.629217     0.597054     0.561197     0.521656     0.478435     0.431537     0.380960     0.326701     0.268756     0.207118     0.141782     0.072744     0.000000
    0.018694     0.072924     0.142142     0.207655     0.269467     0.327579     0.381993     0.432709     0.479725     0.523036     0.562636     0.598515     0.630661     0.659059     0.683693     0.704548     0.721609     0.734861     0.744294     0.749902     0.751683     0.749637     0.743774     0.734104     0.720641     0.703404     0.682410     0.657678     0.629225     0.597065     0.561212     0.521673     0.478453     0.431555     0.380978     0.326718     0.268770     0.207130     0.141791     0.072748     0.000000
    0.018695     0.072927     0.142147     0.207662     0.269474     0.327587     0.382000     0.432715     0.479730     0.523039     0.562636     0.598512     0.630654     0.659049     0.683680     0.704532     0.721590     0.734840     0.744273     0.749881     0.751662     0.749618     0.743758     0.734091     0.720632     0.703399     0.682409     0.657682     0.629232     0.597077     0.561226     0.521689     0.478471     0.431573     0.380995     0.326734     0.268784     0.207141     0.141799     0.072753     0.000000
    0.018696     0.072929     0.142152     0.207668     0.269482     0.327595     0.382008     0.432722     0.479734     0.523042     0.562636     0.598509     0.630648     0.659039     0.683667     0.704516     0.721572     0.734820     0.744252     0.749859     0.751641     0.749600     0.743741     0.734078     0.720623     0.703394     0.682409     0.657685     0.629240     0.597088     0.561240     0.521705     0.478488     0.431591     0.381013     0.326750     0.268799     0.207153     0.141807     0.072757     0.000000
    0.018697     0.072932     0.142156     0.207675     0.269489     0.327602     0.382015     0.432728     0.479739     0.523044     0.562636     0.598506     0.630642     0.659029     0.683654     0.704500     0.721553     0.734800     0.744231     0.749838     0.751621     0.749581     0.743725     0.734065     0.720614     0.703390     0.682409     0.657689     0.629248     0.597099     0.561254     0.521721     0.478505     0.431609     0.381030     0.326766     0.268812     0.207164     0.141815     0.072761     0.000000
    0.018697     0.072935     0.142161     0.207681     0.269496     0.327610     0.382022     0.432734     0.479744     0.523047     0.562636     0.598503     0.630635     0.659020     0.683641     0.704485     0.721535     0.734780     0.744210     0.749818     0.751601     0.749563     0.743710     0.734053     0.720606     0.703385     0.682408     0.657693     0.629255     0.597110     0.561267     0.521737     0.478522     0.431626     0.381047     0.326782     0.268826     0.207175     0.141823     0.072766     0.000000
    0.018698     0.072937     0.142166     0.207687     0.269503     0.327617     0.382030     0.432741     0.479749     0.523049     0.562636     0.598500     0.630629     0.659010     0.683629     0.704469     0.721517     0.734761     0.744189     0.749797     0.751581     0.749545     0.743694     0.734040     0.720597     0.703380     0.682408     0.657697     0.629263     0.597121     0.561281     0.521752     0.478539     0.431643     0.381063     0.326797     0.268840     0.207186     0.141831     0.072770     0.000000
    0.018699     0.072940     0.142170     0.207693     0.269510     0.327624     0.382037     0.432747     0.479753     0.523052     0.562636     0.598497     0.630623     0.659001     0.683616     0.704454     0.721500     0.734742     0.744169     0.749777     0.751562     0.749527     0.743679     0.734028     0.720589     0.703376     0.682408     0.657700     0.629270     0.597131     0.561294     0.521767     0.478555     0.431660     0.381080     0.326812     0.268853     0.207197     0.141839     0.072774     0.000000
    0.018699     0.072942     0.142175     0.207699     0.269517     0.327632     0.382044     0.432753     0.479758     0.523054     0.562636     0.598494     0.630617     0.658992     0.683604     0.704439     0.721482     0.734723     0.744149     0.749757     0.751543     0.749510     0.743664     0.734016     0.720580     0.703372     0.682407     0.657704     0.629278     0.597142     0.561308     0.521783     0.478572     0.431676     0.381096     0.326827     0.268866     0.207208     0.141846     0.072778     0.000000
    0.018700     0.072945     0.142179     0.207705     0.269524     0.327639     0.382050     0.432759     0.479762     0.523057     0.562636     0.598491     0.630611     0.658983     0.683592     0.704424     0.721465     0.734704     0.744130     0.749737     0.751524     0.749492     0.743649     0.734005     0.720572     0.703367     0.682407     0.657708     0.629285     0.597152     0.561321     0.521797     0.478588     0.431693     0.381112     0.326842     0.268879     0.207218     0.141854     0.072782     0.000000
    0.018701     0.072947     0.142184     0.207711     0.269531     0.327646     0.382057     0.432765     0.479767     0.523059     0.562636     0.598488     0.630605     0.658974     0.683580     0.704409     0.721448     0.734685     0.744110     0.749717     0.751505     0.749475     0.743634     0.733993     0.720564     0.703363     0.682407     0.657711     0.629292     0.597163     0.561333     0.521812     0.478604     0.431709     0.381128     0.326857     0.268892     0.207228     0.141861     0.072786     0.000000
    0.018701     0.072950     0.142188     0.207717     0.269537     0.327653     0.382064     0.432770     0.479771     0.523062     0.562636     0.598486     0.630600     0.658965     0.683568     0.704395     0.721432     0.734667     0.744091     0.749698     0.751487     0.749458     0.743620     0.733981     0.720556     0.703359     0.682407     0.657715     0.629299     0.597173     0.561346     0.521827     0.478619     0.431725     0.381143     0.326871     0.268905     0.207239     0.141868     0.072790     0.000000
    0.018702     0.072952     0.142192     0.207722     0.269544     0.327660     0.382070     0.432776     0.479775     0.523064     0.562636     0.598483     0.630594     0.658956     0.683556     0.704381     0.721415     0.734649     0.744072     0.749679     0.751468     0.749442     0.743606     0.733970     0.720548     0.703355     0.682406     0.657719     0.629306     0.597183     0.561359     0.521841     0.478635     0.431741     0.381159     0.326886     0.268917     0.207249     0.141876     0.072794     0.000000
    0.018703     0.072954     0.142196     0.207728     0.269550     0.327666     0.382077     0.432782     0.479780     0.523066     0.562636     0.598480     0.630588     0.658948     0.683545     0.704366     0.721399     0.734631     0.744053     0.749660     0.751450     0.749425     0.743592     0.733959     0.720540     0.703351     0.682406     0.657722     0.629313     0.597193     0.561371     0.521855     0.478650     0.431756     0.381174     0.326900     0.268930     0.207259     0.141883     0.072797     0.000000
    0.018703     0.072957     0.142201     0.207733     0.269557     0.327673     0.382083     0.432787     0.479784     0.523069     0.562636     0.598477     0.630583     0.658939     0.683534     0.704353     0.721383     0.734613     0.744035     0.749642     0.751433     0.749409     0.743578     0.733948     0.720533     0.703347     0.682406     0.657726     0.629320     0.597203     0.561383     0.521869     0.478665     0.431772     0.381189     0.326914     0.268942     0.207268     0.141890     0.072801     0.000000
    0.018704     0.072959     0.142205     0.207739     0.269563     0.327679     0.382089     0.432793     0.479788     0.523071     0.562636     0.598475     0.630577     0.658931     0.683522     0.704339     0.721367     0.734596     0.744017     0.749624     0.751415     0.749393     0.743564     0.733937     0.720525     0.703343     0.682406     0.657729     0.629327     0.597213     0.561395     0.521883     0.478680     0.431787     0.381204     0.326927     0.268953     0.207278     0.141896     0.072805     0.000000
    0.018705     0.072961     0.142209     0.207744     0.269569     0.327686     0.382096     0.432798     0.479792     0.523073     0.562636     0.598472     0.630572     0.658922     0.683511     0.704325     0.721352     0.734579     0.743999     0.749606     0.751398     0.749378     0.743551     0.733927     0.720518     0.703339     0.682406     0.657732     0.629334     0.597222     0.561407     0.521897     0.478694     0.431802     0.381218     0.326941     0.268965     0.207288     0.141903     0.072808     0.000000
    0.018705     0.072963     0.142213     0.207749     0.269575     0.327692     0.382102     0.432803     0.479796     0.523075     0.562636     0.598470     0.630566     0.658914     0.683500     0.704312     0.721336     0.734562     0.743981     0.749588     0.751381     0.749362     0.743537     0.733916     0.720511     0.703336     0.682406     0.657736     0.629340     0.597232     0.561419     0.521910     0.478709     0.431816     0.381232     0.326954     0.268977     0.207297     0.141910     0.072812     0.000000
    0.018706     0.072965     0.142216     0.207754     0.269581     0.327698     0.382108     0.432809     0.479800     0.523077     0.562636     0.598467     0.630561     0.658906     0.683490     0.704299     0.721321     0.734546     0.743964     0.749571     0.751365     0.749347     0.743524     0.733906     0.720504     0.703332     0.682405     0.657739     0.629347     0.597241     0.561431     0.521923     0.478723     0.431831     0.381246     0.326967     0.268988     0.207306     0.141916     0.072815     0.000000
    0.018706     0.072968     0.142220     0.207759     0.269587     0.327704     0.382113     0.432814     0.479803     0.523079     0.562636     0.598464     0.630556     0.658898     0.683479     0.704286     0.721306     0.734530     0.743947     0.749554     0.751348     0.749332     0.743512     0.733896     0.720497     0.703328     0.682405     0.657743     0.629353     0.597250     0.561442     0.521936     0.478737     0.431845     0.381260     0.326979     0.268999     0.207315     0.141923     0.072818     0.000000
    0.018707     0.072970     0.142224     0.207764     0.269592     0.327710     0.382119     0.432819     0.479807     0.523081     0.562636     0.598462     0.630551     0.658891     0.683469     0.704273     0.721292     0.734514     0.743930     0.749537     0.751332     0.749318     0.743499     0.733886     0.720490     0.703325     0.682405     0.657746     0.629360     0.597259     0.561453     0.521949     0.478751     0.431859     0.381274     0.326992     0.269010     0.207324     0.141929     0.072822     0.000000
    0.018707     0.072971     0.142227     0.207769     0.269598     0.327716     0.382125     0.432823     0.479811     0.523083     0.562636     0.598460     0.630546     0.658883     0.683459     0.704261     0.721278     0.734498     0.743914     0.749521     0.751316     0.749303     0.743487     0.733876     0.720483     0.703322     0.682405     0.657749     0.629366     0.597268     0.561465     0.521962     0.478764     0.431873     0.381287     0.327004     0.269021     0.207332     0.141935     0.072825     0.000000
    0.018708     0.072973     0.142231     0.207773     0.269603     0.327722     0.382130     0.432828     0.479814     0.523085     0.562636     0.598457     0.630541     0.658876     0.683449     0.704249     0.721264     0.734483     0.743898     0.749505     0.751301     0.749289     0.743475     0.733867     0.720477     0.703318     0.682406     0.657752     0.629372     0.597277     0.561475     0.521974     0.478777     0.431886     0.381300     0.327016     0.269031     0.207341     0.141941     0.072828     0.000000
    0.018708     0.072975     0.142234     0.207778     0.269608     0.327727     0.382135     0.432833     0.479818     0.523087     0.562635     0.598455     0.630536     0.658868     0.683439     0.704237     0.721250     0.734468     0.743882     0.749489     0.751286     0.749276     0.743463     0.733858     0.720471     0.703315     0.682406     0.657756     0.629379     0.597286     0.561486     0.521986     0.478790     0.431900     0.381313     0.327028     0.269041     0.207349     0.141946     0.072831     0.000000
    0.018709     0.072977     0.142237     0.207782     0.269613     0.327732     0.382140     0.432837     0.479821     0.523089     0.562635     0.598453     0.630531     0.658861     0.683430     0.704225     0.721236     0.734453     0.743867     0.749474     0.751271     0.749262     0.743452     0.733849     0.720465     0.703312     0.682406     0.657759     0.629385     0.597294     0.561497     0.521998     0.478803     0.431912     0.381325     0.327039     0.269051     0.207357     0.141952     0.072834     0.000000
    0.018709     0.072978     0.142240     0.207786     0.269618     0.327737     0.382145     0.432842     0.479825     0.523091     0.562635     0.598450     0.630527     0.658854     0.683421     0.704214     0.721223     0.734439     0.743852     0.749459     0.751257     0.749249     0.743441     0.733840     0.720459     0.703309     0.682406     0.657762     0.629391     0.597303     0.561507     0.522010     0.478816     0.431925     0.381338     0.327051     0.269061     0.207365     0.141958     0.072837     0.000000
    0.018710     0.072980     0.142243     0.207790     0.269622     0.327742     0.382150     0.432846     0.479828     0.523093     0.562635     0.598448     0.630523     0.658847     0.683412     0.704203     0.721211     0.734425     0.743837     0.749444     0.751243     0.749236     0.743430     0.733832     0.720453     0.703307     0.682406     0.657765     0.629396     0.597311     0.561517     0.522021     0.478828     0.431937     0.381349     0.327062     0.269070     0.207372     0.141963     0.072840     0.000000
    0.018710     0.072981     0.142245     0.207793     0.269627     0.327747     0.382154     0.432850     0.479831     0.523094     0.562635     0.598446     0.630518     0.658841     0.683403     0.704192     0.721198     0.734411     0.743823     0.749430     0.751230     0.749224     0.743419     0.733823     0.720447     0.703304     0.682406     0.657768     0.629402     0.597319     0.561527     0.522032     0.478840     0.431949     0.381361     0.327072     0.269080     0.207379     0.141968     0.072842     0.000000
    0.018710     0.072982     0.142247     0.207796     0.269631     0.327751     0.382159     0.432853     0.479833     0.523096     0.562635     0.598444     0.630514     0.658835     0.683395     0.704182     0.721187     0.734398     0.743810     0.749416     0.751217     0.749213     0.743409     0.733816     0.720442     0.703301     0.682407     0.657771     0.629408     0.597326     0.561536     0.522043     0.478851     0.431961     0.381372     0.327083     0.269089     0.207387     0.141973     0.072845     0.000000
    0.018710     0.072983     0.142249     0.207799     0.269634     0.327755     0.382163     0.432857     0.479836     0.523097     0.562635     0.598442     0.630510     0.658829     0.683387     0.704172     0.721175     0.734386     0.743797     0.749404     0.751204     0.749201     0.743400     0.733808     0.720437     0.703299     0.682407     0.657774     0.629413     0.597334     0.561545     0.522053     0.478862     0.431972     0.381383     0.327093     0.269097     0.207394     0.141978     0.072847     0.000000
    0.018710     0.072984     0.142251     0.207802     0.269638     0.327759     0.382166     0.432860     0.479838     0.523098     0.562634     0.598440     0.630506     0.658823     0.683379     0.704163     0.721165     0.734374     0.743785     0.749391     0.751193     0.749191     0.743391     0.733801     0.720433     0.703297     0.682407     0.657777     0.629418     0.597341     0.561554     0.522063     0.478872     0.431983     0.381393     0.327102     0.269106     0.207401     0.141983     0.072849     0.000000
    0.018710     0.072983     0.142253     0.207805     0.269641     0.327762     0.382170     0.432863     0.479840     0.523099     0.562634     0.598438     0.630503     0.658817     0.683372     0.704154     0.721155     0.734363     0.743773     0.749380     0.751182     0.749181     0.743383     0.733795     0.720428     0.703295     0.682408     0.657780     0.629423     0.597347     0.561562     0.522072     0.478882     0.431993     0.381403     0.327112     0.269115     0.207408     0.141988     0.072851     0.000000
    0.018708     0.072982     0.142255     0.207809     0.269645     0.327766     0.382173     0.432865     0.479842     0.523100     0.562633     0.598436     0.630499     0.658812     0.683365     0.704146     0.721146     0.734353     0.743763     0.749370     0.751172     0.749172     0.743375     0.733789     0.720424     0.703293     0.682408     0.657782     0.629427     0.597353     0.561569     0.522081     0.478891     0.432002     0.381412     0.327121     0.269123     0.207416     0.141994     0.072852     0.000000
    0.018703     0.072980     0.142260     0.207812     0.269647     0.327768     0.382175     0.432867     0.479843     0.523100     0.562633     0.598434     0.630496     0.658807     0.683359     0.704139     0.721137     0.734344     0.743753     0.749360     0.751163     0.749164     0.743368     0.733784     0.720421     0.703292     0.682409     0.657785     0.629431     0.597359     0.561576     0.522088     0.478899     0.432010     0.381421     0.327129     0.269131     0.207424     0.142003     0.072854     0.000000
    0.018619     0.072896     0.142260     0.207812     0.269647     0.327768     0.382175     0.432867     0.479843     0.523100     0.562633     0.598434     0.630496     0.658807     0.683359     0.704139     0.721137     0.734344     0.743753     0.749360     0.751163     0.749164     0.743368     0.733784     0.720421     0.703292     0.682409     0.657785     0.629431     0.597359     0.561576     0.522088     0.478899     0.432010     0.381421     0.327129     0.269131     0.207424     0.142003     0.072769     0.000000
