    0.000000     0.000000     0.000000     0.000000     0.000000     0.000000     0.000000     0.000000     0.000000     0.000000     0.000000     0.000000     0.000000     0.000000     0.000000     0.000000     0.000000     0.000000     0.000000     0.000000     0.146250     0.416250     0.656250     0.866250     1.046250     1.196250     1.316250     1.406250     1.466250     1.496250     1.496250     1.466250     1.406250     1.316250     1.196250     1.046250     0.866250     0.656250     0.416250     0.146250    -0.146250
    0.000082    -0.000021    -0.000212    -0.000425    -0.000637    -0.000842    -0.001036    -0.001221    -0.001396    -0.001566    -0.001739    -0.001932    -0.002175    -0.002516    -0.003031    -0.003808    -0.004833    -0.005359    -0.001066     0.028205     0.165709     0.411014     0.652733     0.864837     1.045630     1.195908     1.316019     1.406066     1.466084     1.496086     1.496080     1.466068     1.406053     1.316036     1.196015     1.045986     0.865936     0.655827     0.415730     0.146707    -0.146707
    0.000062    -0.000337    -0.000947    -0.001628    -0.002319    -0.002992    -0.003634    -0.004238    -0.004802    -0.005333    -0.005848    -0.006375    -0.006959    -0.007656    -0.008493    -0.009336    -0.009445    -0.006111     0.009188     0.059717     0.192402     0.412841     0.649240     0.862331     1.044203     1.195028     1.315390     1.405547     1.465603     1.495606     1.495577     1.465529     1.405468     1.315398     1.195316     1.045214     0.865068     0.654874     0.414965     0.146887    -0.146887
   -0.000127    -0.001016    -0.002203    -0.003507    -0.004832    -0.006123    -0.007350    -0.008493    -0.009540    -0.010491    -0.011355    -0.012150    -0.012893    -0.013564    -0.014008    -0.013672    -0.010942    -0.001580     0.024502     0.087846     0.217954     0.420344     0.648222     0.860230     1.042642     1.193920     1.314520     1.404780     1.464861     1.494842     1.494764     1.464648     1.404509     1.314350     1.194172     1.043964     0.863715     0.653500     0.413918     0.146645    -0.146645
   -0.000467    -0.002028    -0.003914    -0.005936    -0.007976    -0.009957    -0.011824    -0.013539    -0.015073    -0.016407    -0.017525    -0.018408    -0.019006    -0.019173    -0.018516    -0.016055    -0.009496     0.006196     0.041123     0.112506     0.240968     0.430817     0.649765     0.859178     1.041407     1.192863     1.313577     1.403869     1.463923     1.493840     1.493672     1.463451     1.403193     1.312910     1.192601     1.042263     0.861907     0.651716     0.412506     0.146047    -0.146047
   -0.000921    -0.003301    -0.005980    -0.008781    -0.011575    -0.014264    -0.016773    -0.019039    -0.021009    -0.022634    -0.023862    -0.024619    -0.024768    -0.024020    -0.021753    -0.016646    -0.005977     0.015574     0.057530     0.134370     0.261658     0.442582     0.653317     0.859296     1.040713     1.192034     1.312692     1.402906     1.462857     1.492648     1.492338     1.461963     1.401546     1.311098     1.190624     1.040128     0.859657     0.649512     0.410703     0.145176    -0.145176
   -0.001450    -0.004759    -0.008301    -0.011918    -0.015477    -0.018867    -0.021988    -0.024753    -0.027079    -0.028883    -0.030068    -0.030499    -0.029946    -0.027987    -0.023811    -0.015853    -0.001158     0.025596     0.073207     0.154043     0.280465     0.454783     0.658310     0.860488     1.040618     1.191518     1.311946     1.401962     1.461716     1.491308     1.490795     1.460214     1.399589     1.308933     1.188256     1.037572     0.856976     0.646886     0.408520     0.144096    -0.144096
   -0.002022    -0.006335    -0.010787    -0.015242    -0.019565    -0.023632    -0.027321    -0.030519    -0.033113    -0.034982    -0.035984    -0.035920    -0.034477    -0.031119    -0.024888    -0.014060     0.004426     0.035762     0.088038     0.171993     0.297775     0.467011     0.664299     0.862592     1.041104     1.191342     1.311379     1.401077     1.460540     1.489855     1.489073     1.458229     1.397344     1.306435     1.185514     1.034612     0.853874     0.643850     0.405990     0.142852    -0.142852
   -0.002617    -0.007976    -0.013369    -0.018672    -0.023749    -0.028461    -0.032669    -0.036233    -0.039009    -0.040840    -0.041538    -0.040848    -0.038383    -0.033517    -0.025186    -0.011562     0.010442     0.045832     0.102057     0.188568     0.313884     0.479081     0.670973     0.865448     1.042117     1.191499     1.311004     1.400274     1.459355     1.488314     1.487196     1.456028     1.394832     1.303622     1.182416     1.031262     0.850367     0.640427     0.403150     0.141479    -0.141479
   -0.003219    -0.009649    -0.015997    -0.022149    -0.027964    -0.033290    -0.037968    -0.041833    -0.044712    -0.046414    -0.046709    -0.045293    -0.041721    -0.035293    -0.024869    -0.008564     0.016694     0.055705     0.115350     0.204035     0.329017     0.490918     0.678114     0.868917     1.043597     1.191964     1.310818     1.399561     1.458175     1.486704     1.485182     1.453632     1.392070     1.300511     1.178977     1.027540     0.846477     0.636644     0.400038     0.140004    -0.140004
   -0.003822    -0.011330    -0.018639    -0.025634    -0.032168    -0.038075    -0.043175    -0.047282    -0.050194    -0.051689    -0.051503    -0.049289    -0.044553    -0.036542    -0.024064    -0.005204     0.023070     0.065348     0.128011     0.218596     0.343346     0.502498     0.685573     0.872884     1.045485     1.192709     1.310807     1.398936     1.457005     1.485034     1.483044     1.451053     1.389073     1.297118     1.175215     1.023465     0.842225     0.632531     0.396690     0.138446    -0.138446
   -0.004422    -0.013008    -0.021273    -0.029101    -0.036333    -0.042788    -0.048267    -0.052562    -0.055445    -0.056669    -0.055938    -0.052871    -0.046938    -0.037346    -0.022866    -0.001572     0.029507     0.074763     0.140129     0.232407     0.357005     0.513822     0.693249     0.877254     1.047726     1.193703     1.310954     1.398393     1.455847     1.483309     1.480792     1.448305     1.385855     1.293456     1.171145     1.019056     0.837637     0.628121     0.393141     0.136823    -0.136823
   -0.005018    -0.014675    -0.023890    -0.032535    -0.040442    -0.047413    -0.053231    -0.057664    -0.060466    -0.061363    -0.060037    -0.056079    -0.048930    -0.037767    -0.021342     0.002269     0.035972     0.083966     0.151784     0.245594     0.370098     0.524901     0.701068     0.881953     1.050272     1.194917     1.311242     1.397921     1.454696     1.481533     1.478431     1.445394     1.382426     1.289540     1.166785     1.014333     0.832737     0.623445     0.389421     0.135149    -0.135149
   -0.005609    -0.016330    -0.026482    -0.035928    -0.044487    -0.051942    -0.058059    -0.062587    -0.065260    -0.065785    -0.063823    -0.058945    -0.050570    -0.037857    -0.019543     0.006280     0.042449     0.092979     0.163043     0.258255     0.382709     0.535751     0.708979     0.886918     1.053082     1.196325     1.311653     1.397510     1.453548     1.479704     1.475966     1.442330     1.378797     1.285383     1.162149     1.009316     0.827552     0.618534     0.385558     0.133438    -0.133438
   -0.006197    -0.017971    -0.029047    -0.039276    -0.048461    -0.056371    -0.062751    -0.067334    -0.069837    -0.069950    -0.067319    -0.061500    -0.051896    -0.037654    -0.017508     0.010432     0.048930     0.101825     0.173964     0.270467     0.394905     0.546387     0.716946     0.892099     1.056118     1.197902     1.312170     1.397149     1.452397     1.477821     1.473398     1.439116     1.374976     1.280995     1.157253     1.004024     0.822106     0.613415     0.381576     0.131699    -0.131699
   -0.006781    -0.019598    -0.031584    -0.042577    -0.052365    -0.060698    -0.067307    -0.071908    -0.074204    -0.073872    -0.070545    -0.063769    -0.052938    -0.037192    -0.015265     0.014707     0.055412     0.110526     0.184593     0.282296     0.406741     0.556826     0.724940     0.897454     1.059348     1.199627     1.312777     1.396826     1.451236     1.475882     1.470728     1.435759     1.370971     1.276388     1.152111     0.998477     0.816424     0.608116     0.377499     0.129941    -0.129941
   -0.007362    -0.021213    -0.034094    -0.045831    -0.056195    -0.064923    -0.071729    -0.076315    -0.078371    -0.077564    -0.073520    -0.065776    -0.053722    -0.036495    -0.012836     0.019089     0.061896     0.119100     0.194969     0.293792     0.418260     0.567082     0.732940     0.902947     1.062741     1.201478     1.313462     1.396532     1.450059     1.473884     1.467958     1.432261     1.366789     1.271571     1.146737     0.992692     0.810529     0.602662     0.373344     0.128172    -0.128172
   -0.007941    -0.022815    -0.036575    -0.049037    -0.059955    -0.069049    -0.076022    -0.080561    -0.082347    -0.081040    -0.076260    -0.067540    -0.054269    -0.035584    -0.010240     0.023570     0.068383     0.127564     0.205126     0.304998     0.429500     0.577166     0.740931     0.908550     1.066274     1.203438     1.314209     1.396257     1.448861     1.471824     1.465088     1.428626     1.362436     1.266555     1.141145     0.986689     0.804442     0.597075     0.369130     0.126397    -0.126397
   -0.008518    -0.024404    -0.039029    -0.052195    -0.063643    -0.073078    -0.080188    -0.084652    -0.086141    -0.084312    -0.078779    -0.069079    -0.054597    -0.034479    -0.007490     0.028140     0.074874     0.135934     0.215091     0.315948     0.440490     0.587092     0.748899     0.914239     1.069923     1.205491     1.315009     1.395993     1.447634     1.469700     1.462118     1.424857     1.357917     1.261349     1.135347     0.980484     0.798184     0.591376     0.364871     0.124623    -0.124623
   -0.009091    -0.025980    -0.041455    -0.055306    -0.067260    -0.077010    -0.084231    -0.088593    -0.089761    -0.087389    -0.081092    -0.070406    -0.054722    -0.033192    -0.004598     0.032793     0.081371     0.144220     0.224887     0.326671     0.451255     0.596867     0.756835     0.919991     1.073667     1.207621     1.315849     1.395732     1.446375     1.467509     1.459047     1.420957     1.353240     1.255960     1.129355     0.974093     0.791775     0.585584     0.360581     0.122853    -0.122853
   -0.009662    -0.027543    -0.043854    -0.058371    -0.070809    -0.080849    -0.088155    -0.092390    -0.093215    -0.090282    -0.083208    -0.071534    -0.054656    -0.031736    -0.001575     0.037524     0.087877     0.152434     0.234532     0.337191     0.461816     0.606500     0.764731     0.925789     1.077490     1.209814     1.316719     1.395467     1.445078     1.465248     1.455877     1.416928     1.348408     1.250398     1.123181     0.967531     0.785231     0.579714     0.356269     0.121091    -0.121091
   -0.010231    -0.029093    -0.046224    -0.061389    -0.074291    -0.084597    -0.091964    -0.096048    -0.096509    -0.092999    -0.085139    -0.072475    -0.054412    -0.030122     0.001572     0.042330     0.094394     0.160585     0.244043     0.347529     0.472191     0.615999     0.772580     0.931617     1.081374     1.212058     1.317611     1.395190     1.443739     1.462915     1.452606     1.412773     1.343426     1.244669     1.116837     0.960813     0.778571     0.573783     0.351948     0.119340    -0.119340
   -0.010796    -0.030630    -0.048566    -0.064361    -0.077705    -0.088255    -0.095660    -0.099572    -0.099650    -0.095549    -0.086894    -0.073239    -0.053999    -0.028359     0.004836     0.047206     0.100921     0.168681     0.253434     0.357701     0.482395     0.625370     0.780377     0.937462     1.085305     1.214341     1.318516     1.394897     1.442354     1.460509     1.449236     1.408493     1.338299     1.238781     1.110332     0.953953     0.771808     0.567804     0.347623     0.117602    -0.117602
   -0.011357    -0.032152    -0.050881    -0.067288    -0.081053    -0.091826    -0.099248    -0.102967    -0.102644    -0.097937    -0.088480    -0.073834    -0.053426    -0.026455     0.008210     0.052150     0.107462     0.176727     0.262716     0.367722     0.492441     0.634619     0.788117     0.943313     1.089270     1.216653     1.319425     1.394580     1.440919     1.458027     1.445765     1.404091     1.333031     1.232741     1.103677     0.946963     0.764956     0.561787     0.343304     0.115879    -0.115879
   -0.011916    -0.033661    -0.053167    -0.070169    -0.084337    -0.095312    -0.102729    -0.106236    -0.105495    -0.100171    -0.089904    -0.074268    -0.052700    -0.024416     0.011691     0.057159     0.114018     0.184731     0.271900     0.377605     0.502339     0.643750     0.795796     0.949158     1.093258     1.218984     1.320333     1.394236     1.439431     1.455468     1.442195     1.399569     1.327627     1.226556     1.096881     0.939855     0.758029     0.555744     0.338994     0.114173    -0.114173
   -0.012470    -0.035155    -0.055425    -0.073005    -0.087557    -0.098713    -0.106106    -0.109383    -0.108209    -0.102255    -0.091174    -0.074547    -0.051827    -0.022249     0.015272     0.062232     0.120589     0.192697     0.280993     0.387360     0.512099     0.652767     0.803412     0.954990     1.097259     1.221326     1.321233     1.393860     1.437886     1.452829     1.438524     1.394928     1.322090     1.220232     1.089953     0.932640     0.751036     0.549684     0.334701     0.112484    -0.112484
   -0.013022    -0.036635    -0.057654    -0.075797    -0.090714    -0.102033    -0.109383    -0.112411    -0.110789    -0.104196    -0.092293    -0.074677    -0.050815    -0.019958     0.018951     0.067366     0.127177     0.200629     0.290005     0.396996     0.521730     0.661675     0.810962     0.960800     1.101262     1.223669     1.322117     1.393447     1.436283     1.450111     1.434754     1.390170     1.316425     1.213775     1.082901     0.925329     0.743990     0.543614     0.330426     0.110814    -0.110814
   -0.013569    -0.038101    -0.059856    -0.078544    -0.093809    -0.105272    -0.112560    -0.115324    -0.113240    -0.105997    -0.093268    -0.074664    -0.049667    -0.017547     0.022724     0.072560     0.133783     0.208531     0.298940     0.406523     0.531239     0.670477     0.818444     0.966582     1.105260     1.226007     1.322982     1.392992     1.434617     1.447311     1.430884     1.385298     1.310633     1.207190     1.075734     0.917931     0.736898     0.537541     0.326175     0.109162    -0.109162
   -0.014112    -0.039552    -0.062030    -0.081248    -0.096843    -0.108432    -0.115641    -0.118124    -0.115565    -0.107662    -0.094103    -0.074512    -0.048388    -0.015022     0.026588     0.077813     0.140408     0.216408     0.307806     0.415946     0.540632     0.679177     0.825856     0.972331     1.109246     1.228333     1.323821     1.392494     1.432888     1.444428     1.426915     1.380312     1.304720     1.200484     1.068459     0.910454     0.729769     0.531471     0.321949     0.107530    -0.107530
   -0.014652    -0.040988    -0.064175    -0.083908    -0.099817    -0.111514    -0.118628    -0.120814    -0.117767    -0.109196    -0.094802    -0.074226    -0.046983    -0.012385     0.030541     0.083123     0.147052     0.224261     0.316608     0.425273     0.549915     0.687777     0.833196     0.978040     1.113212     1.230641     1.324629     1.391947     1.431092     1.441461     1.422846     1.375214     1.298687     1.193661     1.061082     0.902907     0.722610     0.525410     0.317751     0.105917    -0.105917
   -0.015187    -0.042410    -0.066293    -0.086525    -0.102731    -0.114520    -0.121521    -0.123396    -0.119848    -0.110601    -0.095368    -0.073808    -0.045454    -0.009640     0.034580     0.088491     0.153716     0.232094     0.325350     0.434510     0.559094     0.696279     0.840465     0.983706     1.117153     1.232926     1.325403     1.391350     1.429227     1.438410     1.418678     1.370006     1.292539     1.186726     1.053611     0.895296     0.715429     0.519361     0.313583     0.104323    -0.104323
   -0.015719    -0.043817    -0.068383    -0.089100    -0.105586    -0.117450    -0.124322    -0.125872    -0.121812    -0.111880    -0.095805    -0.073263    -0.043806    -0.006789     0.038703     0.093914     0.160402     0.239910     0.334036     0.443661     0.568173     0.704687     0.847660     0.989325     1.121064     1.235182     1.326139     1.390698     1.427292     1.435272     1.414410     1.364688     1.286277     1.179683     1.046050     0.887629     0.708229     0.513328     0.309444     0.102748    -0.102748
   -0.016246    -0.045209    -0.070446    -0.091632    -0.108383    -0.120306    -0.127034    -0.128244    -0.123661    -0.113036    -0.096116    -0.072593    -0.042040    -0.003835     0.042909     0.099392     0.167110     0.247711     0.342671     0.452732     0.577157     0.713004     0.854782     0.994893     1.124939     1.237404     1.326832     1.389989     1.425284     1.432048     1.410044     1.359262     1.279904     1.172536     1.038407     0.879911     0.701017     0.507313     0.305337     0.101192    -0.101192
   -0.016769    -0.046587    -0.072481    -0.094122    -0.111122    -0.123088    -0.129657    -0.130514    -0.125396    -0.114071    -0.096302    -0.071801    -0.040159    -0.000780     0.047196     0.104925     0.173840     0.255498     0.351258     0.461726     0.586049     0.721230     0.861829     1.000407     1.128775     1.239589     1.327479     1.389221     1.423203     1.428735     1.405578     1.353729     1.273424     1.165290     1.030685     0.872148     0.693797     0.501320     0.301261     0.099654    -0.099654
   -0.017288    -0.047949    -0.074488    -0.096570    -0.113804    -0.125797    -0.132192    -0.132683    -0.127020    -0.114987    -0.096367    -0.070889    -0.038166     0.002375     0.051563     0.110513     0.180593     0.263275     0.359801     0.470649     0.594854     0.729369     0.868803     1.005865     1.132567     1.241732     1.328077     1.388391     1.421045     1.425334     1.401012     1.348090     1.266837     1.157949     1.022890     0.864344     0.686573     0.495349     0.297218     0.098135    -0.098135
   -0.017803    -0.049297    -0.076469    -0.098977    -0.116430    -0.128435    -0.134640    -0.134752    -0.128534    -0.115787    -0.096312    -0.069859    -0.036063     0.005628     0.056009     0.116155     0.187371     0.271043     0.368302     0.479502     0.603574     0.737422     0.875702     1.011265     1.136312     1.243831     1.328622     1.387496     1.418810     1.421843     1.396347     1.342346     1.260147     1.150515     1.015026     0.856504     0.679346     0.489403     0.293206     0.096633    -0.096633
   -0.018314    -0.050631    -0.078422    -0.101343    -0.119000    -0.131001    -0.137003    -0.136723    -0.129940    -0.116471    -0.096139    -0.068714    -0.033851     0.008976     0.060533     0.121850     0.194174     0.278804     0.376764     0.488291     0.612214     0.745392     0.882527     1.016605     1.140008     1.245880     1.329112     1.386535     1.416496     1.418261     1.391582     1.336498     1.253354     1.142991     1.007096     0.848632     0.672121     0.483482     0.289225     0.095147    -0.095147
   -0.018821    -0.051950    -0.080348    -0.103668    -0.121513    -0.133497    -0.139282    -0.138597    -0.131238    -0.117042    -0.095850    -0.067454    -0.031531     0.012420     0.065134     0.127600     0.201003     0.286560     0.385190     0.497018     0.620775     0.753280     0.889277     1.021882     1.143650     1.247879     1.329545     1.385505     1.414101     1.414588     1.386717     1.330546     1.246462     1.135381     0.999105     0.840730     0.664900     0.477586     0.285275     0.093679    -0.093679
   -0.019323    -0.053254    -0.082247    -0.105952    -0.123972    -0.135923    -0.141476    -0.140375    -0.132430    -0.117500    -0.095446    -0.066081    -0.029106     0.015957     0.069812     0.133403     0.207858     0.294312     0.393583     0.505686     0.629262     0.761089     0.895954     1.027097     1.147238     1.249823     1.329917     1.384405     1.411624     1.410823     1.381752     1.324491     1.239471     1.127688     0.991055     0.832803     0.657684     0.471717     0.281356     0.092226    -0.092226
   -0.019822    -0.054544    -0.084120    -0.108196    -0.126375    -0.138279    -0.143587    -0.142057    -0.133518    -0.117847    -0.094928    -0.064597    -0.026575     0.019588     0.074566     0.139261     0.214741     0.302063     0.401945     0.514299     0.637676     0.768820     0.902557     1.032246     1.150768     1.251710     1.330226     1.383232     1.409064     1.406963     1.376687     1.318334     1.232384     1.119913     0.982950     0.824851     0.650474     0.465875     0.277466     0.090788    -0.090788
   -0.020316    -0.055819    -0.085966    -0.110400    -0.128724    -0.140566    -0.145615    -0.143644    -0.134501    -0.118084    -0.094298    -0.063002    -0.023940     0.023311     0.079395     0.145172     0.221652     0.309813     0.410278     0.522858     0.646020     0.776474     0.909087     1.037331     1.154238     1.253538     1.330470     1.381984     1.406418     1.403009     1.371520     1.312075     1.225201     1.112059     0.974791     0.816879     0.643272     0.460058     0.273605     0.089365    -0.089365
   -0.020806    -0.057080    -0.087785    -0.112563    -0.131019    -0.142784    -0.147561    -0.145137    -0.135381    -0.118211    -0.093556    -0.061297    -0.021202     0.027126     0.084300     0.151138     0.228592     0.317564     0.418585     0.531366     0.654296     0.784054     0.915544     1.042348     1.157647     1.255304     1.330647     1.380660     1.403685     1.398960     1.366253     1.305714     1.217924     1.104128     0.966582     0.808886     0.636079     0.454268     0.269772     0.087957    -0.087957
   -0.021292    -0.058326    -0.089578    -0.114686    -0.133259    -0.144933    -0.149425    -0.146537    -0.136157    -0.118229    -0.092702    -0.059482    -0.018362     0.031033     0.089281     0.157159     0.235563     0.325319     0.426868     0.539826     0.662508     0.791560     0.921928     1.047298     1.160992     1.257006     1.330754     1.379257     1.400865     1.394814     1.360884     1.299251     1.210554     1.096122     0.958324     0.800876     0.628894     0.448503     0.265966     0.086561    -0.086561
   -0.021773    -0.059558    -0.091344    -0.116770    -0.135445    -0.147015    -0.151207    -0.147843    -0.136831    -0.118138    -0.091738    -0.057559    -0.015419     0.035031     0.094337     0.163235     0.242564     0.333078     0.435128     0.548240     0.670656     0.798995     0.928240     1.052179     1.164272     1.258643     1.330790     1.377774     1.397955     1.390570     1.355412     1.292688     1.203092     1.088043     0.950019     0.792848     0.621720     0.442763     0.262186     0.085179    -0.085179
   -0.022251    -0.060775    -0.093084    -0.118813    -0.137576    -0.149027    -0.152907    -0.149055    -0.137403    -0.117939    -0.090664    -0.055528    -0.012375     0.039119     0.099468     0.169367     0.249598     0.340843     0.443368     0.556611     0.678743     0.806360     0.934481     1.056992     1.167486     1.260212     1.330753     1.376209     1.394953     1.386228     1.349838     1.286024     1.195539     1.079891     0.941669     0.784805     0.614554     0.437047     0.258431     0.083809    -0.083809
   -0.022724    -0.061978    -0.094797    -0.120817    -0.139654    -0.150972    -0.154526    -0.150175    -0.137873    -0.117633    -0.089480    -0.053389    -0.009228     0.043299     0.104675     0.175554     0.256664     0.348615     0.451589     0.564940     0.686772     0.813656     0.940650     1.061734     1.170632     1.261711     1.330640     1.374561     1.391859     1.381786     1.344161     1.279259     1.187895     1.071669     0.933275     0.776747     0.607399     0.431355     0.254701     0.082451    -0.082451
   -0.023194    -0.063167    -0.096484    -0.122781    -0.141678    -0.152849    -0.156063    -0.151202    -0.138241    -0.117219    -0.088186    -0.051143    -0.005980     0.047569     0.109958     0.181799     0.263764     0.356396     0.459794     0.573229     0.694743     0.820885     0.946748     1.066407     1.173708     1.263138     1.330449     1.372826     1.388671     1.377243     1.338379     1.272393     1.180162     1.063377     0.924839     0.768675     0.600253     0.425685     0.250993     0.081104    -0.081104
   -0.023659    -0.064342    -0.098144    -0.124705    -0.143647    -0.154657    -0.157519    -0.152135    -0.138507    -0.116697    -0.086782    -0.048788    -0.002631     0.051931     0.115318     0.188101     0.270900     0.364187     0.467984     0.581480     0.702658     0.828047     0.952775     1.071008     1.176713     1.264492     1.330180     1.371005     1.385387     1.372597     1.332493     1.265426     1.172340     1.055016     0.916360     0.760589     0.593116     0.420037     0.247307     0.079767    -0.079767
   -0.024120    -0.065502    -0.099778    -0.126589    -0.145563    -0.156396    -0.158893    -0.152976    -0.138670    -0.116067    -0.085269    -0.046326     0.000820     0.056384     0.120754     0.194461     0.278071     0.371989     0.476160     0.589696     0.710520     0.835144     0.958732     1.075538     1.179645     1.265770     1.329828     1.369093     1.382005     1.367848     1.326501     1.258358     1.164430     1.046588     0.907841     0.752490     0.585987     0.414410     0.243643     0.078441    -0.078441
   -0.024577    -0.066647    -0.101385    -0.128432    -0.147423    -0.158067    -0.160185    -0.153723    -0.138731    -0.115329    -0.083645    -0.043755     0.004373     0.060928     0.126267     0.200879     0.285279     0.379805     0.484324     0.597877     0.718329     0.842176     0.964618     1.079995     1.182504     1.266972     1.329394     1.367091     1.378524     1.362994     1.320403     1.251189     1.156431     1.038093     0.899281     0.744378     0.578867     0.408803     0.239999     0.077125    -0.077125
   -0.025030    -0.067778    -0.102966    -0.130236    -0.149230    -0.159669    -0.161395    -0.154375    -0.138690    -0.114483    -0.081911    -0.041076     0.008029     0.065565     0.131858     0.207357     0.292525     0.387634     0.492478     0.606025     0.726087     0.849145     0.970435     1.084380     1.185288     1.268094     1.328875     1.364996     1.374943     1.358034     1.314198     1.243919     1.148345     1.029532     0.890682     0.736252     0.571755     0.403216     0.236374     0.075818    -0.075818
   -0.025479    -0.068895    -0.104520    -0.131998    -0.150980    -0.161201    -0.162521    -0.154934    -0.138545    -0.113528    -0.080066    -0.038289     0.011787     0.070294     0.137527     0.213896     0.299810     0.395478     0.500623     0.614141     0.733796     0.856052     0.976181     1.088691     1.187995     1.269136     1.328268     1.362805     1.371259     1.352966     1.307885     1.236547     1.140172     1.020905     0.882043     0.728114     0.564651     0.397646     0.232768     0.074521    -0.074521
   -0.025923    -0.069997    -0.106047    -0.133720    -0.152676    -0.162664    -0.163564    -0.155397    -0.138297    -0.112464    -0.078110    -0.035392     0.015648     0.075116     0.143275     0.220495     0.307134     0.403339     0.508761     0.622228     0.741455     0.862896     0.981858     1.092927     1.190625     1.270095     1.327572     1.360518     1.367471     1.347790     1.301464     1.229073     1.131911     1.012213     0.873366     0.719963     0.557553     0.392094     0.229179     0.073232    -0.073232
   -0.026364    -0.071084    -0.107546    -0.135401    -0.154316    -0.164055    -0.164524    -0.155765    -0.137944    -0.111290    -0.076043    -0.032385     0.019613     0.080032     0.149103     0.227156     0.314500     0.411218     0.516892     0.630286     0.749068     0.869679     0.987464     1.097088     1.193175     1.270970     1.326785     1.358132     1.363577     1.342504     1.294933     1.221497     1.123563     1.003457     0.864651     0.711798     0.550462     0.386559     0.225608     0.071951    -0.071951
   -0.026800    -0.072156    -0.109019    -0.137040    -0.155899    -0.165376    -0.165398    -0.156037    -0.137485    -0.110005    -0.073863    -0.029269     0.023682     0.085042     0.155011     0.233880     0.321906     0.419114     0.525018     0.638316     0.756633     0.876401     0.993000     1.101172     1.195644     1.271758     1.325905     1.355645     1.359575     1.337105     1.288291     1.213818     1.115129     0.994636     0.855898     0.703621     0.543377     0.381039     0.222052     0.070678    -0.070678
   -0.027232    -0.073214    -0.110463    -0.138637    -0.157425    -0.166625    -0.166187    -0.156211    -0.136921    -0.108608    -0.071569    -0.026041     0.027856     0.090147     0.161000     0.240666     0.329356     0.427031     0.533139     0.646320     0.764152     0.883063     0.998466     1.105180     1.198031     1.272458     1.324929     1.353054     1.355464     1.331594     1.281538     1.206037     1.106608     0.985752     0.847107     0.695430     0.536296     0.375535     0.218513     0.069413    -0.069413
   -0.027660    -0.074256    -0.111879    -0.140192    -0.158893    -0.167801    -0.166889    -0.156287    -0.136250    -0.107099    -0.069162    -0.022701     0.032135     0.095347     0.167070     0.247517     0.336849     0.434968     0.541258     0.654297     0.771626     0.889664     1.003860     1.109109     1.200333     1.273067     1.323856     1.350359     1.351241     1.325968     1.274672     1.198152     1.098001     0.976804     0.838278     0.687226     0.529221     0.370045     0.214989     0.068155    -0.068155
   -0.028083    -0.075283    -0.113267    -0.141703    -0.160303    -0.168903    -0.167503    -0.156264    -0.135470    -0.105477    -0.066639    -0.019249     0.036521     0.100643     0.173222     0.254433     0.344386     0.442926     0.549374     0.662250     0.779055     0.896204     1.009183     1.112959     1.202550     1.273585     1.322683     1.347557     1.346905     1.320226     1.267694     1.190164     1.089307     0.967793     0.829412     0.679009     0.522151     0.364570     0.211479     0.066905    -0.066905
   -0.028503    -0.076294    -0.114626    -0.143170    -0.161653    -0.169930    -0.168029    -0.156140    -0.134582    -0.103740    -0.064001    -0.015683     0.041015     0.106037     0.179458     0.261414     0.351967     0.450906     0.557488     0.670178     0.786440     0.902684     1.014434     1.116728     1.204679     1.274007     1.321407     1.344645     1.342454     1.314367     1.260601     1.182072     1.080527     0.958720     0.820510     0.670778     0.515085     0.359108     0.207984     0.065662    -0.065662
   -0.028917    -0.077290    -0.115955    -0.144593    -0.162943    -0.170882    -0.168465    -0.155915    -0.133583    -0.101888    -0.061246    -0.012003     0.045616     0.111528     0.185778     0.268462     0.359595     0.458908     0.565601     0.678082     0.793780     0.909103     1.019611     1.120415     1.206718     1.274333     1.320028     1.341621     1.337885     1.308388     1.253392     1.173876     1.071661     0.949584     0.811570     0.662534     0.508022     0.353659     0.204503     0.064425    -0.064425
   -0.029327    -0.078269    -0.117254    -0.145971    -0.164171    -0.171757    -0.168810    -0.155587    -0.132472    -0.099919    -0.058372    -0.008207     0.050326     0.117118     0.192181     0.275576     0.367268     0.466934     0.573713     0.685962     0.801076     0.915461     1.024715     1.124019     1.208666     1.274560     1.318542     1.338484     1.333198     1.302289     1.246068     1.165575     1.062709     0.940386     0.802594     0.654277     0.500964     0.348223     0.201035     0.063196    -0.063196
   -0.029732    -0.079232    -0.118523    -0.147302    -0.165337    -0.172553    -0.169062    -0.155154    -0.131249    -0.097832    -0.055380    -0.004295     0.055146     0.122807     0.198670     0.282757     0.374988     0.474984     0.581825     0.693818     0.808328     0.921758     1.029743     1.127537     1.210521     1.274686     1.316947     1.335230     1.328389     1.296068     1.238627     1.157169     1.053672     0.931126     0.793582     0.646007     0.493910     0.342800     0.197582     0.061974    -0.061974
   -0.030133    -0.080177    -0.119760    -0.148585    -0.166439    -0.173269    -0.169220    -0.154616    -0.129911    -0.095626    -0.052267    -0.000266     0.060076     0.128596     0.205245     0.290007     0.382755     0.483057     0.589937     0.701652     0.815534     0.927992     1.034696     1.130969     1.212280     1.274708     1.315240     1.331858     1.323457     1.289724     1.231068     1.148658     1.044549     0.921805     0.784535     0.637724     0.486859     0.337390     0.194141     0.060758    -0.060758
   -0.030529    -0.081105    -0.120965    -0.149820    -0.167476    -0.173904    -0.169283    -0.153970    -0.128457    -0.093299    -0.049033     0.003882     0.065117     0.134485     0.211905     0.297324     0.390570     0.491155     0.598049     0.709461     0.822696     0.934163     1.039571     1.134312     1.213941     1.274623     1.313419     1.328364     1.318400     1.283255     1.223390     1.140042     1.035340     0.912424     0.775452     0.629428     0.479812     0.331993     0.190715     0.059549    -0.059549
   -0.030919    -0.082015    -0.122136    -0.151006    -0.168446    -0.174457    -0.169248    -0.153214    -0.126886    -0.090850    -0.045677     0.008149     0.070271     0.140476     0.218653     0.304711     0.398432     0.499277     0.606161     0.717246     0.829812     0.940270     1.044367     1.137564     1.215502     1.274430     1.311481     1.324748     1.313216     1.276659     1.215593     1.131321     1.026047     0.902982     0.766335     0.621121     0.472770     0.326609     0.187302     0.058347    -0.058347
   -0.031304    -0.082907    -0.123274    -0.152140    -0.169347    -0.174924    -0.169113    -0.152348    -0.125195    -0.088277    -0.042196     0.012536     0.075538     0.146568     0.225487     0.312166     0.406342     0.507423     0.614273     0.725007     0.836881     0.946311     1.049082     1.140724     1.216960     1.274125     1.309425     1.321006     1.307903     1.269936     1.207676     1.122494     1.016670     0.893482     0.757184     0.612802     0.465732     0.321237     0.183903     0.057152    -0.057152
   -0.031684    -0.083779    -0.124377    -0.153223    -0.170179    -0.175305    -0.168878    -0.151369    -0.123384    -0.085580    -0.038590     0.017045     0.080919     0.152763     0.232409     0.319691     0.414299     0.515593     0.622383     0.732743     0.843903     0.952285     1.053715     1.143788     1.218313     1.273707     1.307246     1.317136     1.302459     1.263083     1.199638     1.113562     1.007208     0.883922     0.748001     0.604472     0.458700     0.315880     0.180518     0.055964    -0.055964
   -0.032058    -0.084632    -0.125443    -0.154251    -0.170939    -0.175597    -0.168539    -0.150276    -0.121450    -0.082756    -0.034858     0.021676     0.086414     0.159061     0.239419     0.327284     0.422304     0.523787     0.630493     0.740453     0.850876     0.958191     1.058264     1.146756     1.219558     1.273171     1.304942     1.313136     1.296882     1.256101     1.191479     1.104525     0.997664     0.874305     0.738785     0.596132     0.451673     0.310536     0.177147     0.054784    -0.054784
   -0.032426    -0.085464    -0.126472    -0.155224    -0.171626    -0.175799    -0.168096    -0.149066    -0.119392    -0.079804    -0.030998     0.026430     0.092024     0.165463     0.246517     0.334947     0.430357     0.532004     0.638600     0.748135     0.857799     0.964027     1.062726     1.149624     1.220693     1.272516     1.302512     1.309003     1.291171     1.248987     1.183199     1.095383     0.988037     0.864632     0.729538     0.587783     0.444653     0.305207     0.173791     0.053610    -0.053610
   -0.032788    -0.086274    -0.127462    -0.156139    -0.172237    -0.175908    -0.167545    -0.147737    -0.117207    -0.076722    -0.027009     0.031309     0.097750     0.171968     0.253702     0.342678     0.438456     0.540243     0.646704     0.755789     0.864670     0.969791     1.067099     1.152389     1.221714     1.271738     1.299951     1.304735     1.285323     1.241741     1.174797     1.086136     0.978328     0.854903     0.720261     0.579426     0.437641     0.299894     0.170450     0.052444    -0.052444
   -0.033143    -0.087062    -0.128412    -0.156995    -0.172770    -0.175922    -0.166884    -0.146288    -0.114895    -0.073510    -0.022891     0.036313     0.103592     0.178577     0.260976     0.350478     0.446601     0.548504     0.654803     0.763414     0.871487     0.975481     1.071381     1.155049     1.222619     1.270835     1.297257     1.300329     1.279337     1.234361     1.166272     1.076785     0.968539     0.845120     0.710956     0.571063     0.430637     0.294596     0.167125     0.051285    -0.051285
   -0.033492    -0.087827    -0.129320    -0.157791    -0.173223    -0.175839    -0.166112    -0.144715    -0.112453    -0.070165    -0.018641     0.041442     0.109552     0.185290     0.268337     0.358347     0.454791     0.556785     0.662897     0.771007     0.878250     0.981095     1.075569     1.157602     1.223405     1.269803     1.294428     1.295784     1.273211     1.226847     1.157625     1.067331     0.958671     0.835284     0.701624     0.562694     0.423642     0.289316     0.163816     0.050135    -0.050135
   -0.033833    -0.088567    -0.130185    -0.158523    -0.173593    -0.175656    -0.165225    -0.143018    -0.109880    -0.066686    -0.014259     0.046699     0.115628     0.192107     0.275786     0.366282     0.463026     0.565086     0.670984     0.778566     0.884954     0.986629     1.079661     1.160043     1.224068     1.268640     1.291461     1.291096     1.266943     1.219198     1.148856     1.057774     0.948725     0.825397     0.692267     0.554321     0.416659     0.284053     0.160525     0.048993    -0.048993
   -0.034166    -0.089282    -0.131004    -0.159189    -0.173879    -0.175371    -0.164222    -0.141194    -0.107173    -0.063072    -0.009743     0.052082     0.121822     0.199028     0.283322     0.374284     0.471305     0.573404     0.679062     0.786091     0.891599     0.992083     1.083653     1.162371     1.224606     1.267342     1.288352     1.286264     1.260533     1.211412     1.139965     1.048116     0.938702     0.815460     0.682886     0.545946     0.409689     0.278810     0.157251     0.047859    -0.047859
   -0.034492    -0.089970    -0.131777    -0.159788    -0.174077    -0.174981    -0.163100    -0.139241    -0.104331    -0.059321    -0.005094     0.057593     0.128133     0.206052     0.290944     0.382352     0.479625     0.581738     0.687128     0.793578     0.898182     0.997451     1.087542     1.164581     1.225016     1.265906     1.285100     1.281286     1.253978     1.203491     1.130953     1.038357     0.928604     0.805477     0.673484     0.537571     0.402732     0.273588     0.153996     0.046734    -0.046734
   -0.034808    -0.090630    -0.132500    -0.160317    -0.174186    -0.174484    -0.161856    -0.137156    -0.101352    -0.055432    -0.000309     0.063232     0.134562     0.213180     0.298651     0.390484     0.487985     0.590086     0.695182     0.801024     0.904699     1.002733     1.091327     1.166671     1.225293     1.264330     1.281702     1.276160     1.247278     1.195433     1.121819     1.028498     0.918433     0.795448     0.664062     0.529197     0.395791     0.268387     0.150760     0.045618    -0.045618
   -0.035116    -0.091260    -0.133172    -0.160773    -0.174201    -0.173876    -0.160488    -0.134937    -0.098235    -0.051403     0.004612     0.069000     0.141108     0.220411     0.306443     0.398679     0.496385     0.598446     0.703220     0.808428     0.911148     1.007925     1.095002     1.168638     1.225435     1.262610     1.278154     1.270883     1.240431     1.187238     1.112565     1.018542     0.908192     0.785377     0.654624     0.520828     0.388869     0.263210     0.147545     0.044511    -0.044511
   -0.035414    -0.091860    -0.133791    -0.161154    -0.174120    -0.173154    -0.158993    -0.132583    -0.094977    -0.047234     0.009669     0.074897     0.147771     0.227744     0.314319     0.406936     0.504821     0.606816     0.711240     0.815786     0.917526     1.013022     1.098564     1.170477     1.225438     1.260744     1.274455     1.265454     1.233437     1.178906     1.103192     1.008491     0.897882     0.775265     0.645171     0.512465     0.381966     0.258058     0.144352     0.043414    -0.043414
   -0.035701    -0.092426    -0.134354    -0.161456    -0.173941    -0.172317    -0.157369    -0.130090    -0.091576    -0.042923     0.014864     0.080922     0.154551     0.235177     0.322276     0.415253     0.513291     0.615194     0.719239     0.823096     0.923829     1.018023     1.102011     1.172185     1.225300     1.258727     1.270602     1.259871     1.226294     1.170438     1.093701     0.998345     0.887506     0.765116     0.635707     0.504111     0.375085     0.252932     0.141181     0.042328    -0.042328
   -0.035978    -0.092959    -0.134859    -0.161677    -0.173660    -0.171361    -0.155614    -0.127458    -0.088033    -0.038469     0.020196     0.087076     0.161447     0.242711     0.330314     0.423627     0.521793     0.623575     0.727213     0.830353     0.930054     1.022922     1.105338     1.173759     1.225016     1.256558     1.266593     1.254133     1.219002     1.161834     1.084093     0.988108     0.877067     0.754932     0.626235     0.495769     0.368228     0.247835     0.138033     0.041252    -0.041252
   -0.036243    -0.093455    -0.135304    -0.161814    -0.173274    -0.170282    -0.153723    -0.124683    -0.084344    -0.033872     0.025666     0.093359     0.168459     0.250343     0.338431     0.432056     0.530325     0.631958     0.735161     0.837554     0.936197     1.027717     1.108542     1.175194     1.224583     1.254233     1.262425     1.248237     1.211561     1.153094     1.074370     0.977781     0.866568     0.744717     0.616757     0.487442     0.361398     0.242768     0.134911     0.040187    -0.040187
   -0.036495    -0.093913    -0.135684    -0.161864    -0.172780    -0.169079    -0.151696    -0.121764    -0.080508    -0.029131     0.031274     0.099769     0.175584     0.258073     0.346624     0.440539     0.538884     0.640339     0.743077     0.844696     0.942255     1.032404     1.111619     1.176488     1.223998     1.251750     1.258096     1.242184     1.203970     1.144220     1.064534     0.967368     0.856011     0.734475     0.607276     0.479131     0.354597     0.237732     0.131814     0.039133    -0.039133
   -0.036735    -0.094332    -0.135999    -0.161823    -0.172174    -0.167748    -0.149529    -0.118699    -0.076525    -0.024244     0.037019     0.106306     0.182823     0.265898     0.354891     0.449072     0.547466     0.648715     0.750958     0.851775     0.948223     1.036978     1.114564     1.177637     1.223258     1.249105     1.253604     1.235972     1.196230     1.135212     1.054587     0.956872     0.845401     0.724208     0.597798     0.470842     0.347828     0.232731     0.128744     0.038091    -0.038091
   -0.036960    -0.094708    -0.136245    -0.161689    -0.171454    -0.166286    -0.147220    -0.115486    -0.072393    -0.019212     0.042903     0.112970     0.190173     0.273816     0.363231     0.457652     0.556068     0.657082     0.758801     0.858786     0.954097     1.041435     1.117374     1.178637     1.222359     1.246297     1.248948     1.229600     1.188340     1.126073     1.044532     0.946295     0.834741     0.713921     0.588324     0.462576     0.341094     0.227766     0.125703     0.037061    -0.037061
   -0.037171    -0.095041    -0.136419    -0.161458    -0.170616    -0.164690    -0.144766    -0.112124    -0.068111    -0.014035     0.048924     0.119759     0.197633     0.281825     0.371640     0.466276     0.564686     0.665436     0.766601     0.865725     0.959873     1.045772     1.120045     1.179483     1.221298     1.243322     1.244126     1.223067     1.180302     1.116803     1.034370     0.935641     0.824036     0.703617     0.578860     0.454339     0.334396     0.222839     0.122691     0.036043    -0.036043
   -0.037366    -0.095327    -0.136518    -0.161126    -0.169657    -0.162957    -0.142166    -0.108610    -0.063678    -0.008712     0.055082     0.126673     0.205201     0.289924     0.380115     0.474941     0.573317     0.673773     0.774353     0.872588     0.965546     1.049983     1.122573     1.180174     1.220072     1.240178     1.239136     1.216374     1.172117     1.107405     1.024107     0.924915     0.813288     0.693302     0.569409     0.446132     0.327740     0.217952     0.119711     0.035039    -0.035039
   -0.037544    -0.095564    -0.136538    -0.160691    -0.168573    -0.161085    -0.139417    -0.104943    -0.059094    -0.003243     0.061375     0.133709     0.212876     0.298108     0.388653     0.483643     0.581957     0.682088     0.782054     0.879370     0.971111     1.054064     1.124954     1.180704     1.218678     1.236863     1.233978     1.209519     1.163784     1.097881     1.013743     0.914120     0.802504     0.682979     0.559975     0.437960     0.321126     0.213107     0.116762     0.034048    -0.034048
   -0.037705    -0.095751    -0.136478    -0.160148    -0.167361    -0.159070    -0.136517    -0.101123    -0.054358     0.002371     0.067804     0.140866     0.220654     0.306376     0.397251     0.492378     0.590600     0.690377     0.789698     0.886067     0.976565     1.058012     1.127183     1.181070     1.217113     1.233375     1.228649     1.202504     1.155307     1.088234     1.003285     0.903260     0.791687     0.672654     0.550563     0.429826     0.314559     0.208307     0.113847     0.033071    -0.033071
   -0.037847    -0.095884    -0.136333    -0.159495    -0.166019    -0.156911    -0.133465    -0.097148    -0.049470     0.008129     0.074366     0.148141     0.228533     0.314723     0.405904     0.501142     0.599244     0.698635     0.797280     0.892672     0.981902     1.061820     1.129257     1.181270     1.215375     1.229713     1.223150     1.195329     1.146686     1.078468     0.992735     0.892341     0.780843     0.662331     0.541177     0.421735     0.308041     0.203553     0.110967     0.032108    -0.032108
   -0.037970    -0.095962    -0.136101    -0.158728    -0.164542    -0.154604    -0.130257    -0.093016    -0.044430     0.014032     0.081059     0.155534     0.236510     0.323148     0.414610     0.509931     0.607882     0.706857     0.804796     0.899182     0.987118     1.065486     1.131171     1.181299     1.213461     1.225874     1.217481     1.187995     1.137925     1.068584     0.982097     0.881367     0.769977     0.652016     0.531823     0.413691     0.301576     0.198849     0.108123     0.031159    -0.031159
   -0.038072    -0.095981    -0.135777    -0.157843    -0.162929    -0.152146    -0.126893    -0.088728    -0.039238     0.020077     0.087883     0.163041     0.244582     0.331645     0.423363     0.518739     0.616510     0.715038     0.812240     0.905591     0.992207     1.069004     1.132922     1.181154     1.211368     1.221858     1.211640     1.180503     1.129024     1.058587     0.971377     0.870343     0.759094     0.641713     0.522504     0.405697     0.295166     0.194195     0.105316     0.030226    -0.030226
   -0.038152    -0.095940    -0.135360    -0.156838    -0.161175    -0.149537    -0.123372    -0.084283    -0.033895     0.026264     0.094836     0.170659     0.252746     0.340211     0.432159     0.527562     0.625123     0.723173     0.819607     0.911894     0.997165     1.072371     1.134505     1.180833     1.209095     1.217662     1.205629     1.172855     1.119988     1.048481     0.960579     0.859275     0.748200     0.631429     0.513226     0.397758     0.288816     0.189595     0.102547     0.029308    -0.029308
   -0.038209    -0.095835    -0.134845    -0.155709    -0.159278    -0.146773    -0.119692    -0.079681    -0.028401     0.032592     0.101914     0.178385     0.260998     0.348841     0.440994     0.536396     0.633715     0.731255     0.826890     0.918086     1.001986     1.075581     1.135918     1.180332     1.206639     1.213288     1.199448     1.165051     1.110820     1.038271     0.949709     0.848170     0.737301     0.621169     0.503995     0.389878     0.282528     0.185051     0.099818     0.028406    -0.028406
   -0.038242    -0.095665    -0.134230    -0.154452    -0.157235    -0.143853    -0.115852    -0.074922    -0.022757     0.039057     0.109115     0.186217     0.269334     0.357532     0.449863     0.545233     0.642281     0.739280     0.834085     0.924160     1.006666     1.078630     1.137156     1.179648     1.203999     1.208734     1.193097     1.157096     1.101522     1.027961     0.938772     0.837032     0.726404     0.610938     0.494814     0.382061     0.276305     0.180564     0.097131     0.027520    -0.027520
   -0.038250    -0.095426    -0.133511    -0.153065    -0.155045    -0.140775    -0.111851    -0.070005    -0.016964     0.045658     0.116437     0.194150     0.277749     0.366278     0.458760     0.554070     0.650815     0.747241     0.841187     0.930113     1.011200     1.081514     1.138217     1.178780     1.201173     1.204000     1.186578     1.148991     1.092100     1.017556     0.927774     0.825868     0.715514     0.600744     0.485690     0.374312     0.270151     0.176138     0.094485     0.026650    -0.026650
   -0.038232    -0.095116    -0.132685    -0.151545    -0.152703    -0.137537    -0.107690    -0.064932    -0.011025     0.052394     0.123875     0.202181     0.286241     0.375075     0.467680     0.562900     0.659311     0.755132     0.848188     0.935938     1.015583     1.084229     1.139096     1.177725     1.198162     1.199086     1.179893     1.140739     1.082557     1.007062     0.916722     0.814686     0.704638     0.590591     0.476627     0.366635     0.264069     0.171773     0.091882     0.025797    -0.025797
   -0.038186    -0.094732    -0.131750    -0.149889    -0.150209    -0.134139    -0.103368    -0.059704    -0.004940     0.059260     0.131428     0.210305     0.294803     0.383917     0.476617     0.571717     0.667762     0.762948     0.855083     0.941630     1.019810     1.086772     1.139791     1.176481     1.194963     1.193993     1.173044     1.132345     1.072899     0.996484     0.905622     0.803492     0.693783     0.580486     0.467631     0.359033     0.258061     0.167472     0.089324     0.024961    -0.024961
   -0.038112    -0.094273    -0.130702    -0.148094    -0.147561    -0.130580    -0.098884    -0.054321     0.001288     0.066254     0.139090     0.218519     0.303430     0.392799     0.485565     0.580515     0.676164     0.770682     0.861867     0.947184     1.023877     1.089137     1.140300     1.175047     1.191576     1.188722     1.166033     1.123811     1.063130     0.985830     0.894481     0.792292     0.682956     0.570435     0.458707     0.351512     0.252132     0.163237     0.086812     0.024142    -0.024142
   -0.038008    -0.093736    -0.129539    -0.146159    -0.144756    -0.126858    -0.094240    -0.048785     0.007656     0.073374     0.146859     0.226817     0.312119     0.401715     0.494519     0.589288     0.684508     0.778328     0.868533     0.952594     1.027779     1.091322     1.140619     1.173421     1.188002     1.183275     1.158863     1.115143     1.053256     0.975105     0.883306     0.781095     0.672163     0.560445     0.449861     0.344076     0.246283     0.159070     0.084345     0.023341    -0.023341
   -0.037873    -0.093118    -0.128258    -0.144080    -0.141794    -0.122974    -0.089437    -0.043098     0.014163     0.080614     0.154729     0.235195     0.320862     0.410659     0.503472     0.598029     0.692790     0.785880     0.875076     0.957856     1.031512     1.093324     1.140746     1.171602     1.184241     1.177653     1.151538     1.106344     1.043283     0.964316     0.872105     0.769907     0.661413     0.550522     0.441098     0.336728     0.240519     0.154973     0.081926     0.022558    -0.022558
   -0.037706    -0.092418    -0.126857    -0.141856    -0.138673    -0.118928    -0.084475    -0.037263     0.020804     0.087972     0.162696     0.243647     0.329655     0.419625     0.512418     0.606732     0.701002     0.793332     0.881491     0.962964     1.035072     1.095138     1.140680     1.169590     1.180294     1.171859     1.144061     1.097421     1.033218     0.953471     0.860885     0.758737     0.650711     0.540672     0.432423     0.329472     0.234841     0.150947     0.079555     0.021792    -0.021792
   -0.037506    -0.091633    -0.125334    -0.139485    -0.135393    -0.114719    -0.079356    -0.031281     0.027577     0.095443     0.170756     0.252168     0.338491     0.428607     0.521350     0.615391     0.709137     0.800677     0.887770     0.967913     1.038454     1.096763     1.140418     1.167384     1.176162     1.165895     1.136436     1.088378     1.023067     0.942578     0.849654     0.747593     0.640066     0.530902     0.423842     0.322314     0.229253     0.146994     0.077232     0.021045    -0.021045
   -0.037273    -0.090762    -0.123686    -0.136967    -0.131954    -0.110350    -0.074081    -0.025155     0.034477     0.103022     0.178902     0.260752     0.347364     0.437598     0.530261     0.623997     0.717190     0.807909     0.893910     0.972698     1.041655     1.098196     1.139960     1.164985     1.171846     1.159765     1.128668     1.079222     1.012837     0.931643     0.838421     0.736481     0.629484     0.521218     0.415359     0.315255     0.223757     0.143117     0.074960     0.020316    -0.020316
   -0.037004    -0.089802    -0.121913    -0.134299    -0.128354    -0.105819    -0.068653    -0.018889     0.041501     0.110705     0.187131     0.269394     0.356269     0.446591     0.539145     0.632546     0.725154     0.815022     0.899903     0.977316     1.044671     1.099434     1.139305     1.162392     1.167349     1.153472     1.120763     1.069959     1.002536     0.920676     0.827193     0.725411     0.618974     0.511626     0.406980     0.308302     0.218356     0.139315     0.072737     0.019606    -0.019606
   -0.036700    -0.088753    -0.120012    -0.131482    -0.124596    -0.101130    -0.063074    -0.012486     0.048644     0.118488     0.195435     0.278086     0.365197     0.455581     0.547994     0.641029     0.733022     0.822011     0.905746     0.981762     1.047500     1.100475     1.138452     1.159608     1.162673     1.147020     1.112725     1.060597     0.992172     0.909684     0.815980     0.714391     0.608542     0.502133     0.398709     0.301456     0.213052     0.135591     0.070566     0.018914    -0.018914
   -0.036360    -0.087613    -0.117983    -0.128514    -0.120678    -0.096284    -0.057348    -0.005949     0.055902     0.126363     0.203809     0.286824     0.374143     0.464559     0.556803     0.649441     0.740787     0.828868     0.911433     0.986031     1.050138     1.101319     1.137401     1.156634     1.157821     1.140413     1.104561     1.051141     0.981753     0.898676     0.804790     0.703428     0.598196     0.492745     0.390552     0.294721     0.207848     0.131946     0.068446     0.018241    -0.018241
   -0.035982    -0.086380    -0.115825    -0.125397    -0.116603    -0.091283    -0.051477     0.000716     0.063270     0.134327     0.212247     0.295599     0.383100     0.473519     0.565563     0.657773     0.748444     0.835589     0.916958     0.990119     1.052583     1.101964     1.136152     1.153470     1.152797     1.133658     1.096277     1.041601     0.971286     0.887662     0.793631     0.692531     0.587943     0.483468     0.382513     0.288101     0.202744     0.128381     0.066378     0.017586    -0.017586
   -0.035567    -0.085055    -0.113537    -0.122130    -0.112372    -0.086130    -0.045466     0.007505     0.070741     0.142372     0.220743     0.304406     0.392061     0.482453     0.574267     0.666019     0.755985     0.842167     0.922318     0.994024     1.054832     1.102409     1.134707     1.150121     1.147605     1.126759     1.087881     1.031983     0.960782     0.876649     0.782513     0.681708     0.577790     0.474307     0.374596     0.281599     0.197745     0.124896     0.064362     0.016950    -0.016950
   -0.035114    -0.083635    -0.111120    -0.118714    -0.107987    -0.080828    -0.039317     0.014415     0.078312     0.150493     0.229289     0.313238     0.401018     0.491355     0.582909     0.674173     0.763405     0.848597     0.927508     0.997742     1.056885     1.102654     1.133067     1.146588     1.142248     1.119722     1.079378     1.022296     0.950249     0.865648     0.771444     0.670968     0.567744     0.465269     0.366807     0.275218     0.192850     0.121494     0.062398     0.016333    -0.016333
   -0.034621    -0.082122    -0.108573    -0.115151    -0.103449    -0.075379    -0.033036     0.021438     0.085976     0.158684     0.237880     0.322087     0.409965     0.500217     0.591481     0.682228     0.770697     0.854874     0.932523     1.001271     1.058738     1.102698     1.131232     1.142875     1.136733     1.112553     1.070777     1.012549     0.939695     0.854668     0.760434     0.660318     0.557813     0.456359     0.359148     0.268960     0.188063     0.118174     0.060488     0.015735    -0.015735
   -0.034090    -0.080515    -0.105897    -0.111441    -0.098763    -0.069789    -0.026627     0.028570     0.093727     0.166937     0.246508     0.330946     0.418893     0.509032     0.599976     0.690176     0.777856     0.860994     0.937360     1.004606     1.060392     1.102543     1.129206     1.138986     1.131063     1.105260     1.062086     1.002750     0.929132     0.843718     0.749491     0.649767     0.548003     0.447583     0.351625     0.262829     0.183384     0.114938     0.058630     0.015155    -0.015155
   -0.033520    -0.078813    -0.103094    -0.107588    -0.093930    -0.064061    -0.020095     0.035806     0.101558     0.175246     0.255165     0.339807     0.427796     0.517792     0.608388     0.698012     0.784875     0.866950     0.942016     1.007747     1.061846     1.102190     1.126990     1.134925     1.125246     1.097848     1.053313     0.992909     0.918567     0.832807     0.738624     0.639322     0.538321     0.438945     0.344240     0.256827     0.178815     0.111786     0.056826     0.014594    -0.014594
   -0.032911    -0.077018    -0.100164    -0.103593    -0.088955    -0.058199    -0.013445     0.043139     0.109463     0.183604     0.263846     0.348664     0.436666     0.526491     0.616709     0.705730     0.791750     0.872739     0.946486     1.010692     1.063099     1.101639     1.124588     1.130696     1.119286     1.090327     1.044467     0.983036     0.908011     0.821945     0.727842     0.628992     0.528772     0.430451     0.336998     0.250955     0.174357     0.108718     0.055075     0.014052    -0.014052
   -0.032263    -0.075130    -0.097109    -0.099459    -0.083842    -0.052208    -0.006684     0.050562     0.117435     0.192004     0.272542     0.357510     0.445496     0.535120     0.624932     0.713322     0.798474     0.878356     0.950769     1.013440     1.064151     1.100893     1.122004     1.126305     1.113191     1.082704     1.035557     0.973138     0.897473     0.811142     0.717155     0.618783     0.519365     0.422105     0.329901     0.245216     0.170010     0.105735     0.053376     0.013527    -0.013527
   -0.031576    -0.073151    -0.093932    -0.095191    -0.078594    -0.046095     0.000183     0.058069     0.125468     0.200439     0.281245     0.366335     0.454278     0.543674     0.633051     0.720784     0.805044     0.883798     0.954862     1.015988     1.065004     1.099954     1.119241     1.121757     1.106968     1.074986     1.026591     0.963228     0.886964     0.800407     0.706570     0.608704     0.510103     0.413912     0.322953     0.239612     0.165777     0.102837     0.051731     0.013022    -0.013022
   -0.030851    -0.071081    -0.090634    -0.090790    -0.073217    -0.039864     0.007149     0.065654     0.133553     0.208900     0.289949     0.375133     0.463005     0.552144     0.641059     0.728108     0.811453     0.889062     0.958762     1.018337     1.065658     1.098824     1.116304     1.117058     1.100624     1.067184     1.017580     0.953313     0.876493     0.789749     0.696096     0.598761     0.500994     0.405876     0.316156     0.234144     0.161657     0.100024     0.050138     0.012534    -0.012534
   -0.030087    -0.068923    -0.087220    -0.086263    -0.067715    -0.033521     0.014208     0.073309     0.141683     0.217381     0.298645     0.383896     0.471669     0.560524     0.648950     0.735291     0.817698     0.894143     0.962468     1.020488     1.066116     1.097508     1.113198     1.112214     1.094167     1.059304     1.008532     0.943405     0.866071     0.779178     0.685741     0.588961     0.492043     0.398001     0.309513     0.228814     0.157651     0.097296     0.048598     0.012064    -0.012064
   -0.029287    -0.066678    -0.083692    -0.081612    -0.062094    -0.027072     0.021353     0.081027     0.149852     0.225874     0.307327     0.392617     0.480263     0.568806     0.656718     0.742326     0.823775     0.899039     0.965979     1.022439     1.066378     1.096008     1.109928     1.107233     1.087605     1.051357     0.999459     0.933513     0.855706     0.768703     0.675513     0.579312     0.483254     0.390290     0.303026     0.223622     0.153759     0.094652     0.047111     0.011612    -0.011612
   -0.028450    -0.064349    -0.080054    -0.076843    -0.056361    -0.020525     0.028578     0.088801     0.158050     0.234370     0.315985     0.401288     0.488780     0.576985     0.664357     0.749208     0.829679     0.903748     0.969293     1.024192     1.066448     1.094329     1.106499     1.102121     1.080946     1.043352     0.990369     0.923648     0.845408     0.758332     0.665421     0.569819     0.474632     0.382747     0.296697     0.218570     0.149982     0.092094     0.045675     0.011178    -0.011178
   -0.027577    -0.061938    -0.076310    -0.071961    -0.050520    -0.013886     0.035874     0.096623     0.166272     0.242863     0.324613     0.409901     0.497213     0.585054     0.671861     0.755934     0.835408     0.908268     0.972411     1.025747     1.066327     1.092476     1.102918     1.096887     1.074198     1.035299     0.981272     0.913819     0.835188     0.748075     0.655471     0.560489     0.466182     0.375375     0.290528     0.213658     0.146319     0.089619     0.044290     0.010761    -0.010761
   -0.026670    -0.059449    -0.072464    -0.066972    -0.044579    -0.007161     0.043234     0.104485     0.174508     0.251344     0.333202     0.418450     0.505555     0.593006     0.679224     0.762497     0.840957     0.912597     0.975332     1.027108     1.066021     1.090452     1.099191     1.091536     1.067372     1.027206     0.972179     0.904036     0.825055     0.737940     0.645671     0.551326     0.457909     0.368176     0.284519     0.208887     0.142770     0.087229     0.042957     0.010362    -0.010362
   -0.025730    -0.056884    -0.068522    -0.061882    -0.038545    -0.000359     0.050651     0.112379     0.182751     0.259806     0.341746     0.426926     0.513799     0.600836     0.686442     0.768896     0.846326     0.916733     0.978057     1.028275     1.065532     1.088264     1.095325     1.086079     1.060476     1.019084     0.963100     0.894309     0.815018     0.727936     0.636027     0.542338     0.449815     0.361153     0.278674     0.204257     0.139336     0.084922     0.041674     0.009979    -0.009979
   -0.024758    -0.054247    -0.064488    -0.056696    -0.032424     0.006514     0.058116     0.120298     0.190993     0.268241     0.350237     0.435323     0.521939     0.608537     0.693509     0.775124     0.851510     0.920677     0.980586     1.029252     1.064864     1.085918     1.091327     1.080523     1.053518     1.010943     0.954045     0.884649     0.805086     0.718069     0.626547     0.533528     0.441905     0.354309     0.272991     0.199769     0.136015     0.082697     0.040442     0.009613    -0.009613
   -0.023755    -0.051542    -0.060368    -0.051423    -0.026223     0.013449     0.065623     0.128234     0.199226     0.276641     0.358666     0.443634     0.529967     0.616104     0.700422     0.781181     0.856509     0.924427     0.982921     1.030040     1.064022     1.083418     1.087204     1.074876     1.046509     1.002793     0.945023     0.875064     0.795268     0.708349     0.617237     0.524901     0.434181     0.347643     0.267472     0.195421     0.132808     0.080555     0.039259     0.009263    -0.009263
   -0.022723    -0.048772    -0.056168    -0.046067    -0.019950     0.020439     0.073163     0.136178     0.207442     0.284998     0.367028     0.451852     0.537879     0.623532     0.707175     0.787061     0.861320     0.927984     0.985063     1.030644     1.063011     1.080772     1.082965     1.069148     1.039458     0.994642     0.936045     0.865565     0.785572     0.698781     0.608101     0.516461     0.426647     0.341159     0.262118     0.191215     0.129713     0.078494     0.038125     0.008930    -0.008930
   -0.021665    -0.045943    -0.051893    -0.040637    -0.013613     0.027476     0.080727     0.144123     0.215634     0.293305     0.375314     0.459971     0.545668     0.630815     0.713765     0.792763     0.865942     0.931348     0.987015     1.031066     1.061836     1.077987     1.078617     1.063347     1.032375     0.986502     0.927120     0.856159     0.776006     0.689374     0.599147     0.508213     0.419304     0.334858     0.256929     0.187148     0.126730     0.076514     0.037039     0.008613    -0.008613
   -0.020580    -0.043058    -0.047549    -0.035139    -0.007220     0.034551     0.088309     0.152061     0.223793     0.301554     0.383518     0.467983     0.553328     0.637949     0.720188     0.798285     0.870376     0.934520     0.988778     1.031312     1.060503     1.075069     1.074168     1.057482     1.025269     0.978382     0.918257     0.846857     0.766580     0.680134     0.590378     0.500160     0.412155     0.328739     0.251904     0.183222     0.123857     0.074613     0.036000     0.008311    -0.008311
   -0.019473    -0.040121    -0.043144    -0.029581    -0.000777     0.041658     0.095899     0.159984     0.231912     0.309739     0.391633     0.475883     0.560854     0.644930     0.726441     0.803625     0.874619     0.937500     0.990356     1.031385     1.059017     1.072025     1.069626     1.051562     1.018149     0.970292     0.909467     0.837666     0.757299     0.671066     0.581800     0.492305     0.405202     0.322805     0.247043     0.179435     0.121095     0.072792     0.035009     0.008025    -0.008025
   -0.018344    -0.037139    -0.038683    -0.023971     0.005705     0.048787     0.103490     0.167883     0.239983     0.317852     0.399653     0.483664     0.568242     0.651754     0.732522     0.808780     0.878673     0.940292     0.991751     1.031290     1.057385     1.068862     1.065000     1.045597     1.011026     0.962241     0.900758     0.828595     0.748171     0.662176     0.573417     0.484651     0.398446     0.317054     0.242347     0.175785     0.118442     0.071048     0.034064     0.007753    -0.007753
   -0.017195    -0.034115    -0.034174    -0.018316     0.012220     0.055930     0.111074     0.175752     0.248000     0.325885     0.407570     0.491322     0.575485     0.658416     0.738427     0.813750     0.882537     0.942895     0.992968     1.031032     1.055612     1.065589     1.060298     1.039595     1.003908     0.954238     0.892140     0.819653     0.739204     0.653471     0.565231     0.477200     0.391887     0.311487     0.237813     0.172273     0.115896     0.069380     0.033164     0.007497    -0.007497
   -0.016029    -0.031055    -0.029622    -0.012624     0.018760     0.063079     0.118642     0.183582     0.255954     0.333833     0.415379     0.498851     0.582580     0.664913     0.744154     0.818535     0.886212     0.945313     0.994009     1.030616     1.053706     1.062213     1.055528     1.033566     0.996805     0.946293     0.883619     0.810845     0.730402     0.644954     0.557248     0.469954     0.385527     0.306105     0.233442     0.168897     0.113457     0.067789     0.032309     0.007255    -0.007255
   -0.014848    -0.027964    -0.025036    -0.006903     0.025315     0.070226     0.126187     0.191366     0.263839     0.341689     0.423074     0.506246     0.589523     0.671243     0.749703     0.823133     0.889700     0.947549     0.994880     1.030049     1.051673     1.058742     1.050700     1.027519     0.989726     0.938414     0.875206     0.802181     0.721772     0.636631     0.549469     0.462914     0.379367     0.300906     0.229232     0.165655     0.111123     0.066272     0.031499     0.007028    -0.007028
   -0.013654    -0.024847    -0.020421    -0.001161     0.031878     0.077363     0.133701     0.199096     0.271648     0.349447     0.430650     0.513501     0.596310     0.677402     0.755071     0.827545     0.893002     0.949605     0.995584     1.029334     1.049520     1.055183     1.045822     1.021462     0.982680     0.930611     0.866907     0.793666     0.713320     0.628504     0.541898     0.456082     0.373405     0.295889     0.225182     0.162547     0.108893     0.064828     0.030731     0.006815    -0.006815
   -0.012450    -0.021710    -0.015786     0.004595     0.038441     0.084483     0.141177     0.206766     0.279374     0.357100     0.438100     0.520613     0.602937     0.683389     0.760257     0.831772     0.896119     0.951484     0.996126     1.028479     1.047255     1.051545     1.040903     1.015404     0.975675     0.922890     0.858730     0.785306     0.705051     0.620578     0.534536     0.449459     0.367642     0.291055     0.221291     0.159571     0.106765     0.063457     0.030007     0.006615    -0.006615
   -0.011237    -0.018557    -0.011137     0.010356     0.044996     0.091576     0.148606     0.214369     0.287010     0.364642     0.445421     0.527577     0.609401     0.689201     0.765260     0.835813     0.899054     0.953190     0.996511     1.027489     1.044883     1.047835     1.035950     1.009354     0.968720     0.915260     0.850682     0.777108     0.696968     0.612856     0.527386     0.443045     0.362078     0.286401     0.217558     0.156724     0.104738     0.062157     0.029324     0.006429    -0.006429
   -0.010018    -0.015394    -0.006480     0.016115     0.051535     0.098636     0.155982     0.221897     0.294551     0.372069     0.452607     0.534390     0.615700     0.694837     0.770081     0.839669     0.901809     0.954727     0.996744     1.026371     1.042413     1.044061     1.030972     1.003320     0.961824     0.907730     0.842769     0.769077     0.689076     0.605340     0.520447     0.436840     0.356712     0.281926     0.213979     0.154006     0.102811     0.060928     0.028682     0.006256    -0.006256
   -0.008795    -0.012226    -0.001824     0.021864     0.058050     0.105654     0.163298     0.229344     0.301991     0.379375     0.459654     0.541048     0.621830     0.700295     0.774719     0.843343     0.904387     0.956099     0.996830     1.025131     1.039851     1.040231     1.025977     0.997311     0.954993     0.900304     0.834999     0.761218     0.681379     0.598033     0.513723     0.430845     0.351543     0.277629     0.210555     0.151414     0.100982     0.059767     0.028080     0.006096    -0.006096
   -0.007571    -0.009058     0.002825     0.027596     0.064533     0.112624     0.170546     0.236704     0.309324     0.386555     0.466557     0.547547     0.627791     0.705575     0.779175     0.846836     0.906791     0.957310     0.996775     1.023776     1.037206     1.036353     1.020973     0.991335     0.948236     0.892992     0.827375     0.753536     0.673880     0.590937     0.507212     0.425058     0.346569     0.273508     0.207283     0.148948     0.099249     0.058673     0.027518     0.005949    -0.005949
   -0.006347    -0.005896     0.007460     0.033302     0.070977     0.119539     0.177720     0.243971     0.316545     0.393604     0.473314     0.553886     0.633579     0.710676     0.783449     0.850149     0.909023     0.958363     0.996583     1.022311     1.034483     1.032435     1.015969     0.985398     0.941560     0.885798     0.819905     0.746034     0.666582     0.584052     0.500915     0.419479     0.341789     0.269562     0.204160     0.146604     0.097610     0.057646     0.026995     0.005814    -0.005814
   -0.005126    -0.002745     0.012075     0.038977     0.077375     0.126391     0.184814     0.251139     0.323648     0.400519     0.479921     0.560061     0.639194     0.715597     0.787541     0.853285     0.911088     0.959265     0.996262     1.020743     1.031690     1.028483     1.010971     0.979508     0.934971     0.878730     0.812593     0.738716     0.659486     0.577380     0.494832     0.414106     0.337201     0.265787     0.201186     0.144382     0.096065     0.056685     0.026510     0.005692    -0.005692
   -0.003910     0.000391     0.016664     0.044612     0.083719     0.133173     0.191821     0.258203     0.330630     0.407296     0.486374     0.566071     0.644635     0.720339     0.791454     0.856246     0.912988     0.960020     0.995816     1.019079     1.028834     1.024506     1.005986     0.973673     0.928476     0.871791     0.805442     0.731586     0.652595     0.570921     0.488963     0.408939     0.332804     0.262183     0.198357     0.142278     0.094612     0.055787     0.026063     0.005581    -0.005581
   -0.002701     0.003507     0.021219     0.050200     0.090003     0.139880     0.198736     0.265157     0.337485     0.413930     0.492672     0.571914     0.649901     0.724901     0.795189     0.859035     0.914728     0.960632     0.995251     1.017326     1.025923     1.020510     1.001023     0.967899     0.922081     0.864988     0.798458     0.724646     0.645910     0.564676     0.483306     0.403976     0.328596     0.258746     0.195671     0.140292     0.093248     0.054953     0.025652     0.005483    -0.005483
   -0.001502     0.006597     0.025735     0.055736     0.096220     0.146504     0.205554     0.271997     0.344210     0.420419     0.498811     0.577588     0.654991     0.729286     0.798747     0.861654     0.916312     0.961106     0.994572     1.015489     1.022962     1.016502     0.996088     0.962192     0.915791     0.858325     0.791643     0.717897     0.639432     0.558645     0.477861     0.399216     0.324573     0.255475     0.193127     0.138421     0.091973     0.054180     0.025277     0.005396    -0.005396
   -0.000313     0.009659     0.030206     0.061213     0.102364     0.153041     0.212268     0.278719     0.350800     0.426760     0.504789     0.583092     0.659905     0.733492     0.802131     0.864107     0.917744     0.961448     0.993787     1.013575     1.019958     1.012490     0.991186     0.956559     0.909611     0.851807     0.785000     0.711343     0.633161     0.552826     0.472625     0.394655     0.320734     0.252366     0.190722     0.136663     0.090784     0.053467     0.024938     0.005320    -0.005320
    0.000862     0.012686     0.034626     0.066624     0.108428     0.159484     0.218873     0.285317     0.357253     0.432949     0.510606     0.588425     0.664643     0.737523     0.805342     0.866398     0.919027     0.961662     0.992900     1.011590     1.016919     1.008479     0.986325     0.951004     0.903547     0.845436     0.778533     0.704984     0.627098     0.547219     0.467599     0.390291     0.317077     0.249418     0.188453     0.135016     0.089681     0.052814     0.024633     0.005255    -0.005255
    0.002023     0.015676     0.038991     0.071964     0.114407     0.165829     0.225366     0.291788     0.363565     0.438986     0.516258     0.593588     0.669207     0.741378     0.808384     0.868529     0.920167     0.961753     0.991916     1.009541     1.013849     1.004475     0.981510     0.945534     0.897603     0.839216     0.772242     0.698821     0.621243     0.541824     0.462779     0.386124     0.313598     0.246627     0.186318     0.133477     0.088660     0.052220     0.024362     0.005201    -0.005201
    0.003167     0.018624     0.043294     0.077227     0.120296     0.172070     0.231742     0.298128     0.369734     0.444867     0.521746     0.598579     0.673596     0.745061     0.811258     0.870504     0.921167     0.961728     0.990843     1.007433     1.010756     1.000485     0.976747     0.940152     0.891782     0.833151     0.766131     0.692855     0.615595     0.536637     0.458163     0.382149     0.310295     0.243992     0.184314     0.132046     0.087722     0.051682     0.024125     0.005158    -0.005158
    0.004294     0.021526     0.047531     0.082408     0.126089     0.178202     0.237997     0.304335     0.375757     0.450592     0.527069     0.603398     0.677812     0.748572     0.813969     0.872326     0.922033     0.961590     0.989685     1.005271     1.007645     0.996514     0.972040     0.934863     0.886088     0.827242     0.760200     0.687086     0.610153     0.531658     0.453749     0.378364     0.307165     0.241509     0.182440     0.130719     0.086864     0.051201     0.023920     0.005126    -0.005126
    0.005401     0.024380     0.051698     0.087503     0.131781     0.184222     0.244127     0.310406     0.381632     0.456159     0.532226     0.608047     0.681856     0.751914     0.816517     0.874001     0.922768     0.961345     0.988448     1.003063     1.004522     0.992567     0.967394     0.929671     0.880524     0.821491     0.754450     0.681513     0.604915     0.526885     0.449535     0.374766     0.304205     0.239174     0.180692     0.129495     0.086084     0.050774     0.023748     0.005104    -0.005104
    0.006487     0.027182     0.055790     0.092505     0.137369     0.190124     0.250129     0.316336     0.387357     0.461566     0.537216     0.612526     0.685729     0.755090     0.818908     0.875530     0.923377     0.960997     0.987136     1.000812     1.001391     0.988649     0.962815     0.924581     0.875093     0.815901     0.748881     0.676137     0.599881     0.522315     0.445517     0.371352     0.301411     0.236987     0.179068     0.128371     0.085381     0.050402     0.023607     0.005092    -0.005092
    0.007551     0.029929     0.059804     0.097412     0.142847     0.195907     0.256000     0.322126     0.392931     0.466814     0.542041     0.616836     0.689433     0.758101     0.821144     0.876919     0.923865     0.960553     0.985756     0.998525     0.998258     0.984766     0.958305     0.919594     0.869797     0.810471     0.743494     0.670956     0.595049     0.517946     0.441693     0.368119     0.298782     0.234943     0.177566     0.127346     0.084754     0.050082     0.023497     0.005090    -0.005090
    0.008592     0.032618     0.063735     0.102220     0.148213     0.201565     0.261737     0.327772     0.398353     0.471902     0.546700     0.620977     0.692971     0.760951     0.823228     0.878172     0.924236     0.960016     0.984313     0.996206     0.995128     0.980920     0.953868     0.914714     0.864637     0.805204     0.738288     0.665968     0.590416     0.513776     0.438059     0.365063     0.296313     0.233039     0.176182     0.126418     0.084201     0.049814     0.023417     0.005098    -0.005098
    0.009609     0.035248     0.067581     0.106924     0.153462     0.207097     0.267337     0.333273     0.403621     0.476830     0.551194     0.624952     0.696343     0.763642     0.825165     0.879292     0.924495     0.959392     0.982810     0.993860     0.992006     0.977117     0.949508     0.909943     0.859616     0.800099     0.733263     0.661173     0.585980     0.509800     0.434613     0.362182     0.294001     0.231274     0.174915     0.125583     0.083720     0.049596     0.023368     0.005115    -0.005115
    0.010600     0.037815     0.071339     0.111522     0.158592     0.212499     0.272799     0.338627     0.408735     0.481597     0.555524     0.628761     0.699553     0.766177     0.826957     0.880284     0.924647     0.958685     0.981254     0.991493     0.988895     0.973360     0.945228     0.905284     0.854735     0.795157     0.728418     0.656569     0.581739     0.506017     0.431350     0.359471     0.291844     0.229642     0.173762     0.124842     0.083310     0.049429     0.023347     0.005142    -0.005142
    0.011566     0.040317     0.075005     0.116010     0.163600     0.217770     0.278122     0.343833     0.413695     0.486205     0.559692     0.632408     0.702604     0.768560     0.828608     0.881151     0.924695     0.957900     0.979648     0.989107     0.985799     0.969653     0.941031     0.900738     0.849993     0.790377     0.723751     0.652153     0.577690     0.502422     0.428268     0.356928     0.289837     0.228143     0.172720     0.124190     0.082969     0.049310     0.023355     0.005178    -0.005178
    0.012504     0.042754     0.078578     0.120387     0.168484     0.222906     0.283302     0.348892     0.418500     0.490654     0.563698     0.635893     0.705497     0.770793     0.830123     0.881898     0.924644     0.957042     0.977998     0.986708     0.982723     0.965997     0.936918     0.896306     0.845392     0.785759     0.719261     0.647924     0.573829     0.499013     0.425363     0.354549     0.287977     0.226772     0.171787     0.123627     0.082696     0.049239     0.023391     0.005224    -0.005224
    0.013416     0.045124     0.082056     0.124649     0.173240     0.227907     0.288340     0.353801     0.423152     0.494946     0.567544     0.639220     0.708235     0.772881     0.831504     0.882529     0.924498     0.956113     0.976306     0.984299     0.979670     0.962397     0.932891     0.891989     0.840931     0.781301     0.714947     0.643877     0.570155     0.495786     0.422631     0.352330     0.286262     0.225527     0.170960     0.123150     0.082489     0.049214     0.023455     0.005278    -0.005278
    0.014300     0.047425     0.085437     0.128795     0.177868     0.232770     0.293234     0.358561     0.427650     0.499080     0.571232     0.642390     0.710822     0.774826     0.832755     0.883049     0.924262     0.955120     0.974578     0.981884     0.976642     0.958855     0.928953     0.887789     0.836610     0.777003     0.710805     0.640012     0.566662     0.492737     0.420068     0.350267     0.284687     0.224405     0.170237     0.122758     0.082348     0.049236     0.023547     0.005342    -0.005342
    0.015155     0.049656     0.088720     0.132824     0.182367     0.237496     0.297984     0.363173     0.431995     0.503059     0.574763     0.645406     0.713261     0.776632     0.833882     0.883460     0.923940     0.954066     0.972817     0.979466     0.973643     0.955372     0.925104     0.883705     0.832430     0.772863     0.706835     0.636324     0.563349     0.489863     0.417671     0.348357     0.283249     0.223403     0.169615     0.122447     0.082270     0.049302     0.023664     0.005414    -0.005414
    0.015983     0.051817     0.091903     0.136734     0.186734     0.242082     0.302590     0.367635     0.436188     0.506883     0.578141     0.648271     0.715554     0.778302     0.834886     0.883767     0.923535     0.952955     0.971027     0.977049     0.970675     0.951951     0.921346     0.879738     0.828388     0.768879     0.703033     0.632812     0.560211     0.487160     0.415435     0.346596     0.281945     0.222517     0.169092     0.122218     0.082254     0.049413     0.023808     0.005495    -0.005495
    0.016781     0.053907     0.094986     0.140525     0.190969     0.246529     0.307050     0.371950     0.440230     0.510556     0.581368     0.650987     0.717705     0.779840     0.835772     0.883975     0.923052     0.951790     0.969211     0.974636     0.967740     0.948594     0.917679     0.875887     0.824484     0.765050     0.699397     0.629470     0.557244     0.484623     0.413358     0.344980     0.280771     0.221746     0.168666     0.122067     0.082298     0.049566     0.023977     0.005584    -0.005584
    0.017551     0.055926     0.097968     0.144195     0.195072     0.250837     0.311367     0.376117     0.444122     0.514079     0.584445     0.653558     0.719718     0.781250     0.836545     0.884086     0.922495     0.950576     0.967372     0.972228     0.964842     0.945300     0.914103     0.872152     0.820716     0.761373     0.695923     0.626296     0.554445     0.482250     0.411434     0.343507     0.279725     0.221085     0.168333     0.121992     0.082402     0.049762     0.024172     0.005682    -0.005682
    0.018293     0.057873     0.100848     0.147745     0.199043     0.255004     0.315539     0.380137     0.447867     0.517453     0.587376     0.655986     0.721595     0.782536     0.837206     0.884105     0.921867     0.949315     0.965514     0.969830     0.961980     0.942073     0.910620     0.868533     0.817084     0.757846     0.692610     0.623287     0.551810     0.480035     0.409660     0.342170     0.278802     0.220532     0.168092     0.121993     0.082564     0.049998     0.024391     0.005787    -0.005787
    0.019006     0.059750     0.103628     0.151174     0.202881     0.259032     0.319569     0.384012     0.451466     0.520681     0.590162     0.658275     0.723340     0.783700     0.837762     0.884036     0.921172     0.948011     0.963640     0.967443     0.959158     0.938911     0.907228     0.865028     0.813584     0.754466     0.689452     0.620439     0.549335     0.477975     0.408032     0.340968     0.277999     0.220084     0.167940     0.122066     0.082783     0.050275     0.024635     0.005901    -0.005901
    0.019690     0.061555     0.106307     0.154483     0.206586     0.262921     0.323456     0.387743     0.454920     0.523766     0.592808     0.660428     0.724957     0.784747     0.838215     0.883881     0.920413     0.946668     0.961751     0.965069     0.956377     0.935817     0.903928     0.861636     0.810216     0.751231     0.686448     0.617747     0.547016     0.476065     0.406546     0.339897     0.277314     0.219739     0.167875     0.122210     0.083057     0.050592     0.024902     0.006023    -0.006023
    0.020346     0.063290     0.108886     0.157671     0.210160     0.266672     0.327201     0.391331     0.458231     0.526710     0.595316     0.662448     0.726449     0.785680     0.838568     0.883646     0.919594     0.945288     0.959852     0.962710     0.953637     0.932790     0.900719     0.858356     0.806977     0.748137     0.683594     0.615208     0.544849     0.474303     0.405198     0.338952     0.276742     0.219493     0.167894     0.122424     0.083384     0.050947     0.025192     0.006152    -0.006152
    0.020974     0.064955     0.111365     0.160741     0.213603     0.270286     0.330807     0.394779     0.461403     0.529516     0.597689     0.664338     0.727820     0.786504     0.838827     0.883333     0.918719     0.943875     0.957943     0.960368     0.950940     0.929831     0.897601     0.855187     0.803864     0.745182     0.680886     0.612819     0.542830     0.472682     0.403983     0.338130     0.276280     0.219343     0.167996     0.122704     0.083764     0.051339     0.025505     0.006289    -0.006289
    0.021575     0.066551     0.113745     0.163693     0.216916     0.273764     0.334274     0.398088     0.464437     0.532186     0.599930     0.666103     0.729073     0.787221     0.838993     0.882946     0.917789     0.942430     0.956028     0.958044     0.948286     0.926939     0.894572     0.852126     0.800875     0.742363     0.678321     0.610575     0.540953     0.471200     0.402899     0.337428     0.275925     0.219287     0.168177     0.123051     0.084196     0.051768     0.025840     0.006434    -0.006434
    0.022149     0.068079     0.116028     0.166527     0.220101     0.277107     0.337604     0.401260     0.467335     0.534723     0.602042     0.667745     0.730212     0.787835     0.839071     0.882488     0.916809     0.940957     0.954108     0.955740     0.945677     0.924114     0.891631     0.849172     0.798009     0.739677     0.675894     0.608471     0.539217     0.469852     0.401940     0.336841     0.275674     0.219322     0.168435     0.123461     0.084677     0.052234     0.026196     0.006586    -0.006586
    0.022696     0.069539     0.118214     0.169246     0.223158     0.280318     0.340800     0.404298     0.470101     0.537130     0.604029     0.669267     0.731241     0.788351     0.839065     0.881963     0.915781     0.939457     0.952185     0.953457     0.943112     0.921357     0.888778     0.846323     0.795261     0.737119     0.673603     0.606505     0.537615     0.468633     0.401104     0.336366     0.275524     0.219445     0.168769     0.123933     0.085206     0.052734     0.026574     0.006745    -0.006745
    0.023217     0.070934     0.120306     0.171851     0.226090     0.283397     0.343862     0.407203     0.472736     0.539410     0.605893     0.670674     0.732162     0.788771     0.838977     0.881373     0.914708     0.937934     0.950261     0.951196     0.940591     0.918665     0.886010     0.843577     0.792629     0.734687     0.671443     0.604672     0.536144     0.467541     0.400386     0.335999     0.275471     0.219654     0.169176     0.124465     0.085783     0.053268     0.026973     0.006911    -0.006911
    0.023713     0.072264     0.122304     0.174343     0.228898     0.286347     0.346794     0.409978     0.475243     0.541566     0.607639     0.671969     0.732981     0.789099     0.838812     0.880722     0.913592     0.936390     0.948337     0.948958     0.938116     0.916039     0.883328     0.840931     0.790111     0.732378     0.669410     0.602968     0.534800     0.466570     0.399781     0.335737     0.275512     0.219945     0.169653     0.125056     0.086406     0.053835     0.027392     0.007084    -0.007084
    0.024183     0.073530     0.124210     0.176725     0.231585     0.289170     0.349597     0.412626     0.477626     0.543602     0.609269     0.673155     0.733699     0.789338     0.838572     0.880013     0.912437     0.934826     0.946415     0.946743     0.935685     0.913479     0.880727     0.838383     0.787703     0.730187     0.667501     0.601388     0.533579     0.465717     0.399288     0.335577     0.275644     0.220316     0.170199     0.125703     0.087073     0.054435     0.027830     0.007263    -0.007263
    0.024630     0.074734     0.126028     0.178999     0.234153     0.291868     0.352274     0.415149     0.479887     0.545520     0.610787     0.674236     0.734321     0.789493     0.838260     0.879249     0.911245     0.933244     0.944497     0.944553     0.933299     0.910982     0.878209     0.835931     0.785402     0.728111     0.665712     0.599929     0.532476     0.464977     0.398900     0.335514     0.275864     0.220765     0.170811     0.126405     0.087784     0.055066     0.028288     0.007450    -0.007450
    0.025053     0.075878     0.127757     0.181167     0.236603     0.294444     0.354827     0.417549     0.482029     0.547323     0.612196     0.675215     0.734851     0.789565     0.837880     0.878432     0.910018     0.931647     0.942582     0.942387     0.930957     0.908547     0.875769     0.833573     0.783205     0.726148     0.664038     0.598587     0.531488     0.464348     0.398616     0.335546     0.276169     0.221288     0.171488     0.127160     0.088537     0.055727     0.028764     0.007642    -0.007642
    0.025453     0.076963     0.129401     0.183231     0.238938     0.296900     0.357259     0.419831     0.484055     0.549015     0.613499     0.676095     0.735291     0.789560     0.837436     0.877565     0.908758     0.930036     0.940674     0.940246     0.928659     0.906175     0.873407     0.831305     0.781110     0.724292     0.662477     0.597357     0.530610     0.463823     0.398430     0.335669     0.276556     0.221883     0.172226     0.127967     0.089330     0.056418     0.029259     0.007841    -0.007841
    0.025830     0.077990     0.130962     0.185194     0.241162     0.299238     0.359573     0.421995     0.485968     0.550599     0.614701     0.676881     0.735645     0.789480     0.836929     0.876651     0.907468     0.928412     0.938771     0.938130     0.926405     0.903863     0.871121     0.829126     0.779112     0.722541     0.661023     0.596236     0.529838     0.463401     0.398340     0.335879     0.277022     0.222548     0.173024     0.128823     0.090162     0.057138     0.029771     0.008046    -0.008046
    0.026187     0.078962     0.132441     0.187058     0.243275     0.301462     0.361771     0.424046     0.487771     0.552078     0.615803     0.677576     0.735917     0.789327     0.836363     0.875693     0.906150     0.926778     0.936876     0.936040     0.924194     0.901611     0.868908     0.827032     0.777209     0.720891     0.659674     0.595219     0.529169     0.463076     0.398342     0.336174     0.277564     0.223280     0.173880     0.129728     0.091033     0.057886     0.030300     0.008257    -0.008257
    0.026522     0.079881     0.133842     0.188826     0.245283     0.303574     0.363856     0.425986     0.489468     0.553456     0.616810     0.678182     0.736109     0.789107     0.835741     0.874693     0.904806     0.925134     0.934989     0.933975     0.922025     0.899416     0.866767     0.825021     0.775398     0.719339     0.658425     0.594303     0.528598     0.462845     0.398431     0.336549     0.278178     0.224077     0.174791     0.130678     0.091940     0.058660     0.030846     0.008473    -0.008473
    0.026838     0.080747     0.135167     0.190501     0.247186     0.305577     0.365832     0.427819     0.491060     0.554734     0.617725     0.678704     0.736226     0.788820     0.835066     0.873653     0.903437     0.923482     0.933110     0.931936     0.919898     0.897278     0.864695     0.823090     0.773675     0.717880     0.657273     0.593483     0.528121     0.462705     0.398606     0.337003     0.278863     0.224935     0.175755     0.131674     0.092883     0.059461     0.031407     0.008695    -0.008695
    0.027135     0.081563     0.136417     0.192085     0.248988     0.307473     0.367701     0.429547     0.492552     0.555918     0.618551     0.679144     0.736270     0.788472     0.834340     0.872576     0.902045     0.921824     0.931241     0.929922     0.917811     0.895194     0.862691     0.821237     0.772038     0.716512     0.656213     0.592757     0.527735     0.462651     0.398861     0.337531     0.279616     0.225853     0.176771     0.132712     0.093860     0.060286     0.031984     0.008922    -0.008922
    0.027413     0.082331     0.137596     0.193581     0.250692     0.309267     0.369466     0.431173     0.493947     0.557010     0.619292     0.679506     0.736244     0.788063     0.833566     0.871464     0.900633     0.920159     0.929382     0.927933     0.915765     0.893165     0.860752     0.819459     0.770483     0.715230     0.655243     0.592119     0.527436     0.462680     0.399194     0.338130     0.280433     0.226828     0.177837     0.133791     0.094870     0.061135     0.032576     0.009155    -0.009155
    0.027673     0.083052     0.138706     0.194992     0.252301     0.310961     0.371130     0.432700     0.495247     0.558013     0.619950     0.679794     0.736152     0.787598     0.832746     0.870319     0.899202     0.918490     0.927533     0.925970     0.913758     0.891187     0.858877     0.817753     0.769007     0.714033     0.654358     0.591567     0.527219     0.462789     0.399602     0.338798     0.281311     0.227858     0.178950     0.134911     0.095912     0.062008     0.033183     0.009392    -0.009392
    0.027917     0.083729     0.139750     0.196321     0.253818     0.312558     0.372696     0.434132     0.496456     0.558930     0.620529     0.680009     0.735997     0.787079     0.831884     0.869143     0.897753     0.916818     0.925695     0.924031     0.911789     0.889260     0.857062     0.816117     0.767607     0.712915     0.653555     0.591096     0.527083     0.462974     0.400080     0.339532     0.282249     0.228940     0.180108     0.136068     0.096983     0.062903     0.033803     0.009634    -0.009634
    0.028144     0.084363     0.140730     0.197571     0.255246     0.314061     0.374167     0.435472     0.497576     0.559764     0.621032     0.680156     0.735781     0.786510     0.830981     0.867939     0.896288     0.915143     0.923868     0.922118     0.909857     0.887381     0.855306     0.814548     0.766280     0.711874     0.652831     0.590703     0.527022     0.463230     0.400627     0.340327     0.283243     0.230073     0.181309     0.137261     0.098084     0.063819     0.034436     0.009881    -0.009881
    0.028356     0.084955     0.141648     0.198744     0.256588     0.315473     0.375548     0.436722     0.498612     0.560519     0.621462     0.680237     0.735508     0.785891     0.830040     0.866707     0.894809     0.913466     0.922053     0.920228     0.907962     0.885550     0.853607     0.813043     0.765023     0.710907     0.652181     0.590385     0.527034     0.463556     0.401238     0.341183     0.284292     0.231253     0.182552     0.138489     0.099212     0.064755     0.035081     0.010132    -0.010132
    0.028553     0.085508     0.142508     0.199844     0.257847     0.316798     0.376839     0.437886     0.499565     0.561198     0.621822     0.680255     0.735180     0.785227     0.829063     0.865451     0.893316     0.911789     0.920249     0.918362     0.906102     0.883765     0.851963     0.811600     0.763833     0.710009     0.651603     0.590138     0.527115     0.463948     0.401911     0.342095     0.285391     0.232479     0.183834     0.139750     0.100367     0.065710     0.035739     0.010387    -0.010387
    0.028737     0.086024     0.143311     0.200874     0.259026     0.318038     0.378046     0.438967     0.500440     0.561803     0.622115     0.680214     0.734800     0.784520     0.828052     0.864172     0.891812     0.910111     0.918457     0.916520     0.904277     0.882024     0.850372     0.810217     0.762707     0.709179     0.651093     0.589958     0.527262     0.464403     0.402642     0.343061     0.286539     0.233747     0.185153     0.141042     0.101546     0.066685     0.036408     0.010646    -0.010646
    0.028907     0.086504     0.144060     0.201836     0.260129     0.319197     0.379170     0.439967     0.501238     0.562338     0.622344     0.680115     0.734370     0.783772     0.827011     0.862872     0.890297     0.908434     0.916677     0.914701     0.902485     0.880326     0.848831     0.808890     0.761643     0.708413     0.650648     0.589843     0.527471     0.464917     0.403429     0.344078     0.287734     0.235057     0.186509     0.142365     0.102750     0.067676     0.037088     0.010909    -0.010909
    0.029064     0.086950     0.144758     0.202733     0.261159     0.320278     0.380215     0.440891     0.501964     0.562805     0.622512     0.679963     0.733895     0.782986     0.825939     0.861551     0.888773     0.906759     0.914910     0.912904     0.900726     0.878669     0.847338     0.807618     0.760637     0.707708     0.650265     0.589789     0.527739     0.465487     0.404269     0.345144     0.288972     0.236406     0.187898     0.143715     0.103976     0.068684     0.037778     0.011176    -0.011176
    0.029210     0.087364     0.145406     0.203569     0.262117     0.321283     0.381184     0.441740     0.502619     0.563208     0.622621     0.679759     0.733375     0.782164     0.824841     0.860213     0.887241     0.905086     0.913154     0.911130     0.898998     0.877052     0.845892     0.806398     0.759686     0.707061     0.649941     0.589793     0.528063     0.466110     0.405158     0.346255     0.290252     0.237792     0.189318     0.145092     0.105223     0.069708     0.038477     0.011445    -0.011445
    0.029344     0.087747     0.146008     0.204345     0.263009     0.322217     0.382080     0.442518     0.503208     0.563549     0.622675     0.679506     0.732814     0.781308     0.823717     0.858859     0.885702     0.903416     0.911412     0.909378     0.897300     0.875473     0.844491     0.805227     0.758789     0.706469     0.649672     0.589852     0.528441     0.466784     0.406095     0.347410     0.291570     0.239212     0.190769     0.146495     0.106490     0.070746     0.039186     0.011718    -0.011718
    0.029468     0.088101     0.146566     0.205065     0.263836     0.323082     0.382906     0.443228     0.503732     0.563830     0.622677     0.679207     0.732213     0.780420     0.822570     0.857490     0.884157     0.901749     0.909682     0.907647     0.895632     0.873931     0.843133     0.804103     0.757943     0.705929     0.649456     0.589963     0.528868     0.467506     0.407076     0.348605     0.292926     0.240665     0.192248     0.147920     0.107776     0.071798     0.039903     0.011994    -0.011994
    0.029582     0.088428     0.147081     0.205732     0.264601     0.323881     0.383665     0.443873     0.504195     0.564056     0.622628     0.678865     0.731576     0.779504     0.821401     0.856107     0.882608     0.900086     0.907964     0.905937     0.893993     0.872424     0.841815     0.803025     0.757144     0.705438     0.649289     0.590123     0.529343     0.468272     0.408098     0.349839     0.294316     0.242148     0.193753     0.149368     0.109080     0.072863     0.040628     0.012272    -0.012272
    0.029687     0.088729     0.147556     0.206347     0.265308     0.324617     0.384360     0.444456     0.504599     0.564228     0.622531     0.678481     0.730905     0.778559     0.820212     0.854713     0.881054     0.898427     0.906259     0.904247     0.892381     0.870950     0.840536     0.801990     0.756391     0.704995     0.649170     0.590329     0.529862     0.469080     0.409160     0.351109     0.295739     0.243661     0.195283     0.150837     0.110400     0.073939     0.041360     0.012553    -0.012553
    0.029782     0.089005     0.147994     0.206915     0.265959     0.325293     0.384994     0.444978     0.504947     0.564349     0.622389     0.678058     0.730201     0.777590     0.819005     0.853307     0.879498     0.896774     0.904567     0.902578     0.890796     0.869510     0.839295     0.800995     0.755681     0.704596     0.649095     0.590578     0.530423     0.469928     0.410259     0.352412     0.297192     0.245199     0.196837     0.152325     0.111734     0.075026     0.042098     0.012836    -0.012836
    0.029870     0.089259     0.148397     0.207436     0.266557     0.325912     0.385569     0.445445     0.505242     0.564422     0.622205     0.677599     0.729467     0.776597     0.817782     0.851893     0.877940     0.895126     0.902887     0.900928     0.889237     0.868100     0.838089     0.800040     0.755012     0.704239     0.649062     0.590868     0.531024     0.470813     0.411391     0.353747     0.298673     0.246763     0.198411     0.153830     0.113083     0.076124     0.042843     0.013121    -0.013121
    0.029950     0.089491     0.148765     0.207915     0.267104     0.326476     0.386090     0.445857     0.505486     0.564449     0.621980     0.677106     0.728705     0.775583     0.816544     0.850470     0.876380     0.893483     0.901220     0.899297     0.887703     0.866721     0.836917     0.799121     0.754382     0.703921     0.649068     0.591197     0.531660     0.471732     0.412556     0.355110     0.300180     0.248350     0.200005     0.155351     0.114444     0.077230     0.043593     0.013407    -0.013407
    0.030023     0.089703     0.149103     0.208352     0.267604     0.326989     0.386557     0.446217     0.505682     0.564432     0.621717     0.676580     0.727918     0.774548     0.815292     0.849041     0.874821     0.891848     0.899566     0.897685     0.886193     0.865370     0.835778     0.798237     0.753788     0.703640     0.649111     0.591561     0.532331     0.472683     0.413750     0.356501     0.301711     0.249957     0.201617     0.156887     0.115817     0.078344     0.044347     0.013696    -0.013696
    0.030090     0.089897     0.149410     0.208751     0.268060     0.327453     0.386975     0.446529     0.505832     0.564375     0.621419     0.676025     0.727106     0.773496     0.814029     0.847606     0.873262     0.890218     0.897925     0.896091     0.884706     0.864046     0.834669     0.797386     0.753229     0.703395     0.649188     0.591959     0.533034     0.473664     0.414972     0.357916     0.303265     0.251584     0.203245     0.158437     0.117200     0.079466     0.045106     0.013985    -0.013985
    0.030150     0.090073     0.149691     0.209115     0.268473     0.327872     0.387345     0.446795     0.505940     0.564278     0.621087     0.675441     0.726272     0.772428     0.812755     0.846166     0.871704     0.888596     0.896296     0.894515     0.883241     0.862749     0.833589     0.796566     0.752702     0.703181     0.649298     0.592388     0.533766     0.474672     0.416219     0.359355     0.304838     0.253229     0.204888     0.159998     0.118592     0.080594     0.045869     0.014276    -0.014276
    0.030204     0.090232     0.149945     0.209444     0.268846     0.328246     0.387671     0.447017     0.506006     0.564145     0.620723     0.674832     0.725418     0.771345     0.811472     0.844723     0.870148     0.886982     0.894680     0.892956     0.881798     0.861476     0.832537     0.795776     0.752205     0.702999     0.649438     0.592845     0.534525     0.475706     0.417489     0.360814     0.306430     0.254889     0.206544     0.161571     0.119993     0.081728     0.046635     0.014568    -0.014568
    0.030254     0.090377     0.150175     0.209741     0.269181     0.328580     0.387954     0.447198     0.506035     0.563978     0.620330     0.674199     0.724545     0.770248     0.810181     0.843277     0.868596     0.885375     0.893077     0.891415     0.880376     0.860228     0.831511     0.795014     0.751737     0.702844     0.649605     0.593329     0.535310     0.476763     0.418780     0.362292     0.308039     0.256564     0.208213     0.163152     0.121400     0.082866     0.047403     0.014860    -0.014860
    0.030299     0.090508     0.150383     0.210009     0.269482     0.328875     0.388198     0.447341     0.506027     0.563779     0.619910     0.673543     0.723655     0.769140     0.808884     0.841830     0.867046     0.883777     0.891486     0.889890     0.878974     0.859003     0.830510     0.794277     0.751296     0.702717     0.649798     0.593838     0.536117     0.477841     0.420090     0.363786     0.309662     0.258251     0.209891     0.164742     0.122813     0.084007     0.048173     0.015153    -0.015153
    0.030339     0.090625     0.150570     0.210250     0.269749     0.329134     0.388404     0.447446     0.505985     0.563549     0.619465     0.672867     0.722750     0.768022     0.807582     0.840383     0.865501     0.882187     0.889908     0.888381     0.877591     0.857799     0.829533     0.793566     0.750879     0.702614     0.650015     0.594369     0.536945     0.478938     0.421418     0.365297     0.311298     0.259949     0.211578     0.166338     0.124230     0.085152     0.048944     0.015447    -0.015447
    0.030375     0.090731     0.150738     0.210464     0.269986     0.329359     0.388576     0.447518     0.505911     0.563292     0.618996     0.672173     0.721831     0.766895     0.806275     0.838936     0.863961     0.880607     0.888343     0.886889     0.876227     0.856617     0.828578     0.792878     0.750486     0.702534     0.650254     0.594921     0.537793     0.480052     0.422761     0.366820     0.312946     0.261656     0.213273     0.167940     0.125652     0.086299     0.049717     0.015740    -0.015740
    0.030408     0.090827     0.150889     0.210655     0.270195     0.329553     0.388714     0.447557     0.505808     0.563008     0.618505     0.671461     0.720900     0.765761     0.804965     0.837490     0.862426     0.879035     0.886790     0.885412     0.874882     0.855454     0.827645     0.792211     0.750115     0.702475     0.650513     0.595492     0.538657     0.481182     0.424117     0.368356     0.314604     0.263372     0.214974     0.169546     0.127076     0.087447     0.050490     0.016033    -0.016033
    0.030438     0.090912     0.151023     0.210825     0.270377     0.329717     0.388822     0.447566     0.505677     0.562701     0.617994     0.670734     0.719958     0.764620     0.803654     0.836046     0.860897     0.877473     0.885250     0.883950     0.873554     0.854311     0.826732     0.791566     0.749764     0.702436     0.650791     0.596080     0.539537     0.482325     0.425486     0.369901     0.316270     0.265094     0.216679     0.171155     0.128501     0.088596     0.051262     0.016326    -0.016326
    0.030464     0.090988     0.151142     0.210974     0.270535     0.329854     0.388902     0.447548     0.505520     0.562371     0.617465     0.669993     0.719007     0.763474     0.802341     0.834606     0.859375     0.875920     0.883723     0.882504     0.872242     0.853186     0.825837     0.790939     0.749432     0.702415     0.651086     0.596683     0.540431     0.483481     0.426864     0.371455     0.317943     0.266821     0.218388     0.172766     0.129928     0.089745     0.052034     0.016619    -0.016619
    0.030488     0.091057     0.151248     0.211104     0.270670     0.329965     0.388955     0.447504     0.505340     0.562020     0.616919     0.669240     0.718048     0.762324     0.801029     0.833169     0.857859     0.874377     0.882208     0.881072     0.870948     0.852078     0.824961     0.790330     0.749118     0.702411     0.651395     0.597300     0.541337     0.484647     0.428252     0.373016     0.319621     0.268552     0.220100     0.174378     0.131354     0.090892     0.052805     0.016911    -0.016911
    0.030510     0.091118     0.151341     0.211217     0.270784     0.330054     0.388984     0.447436     0.505137     0.561650     0.616358     0.668476     0.717082     0.761172     0.799718     0.831736     0.856351     0.872845     0.880705     0.879654     0.869669     0.850987     0.824102     0.789738     0.748819     0.702421     0.651719     0.597929     0.542254     0.485822     0.429646     0.374583     0.321303     0.270285     0.221812     0.175990     0.132779     0.092038     0.053574     0.017202    -0.017202
    0.030530     0.091173     0.151424     0.211316     0.270879     0.330120     0.388990     0.447345     0.504915     0.561263     0.615783     0.667702     0.716111     0.760018     0.798408     0.830309     0.854851     0.871323     0.879216     0.878251     0.868405     0.849912     0.823259     0.789162     0.748536     0.702445     0.652055     0.598569     0.543179     0.487004     0.431047     0.376153     0.322988     0.272020     0.223524     0.177600     0.134202     0.093181     0.054342     0.017492    -0.017492
    0.030547     0.091222     0.151496     0.211400     0.270957     0.330167     0.388975     0.447235     0.504673     0.560861     0.615197     0.666920     0.715135     0.758863     0.797101     0.828887     0.853359     0.869812     0.877738     0.876862     0.867156     0.848852     0.822431     0.788601     0.748266     0.702482     0.652401     0.599218     0.544112     0.488193     0.432452     0.377727     0.324674     0.273754     0.225235     0.179208     0.135622     0.094322     0.055106     0.017781    -0.017781
    0.030564     0.091265     0.151560     0.211471     0.271019     0.330197     0.388942     0.447106     0.504415     0.560444     0.614599     0.666131     0.714156     0.757709     0.795798     0.827472     0.851877     0.868312     0.876274     0.875486     0.865922     0.847807     0.821617     0.788053     0.748009     0.702530     0.652758     0.599876     0.545052     0.489385     0.433859     0.379302     0.326360     0.275487     0.226943     0.180813     0.137038     0.095458     0.055868     0.018069    -0.018069
    0.030579     0.091305     0.151615     0.211532     0.271067     0.330209     0.388891     0.446960     0.504142     0.560014     0.613993     0.665336     0.713175     0.756555     0.794499     0.826064     0.850403     0.866823     0.874821     0.874124     0.864701     0.846776     0.820817     0.787517     0.747763     0.702588     0.653122     0.600540     0.545996     0.490582     0.435269     0.380877     0.328045     0.277218     0.228648     0.182413     0.138449     0.096591     0.056626     0.018355    -0.018355
    0.030593     0.091340     0.151664     0.211582     0.271103     0.330208     0.388825     0.446799     0.503855     0.559574     0.613378     0.664536     0.712192     0.755404     0.793205     0.824663     0.848939     0.865345     0.873382     0.872775     0.863494     0.845758     0.820029     0.786994     0.747528     0.702654     0.653495     0.601209     0.546945     0.491780     0.436679     0.382451     0.329727     0.278945     0.230348     0.184009     0.139855     0.097718     0.057380     0.018639    -0.018639
    0.030606     0.091373     0.151707     0.211624     0.271127     0.330193     0.388745     0.446624     0.503556     0.559123     0.612756     0.663733     0.711210     0.754256     0.791917     0.823270     0.847486     0.863879     0.871955     0.871439     0.862300     0.844753     0.819254     0.786481     0.747302     0.702729     0.653873     0.601883     0.547895     0.492979     0.438088     0.384023     0.331407     0.280667     0.232043     0.185598     0.141255     0.098839     0.058130     0.018922    -0.018922
    0.030619     0.091403     0.151745     0.211658     0.271141     0.330166     0.388653     0.446437     0.503246     0.558664     0.612128     0.662928     0.710228     0.753112     0.790635     0.821886     0.846042     0.862424     0.870540     0.870116     0.861119     0.843760     0.818490     0.785979     0.747085     0.702811     0.654256     0.602560     0.548848     0.494178     0.439495     0.385592     0.333081     0.282384     0.233731     0.187180     0.142648     0.099955     0.058876     0.019203    -0.019203
    0.030631     0.091430     0.151778     0.211685     0.271146     0.330129     0.388549     0.446240     0.502926     0.558197     0.611496     0.662121     0.709247     0.751972     0.789361     0.820511     0.844609     0.860981     0.869138     0.868806     0.859951     0.842779     0.817737     0.785486     0.746875     0.702898     0.654643     0.603239     0.549800     0.495376     0.440900     0.387157     0.334750     0.284094     0.235412     0.188755     0.144034     0.101063     0.059617     0.019481    -0.019481
    0.030642     0.091456     0.151808     0.211706     0.271143     0.330083     0.388435     0.446032     0.502598     0.557724     0.610860     0.661313     0.708269     0.750837     0.788094     0.819146     0.843188     0.859550     0.867748     0.867508     0.858794     0.841810     0.816994     0.785001     0.746672     0.702991     0.655034     0.603919     0.550752     0.496571     0.442301     0.388716     0.336413     0.285797     0.237085     0.190321     0.145411     0.102165     0.060352     0.019758    -0.019758
    0.030654     0.091481     0.151836     0.211723     0.271135     0.330029     0.388313     0.445817     0.502263     0.557247     0.610222     0.660506     0.707295     0.749708     0.786834     0.817791     0.841777     0.858132     0.866371     0.866223     0.857650     0.840851     0.816260     0.784525     0.746476     0.703087     0.655426     0.604600     0.551703     0.497763     0.443697     0.390269     0.338068     0.287492     0.238749     0.191878     0.146779     0.103258     0.061082     0.020032    -0.020032
    0.030665     0.091505     0.151861     0.211737     0.271121     0.329968     0.388184     0.445594     0.501922     0.556765     0.609583     0.659699     0.706324     0.748585     0.785584     0.816446     0.840378     0.856725     0.865006     0.864950     0.856517     0.839903     0.815536     0.784056     0.746285     0.703188     0.655820     0.605280     0.552651     0.498951     0.445087     0.391815     0.339715     0.289177     0.240403     0.193425     0.148138     0.104344     0.061806     0.020304    -0.020304
    0.030677     0.091528     0.151884     0.211747     0.271102     0.329902     0.388049     0.445366     0.501576     0.556280     0.608942     0.658895     0.705358     0.747470     0.784343     0.815111     0.838991     0.855331     0.863654     0.863689     0.855395     0.838965     0.814820     0.783593     0.746099     0.703291     0.656215     0.605959     0.553596     0.500134     0.446470     0.393353     0.341353     0.290852     0.242046     0.194961     0.149486     0.105420     0.062523     0.020573    -0.020573
    0.030689     0.091552     0.151907     0.211755     0.271080     0.329832     0.387909     0.445133     0.501227     0.555793     0.608302     0.658094     0.704397     0.746362     0.783111     0.813788     0.837616     0.853949     0.862314     0.862440     0.854284     0.838036     0.814112     0.783137     0.745917     0.703396     0.656610     0.606636     0.554537     0.501311     0.447847     0.394882     0.342980     0.292516     0.243678     0.196486     0.150824     0.106488     0.063234     0.020840    -0.020840
    0.030701     0.091575     0.151929     0.211762     0.271055     0.329758     0.387765     0.444896     0.500875     0.555305     0.607663     0.657296     0.703442     0.745263     0.781889     0.812476     0.836253     0.852580     0.860986     0.861203     0.853185     0.837117     0.813412     0.782687     0.745738     0.703502     0.657003     0.607309     0.555472     0.502482     0.449215     0.396402     0.344598     0.294169     0.245298     0.197999     0.152151     0.107546     0.063939     0.021104    -0.021104
    0.030713     0.091600     0.151951     0.211768     0.271029     0.329682     0.387618     0.444657     0.500521     0.554817     0.607026     0.656502     0.702494     0.744172     0.780678     0.811175     0.834903     0.851224     0.859671     0.859977     0.852095     0.836207     0.812719     0.782242     0.745563     0.703609     0.657396     0.607980     0.556403     0.503645     0.450574     0.397911     0.346203     0.295810     0.246905     0.199499     0.153466     0.108594     0.064636     0.021365    -0.021365
    0.030726     0.091625     0.151974     0.211773     0.271002     0.329603     0.387469     0.444416     0.500167     0.554330     0.606392     0.655714     0.701552     0.743090     0.779477     0.809887     0.833565     0.849880     0.858369     0.858763     0.851016     0.835306     0.812033     0.781801     0.745390     0.703717     0.657786     0.608646     0.557327     0.504800     0.451923     0.399409     0.347797     0.297437     0.248499     0.200986     0.154769     0.109632     0.065326     0.021623    -0.021623
    0.030740     0.091651     0.151998     0.211780     0.270974     0.329524     0.387319     0.444174     0.499812     0.553844     0.605761     0.654930     0.700619     0.742017     0.778288     0.808611     0.832240     0.848550     0.857079     0.857561     0.849948     0.834413     0.811353     0.781365     0.745219     0.703824     0.658174     0.609307     0.558245     0.505947     0.453263     0.400896     0.349378     0.299051     0.250079     0.202460     0.156059     0.110660     0.066009     0.021878    -0.021878
    0.030754     0.091678     0.152023     0.211787     0.270947     0.329445     0.387169     0.443932     0.499458     0.553361     0.605134     0.654153     0.699693     0.740955     0.777110     0.807347     0.830928     0.847232     0.855801     0.856370     0.848889     0.833529     0.810680     0.780933     0.745050     0.703930     0.658559     0.609963     0.559155     0.507084     0.454591     0.402371     0.350945     0.300651     0.251645     0.203919     0.157337     0.111676     0.066684     0.022131    -0.022131
    0.030769     0.091707     0.152050     0.211796     0.270922     0.329367     0.387019     0.443691     0.499106     0.552880     0.604511     0.653382     0.698776     0.739903     0.775943     0.806096     0.829629     0.845927     0.854535     0.855190     0.847840     0.832653     0.810013     0.780505     0.744882     0.704035     0.658940     0.610613     0.560057     0.508212     0.455908     0.403833     0.352499     0.302237     0.253196     0.205364     0.158601     0.112681     0.067351     0.022380    -0.022380
    0.030785     0.091738     0.152079     0.211807     0.270897     0.329290     0.386870     0.443451     0.498756     0.552403     0.603894     0.652619     0.697868     0.738861     0.774789     0.804858     0.828343     0.844635     0.853282     0.854022     0.846801     0.831784     0.809351     0.780079     0.744715     0.704139     0.659318     0.611257     0.560951     0.509329     0.457214     0.405281     0.354038     0.303807     0.254732     0.206795     0.159851     0.113675     0.068010     0.022626    -0.022626
    0.030802     0.091771     0.152111     0.211820     0.270875     0.329215     0.386723     0.443213     0.498409     0.551930     0.603282     0.651863     0.696969     0.737831     0.773647     0.803632     0.827070     0.843356     0.852042     0.852865     0.845771     0.830923     0.808695     0.779657     0.744549     0.704241     0.659691     0.611895     0.561837     0.510436     0.458507     0.406716     0.355563     0.305362     0.256252     0.208209     0.161087     0.114657     0.068661     0.022868    -0.022868
    0.030820     0.091806     0.152145     0.211836     0.270856     0.329142     0.386579     0.442979     0.498065     0.551461     0.602677     0.651114     0.696080     0.736811     0.772517     0.802420     0.825811     0.842090     0.850813     0.851718     0.844751     0.830069     0.808044     0.779238     0.744383     0.704340     0.660059     0.612525     0.562713     0.511532     0.459787     0.408137     0.357072     0.306901     0.257755     0.209609     0.162309     0.115627     0.069303     0.023108    -0.023108
    0.030838     0.091843     0.152182     0.211855     0.270839     0.329073     0.386438     0.442747     0.497726     0.550998     0.602078     0.650375     0.695201     0.735803     0.771399     0.801221     0.824565     0.840838     0.849597     0.850583     0.843740     0.829223     0.807398     0.778821     0.744216     0.704437     0.660422     0.613148     0.563579     0.512616     0.461054     0.409543     0.358565     0.308423     0.259243     0.210992     0.163517     0.116585     0.069938     0.023344    -0.023344
    0.030858     0.091882     0.152222     0.211878     0.270827     0.329006     0.386300     0.442520     0.497391     0.550541     0.601487     0.649643     0.694332     0.734807     0.770295     0.800036     0.823333     0.839598     0.848393     0.849459     0.842738     0.828384     0.806756     0.778406     0.744050     0.704531     0.660780     0.613763     0.564436     0.513688     0.462307     0.410933     0.360042     0.309929     0.260713     0.212358     0.164709     0.117530     0.070563     0.023577    -0.023577
    0.030878     0.091923     0.152265     0.211904     0.270818     0.328944     0.386167     0.442297     0.497062     0.550090     0.600903     0.648921     0.693474     0.733823     0.769203     0.798863     0.822114     0.838372     0.847201     0.848345     0.841745     0.827551     0.806119     0.777994     0.743882     0.704621     0.661132     0.614370     0.565282     0.514749     0.463546     0.412309     0.361503     0.311418     0.262166     0.213709     0.165886     0.118463     0.071180     0.023806    -0.023806
    0.030900     0.091968     0.152312     0.211934     0.270813     0.328887     0.386038     0.442079     0.496738     0.549645     0.600327     0.648209     0.692626     0.732850     0.768124     0.797705     0.820909     0.837159     0.846022     0.847242     0.840761     0.826726     0.805487     0.777583     0.743714     0.704709     0.661478     0.614969     0.566118     0.515796     0.464771     0.413669     0.362947     0.312889     0.263601     0.215042     0.167049     0.119384     0.071789     0.024032    -0.024032
    0.030922     0.092014     0.152362     0.211969     0.270813     0.328834     0.385914     0.441866     0.496420     0.549208     0.599759     0.647506     0.691790     0.731890     0.767059     0.796560     0.819717     0.835958     0.844854     0.846150     0.839786     0.825907     0.804859     0.777174     0.743545     0.704793     0.661818     0.615560     0.566943     0.516831     0.465982     0.415013     0.364375     0.314342     0.265019     0.216359     0.168195     0.120292     0.072388     0.024255    -0.024255
    0.030946     0.092064     0.152416     0.212008     0.270818     0.328786     0.385795     0.441659     0.496108     0.548777     0.599200     0.646813     0.690964     0.730943     0.766007     0.795429     0.818539     0.834771     0.843699     0.845068     0.838820     0.825095     0.804235     0.776766     0.743375     0.704873     0.662152     0.616141     0.567757     0.517853     0.467178     0.416341     0.365784     0.315778     0.266419     0.217658     0.169326     0.121187     0.072979     0.024474    -0.024474
    0.030971     0.092116     0.152474     0.212052     0.270828     0.328743     0.385682     0.441458     0.495804     0.548355     0.598650     0.646130     0.690151     0.730008     0.764968     0.794311     0.817375     0.833597     0.842555     0.843997     0.837862     0.824289     0.803615     0.776360     0.743204     0.704949     0.662479     0.616714     0.568560     0.518862     0.468359     0.417652     0.367177     0.317195     0.267801     0.218939     0.170442     0.122069     0.073560     0.024690    -0.024690
    0.030996     0.092170     0.152536     0.212100     0.270843     0.328706     0.385575     0.441264     0.495506     0.547940     0.598109     0.645457     0.689348     0.729085     0.763942     0.793208     0.816225     0.832437     0.841424     0.842937     0.836913     0.823489     0.802999     0.775955     0.743031     0.705021     0.662799     0.617277     0.569352     0.519857     0.469525     0.418947     0.368551     0.318594     0.269164     0.220204     0.171541     0.122938     0.074133     0.024902    -0.024902
    0.031023     0.092228     0.152602     0.212153     0.270863     0.328675     0.385474     0.441076     0.495216     0.547534     0.597577     0.644795     0.688558     0.728175     0.762930     0.792118     0.815088     0.831289     0.840305     0.841887     0.835972     0.822696     0.802386     0.775552     0.742857     0.705089     0.663113     0.617832     0.570132     0.520839     0.470675     0.420224     0.369908     0.319975     0.270509     0.221450     0.172625     0.123793     0.074697     0.025110    -0.025110
    0.031051     0.092288     0.152672     0.212211     0.270889     0.328650     0.385379     0.440895     0.494933     0.547136     0.597055     0.644144     0.687779     0.727278     0.761932     0.791042     0.813964     0.830154     0.839197     0.840847     0.835040     0.821909     0.801778     0.775149     0.742682     0.705153     0.663420     0.618377     0.570900     0.521807     0.471810     0.421485     0.371246     0.321337     0.271836     0.222679     0.173693     0.124636     0.075252     0.025316    -0.025316
    0.031080     0.092351     0.152746     0.212274     0.270921     0.328631     0.385291     0.440722     0.494658     0.546747     0.596542     0.643503     0.687012     0.726394     0.760947     0.789979     0.812855     0.829032     0.838102     0.839817     0.834116     0.821128     0.801173     0.774748     0.742504     0.705212     0.663720     0.618912     0.571657     0.522761     0.472929     0.422729     0.372567     0.322680     0.273144     0.223890     0.174744     0.125466     0.075798     0.025518    -0.025518
    0.031110     0.092416     0.152824     0.212342     0.270959     0.328618     0.385211     0.440555     0.494391     0.546367     0.596039     0.642873     0.686257     0.725523     0.759975     0.788931     0.811759     0.827923     0.837018     0.838798     0.833201     0.820353     0.800571     0.774347     0.742325     0.705267     0.664013     0.619439     0.572402     0.523701     0.474033     0.423956     0.373869     0.324004     0.274433     0.225083     0.175780     0.126282     0.076335     0.025716    -0.025716
    0.031141     0.092485     0.152906     0.212416     0.271002     0.328612     0.385137     0.440397     0.494132     0.545996     0.595546     0.642255     0.685515     0.724665     0.759017     0.787896     0.810676     0.826827     0.835946     0.837789     0.832294     0.819584     0.799974     0.773948     0.742144     0.705317     0.664299     0.619955     0.573135     0.524628     0.475121     0.425165     0.375153     0.325310     0.275703     0.226259     0.176800     0.127086     0.076863     0.025911    -0.025911
    0.031173     0.092556     0.152992     0.212494     0.271051     0.328613     0.385070     0.440246     0.493882     0.545634     0.595063     0.641647     0.684784     0.723819     0.758072     0.786874     0.809607     0.825743     0.834885     0.836790     0.831395     0.818821     0.799379     0.773549     0.741962     0.705363     0.664578     0.620462     0.573856     0.525540     0.476193     0.426357     0.376418     0.326597     0.276954     0.227416     0.177803     0.127876     0.077382     0.026102    -0.026102
    0.031206     0.092630     0.153082     0.212578     0.271107     0.328620     0.385010     0.440102     0.493640     0.545281     0.594591     0.641050     0.684065     0.722987     0.757141     0.785867     0.808551     0.824673     0.833836     0.835801     0.830504     0.818064     0.798788     0.773151     0.741777     0.705405     0.664850     0.620959     0.574565     0.526439     0.477249     0.427532     0.377665     0.327864     0.278187     0.228555     0.178791     0.128654     0.077893     0.026290    -0.026290
    0.031240     0.092706     0.153177     0.212666     0.271168     0.328634     0.384958     0.439967     0.493407     0.544937     0.594129     0.640465     0.683359     0.722167     0.756223     0.784872     0.807509     0.823615     0.832799     0.834822     0.829621     0.817313     0.798201     0.772754     0.741591     0.705442     0.665114     0.621447     0.575262     0.527323     0.478289     0.428689     0.378894     0.329113     0.279401     0.229677     0.179762     0.129418     0.078394     0.026475    -0.026475
    0.031275     0.092786     0.153275     0.212760     0.271236     0.328654     0.384913     0.439840     0.493182     0.544603     0.593676     0.639891     0.682664     0.721360     0.755319     0.783892     0.806479     0.822569     0.831773     0.833853     0.828746     0.816568     0.797617     0.772358     0.741403     0.705474     0.665372     0.621925     0.575948     0.528193     0.479314     0.429829     0.380104     0.330343     0.280595     0.230781     0.180718     0.130170     0.078887     0.026656    -0.026656
    0.031311     0.092867     0.153377     0.212859     0.271309     0.328681     0.384875     0.439720     0.492966     0.544279     0.593235     0.639328     0.681982     0.720566     0.754428     0.782925     0.805463     0.821536     0.830758     0.832894     0.827879     0.815829     0.797036     0.771963     0.741213     0.705502     0.665622     0.622394     0.576621     0.529049     0.480322     0.430951     0.381295     0.331553     0.281772     0.231867     0.181658     0.130908     0.079371     0.026834    -0.026834
    0.031348     0.092951     0.153483     0.212963     0.271388     0.328715     0.384845     0.439609     0.492759     0.543964     0.592803     0.638777     0.681311     0.719784     0.753550     0.781971     0.804460     0.820516     0.829755     0.831945     0.827020     0.815095     0.796459     0.771568     0.741021     0.705526     0.665866     0.622853     0.577283     0.529892     0.481315     0.432057     0.382469     0.332745     0.282929     0.232935     0.182582     0.131634     0.079846     0.027009    -0.027009
    0.031385     0.093038     0.153593     0.213072     0.271474     0.328756     0.384822     0.439506     0.492561     0.543658     0.592382     0.638236     0.680653     0.719016     0.752685     0.781030     0.803470     0.819507     0.828763     0.831005     0.826169     0.814367     0.795885     0.771175     0.740827     0.705545     0.666102     0.623302     0.577932     0.530720     0.482292     0.433144     0.383624     0.333918     0.284068     0.233986     0.183490     0.132347     0.080313     0.027181    -0.027181
    0.031424     0.093127     0.153707     0.213186     0.271565     0.328804     0.384807     0.439410     0.492371     0.543362     0.591971     0.637707     0.680006     0.718260     0.751833     0.780103     0.802493     0.818511     0.827782     0.830075     0.825326     0.813645     0.795315     0.770782     0.740632     0.705559     0.666331     0.623742     0.578570     0.531534     0.483253     0.434215     0.384761     0.335073     0.285189     0.235019     0.184383     0.133048     0.080771     0.027349    -0.027349
    0.031463     0.093219     0.153825     0.213305     0.271662     0.328858     0.384799     0.439323     0.492190     0.543075     0.591571     0.637189     0.679372     0.717516     0.750994     0.779188     0.801529     0.817527     0.826812     0.829155     0.824490     0.812928     0.794747     0.770390     0.740435     0.705570     0.666554     0.624173     0.579196     0.532335     0.484198     0.435269     0.385879     0.336209     0.286291     0.236035     0.185260     0.133736     0.081221     0.027514    -0.027514
    0.031504     0.093312     0.153946     0.213428     0.271765     0.328918     0.384798     0.439244     0.492018     0.542798     0.591181     0.636681     0.678749     0.716785     0.750168     0.778287     0.800577     0.816555     0.825853     0.828244     0.823663     0.812217     0.794184     0.769999     0.740236     0.705576     0.666769     0.624594     0.579811     0.533122     0.485128     0.436305     0.386980     0.337326     0.287374     0.237033     0.186122     0.134411     0.081663     0.027676    -0.027676
    0.031545     0.093408     0.154070     0.213556     0.271873     0.328986     0.384805     0.439173     0.491854     0.542531     0.590801     0.636185     0.678138     0.716066     0.749354     0.777398     0.799638     0.815595     0.824905     0.827342     0.822843     0.811512     0.793623     0.769608     0.740035     0.705578     0.666978     0.625006     0.580414     0.533895     0.486043     0.437325     0.388063     0.338425     0.288440     0.238015     0.186969     0.135075     0.082096     0.027834    -0.027834
    0.031586     0.093506     0.154198     0.213689     0.271987     0.329059     0.384819     0.439110     0.491699     0.542272     0.590431     0.635700     0.677538     0.715359     0.748553     0.776522     0.798711     0.814647     0.823968     0.826450     0.822031     0.810812     0.793066     0.769219     0.739833     0.705575     0.667180     0.625409     0.581006     0.534654     0.486942     0.438328     0.389127     0.339506     0.289488     0.238979     0.187801     0.135726     0.082521     0.027990    -0.027990
    0.031629     0.093607     0.154329     0.213826     0.272106     0.329139     0.384839     0.439054     0.491553     0.542023     0.590071     0.635225     0.676951     0.714665     0.747765     0.775659     0.797797     0.813711     0.823041     0.825568     0.821226     0.810118     0.792512     0.768831     0.739630     0.705569     0.667375     0.625803     0.581586     0.535401     0.487826     0.439314     0.390175     0.340568     0.290517     0.239927     0.188618     0.136366     0.082939     0.028143    -0.028143
    0.031672     0.093709     0.154464     0.213968     0.272231     0.329225     0.384867     0.439007     0.491415     0.541783     0.589721     0.634761     0.676374     0.713982     0.746989     0.774808     0.796895     0.812786     0.822126     0.824694     0.820429     0.809430     0.791962     0.768443     0.739424     0.705558     0.667564     0.626188     0.582155     0.536134     0.488695     0.440284     0.391204     0.341613     0.291529     0.240858     0.189421     0.136993     0.083348     0.028292    -0.028292
    0.031716     0.093813     0.154601     0.214113     0.272360     0.329317     0.384902     0.438966     0.491285     0.541552     0.589381     0.634308     0.675809     0.713311     0.746225     0.773969     0.796005     0.811873     0.821220     0.823830     0.819639     0.808747     0.791415     0.768057     0.739218     0.705544     0.667747     0.626564     0.582713     0.536853     0.489548     0.441237     0.392216     0.342640     0.292524     0.241773     0.190208     0.137609     0.083749     0.028439    -0.028439
    0.031760     0.093919     0.154742     0.214263     0.272495     0.329415     0.384943     0.438934     0.491164     0.541331     0.589051     0.633866     0.675255     0.712652     0.745473     0.773143     0.795127     0.810971     0.820325     0.822975     0.818857     0.808070     0.790871     0.767672     0.739010     0.705526     0.667923     0.626931     0.583260     0.537560     0.490387     0.442174     0.393211     0.343649     0.293501     0.242671     0.190982     0.138214     0.084143     0.028583    -0.028583
    0.031805     0.094026     0.154885     0.214416     0.272635     0.329519     0.384991     0.438909     0.491051     0.541118     0.588730     0.633433     0.674712     0.712005     0.744734     0.772328     0.794261     0.810080     0.819441     0.822129     0.818083     0.807398     0.790331     0.767288     0.738801     0.705504     0.668093     0.627290     0.583796     0.538254     0.491212     0.443095     0.394189     0.344641     0.294461     0.243554     0.191741     0.138807     0.084529     0.028724    -0.028724
    0.031851     0.094136     0.155032     0.214574     0.272780     0.329629     0.385046     0.438891     0.490946     0.540914     0.588419     0.633011     0.674179     0.711369     0.744006     0.771526     0.793407     0.809201     0.818567     0.821293     0.817316     0.806732     0.789795     0.766905     0.738591     0.705478     0.668257     0.627640     0.584321     0.538935     0.492022     0.444000     0.395151     0.345615     0.295405     0.244420     0.192487     0.139389     0.084908     0.028862    -0.028862
    0.031897     0.094247     0.155181     0.214735     0.272929     0.329744     0.385107     0.438880     0.490848     0.540718     0.588117     0.632599     0.673658     0.710744     0.743290     0.770735     0.792564     0.808333     0.817703     0.820465     0.816556     0.806071     0.789262     0.766523     0.738379     0.705449     0.668415     0.627982     0.584836     0.539603     0.492817     0.444889     0.396095     0.346573     0.296331     0.245271     0.193218     0.139960     0.085279     0.028997    -0.028997
    0.031944     0.094359     0.155332     0.214900     0.273083     0.329864     0.385174     0.438876     0.490759     0.540531     0.587824     0.632197     0.673147     0.710131     0.742585     0.769956     0.791732     0.807475     0.816849     0.819646     0.815804     0.805416     0.788732     0.766143     0.738167     0.705416     0.668567     0.628316     0.585341     0.540260     0.493598     0.445763     0.397023     0.347514     0.297241     0.246106     0.193936     0.140520     0.085644     0.029130    -0.029130
    0.031991     0.094473     0.155486     0.215068     0.273241     0.329990     0.385247     0.438879     0.490677     0.540353     0.587541     0.631805     0.672647     0.709528     0.741891     0.769188     0.790912     0.806629     0.816005     0.818835     0.815059     0.804767     0.788206     0.765764     0.737953     0.705380     0.668714     0.628642     0.585835     0.540903     0.494366     0.446621     0.397935     0.348438     0.298135     0.246926     0.194641     0.141069     0.086001     0.029260    -0.029260
    0.032038     0.094588     0.155642     0.215239     0.273403     0.330121     0.385327     0.438889     0.490602     0.540182     0.587266     0.631422     0.672157     0.708937     0.741209     0.768432     0.790103     0.805793     0.815171     0.818034     0.814321     0.804123     0.787683     0.765386     0.737739     0.705341     0.668854     0.628960     0.586319     0.541535     0.495119     0.447464     0.398831     0.349346     0.299012     0.247731     0.195332     0.141608     0.086351     0.029388    -0.029388
    0.032086     0.094705     0.155800     0.215413     0.273569     0.330256     0.385411     0.438905     0.490535     0.540020     0.587001     0.631049     0.671677     0.708356     0.740538     0.767687     0.789305     0.804967     0.814346     0.817241     0.813590     0.803485     0.787164     0.765010     0.737523     0.705299     0.668990     0.629270     0.586793     0.542155     0.495859     0.448292     0.399711     0.350238     0.299874     0.248522     0.196011     0.142137     0.086694     0.029513    -0.029513
    0.032135     0.094822     0.155961     0.215591     0.273739     0.330397     0.385502     0.438928     0.490475     0.539865     0.586744     0.630685     0.671207     0.707785     0.739878     0.766953     0.788518     0.804152     0.813532     0.816457     0.812867     0.802852     0.786649     0.764635     0.737308     0.705253     0.669120     0.629572     0.587258     0.542763     0.496586     0.449106     0.400575     0.351113     0.300720     0.249298     0.196677     0.142655     0.087031     0.029635    -0.029635
    0.032183     0.094941     0.156123     0.215771     0.273913     0.330542     0.385598     0.438957     0.490422     0.539719     0.586495     0.630331     0.670747     0.707225     0.739228     0.766230     0.787742     0.803348     0.812727     0.815681     0.812151     0.802224     0.786137     0.764262     0.737091     0.705205     0.669244     0.629867     0.587713     0.543360     0.497299     0.449905     0.401424     0.351974     0.301551     0.250059     0.197330     0.143164     0.087361     0.029755    -0.029755
    0.032232     0.095061     0.156287     0.215954     0.274090     0.330691     0.385699     0.438992     0.490376     0.539580     0.586255     0.629986     0.670297     0.706675     0.738589     0.765517     0.786977     0.802554     0.811931     0.814914     0.811441     0.801602     0.785629     0.763891     0.736874     0.705154     0.669364     0.630155     0.588158     0.543945     0.497999     0.450690     0.402258     0.352818     0.302367     0.250806     0.197971     0.143663     0.087684     0.029872    -0.029872
    0.032281     0.095182     0.156453     0.216139     0.274271     0.330845     0.385805     0.439033     0.490337     0.539448     0.586023     0.629649     0.669856     0.706136     0.737961     0.764816     0.786222     0.801769     0.811145     0.814155     0.810739     0.800986     0.785124     0.763521     0.736656     0.705100     0.669479     0.630436     0.588594     0.544519     0.498687     0.451460     0.403077     0.353648     0.303168     0.251540     0.198600     0.144152     0.088001     0.029988    -0.029988
    0.032331     0.095303     0.156620     0.216327     0.274455     0.331003     0.385916     0.439080     0.490304     0.539324     0.585799     0.629321     0.669425     0.705606     0.737343     0.764124     0.785477     0.800995     0.810368     0.813404     0.810044     0.800375     0.784623     0.763152     0.736438     0.705044     0.669589     0.630709     0.589021     0.545082     0.499362     0.452217     0.403881     0.354462     0.303954     0.252260     0.199217     0.144632     0.088312     0.030101    -0.030101
    0.032381     0.095425     0.156789     0.216517     0.274642     0.331164     0.386032     0.439132     0.490277     0.539207     0.585583     0.629002     0.669003     0.705086     0.736735     0.763443     0.784742     0.800231     0.809601     0.812662     0.809356     0.799769     0.784126     0.762786     0.736219     0.704984     0.669694     0.630976     0.589439     0.545634     0.500024     0.452960     0.404671     0.355262     0.304726     0.252967     0.199822     0.145102     0.088617     0.030211    -0.030211
    0.032430     0.095549     0.156960     0.216709     0.274832     0.331330     0.386153     0.439190     0.490257     0.539096     0.585375     0.628691     0.668589     0.704575     0.736137     0.762772     0.784018     0.799476     0.808842     0.811927     0.808675     0.799169     0.783633     0.762421     0.736000     0.704923     0.669794     0.631236     0.589848     0.546176     0.500674     0.453689     0.405446     0.356047     0.305484     0.253660     0.200416     0.145564     0.088916     0.030320    -0.030320
    0.032480     0.095672     0.157131     0.216904     0.275025     0.331499     0.386277     0.439252     0.490243     0.538993     0.585174     0.628388     0.668185     0.704074     0.735548     0.762111     0.783304     0.798731     0.808093     0.811201     0.808001     0.798574     0.783143     0.762058     0.735781     0.704859     0.669890     0.631489     0.590249     0.546707     0.501312     0.454406     0.406208     0.356818     0.306228     0.254341     0.200999     0.146016     0.089209     0.030426    -0.030426
    0.032531     0.095797     0.157304     0.217100     0.275221     0.331671     0.386406     0.439320     0.490234     0.538896     0.584980     0.628094     0.667789     0.703582     0.734969     0.761460     0.782599     0.797996     0.807352     0.810483     0.807333     0.797985     0.782657     0.761697     0.735562     0.704793     0.669982     0.631736     0.590641     0.547228     0.501939     0.455109     0.406955     0.357575     0.306958     0.255009     0.201571     0.146460     0.089497     0.030530    -0.030530
    0.032581     0.095921     0.157477     0.217297     0.275418     0.331847     0.386540     0.439393     0.490231     0.538805     0.584794     0.627807     0.667402     0.703099     0.734400     0.760819     0.781904     0.797270     0.806620     0.809773     0.806673     0.797401     0.782175     0.761338     0.735343     0.704725     0.670069     0.631976     0.591025     0.547739     0.502554     0.455800     0.407690     0.358318     0.307675     0.255664     0.202132     0.146896     0.089778     0.030632    -0.030632
    0.032631     0.096047     0.157652     0.217497     0.275618     0.332025     0.386676     0.439470     0.490234     0.538721     0.584614     0.627528     0.667023     0.702625     0.733840     0.760187     0.781218     0.796553     0.805897     0.809071     0.806019     0.796822     0.781696     0.760981     0.735124     0.704655     0.670153     0.632211     0.591401     0.548240     0.503157     0.456478     0.408410     0.359048     0.308379     0.256308     0.202682     0.147323     0.090055     0.030732    -0.030732
    0.032682     0.096172     0.157828     0.217697     0.275821     0.332207     0.386817     0.439552     0.490241     0.538643     0.584442     0.627256     0.666653     0.702160     0.733289     0.759564     0.780542     0.795845     0.805183     0.808376     0.805372     0.796249     0.781222     0.760626     0.734905     0.704583     0.670232     0.632439     0.591769     0.548731     0.503749     0.457143     0.409118     0.359764     0.309069     0.256939     0.203222     0.147742     0.090326     0.030830    -0.030830
    0.032732     0.096298     0.158004     0.217899     0.276025     0.332391     0.386961     0.439638     0.490254     0.538571     0.584276     0.626992     0.666290     0.701703     0.732747     0.758951     0.779875     0.795146     0.804477     0.807690     0.804731     0.795681     0.780751     0.760273     0.734686     0.704509     0.670307     0.632662     0.592129     0.549213     0.504330     0.457797     0.409813     0.360468     0.309748     0.257559     0.203752     0.148153     0.090592     0.030927    -0.030927
    0.032782     0.096424     0.158180     0.218102     0.276231     0.332578     0.387109     0.439728     0.490272     0.538504     0.584116     0.626735     0.665936     0.701255     0.732214     0.758347     0.779218     0.794456     0.803779     0.807011     0.804098     0.795119     0.780284     0.759922     0.734468     0.704433     0.670379     0.632878     0.592482     0.549685     0.504901     0.458439     0.410496     0.361159     0.310413     0.258167     0.204272     0.148557     0.090852     0.031021    -0.031021
    0.032833     0.096550     0.158358     0.218306     0.276439     0.332767     0.387259     0.439822     0.490295     0.538443     0.583963     0.626485     0.665588     0.700814     0.731690     0.757751     0.778569     0.793775     0.803090     0.806339     0.803470     0.794562     0.779820     0.759573     0.734249     0.704356     0.670447     0.633090     0.592827     0.550148     0.505461     0.459069     0.411166     0.361837     0.311067     0.258764     0.204782     0.148952     0.091108     0.031113    -0.031113
    0.032883     0.096676     0.158535     0.218511     0.276648     0.332959     0.387413     0.439920     0.490322     0.538387     0.583816     0.626242     0.665249     0.700383     0.731174     0.757165     0.777929     0.793103     0.802409     0.805675     0.802850     0.794010     0.779361     0.759226     0.734031     0.704277     0.670512     0.633295     0.593165     0.550603     0.506010     0.459687     0.411824     0.362503     0.311709     0.259350     0.205283     0.149341     0.091359     0.031204    -0.031204
    0.032933     0.096803     0.158713     0.218717     0.276858     0.333152     0.387570     0.440022     0.490353     0.538337     0.583675     0.626006     0.664917     0.699959     0.730667     0.756587     0.777298     0.792439     0.801736     0.805019     0.802235     0.793463     0.778905     0.758882     0.733814     0.704197     0.670573     0.633496     0.593496     0.551048     0.506550     0.460295     0.412470     0.363157     0.312339     0.259925     0.205775     0.149722     0.091605     0.031293    -0.031293
    0.032983     0.096929     0.158892     0.218924     0.277070     0.333348     0.387729     0.440127     0.490389     0.538291     0.583540     0.625776     0.664592     0.699542     0.730168     0.756018     0.776675     0.791784     0.801072     0.804369     0.801628     0.792922     0.778453     0.758540     0.733597     0.704115     0.670631     0.633691     0.593819     0.551486     0.507079     0.460891     0.413105     0.363799     0.312957     0.260490     0.206257     0.150095     0.091846     0.031380    -0.031380
    0.033034     0.097055     0.159070     0.219131     0.277283     0.333545     0.387891     0.440235     0.490429     0.538251     0.583410     0.625553     0.664274     0.699134     0.729677     0.755457     0.776061     0.791137     0.800415     0.803728     0.801026     0.792386     0.778006     0.758200     0.733380     0.704033     0.670686     0.633882     0.594136     0.551914     0.507599     0.461476     0.413728     0.364429     0.313565     0.261044     0.206731     0.150462     0.092083     0.031466    -0.031466
    0.033083     0.097181     0.159249     0.219339     0.277497     0.333744     0.388055     0.440347     0.490473     0.538215     0.583286     0.625335     0.663963     0.698732     0.729193     0.754904     0.775455     0.790498     0.799766     0.803093     0.800431     0.791855     0.777562     0.757862     0.733164     0.703948     0.670738     0.634067     0.594447     0.552335     0.508109     0.462051     0.414340     0.365048     0.314161     0.261589     0.207195     0.150822     0.092316     0.031550    -0.031550
    0.033133     0.097307     0.159427     0.219546     0.277712     0.333945     0.388221     0.440461     0.490521     0.538184     0.583167     0.625124     0.663659     0.698339     0.728718     0.754359     0.774858     0.789868     0.799125     0.802466     0.799843     0.791329     0.777121     0.757527     0.732949     0.703863     0.670787     0.634248     0.594751     0.552747     0.508609     0.462616     0.414941     0.365656     0.314747     0.262123     0.207652     0.151176     0.092544     0.031633    -0.031633
    0.033183     0.097433     0.159605     0.219755     0.277928     0.334147     0.388389     0.440579     0.490572     0.538157     0.583053     0.624919     0.663361     0.697952     0.728250     0.753823     0.774268     0.789245     0.798491     0.801845     0.799260     0.790809     0.776685     0.757194     0.732735     0.703777     0.670833     0.634424     0.595048     0.553151     0.509101     0.463170     0.415531     0.366254     0.315322     0.262648     0.208100     0.151523     0.092768     0.031713    -0.031713
    0.033232     0.097558     0.159784     0.219963     0.278144     0.334350     0.388560     0.440699     0.490627     0.538134     0.582945     0.624719     0.663070     0.697572     0.727790     0.753294     0.773687     0.788630     0.797865     0.801232     0.798684     0.790293     0.776253     0.756864     0.732521     0.703690     0.670876     0.634596     0.595340     0.553548     0.509584     0.463715     0.416111     0.366840     0.315886     0.263163     0.208539     0.151863     0.092988     0.031793    -0.031793
    0.033282     0.097683     0.159961     0.220171     0.278361     0.334554     0.388732     0.440821     0.490685     0.538116     0.582841     0.624525     0.662785     0.697200     0.727337     0.752773     0.773113     0.788023     0.797247     0.800626     0.798114     0.789783     0.775824     0.756535     0.732308     0.703602     0.670917     0.634763     0.595625     0.553937     0.510057     0.464250     0.416680     0.367416     0.316441     0.263669     0.208971     0.152198     0.093203     0.031871    -0.031871
    0.033331     0.097807     0.160139     0.220379     0.278578     0.334759     0.388906     0.440946     0.490746     0.538101     0.582742     0.624337     0.662506     0.696834     0.726892     0.752259     0.772547     0.787424     0.796636     0.800026     0.797550     0.789278     0.775400     0.756210     0.732096     0.703513     0.670955     0.634926     0.595904     0.554319     0.510522     0.464775     0.417239     0.367982     0.316986     0.264166     0.209396     0.152526     0.093415     0.031947    -0.031947
    0.033379     0.097932     0.160316     0.220587     0.278795     0.334965     0.389081     0.441073     0.490810     0.538090     0.582647     0.624154     0.662233     0.696474     0.726453     0.751753     0.771989     0.786832     0.796032     0.799433     0.796992     0.788778     0.774979     0.755887     0.731885     0.703423     0.670991     0.635084     0.596178     0.554694     0.510979     0.465291     0.417789     0.368538     0.317521     0.264655     0.209812     0.152848     0.093623     0.032022    -0.032022
    0.033428     0.098055     0.160493     0.220795     0.279013     0.335171     0.389257     0.441203     0.490877     0.538083     0.582557     0.623976     0.661966     0.696121     0.726021     0.751254     0.771438     0.786248     0.795435     0.798848     0.796440     0.788283     0.774562     0.755566     0.731675     0.703333     0.671024     0.635239     0.596446     0.555061     0.511428     0.465798     0.418329     0.369085     0.318047     0.265134     0.210221     0.153165     0.093828     0.032096    -0.032096
    0.033476     0.098178     0.160669     0.221003     0.279230     0.335379     0.389435     0.441334     0.490947     0.538079     0.582471     0.623803     0.661704     0.695775     0.725597     0.750762     0.770895     0.785671     0.794846     0.798268     0.795894     0.787793     0.774149     0.755248     0.731466     0.703242     0.671055     0.635390     0.596709     0.555422     0.511868     0.466296     0.418859     0.369621     0.318564     0.265605     0.210623     0.153476     0.094028     0.032169    -0.032169
    0.033524     0.098301     0.160844     0.221210     0.279448     0.335586     0.389614     0.441467     0.491019     0.538079     0.582390     0.623634     0.661449     0.695434     0.725179     0.750278     0.770359     0.785102     0.794264     0.797696     0.795354     0.787308     0.773740     0.754932     0.731258     0.703151     0.671084     0.635537     0.596966     0.555776     0.512301     0.466785     0.419380     0.370149     0.319071     0.266068     0.211018     0.153782     0.094225     0.032240    -0.032240
    0.033572     0.098423     0.161019     0.221416     0.279665     0.335794     0.389794     0.441601     0.491094     0.538082     0.582312     0.623471     0.661198     0.695100     0.724767     0.749800     0.769830     0.784539     0.793689     0.797130     0.794820     0.786828     0.773334     0.754619     0.731051     0.703059     0.671111     0.635681     0.597218     0.556124     0.512725     0.467265     0.419892     0.370667     0.319570     0.266523     0.211406     0.154082     0.094419     0.032310    -0.032310
    0.033619     0.098544     0.161193     0.221622     0.279882     0.336003     0.389975     0.441738     0.491171     0.538088     0.582238     0.623312     0.660953     0.694771     0.724362     0.749329     0.769308     0.783984     0.793120     0.796570     0.794291     0.786353     0.772933     0.754309     0.730845     0.702967     0.671136     0.635820     0.597465     0.556465     0.513143     0.467737     0.420395     0.371176     0.320060     0.266970     0.211787     0.154377     0.094609     0.032379    -0.032379
    0.033666     0.098664     0.161367     0.221827     0.280099     0.336211     0.390156     0.441875     0.491250     0.538096     0.582168     0.623158     0.660713     0.694448     0.723963     0.748865     0.768793     0.783436     0.792559     0.796017     0.793769     0.785883     0.772535     0.754001     0.730640     0.702874     0.671159     0.635957     0.597707     0.556799     0.513553     0.468201     0.420890     0.371676     0.320542     0.267409     0.212162     0.154667     0.094796     0.032446    -0.032446
    0.033713     0.098784     0.161539     0.222032     0.280315     0.336420     0.390338     0.442014     0.491331     0.538108     0.582101     0.623008     0.660478     0.694131     0.723571     0.748408     0.768285     0.782894     0.792004     0.795470     0.793252     0.785418     0.772141     0.753696     0.730437     0.702781     0.671180     0.636090     0.597944     0.557128     0.513955     0.468657     0.421376     0.372168     0.321016     0.267841     0.212530     0.154952     0.094980     0.032512    -0.032512
    0.033760     0.098903     0.161711     0.222236     0.280531     0.336628     0.390521     0.442154     0.491414     0.538122     0.582038     0.622862     0.660248     0.693820     0.723184     0.747957     0.767783     0.782360     0.791455     0.794929     0.792741     0.784957     0.771751     0.753393     0.730235     0.702688     0.671199     0.636220     0.598177     0.557450     0.514351     0.469105     0.421854     0.372652     0.321481     0.268265     0.212892     0.155232     0.095161     0.032578    -0.032578
    0.033806     0.099022     0.161881     0.222439     0.280746     0.336836     0.390704     0.442296     0.491499     0.538139     0.581978     0.622720     0.660023     0.693514     0.722804     0.747512     0.767288     0.781832     0.790914     0.794395     0.792235     0.784502     0.771365     0.753093     0.730034     0.702595     0.671217     0.636346     0.598405     0.557767     0.514740     0.469546     0.422324     0.373127     0.321939     0.268683     0.213248     0.155507     0.095338     0.032642    -0.032642
    0.033851     0.099139     0.162051     0.222641     0.280961     0.337044     0.390887     0.442438     0.491586     0.538159     0.581921     0.622582     0.659803     0.693213     0.722429     0.747074     0.766800     0.781310     0.790379     0.793867     0.791735     0.784051     0.770983     0.752796     0.729834     0.702502     0.671233     0.636470     0.598628     0.558078     0.515121     0.469979     0.422785     0.373595     0.322388     0.269093     0.213598     0.155778     0.095513     0.032705    -0.032705
    0.033897     0.099256     0.162220     0.222842     0.281175     0.337252     0.391071     0.442581     0.491674     0.538180     0.581868     0.622448     0.659587     0.692917     0.722060     0.746642     0.766318     0.780795     0.789850     0.793344     0.791241     0.783605     0.770604     0.752501     0.729636     0.702408     0.671248     0.636590     0.598847     0.558384     0.515497     0.470404     0.423239     0.374054     0.322831     0.269496     0.213942     0.156044     0.095685     0.032767    -0.032767
    0.033942     0.099372     0.162387     0.223042     0.281388     0.337459     0.391254     0.442724     0.491764     0.538204     0.581817     0.622318     0.659375     0.692627     0.721697     0.746216     0.765843     0.780287     0.789327     0.792828     0.790752     0.783164     0.770230     0.752209     0.729439     0.702315     0.671261     0.636708     0.599062     0.558684     0.515866     0.470823     0.423686     0.374506     0.323266     0.269893     0.214280     0.156306     0.095854     0.032828    -0.032828
    0.033986     0.099487     0.162554     0.223240     0.281600     0.337666     0.391438     0.442869     0.491855     0.538230     0.581769     0.622191     0.659168     0.692341     0.721339     0.745796     0.765374     0.779785     0.788811     0.792318     0.790269     0.782727     0.769858     0.751920     0.729244     0.702221     0.671273     0.636823     0.599273     0.558978     0.516228     0.471234     0.424125     0.374950     0.323694     0.270283     0.214613     0.156564     0.096020     0.032888    -0.032888
    0.034031     0.099601     0.162719     0.223438     0.281811     0.337872     0.391621     0.443014     0.491947     0.538258     0.581724     0.622068     0.658965     0.692061     0.720987     0.745381     0.764910     0.779289     0.788301     0.791814     0.789790     0.782295     0.769491     0.751633     0.729050     0.702128     0.671283     0.636935     0.599480     0.559268     0.516585     0.471639     0.424556     0.375388     0.324114     0.270667     0.214940     0.156817     0.096183     0.032947    -0.032947
    0.034074     0.099715     0.162883     0.223634     0.282021     0.338077     0.391805     0.443159     0.492040     0.538288     0.581682     0.621948     0.658766     0.691785     0.720640     0.744973     0.764453     0.778800     0.787797     0.791315     0.789318     0.781868     0.769128     0.751349     0.728857     0.702035     0.671292     0.637044     0.599682     0.559552     0.516935     0.472036     0.424981     0.375818     0.324528     0.271044     0.215262     0.157066     0.096344     0.033005    -0.033005
    0.034118     0.099827     0.163046     0.223830     0.282230     0.338282     0.391988     0.443305     0.492135     0.538319     0.581642     0.621832     0.658571     0.691514     0.720298     0.744570     0.764002     0.778316     0.787299     0.790823     0.788850     0.781445     0.768768     0.751067     0.728666     0.701942     0.671300     0.637151     0.599881     0.559832     0.517280     0.472428     0.425399     0.376241     0.324936     0.271415     0.215579     0.157311     0.096502     0.033062    -0.033062
    0.034161     0.099938     0.163208     0.224023     0.282438     0.338486     0.392171     0.443451     0.492230     0.538353     0.581605     0.621718     0.658380     0.691247     0.719961     0.744172     0.763557     0.777839     0.786807     0.790335     0.788388     0.781027     0.768412     0.750788     0.728476     0.701849     0.671307     0.637256     0.600077     0.560106     0.517619     0.472813     0.425810     0.376657     0.325336     0.271781     0.215891     0.157553     0.096658     0.033118    -0.033118
    0.034204     0.100049     0.163368     0.224216     0.282644     0.338689     0.392353     0.443597     0.492326     0.538388     0.581570     0.621608     0.658193     0.690985     0.719629     0.743781     0.763118     0.777367     0.786321     0.789854     0.787931     0.780613     0.768059     0.750512     0.728288     0.701756     0.671313     0.637358     0.600268     0.560376     0.517952     0.473191     0.426214     0.377066     0.325731     0.272140     0.216197     0.157790     0.096811     0.033174    -0.033174
    0.034246     0.100158     0.163528     0.224407     0.282850     0.338891     0.392535     0.443743     0.492423     0.538424     0.581537     0.621501     0.658009     0.690727     0.719303     0.743394     0.762684     0.776901     0.785841     0.789378     0.787479     0.780204     0.767710     0.750238     0.728101     0.701664     0.671317     0.637458     0.600456     0.560642     0.518279     0.473564     0.426612     0.377469     0.326119     0.272494     0.216499     0.158024     0.096962     0.033228    -0.033228
    0.034288     0.100267     0.163686     0.224597     0.283054     0.339092     0.392716     0.443890     0.492521     0.538462     0.581506     0.621397     0.657830     0.690473     0.718981     0.743013     0.762256     0.776441     0.785366     0.788908     0.787032     0.779800     0.767365     0.749968     0.727916     0.701572     0.671321     0.637555     0.600641     0.560902     0.518602     0.473930     0.427003     0.377866     0.326500     0.272843     0.216797     0.158254     0.097111     0.033282    -0.033282
    0.034329     0.100374     0.163842     0.224785     0.283256     0.339292     0.392897     0.444036     0.492619     0.538501     0.581478     0.621295     0.657653     0.690223     0.718664     0.742637     0.761833     0.775987     0.784898     0.788443     0.786590     0.779400     0.767024     0.749699     0.727733     0.701480     0.671324     0.637650     0.600822     0.561159     0.518919     0.474291     0.427389     0.378256     0.326876     0.273186     0.217089     0.158481     0.097257     0.033335    -0.033335
    0.034370     0.100481     0.163997     0.224972     0.283458     0.339490     0.393077     0.444182     0.492718     0.538541     0.581451     0.621196     0.657480     0.689978     0.718351     0.742266     0.761416     0.775538     0.784434     0.787984     0.786153     0.779004     0.766686     0.749434     0.727550     0.701388     0.671326     0.637744     0.601000     0.561411     0.519231     0.474646     0.427768     0.378640     0.327246     0.273523     0.217377     0.158704     0.097401     0.033387    -0.033387
    0.034411     0.100586     0.164151     0.225157     0.283658     0.339688     0.393257     0.444328     0.492817     0.538583     0.581427     0.621100     0.657311     0.689737     0.718043     0.741900     0.761004     0.775095     0.783977     0.787530     0.785722     0.778612     0.766351     0.749171     0.727370     0.701297     0.671327     0.637835     0.601175     0.561659     0.519538     0.474995     0.428141     0.379019     0.327611     0.273855     0.217661     0.158923     0.097543     0.033438    -0.033438
    0.034451     0.100690     0.164303     0.225341     0.283856     0.339885     0.393435     0.444474     0.492917     0.538625     0.581404     0.621006     0.657144     0.689499     0.717739     0.741539     0.760597     0.774657     0.783524     0.787081     0.785295     0.778225     0.766021     0.748910     0.727191     0.701207     0.671327     0.637924     0.601347     0.561903     0.519840     0.475339     0.428509     0.379391     0.327970     0.274183     0.217940     0.159140     0.097682     0.033489    -0.033489
    0.034490     0.100794     0.164454     0.225523     0.284053     0.340080     0.393613     0.444619     0.493017     0.538669     0.581382     0.620915     0.656981     0.689265     0.717440     0.741183     0.760196     0.774225     0.783078     0.786637     0.784872     0.777842     0.765693     0.748653     0.727014     0.701116     0.671327     0.638012     0.601516     0.562143     0.520137     0.475677     0.428870     0.379758     0.328323     0.274505     0.218216     0.159353     0.097820     0.033538    -0.033538
    0.034530     0.100896     0.164604     0.225704     0.284248     0.340274     0.393790     0.444764     0.493117     0.538713     0.581363     0.620826     0.656821     0.689035     0.717145     0.740832     0.759800     0.773798     0.782636     0.786199     0.784455     0.777464     0.765370     0.748398     0.726838     0.701027     0.671326     0.638097     0.601682     0.562379     0.520430     0.476010     0.429227     0.380119     0.328671     0.274823     0.218487     0.159563     0.097956     0.033588    -0.033588
    0.034568     0.100997     0.164752     0.225883     0.284442     0.340466     0.393965     0.444909     0.493217     0.538758     0.581345     0.620740     0.656664     0.688809     0.716855     0.740485     0.759409     0.773376     0.782200     0.785765     0.784043     0.777089     0.765049     0.748145     0.726664     0.700937     0.671324     0.638181     0.601845     0.562611     0.520718     0.476339     0.429577     0.380475     0.329014     0.275135     0.218754     0.159770     0.098089     0.033636    -0.033636
    0.034607     0.101097     0.164899     0.226061     0.284634     0.340658     0.394140     0.445053     0.493318     0.538804     0.581328     0.620655     0.656509     0.688586     0.716568     0.740143     0.759022     0.772960     0.781769     0.785337     0.783635     0.776719     0.764733     0.747895     0.726491     0.700849     0.671321     0.638263     0.602005     0.562839     0.521001     0.476662     0.429923     0.380825     0.329351     0.275444     0.219017     0.159973     0.098221     0.033684    -0.033684
    0.034645     0.101197     0.165044     0.226236     0.284825     0.340847     0.394314     0.445196     0.493418     0.538851     0.581313     0.620573     0.656358     0.688367     0.716286     0.739806     0.758641     0.772548     0.781343     0.784914     0.783232     0.776353     0.764419     0.747648     0.726320     0.700761     0.671318     0.638343     0.602162     0.563064     0.521281     0.476980     0.430263     0.381170     0.329684     0.275747     0.219276     0.160174     0.098351     0.033730    -0.033730
    0.034682     0.101295     0.165188     0.226410     0.285014     0.341036     0.394487     0.445339     0.493519     0.538899     0.581300     0.620493     0.656209     0.688151     0.716008     0.739473     0.758265     0.772142     0.780922     0.784495     0.782833     0.775991     0.764109     0.747403     0.726151     0.700673     0.671315     0.638422     0.602317     0.563286     0.521555     0.477293     0.430599     0.381510     0.330011     0.276046     0.219531     0.160372     0.098479     0.033777    -0.033777
    0.034720     0.101392     0.165330     0.226583     0.285201     0.341223     0.394658     0.445482     0.493619     0.538947     0.581287     0.620415     0.656063     0.687939     0.715733     0.739145     0.757893     0.771740     0.780506     0.784082     0.782439     0.775633     0.763803     0.747161     0.725983     0.700586     0.671311     0.638499     0.602470     0.563503     0.521826     0.477602     0.430929     0.381845     0.330334     0.276341     0.219783     0.160567     0.098605     0.033822    -0.033822
    0.034756     0.101488     0.165471     0.226754     0.285387     0.341408     0.394829     0.445623     0.493720     0.538996     0.581276     0.620339     0.655920     0.687729     0.715463     0.738820     0.757526     0.771344     0.780095     0.783673     0.782050     0.775279     0.763500     0.746922     0.725817     0.700500     0.671306     0.638574     0.602619     0.563718     0.522093     0.477906     0.431254     0.382175     0.330652     0.276631     0.220031     0.160760     0.098729     0.033867    -0.033867
    0.034793     0.101583     0.165610     0.226923     0.285571     0.341592     0.394998     0.445764     0.493820     0.539045     0.581266     0.620264     0.655779     0.687523     0.715196     0.738500     0.757164     0.770952     0.779690     0.783270     0.781665     0.774929     0.763200     0.746685     0.725652     0.700414     0.671302     0.638649     0.602767     0.563929     0.522356     0.478206     0.431575     0.382500     0.330966     0.276918     0.220276     0.160949     0.098852     0.033912    -0.033912
    0.034828     0.101676     0.165748     0.227090     0.285753     0.341774     0.395166     0.445904     0.493920     0.539094     0.581257     0.620192     0.655641     0.687320     0.714933     0.738185     0.756806     0.770565     0.779288     0.782870     0.781284     0.774584     0.762904     0.746450     0.725490     0.700329     0.671296     0.638721     0.602912     0.564137     0.522614     0.478501     0.431891     0.382821     0.331275     0.277200     0.220517     0.161136     0.098972     0.033956    -0.033956
    0.034864     0.101769     0.165884     0.227256     0.285933     0.341955     0.395333     0.446043     0.494020     0.539144     0.581249     0.620121     0.655505     0.687121     0.714673     0.737873     0.756452     0.770183     0.778892     0.782476     0.780908     0.774242     0.762610     0.746218     0.725328     0.700244     0.671291     0.638793     0.603054     0.564342     0.522869     0.478792     0.432202     0.383137     0.331580     0.277478     0.220755     0.161321     0.099092     0.033999    -0.033999
    0.034899     0.101861     0.166019     0.227419     0.286112     0.342134     0.395498     0.446182     0.494119     0.539194     0.581243     0.620052     0.655372     0.686924     0.714417     0.737566     0.756103     0.769805     0.778501     0.782086     0.780536     0.773904     0.762320     0.745989     0.725169     0.700160     0.671285     0.638863     0.603195     0.564543     0.523120     0.479078     0.432509     0.383448     0.331880     0.277753     0.220989     0.161503     0.099209     0.034041    -0.034041
    0.034933     0.101951     0.166152     0.227582     0.286289     0.342311     0.395662     0.446319     0.494218     0.539245     0.581237     0.619985     0.655241     0.686730     0.714165     0.737262     0.755759     0.769432     0.778114     0.781701     0.780169     0.773569     0.762034     0.745762     0.725011     0.700077     0.671278     0.638931     0.603333     0.564742     0.523368     0.479361     0.432812     0.383755     0.332176     0.278023     0.221220     0.161682     0.099325     0.034083    -0.034083
    0.034967     0.102041     0.166284     0.227742     0.286464     0.342487     0.395825     0.446456     0.494317     0.539296     0.581232     0.619919     0.655112     0.686539     0.713916     0.736963     0.755419     0.769064     0.777731     0.781320     0.779805     0.773239     0.761750     0.745538     0.724854     0.699994     0.671272     0.638999     0.603469     0.564938     0.523612     0.479639     0.433110     0.384058     0.332468     0.278290     0.221448     0.161859     0.099440     0.034125    -0.034125
    0.035001     0.102129     0.166414     0.227901     0.286638     0.342661     0.395986     0.446592     0.494415     0.539347     0.581228     0.619854     0.654985     0.686351     0.713671     0.736667     0.755083     0.768700     0.777354     0.780944     0.779446     0.772912     0.761470     0.745315     0.724700     0.699913     0.671265     0.639065     0.603603     0.565131     0.523852     0.479914     0.433404     0.384357     0.332756     0.278553     0.221673     0.162033     0.099552     0.034166    -0.034166
    0.035034     0.102217     0.166543     0.228058     0.286809     0.342834     0.396146     0.446726     0.494513     0.539398     0.581224     0.619792     0.654861     0.686166     0.713429     0.736375     0.754751     0.768340     0.776980     0.780572     0.779091     0.772589     0.761193     0.745096     0.724546     0.699831     0.671257     0.639130     0.603734     0.565321     0.524089     0.480185     0.433694     0.384651     0.333040     0.278813     0.221895     0.162205     0.099664     0.034206    -0.034206
    0.035067     0.102303     0.166670     0.228213     0.286979     0.343005     0.396305     0.446860     0.494610     0.539449     0.581222     0.619730     0.654738     0.685983     0.713190     0.736087     0.754423     0.767985     0.776611     0.780205     0.778741     0.772270     0.760919     0.744879     0.724395     0.699751     0.671250     0.639194     0.603864     0.565508     0.524323     0.480452     0.433980     0.384941     0.333320     0.279069     0.222114     0.162375     0.099774     0.034246    -0.034246
    0.035100     0.102388     0.166796     0.228366     0.287147     0.343174     0.396462     0.446993     0.494707     0.539500     0.581220     0.619670     0.654618     0.685803     0.712954     0.735803     0.754100     0.767634     0.776247     0.779842     0.778394     0.771955     0.760648     0.744664     0.724245     0.699671     0.671242     0.639257     0.603992     0.565693     0.524553     0.480715     0.434262     0.385227     0.333597     0.279321     0.222330     0.162543     0.099882     0.034285    -0.034285
    0.035132     0.102473     0.166920     0.228518     0.287313     0.343341     0.396618     0.447124     0.494803     0.539551     0.581219     0.619612     0.654499     0.685626     0.712722     0.735522     0.753780     0.767288     0.775887     0.779483     0.778051     0.771643     0.760381     0.744452     0.724097     0.699592     0.671235     0.639318     0.604118     0.565874     0.524780     0.480974     0.434540     0.385510     0.333869     0.279570     0.222543     0.162708     0.099989     0.034324    -0.034324
    0.035163     0.102556     0.167043     0.228668     0.287477     0.343507     0.396772     0.447255     0.494899     0.539603     0.581218     0.619554     0.654383     0.685451     0.712493     0.735245     0.753465     0.766945     0.775531     0.779128     0.777713     0.771335     0.760116     0.744242     0.723950     0.699514     0.671227     0.639379     0.604242     0.566054     0.525004     0.481230     0.434815     0.385788     0.334138     0.279816     0.222753     0.162871     0.100095     0.034362    -0.034362
    0.035195     0.102638     0.167164     0.228816     0.287640     0.343671     0.396925     0.447384     0.494994     0.539654     0.581218     0.619498     0.654268     0.685279     0.712266     0.734971     0.753153     0.766607     0.775180     0.778778     0.777378     0.771030     0.759854     0.744034     0.723805     0.699437     0.671219     0.639439     0.604365     0.566231     0.525225     0.481483     0.435085     0.386063     0.334403     0.280058     0.222961     0.163032     0.100199     0.034400    -0.034400
    0.035226     0.102719     0.167284     0.228963     0.287801     0.343833     0.397076     0.447513     0.495089     0.539705     0.581219     0.619443     0.654156     0.685109     0.712043     0.734701     0.752845     0.766273     0.774832     0.778431     0.777047     0.770729     0.759596     0.743829     0.723661     0.699360     0.671211     0.639497     0.604485     0.566405     0.525443     0.481732     0.435352     0.386334     0.334665     0.280298     0.223165     0.163191     0.100302     0.034437    -0.034437
    0.035256     0.102800     0.167403     0.229108     0.287960     0.343994     0.397226     0.447640     0.495183     0.539757     0.581220     0.619389     0.654045     0.684942     0.711823     0.734434     0.752541     0.765943     0.774489     0.778089     0.776720     0.770431     0.759340     0.743626     0.723519     0.699284     0.671202     0.639555     0.604604     0.566577     0.525658     0.481977     0.435616     0.386602     0.334923     0.280534     0.223367     0.163348     0.100403     0.034474    -0.034474
    0.035286     0.102879     0.167520     0.229251     0.288117     0.344153     0.397374     0.447766     0.495276     0.539808     0.581222     0.619337     0.653936     0.684777     0.711605     0.734171     0.752241     0.765617     0.774150     0.777751     0.776397     0.770137     0.759087     0.743425     0.723379     0.699209     0.671194     0.639612     0.604721     0.566747     0.525869     0.482220     0.435875     0.386866     0.335178     0.280767     0.223567     0.163503     0.100504     0.034511    -0.034511
    0.035316     0.102957     0.167635     0.229393     0.288272     0.344310     0.397521     0.447891     0.495368     0.539858     0.581224     0.619285     0.653828     0.684614     0.711391     0.733911     0.751944     0.765295     0.773815     0.777416     0.776078     0.769846     0.758837     0.743227     0.723240     0.699134     0.671185     0.639668     0.604837     0.566914     0.526078     0.482459     0.436132     0.387126     0.335429     0.280997     0.223763     0.163656     0.100603     0.034547    -0.034547
    0.035345     0.103034     0.167750     0.229532     0.288426     0.344465     0.397666     0.448015     0.495460     0.539909     0.581226     0.619235     0.653723     0.684454     0.711179     0.733654     0.751651     0.764976     0.773484     0.777086     0.775762     0.769559     0.758591     0.743031     0.723102     0.699060     0.671177     0.639723     0.604950     0.567079     0.526285     0.482695     0.436385     0.387383     0.335677     0.281224     0.223958     0.163807     0.100700     0.034582    -0.034582
    0.035374     0.103110     0.167862     0.229670     0.288578     0.344619     0.397810     0.448137     0.495551     0.539960     0.581229     0.619185     0.653618     0.684295     0.710970     0.733401     0.751362     0.764662     0.773157     0.776760     0.775450     0.769275     0.758347     0.742837     0.722967     0.698987     0.671168     0.639777     0.605063     0.567242     0.526488     0.482927     0.436634     0.387637     0.335922     0.281448     0.224149     0.163956     0.100797     0.034617    -0.034617
    0.035402     0.103185     0.167974     0.229807     0.288728     0.344771     0.397952     0.448259     0.495641     0.540010     0.581233     0.619137     0.653516     0.684139     0.710764     0.733151     0.751076     0.764351     0.772833     0.776437     0.775142     0.768994     0.758105     0.742646     0.722832     0.698915     0.671160     0.639831     0.605173     0.567402     0.526689     0.483157     0.436881     0.387887     0.336164     0.281669     0.224339     0.164103     0.100892     0.034652    -0.034652
    0.035430     0.103260     0.168084     0.229941     0.288876     0.344921     0.398093     0.448379     0.495731     0.540060     0.581236     0.619089     0.653415     0.683985     0.710561     0.732903     0.750794     0.764044     0.772514     0.776119     0.774837     0.768717     0.757867     0.742456     0.722699     0.698844     0.671151     0.639883     0.605283     0.567561     0.526887     0.483384     0.437124     0.388134     0.336403     0.281887     0.224526     0.164248     0.100986     0.034686    -0.034686
    0.035458     0.103333     0.168192     0.230075     0.289023     0.345070     0.398233     0.448498     0.495820     0.540110     0.581240     0.619043     0.653316     0.683834     0.710360     0.732659     0.750515     0.763741     0.772198     0.775804     0.774536     0.768443     0.757631     0.742269     0.722568     0.698773     0.671143     0.639935     0.605390     0.567717     0.527083     0.483608     0.437364     0.388378     0.336639     0.282103     0.224710     0.164391     0.101079     0.034720    -0.034720
    0.035486     0.103405     0.168299     0.230206     0.289167     0.345217     0.398370     0.448616     0.495908     0.540160     0.581245     0.618997     0.653218     0.683684     0.710162     0.732418     0.750239     0.763441     0.771886     0.775492     0.774239     0.768172     0.757398     0.742084     0.722439     0.698703     0.671134     0.639986     0.605497     0.567871     0.527276     0.483829     0.437601     0.388619     0.336871     0.282316     0.224893     0.164533     0.101171     0.034753    -0.034753
    0.035513     0.103477     0.168405     0.230336     0.289310     0.345362     0.398506     0.448733     0.495995     0.540209     0.581249     0.618952     0.653121     0.683536     0.709966     0.732180     0.749967     0.763145     0.771578     0.775185     0.773945     0.767904     0.757168     0.741901     0.722310     0.698634     0.671125     0.640037     0.605601     0.568024     0.527466     0.484047     0.437835     0.388857     0.337101     0.282526     0.225072     0.164673     0.101261     0.034786    -0.034786
    0.035539     0.103547     0.168509     0.230464     0.289452     0.345505     0.398641     0.448848     0.496081     0.540258     0.581254     0.618908     0.653026     0.683391     0.709773     0.731945     0.749698     0.762853     0.771274     0.774881     0.773655     0.767639     0.756941     0.741721     0.722184     0.698565     0.671117     0.640086     0.605705     0.568174     0.527654     0.484262     0.438066     0.389092     0.337328     0.282733     0.225250     0.164811     0.101351     0.034818    -0.034818
    0.035565     0.103617     0.168612     0.230591     0.289591     0.345647     0.398774     0.448962     0.496167     0.540306     0.581259     0.618865     0.652932     0.683247     0.709582     0.731713     0.749433     0.762564     0.770973     0.774581     0.773368     0.767378     0.756716     0.741542     0.722058     0.698498     0.671108     0.640135     0.605807     0.568322     0.527840     0.484474     0.438294     0.389323     0.337552     0.282938     0.225426     0.164947     0.101439     0.034850    -0.034850
    0.035591     0.103685     0.168714     0.230716     0.289729     0.345787     0.398906     0.449075     0.496252     0.540355     0.581264     0.618822     0.652840     0.683105     0.709394     0.731484     0.749171     0.762279     0.770676     0.774284     0.773084     0.767119     0.756494     0.741366     0.721934     0.698431     0.671100     0.640184     0.605908     0.568469     0.528023     0.484684     0.438519     0.389552     0.337773     0.283141     0.225599     0.165082     0.101527     0.034882    -0.034882
    0.035617     0.103753     0.168815     0.230839     0.289865     0.345926     0.399036     0.449187     0.496336     0.540403     0.581269     0.618781     0.652749     0.682965     0.709208     0.731258     0.748912     0.761997     0.770382     0.773991     0.772804     0.766864     0.756275     0.741191     0.721812     0.698365     0.671091     0.640231     0.606007     0.568613     0.528204     0.484891     0.438741     0.389778     0.337991     0.283341     0.225770     0.165215     0.101613     0.034913    -0.034913
    0.035642     0.103820     0.168914     0.230961     0.290000     0.346062     0.399165     0.449298     0.496419     0.540450     0.581275     0.618740     0.652660     0.682827     0.709025     0.731034     0.748656     0.761718     0.770092     0.773701     0.772527     0.766612     0.756058     0.741019     0.721691     0.698300     0.671083     0.640278     0.606106     0.568756     0.528383     0.485096     0.438961     0.390001     0.338207     0.283538     0.225939     0.165346     0.101698     0.034944    -0.034944
    0.035667     0.103886     0.169012     0.231081     0.290132     0.346198     0.399292     0.449407     0.496501     0.540498     0.581281     0.618699     0.652571     0.682691     0.708843     0.730814     0.748403     0.761443     0.769805     0.773415     0.772253     0.766362     0.755843     0.740849     0.721572     0.698235     0.671075     0.640325     0.606203     0.568897     0.528559     0.485298     0.439177     0.390222     0.338420     0.283733     0.226106     0.165476     0.101782     0.034975    -0.034975
    0.035692     0.103951     0.169108     0.231200     0.290263     0.346331     0.399418     0.449515     0.496583     0.540544     0.581287     0.618660     0.652484     0.682557     0.708665     0.730596     0.748153     0.761171     0.769522     0.773132     0.771982     0.766116     0.755632     0.740680     0.721453     0.698171     0.671066     0.640371     0.606298     0.569036     0.528734     0.485497     0.439391     0.390439     0.338630     0.283926     0.226271     0.165604     0.101865     0.035005    -0.035005
    0.035716     0.104015     0.169203     0.231317     0.290393     0.346463     0.399542     0.449622     0.496663     0.540591     0.581293     0.618621     0.652398     0.682424     0.708488     0.730380     0.747907     0.760902     0.769242     0.772852     0.771715     0.765872     0.755422     0.740514     0.721337     0.698108     0.671058     0.640416     0.606393     0.569174     0.528906     0.485694     0.439603     0.390654     0.338838     0.284116     0.226434     0.165731     0.101947     0.035035    -0.035035
    0.035740     0.104078     0.169297     0.231433     0.290521     0.346593     0.399665     0.449728     0.496743     0.540637     0.581299     0.618583     0.652314     0.682293     0.708314     0.730167     0.747663     0.760637     0.768965     0.772576     0.771451     0.765632     0.755216     0.740350     0.721221     0.698046     0.671050     0.640461     0.606486     0.569310     0.529076     0.485889     0.439812     0.390867     0.339043     0.284304     0.226595     0.165856     0.102029     0.035064    -0.035064
    0.035763     0.104140     0.169390     0.231547     0.290647     0.346722     0.399786     0.449832     0.496822     0.540682     0.581305     0.618545     0.652230     0.682164     0.708142     0.729957     0.747422     0.760374     0.768692     0.772303     0.771190     0.765394     0.755011     0.740187     0.721107     0.697984     0.671042     0.640505     0.606579     0.569444     0.529244     0.486081     0.440018     0.391076     0.339246     0.284489     0.226754     0.165980     0.102109     0.035094    -0.035094
    0.035787     0.104202     0.169482     0.231659     0.290772     0.346849     0.399906     0.449935     0.496900     0.540728     0.581311     0.618508     0.652148     0.682037     0.707971     0.729750     0.747184     0.760115     0.768422     0.772033     0.770932     0.765159     0.754809     0.740027     0.720995     0.697923     0.671034     0.640548     0.606670     0.569576     0.529409     0.486271     0.440222     0.391283     0.339446     0.284672     0.226911     0.166102     0.102188     0.035122    -0.035122
    0.035810     0.104263     0.169572     0.231771     0.290895     0.346974     0.400024     0.450038     0.496977     0.540773     0.581317     0.618472     0.652066     0.681911     0.707804     0.729545     0.746949     0.759859     0.768155     0.771767     0.770677     0.764927     0.754610     0.739868     0.720884     0.697863     0.671026     0.640591     0.606760     0.569707     0.529573     0.486458     0.440423     0.391488     0.339644     0.284854     0.227066     0.166223     0.102266     0.035151    -0.035151
    0.035832     0.104323     0.169661     0.231880     0.291016     0.347098     0.400141     0.450138     0.497054     0.540817     0.581324     0.618436     0.651986     0.681787     0.707638     0.729342     0.746717     0.759606     0.767891     0.771503     0.770426     0.764698     0.754413     0.739712     0.720774     0.697804     0.671019     0.640634     0.606849     0.569836     0.529735     0.486644     0.440622     0.391690     0.339839     0.285032     0.227219     0.166342     0.102343     0.035179    -0.035179
    0.035854     0.104382     0.169749     0.231989     0.291136     0.347220     0.400257     0.450238     0.497129     0.540861     0.581330     0.618401     0.651907     0.681664     0.707474     0.729142     0.746488     0.759356     0.767631     0.771243     0.770177     0.764471     0.754218     0.739557     0.720665     0.697745     0.671011     0.640676     0.606937     0.569964     0.529895     0.486827     0.440818     0.391890     0.340032     0.285209     0.227371     0.166460     0.102420     0.035207    -0.035207
    0.035876     0.104440     0.169836     0.232096     0.291254     0.347341     0.400371     0.450337     0.497204     0.540904     0.581337     0.618366     0.651829     0.681543     0.707312     0.728945     0.746261     0.759109     0.767373     0.770986     0.769931     0.764247     0.754026     0.739404     0.720558     0.697687     0.671004     0.640717     0.607023     0.570090     0.530052     0.487007     0.441012     0.392087     0.340223     0.285384     0.227521     0.166576     0.102495     0.035234    -0.035234
    0.035898     0.104498     0.169922     0.232201     0.291371     0.347460     0.400483     0.450434     0.497277     0.540947     0.581343     0.618332     0.651752     0.681423     0.707153     0.728750     0.746038     0.758865     0.767119     0.770732     0.769688     0.764026     0.753836     0.739253     0.720452     0.697630     0.670996     0.640759     0.607109     0.570215     0.530208     0.487186     0.441203     0.392282     0.340411     0.285556     0.227668     0.166691     0.102570     0.035261    -0.035261
    0.035920     0.104555     0.170006     0.232305     0.291486     0.347578     0.400595     0.450530     0.497350     0.540990     0.581350     0.618298     0.651676     0.681305     0.706995     0.728557     0.745816     0.758624     0.766868     0.770481     0.769448     0.763808     0.753648     0.739104     0.720347     0.697573     0.670989     0.640799     0.607194     0.570338     0.530363     0.487362     0.441393     0.392474     0.340597     0.285727     0.227814     0.166805     0.102644     0.035288    -0.035288
    0.035941     0.104611     0.170089     0.232408     0.291600     0.347694     0.400704     0.450625     0.497422     0.541032     0.581356     0.618265     0.651601     0.681189     0.706839     0.728367     0.745598     0.758386     0.766620     0.770233     0.769211     0.763592     0.753462     0.738957     0.720244     0.697518     0.670982     0.640839     0.607278     0.570459     0.530515     0.487536     0.441580     0.392665     0.340781     0.285895     0.227959     0.166917     0.102716     0.035314    -0.035314
    0.035961     0.104666     0.170172     0.232509     0.291713     0.347809     0.400813     0.450719     0.497494     0.541074     0.581362     0.618232     0.651527     0.681074     0.706685     0.728179     0.745382     0.758151     0.766374     0.769988     0.768977     0.763378     0.753279     0.738811     0.720142     0.697462     0.670975     0.640879     0.607360     0.570580     0.530665     0.487709     0.441765     0.392853     0.340963     0.286062     0.228101     0.167028     0.102788     0.035341    -0.035341
    0.035982     0.104720     0.170253     0.232610     0.291823     0.347922     0.400920     0.450811     0.497564     0.541115     0.581369     0.618200     0.651454     0.680960     0.706533     0.727993     0.745169     0.757918     0.766132     0.769746     0.768745     0.763167     0.753098     0.738668     0.720041     0.697408     0.670968     0.640918     0.607442     0.570698     0.530814     0.487879     0.441947     0.393038     0.341142     0.286226     0.228242     0.167137     0.102859     0.035366    -0.035366
    0.036002     0.104774     0.170333     0.232708     0.291933     0.348034     0.401026     0.450903     0.497634     0.541156     0.581375     0.618168     0.651382     0.680848     0.706383     0.727809     0.744958     0.757688     0.765892     0.769507     0.768517     0.762959     0.752919     0.738525     0.719942     0.697354     0.670961     0.640957     0.607523     0.570816     0.530961     0.488047     0.442128     0.393222     0.341320     0.286388     0.228381     0.167246     0.102930     0.035392    -0.035392
    0.036022     0.104827     0.170412     0.232806     0.292041     0.348144     0.401130     0.450993     0.497702     0.541196     0.581382     0.618137     0.651311     0.680737     0.706235     0.727628     0.744750     0.757461     0.765656     0.769270     0.768291     0.762753     0.752742     0.738385     0.719843     0.697301     0.670954     0.640995     0.607603     0.570932     0.531106     0.488213     0.442306     0.393403     0.341495     0.286549     0.228519     0.167353     0.102999     0.035417    -0.035417
    0.036042     0.104879     0.170490     0.232902     0.292147     0.348253     0.401233     0.451082     0.497770     0.541236     0.581388     0.618106     0.651241     0.680628     0.706089     0.727449     0.744545     0.757237     0.765422     0.769037     0.768067     0.762550     0.752568     0.738247     0.719746     0.697249     0.670948     0.641033     0.607682     0.571047     0.531249     0.488377     0.442482     0.393582     0.341668     0.286707     0.228655     0.167458     0.103068     0.035442    -0.035442
    0.036061     0.104931     0.170567     0.232997     0.292252     0.348360     0.401335     0.451171     0.497837     0.541275     0.581394     0.618075     0.651172     0.680520     0.705944     0.727272     0.744341     0.757016     0.765191     0.768806     0.767847     0.762349     0.752395     0.738110     0.719650     0.697197     0.670941     0.641071     0.607760     0.571160     0.531391     0.488539     0.442656     0.393759     0.341839     0.286864     0.228789     0.167563     0.103135     0.035467    -0.035467
    0.036080     0.104982     0.170642     0.233090     0.292356     0.348467     0.401435     0.451258     0.497903     0.541314     0.581401     0.618045     0.651103     0.680413     0.705801     0.727097     0.744141     0.756797     0.764962     0.768578     0.767629     0.762151     0.752225     0.737974     0.719556     0.697146     0.670935     0.641108     0.607837     0.571272     0.531531     0.488700     0.442828     0.393934     0.342008     0.287019     0.228922     0.167666     0.103202     0.035491    -0.035491
    0.036099     0.105032     0.170717     0.233182     0.292458     0.348571     0.401535     0.451343     0.497969     0.541352     0.581407     0.618015     0.651036     0.680307     0.705660     0.726924     0.743942     0.756580     0.764737     0.768353     0.767414     0.761955     0.752056     0.737841     0.719462     0.697096     0.670929     0.641145     0.607914     0.571383     0.531670     0.488858     0.442998     0.394107     0.342175     0.287172     0.229053     0.167768     0.103268     0.035515    -0.035515
    0.036118     0.105082     0.170791     0.233273     0.292559     0.348675     0.401632     0.451428     0.498033     0.541390     0.581413     0.617986     0.650969     0.680203     0.705521     0.726754     0.743747     0.756367     0.764514     0.768130     0.767201     0.761761     0.751890     0.737709     0.719370     0.697046     0.670923     0.641181     0.607989     0.571492     0.531806     0.489015     0.443166     0.394278     0.342340     0.287323     0.229183     0.167869     0.103334     0.035539    -0.035539
    0.036136     0.105130     0.170864     0.233363     0.292659     0.348777     0.401729     0.451512     0.498097     0.541428     0.581419     0.617957     0.650903     0.680101     0.705383     0.726585     0.743553     0.756155     0.764294     0.767910     0.766991     0.761570     0.751726     0.737579     0.719278     0.696997     0.670917     0.641217     0.608064     0.571600     0.531942     0.489169     0.443332     0.394447     0.342504     0.287473     0.229311     0.167968     0.103398     0.035562    -0.035562
    0.036154     0.105179     0.170935     0.233452     0.292758     0.348877     0.401824     0.451595     0.498160     0.541465     0.581425     0.617929     0.650838     0.679999     0.705247     0.726419     0.743362     0.755947     0.764076     0.767693     0.766783     0.761380     0.751564     0.737450     0.719188     0.696949     0.670911     0.641253     0.608137     0.571707     0.532075     0.489322     0.443496     0.394613     0.342665     0.287620     0.229437     0.168067     0.103462     0.035586    -0.035586
    0.036172     0.105226     0.171006     0.233539     0.292855     0.348976     0.401919     0.451676     0.498222     0.541502     0.581431     0.617900     0.650774     0.679899     0.705113     0.726254     0.743173     0.755741     0.763861     0.767478     0.766578     0.761194     0.751403     0.737323     0.719099     0.696901     0.670906     0.641288     0.608210     0.571813     0.532207     0.489473     0.443658     0.394778     0.342824     0.287766     0.229562     0.168164     0.103525     0.035609    -0.035609
    0.036190     0.105273     0.171076     0.233626     0.292950     0.349074     0.402011     0.451757     0.498284     0.541538     0.581437     0.617873     0.650710     0.679800     0.704980     0.726092     0.742986     0.755537     0.763649     0.767266     0.766375     0.761009     0.751245     0.737197     0.719011     0.696854     0.670900     0.641323     0.608282     0.571917     0.532338     0.489623     0.443818     0.394941     0.342982     0.287911     0.229686     0.168260     0.103588     0.035631    -0.035631
    0.036207     0.105319     0.171145     0.233711     0.293045     0.349171     0.402103     0.451836     0.498344     0.541573     0.581443     0.617845     0.650648     0.679702     0.704849     0.725931     0.742802     0.755336     0.763439     0.767056     0.766175     0.760827     0.751088     0.737073     0.718925     0.696807     0.670895     0.641357     0.608354     0.572021     0.532467     0.489770     0.443977     0.395102     0.343137     0.288053     0.229808     0.168355     0.103649     0.035654    -0.035654
    0.036224     0.105365     0.171213     0.233795     0.293138     0.349267     0.402194     0.451915     0.498404     0.541609     0.581449     0.617818     0.650586     0.679605     0.704719     0.725772     0.742620     0.755137     0.763232     0.766849     0.765977     0.760647     0.750934     0.736951     0.718839     0.696762     0.670889     0.641392     0.608424     0.572123     0.532595     0.489916     0.444133     0.395261     0.343291     0.288194     0.229929     0.168449     0.103710     0.035676    -0.035676
    0.036241     0.105410     0.171280     0.233878     0.293230     0.349361     0.402283     0.451992     0.498463     0.541643     0.581454     0.617791     0.650525     0.679510     0.704591     0.725616     0.742440     0.754941     0.763027     0.766645     0.765781     0.760469     0.750781     0.736830     0.718754     0.696716     0.670884     0.641425     0.608494     0.572224     0.532721     0.490060     0.444288     0.395418     0.343443     0.288333     0.230048     0.168542     0.103770     0.035698    -0.035698
    0.036258     0.105454     0.171346     0.233959     0.293321     0.349454     0.402371     0.452069     0.498521     0.541678     0.581460     0.617765     0.650464     0.679415     0.704465     0.725461     0.742262     0.754746     0.762825     0.766442     0.765588     0.760293     0.750630     0.736710     0.718671     0.696672     0.670879     0.641459     0.608563     0.572324     0.532845     0.490203     0.444441     0.395574     0.343593     0.288471     0.230166     0.168634     0.103830     0.035719    -0.035719
    0.036274     0.105498     0.171411     0.234040     0.293410     0.349545     0.402458     0.452144     0.498579     0.541711     0.581466     0.617738     0.650404     0.679322     0.704340     0.725308     0.742086     0.754555     0.762625     0.766243     0.765397     0.760119     0.750481     0.736592     0.718589     0.696628     0.670875     0.641492     0.608631     0.572422     0.532968     0.490344     0.444592     0.395727     0.343742     0.288607     0.230282     0.168724     0.103889     0.035741    -0.035741
    0.036291     0.105541     0.171476     0.234119     0.293499     0.349636     0.402544     0.452219     0.498635     0.541745     0.581471     0.617712     0.650345     0.679230     0.704216     0.725157     0.741912     0.754365     0.762427     0.766045     0.765209     0.759948     0.750334     0.736475     0.718507     0.696584     0.670870     0.641525     0.608699     0.572520     0.533090     0.490483     0.444741     0.395879     0.343888     0.288741     0.230398     0.168814     0.103947     0.035762    -0.035762
    0.036307     0.105584     0.171539     0.234198     0.293586     0.349725     0.402628     0.452292     0.498691     0.541778     0.581476     0.617687     0.650287     0.679139     0.704095     0.725007     0.741741     0.754178     0.762232     0.765850     0.765022     0.759778     0.750189     0.736360     0.718427     0.696541     0.670865     0.641558     0.608766     0.572616     0.533211     0.490621     0.444889     0.396029     0.344033     0.288874     0.230511     0.168902     0.104004     0.035783    -0.035783
    0.036323     0.105626     0.171602     0.234275     0.293672     0.349813     0.402712     0.452364     0.498747     0.541810     0.581482     0.617662     0.650230     0.679049     0.703974     0.724860     0.741571     0.753993     0.762039     0.765658     0.764838     0.759611     0.750045     0.736247     0.718347     0.696499     0.670861     0.641590     0.608832     0.572712     0.533330     0.490757     0.445035     0.396178     0.344177     0.289005     0.230624     0.168990     0.104061     0.035803    -0.035803
    0.036338     0.105667     0.171664     0.234352     0.293757     0.349900     0.402794     0.452436     0.498801     0.541842     0.581487     0.617637     0.650173     0.678960     0.703855     0.724714     0.741404     0.753810     0.761848     0.765467     0.764657     0.759446     0.749904     0.736134     0.718269     0.696457     0.670856     0.641622     0.608897     0.572806     0.533447     0.490891     0.445179     0.396324     0.344318     0.289135     0.230735     0.169076     0.104117     0.035824    -0.035824
    0.036353     0.105708     0.171725     0.234427     0.293840     0.349986     0.402876     0.452507     0.498855     0.541874     0.581492     0.617612     0.650116     0.678872     0.703737     0.724570     0.741238     0.753630     0.761660     0.765279     0.764477     0.759282     0.749764     0.736023     0.718192     0.696416     0.670852     0.641653     0.608962     0.572899     0.533564     0.491024     0.445321     0.396469     0.344458     0.289263     0.230845     0.169161     0.104172     0.035844    -0.035844
    0.036369     0.105748     0.171785     0.234501     0.293923     0.350070     0.402956     0.452576     0.498908     0.541905     0.581497     0.617587     0.650061     0.678786     0.703621     0.724428     0.741075     0.753451     0.761474     0.765094     0.764300     0.759121     0.749625     0.735914     0.718115     0.696376     0.670848     0.641685     0.609026     0.572992     0.533679     0.491156     0.445462     0.396612     0.344597     0.289389     0.230953     0.169246     0.104227     0.035864    -0.035864
    0.036384     0.105788     0.171844     0.234575     0.294004     0.350154     0.403035     0.452645     0.498961     0.541936     0.581502     0.617563     0.650006     0.678700     0.703506     0.724287     0.740913     0.753275     0.761290     0.764910     0.764124     0.758961     0.749488     0.735806     0.718040     0.696335     0.670844     0.641716     0.609089     0.573083     0.533793     0.491286     0.445601     0.396754     0.344733     0.289515     0.231060     0.169329     0.104281     0.035883    -0.035883
    0.036398     0.105827     0.171903     0.234647     0.294085     0.350236     0.403113     0.452713     0.499012     0.541967     0.581506     0.617539     0.649952     0.678615     0.703393     0.724148     0.740754     0.753101     0.761109     0.764729     0.763951     0.758804     0.749354     0.735699     0.717966     0.696296     0.670840     0.641746     0.609151     0.573173     0.533905     0.491414     0.445739     0.396893     0.344868     0.289638     0.231166     0.169412     0.104334     0.035903    -0.035903
    0.036413     0.105866     0.171960     0.234718     0.294164     0.350317     0.403190     0.452780     0.499063     0.541996     0.581511     0.617516     0.649898     0.678532     0.703281     0.724011     0.740596     0.752929     0.760929     0.764550     0.763780     0.758648     0.749220     0.735594     0.717892     0.696257     0.670837     0.641777     0.609213     0.573262     0.534016     0.491541     0.445875     0.397032     0.345002     0.289761     0.231271     0.169493     0.104387     0.035922    -0.035922
    0.036427     0.105904     0.172017     0.234789     0.294242     0.350398     0.403266     0.452846     0.499114     0.542026     0.581516     0.617492     0.649845     0.678449     0.703170     0.723875     0.740440     0.752759     0.760752     0.764373     0.763611     0.758495     0.749089     0.735489     0.717820     0.696219     0.670833     0.641807     0.609274     0.573350     0.534126     0.491666     0.446010     0.397168     0.345134     0.289881     0.231375     0.169574     0.104439     0.035941    -0.035941
    0.036441     0.105942     0.172074     0.234858     0.294319     0.350477     0.403342     0.452911     0.499163     0.542055     0.581520     0.617469     0.649793     0.678367     0.703061     0.723741     0.740286     0.752591     0.760577     0.764198     0.763444     0.758343     0.748958     0.735387     0.717748     0.696181     0.670829     0.641837     0.609335     0.573437     0.534235     0.491790     0.446142     0.397303     0.345264     0.290001     0.231477     0.169653     0.104491     0.035960    -0.035960
    0.036455     0.105979     0.172129     0.234927     0.294395     0.350555     0.403416     0.452975     0.499212     0.542084     0.581525     0.617446     0.649741     0.678287     0.702953     0.723609     0.740134     0.752425     0.760404     0.764025     0.763279     0.758193     0.748830     0.735285     0.717677     0.696143     0.670826     0.641866     0.609395     0.573524     0.534342     0.491913     0.446274     0.397437     0.345393     0.290119     0.231578     0.169732     0.104542     0.035978    -0.035978
    0.036469     0.106015     0.172184     0.234994     0.294471     0.350632     0.403489     0.453039     0.499260     0.542112     0.581529     0.617424     0.649690     0.678207     0.702846     0.723478     0.739984     0.752261     0.760233     0.763854     0.763116     0.758045     0.748703     0.735185     0.717608     0.696107     0.670823     0.641896     0.609454     0.573609     0.534448     0.492034     0.446404     0.397569     0.345521     0.290235     0.231678     0.169809     0.104592     0.035996    -0.035996
    0.036483     0.106052     0.172238     0.235061     0.294545     0.350708     0.403561     0.453101     0.499308     0.542140     0.581533     0.617401     0.649639     0.678128     0.702740     0.723349     0.739835     0.752099     0.760064     0.763686     0.762955     0.757898     0.748578     0.735086     0.717539     0.696070     0.670820     0.641925     0.609513     0.573693     0.534553     0.492154     0.446532     0.397699     0.345647     0.290351     0.231777     0.169886     0.104642     0.036014    -0.036014
    0.036496     0.106087     0.172291     0.235127     0.294618     0.350783     0.403632     0.453163     0.499355     0.542168     0.581537     0.617379     0.649589     0.678050     0.702636     0.723221     0.739688     0.751939     0.759897     0.763519     0.762796     0.757754     0.748454     0.734988     0.717471     0.696034     0.670817     0.641954     0.609571     0.573777     0.534657     0.492273     0.446659     0.397828     0.345771     0.290464     0.231874     0.169962     0.104691     0.036032    -0.036032
    0.036509     0.106122     0.172343     0.235192     0.294690     0.350856     0.403702     0.453224     0.499401     0.542195     0.581541     0.617357     0.649540     0.677973     0.702533     0.723095     0.739543     0.751781     0.759732     0.763355     0.762639     0.757611     0.748332     0.734891     0.717404     0.695999     0.670814     0.641982     0.609628     0.573859     0.534760     0.492390     0.446784     0.397955     0.345894     0.290577     0.231971     0.170037     0.104740     0.036050    -0.036050
    0.036522     0.106157     0.172395     0.235256     0.294761     0.350929     0.403771     0.453284     0.499447     0.542221     0.581545     0.617335     0.649491     0.677897     0.702431     0.722970     0.739400     0.751624     0.759569     0.763192     0.762484     0.757470     0.748211     0.734796     0.717338     0.695964     0.670811     0.642010     0.609685     0.573941     0.534861     0.492505     0.446908     0.398081     0.346016     0.290688     0.232066     0.170111     0.104788     0.036067    -0.036067
    0.036535     0.106191     0.172446     0.235319     0.294831     0.351001     0.403839     0.453343     0.499492     0.542248     0.581549     0.617314     0.649443     0.677822     0.702330     0.722847     0.739259     0.751470     0.759408     0.763031     0.762330     0.757331     0.748092     0.734702     0.717272     0.695930     0.670808     0.642038     0.609741     0.574021     0.534961     0.492620     0.447031     0.398206     0.346136     0.290798     0.232160     0.170184     0.104835     0.036085    -0.036085
    0.036548     0.106225     0.172497     0.235381     0.294901     0.351072     0.403907     0.453401     0.499537     0.542274     0.581553     0.617293     0.649395     0.677748     0.702231     0.722725     0.739119     0.751317     0.759249     0.762873     0.762179     0.757193     0.747974     0.734609     0.717208     0.695896     0.670806     0.642066     0.609797     0.574101     0.535060     0.492733     0.447152     0.398329     0.346255     0.290907     0.232253     0.170256     0.104882     0.036102    -0.036102
    0.036560     0.106259     0.172546     0.235443     0.294969     0.351142     0.403973     0.453459     0.499581     0.542299     0.581556     0.617271     0.649348     0.677674     0.702133     0.722605     0.738981     0.751167     0.759092     0.762716     0.762029     0.757057     0.747858     0.734517     0.717144     0.695863     0.670803     0.642093     0.609852     0.574180     0.535159     0.492845     0.447272     0.398450     0.346372     0.291014     0.232345     0.170328     0.104928     0.036118    -0.036118
    0.036573     0.106291     0.172596     0.235504     0.295036     0.351212     0.404039     0.453516     0.499624     0.542325     0.581560     0.617251     0.649301     0.677602     0.702035     0.722486     0.738844     0.751018     0.758937     0.762561     0.761881     0.756923     0.747743     0.734426     0.717081     0.695830     0.670801     0.642121     0.609906     0.574258     0.535255     0.492955     0.447390     0.398570     0.346488     0.291120     0.232436     0.170398     0.104974     0.036135    -0.036135
    0.036585     0.106324     0.172644     0.235563     0.295103     0.351280     0.404104     0.453572     0.499666     0.542349     0.581563     0.617230     0.649255     0.677530     0.701939     0.722368     0.738709     0.750871     0.758784     0.762408     0.761735     0.756790     0.747629     0.734337     0.717019     0.695797     0.670798     0.642148     0.609960     0.574335     0.535351     0.493065     0.447507     0.398689     0.346603     0.291225     0.232526     0.170468     0.105019     0.036151    -0.036151
    0.036597     0.106356     0.172692     0.235623     0.295169     0.351347     0.404167     0.453627     0.499708     0.542374     0.581566     0.617210     0.649209     0.677459     0.701845     0.722252     0.738576     0.750725     0.758632     0.762257     0.761591     0.756659     0.747517     0.734248     0.716958     0.695765     0.670796     0.642174     0.610013     0.574411     0.535446     0.493173     0.447623     0.398806     0.346716     0.291329     0.232614     0.170537     0.105064     0.036168    -0.036168
    0.036609     0.106387     0.172739     0.235681     0.295233     0.351413     0.404230     0.453682     0.499750     0.542398     0.581570     0.617189     0.649164     0.677389     0.701751     0.722138     0.738444     0.750582     0.758482     0.762107     0.761448     0.756530     0.747406     0.734161     0.716897     0.695734     0.670794     0.642201     0.610066     0.574487     0.535540     0.493279     0.447737     0.398922     0.346828     0.291431     0.232702     0.170605     0.105108     0.036184    -0.036184
    0.036620     0.106419     0.172785     0.235738     0.295297     0.351479     0.404292     0.453736     0.499791     0.542422     0.581573     0.617169     0.649120     0.677320     0.701658     0.722024     0.738314     0.750440     0.758334     0.761960     0.761308     0.756402     0.747297     0.734075     0.716838     0.695703     0.670792     0.642227     0.610118     0.574561     0.535633     0.493385     0.447850     0.399037     0.346939     0.291533     0.232789     0.170673     0.105152     0.036200    -0.036200
    0.036632     0.106449     0.172831     0.235795     0.295360     0.351543     0.404354     0.453789     0.499831     0.542445     0.581576     0.617150     0.649076     0.677251     0.701567     0.721912     0.738186     0.750299     0.758188     0.761814     0.761169     0.756276     0.747189     0.733990     0.716779     0.695672     0.670790     0.642253     0.610170     0.574635     0.535724     0.493489     0.447962     0.399150     0.347048     0.291633     0.232874     0.170739     0.105195     0.036215    -0.036215
    0.036643     0.106480     0.172876     0.235851     0.295422     0.351607     0.404414     0.453841     0.499871     0.542468     0.581579     0.617130     0.649032     0.677184     0.701476     0.721802     0.738059     0.750161     0.758044     0.761670     0.761031     0.756151     0.747082     0.733906     0.716721     0.695642     0.670788     0.642279     0.610221     0.574708     0.535815     0.493593     0.448072     0.399262     0.347156     0.291731     0.232959     0.170805     0.105237     0.036231    -0.036231
    0.036655     0.106510     0.172921     0.235906     0.295484     0.351670     0.404474     0.453893     0.499910     0.542491     0.581582     0.617110     0.648989     0.677117     0.701387     0.721692     0.737933     0.750024     0.757901     0.761528     0.760895     0.756028     0.746977     0.733823     0.716663     0.695612     0.670787     0.642304     0.610271     0.574780     0.535904     0.493695     0.448181     0.399373     0.347263     0.291829     0.233042     0.170870     0.105279     0.036246    -0.036246
    0.036666     0.106539     0.172965     0.235961     0.295544     0.351732     0.404533     0.453944     0.499949     0.542513     0.581585     0.617091     0.648946     0.677051     0.701299     0.721584     0.737809     0.749889     0.757760     0.761387     0.760761     0.755906     0.746873     0.733741     0.716607     0.695583     0.670785     0.642329     0.610321     0.574852     0.535993     0.493795     0.448289     0.399483     0.347368     0.291926     0.233125     0.170934     0.105321     0.036261    -0.036261
    0.036677     0.106568     0.173009     0.236014     0.295604     0.351793     0.404591     0.453994     0.499987     0.542535     0.581587     0.617072     0.648904     0.676986     0.701212     0.721478     0.737687     0.749755     0.757621     0.761248     0.760629     0.755786     0.746770     0.733660     0.716551     0.695554     0.670784     0.642354     0.610371     0.574922     0.536080     0.493895     0.448396     0.399591     0.347473     0.292021     0.233207     0.170997     0.105362     0.036276    -0.036276
    0.036688     0.106597     0.173051     0.236067     0.295663     0.351854     0.404648     0.454044     0.500025     0.542557     0.581590     0.617053     0.648863     0.676921     0.701125     0.721372     0.737565     0.749623     0.757484     0.761111     0.760498     0.755667     0.746669     0.733580     0.716496     0.695525     0.670782     0.642379     0.610420     0.574992     0.536167     0.493994     0.448501     0.399698     0.347576     0.292115     0.233287     0.171060     0.105403     0.036291    -0.036291
    0.036698     0.106625     0.173094     0.236120     0.295721     0.351913     0.404704     0.454093     0.500062     0.542579     0.581592     0.617035     0.648821     0.676857     0.701040     0.721268     0.737446     0.749493     0.757348     0.760976     0.760369     0.755550     0.746569     0.733501     0.716441     0.695497     0.670781     0.642404     0.610468     0.575061     0.536252     0.494091     0.448605     0.399803     0.347678     0.292209     0.233367     0.171122     0.105443     0.036305    -0.036305
    0.036709     0.106653     0.173136     0.236171     0.295778     0.351972     0.404760     0.454141     0.500098     0.542600     0.581595     0.617016     0.648781     0.676794     0.700956     0.721165     0.737328     0.749364     0.757214     0.760842     0.760241     0.755434     0.746470     0.733423     0.716388     0.695469     0.670780     0.642428     0.610516     0.575129     0.536337     0.494187     0.448708     0.399908     0.347779     0.292301     0.233446     0.171183     0.105482     0.036320    -0.036320
    0.036719     0.106681     0.173177     0.236222     0.295835     0.352030     0.404815     0.454189     0.500134     0.542621     0.581597     0.616998     0.648740     0.676732     0.700873     0.721063     0.737211     0.749237     0.757081     0.760709     0.760115     0.755319     0.746372     0.733346     0.716335     0.695442     0.670778     0.642452     0.610563     0.575197     0.536421     0.494283     0.448810     0.400011     0.347878     0.292392     0.233524     0.171244     0.105522     0.036334    -0.036334
    0.036729     0.106708     0.173217     0.236273     0.295891     0.352087     0.404869     0.454235     0.500170     0.542641     0.581599     0.616980     0.648701     0.676670     0.700790     0.720963     0.737095     0.749111     0.756950     0.760579     0.759990     0.755206     0.746276     0.733270     0.716282     0.695415     0.670777     0.642476     0.610610     0.575264     0.536504     0.494377     0.448911     0.400113     0.347977     0.292482     0.233601     0.171303     0.105560     0.036348    -0.036348
    0.036739     0.106735     0.173257     0.236322     0.295946     0.352143     0.404923     0.454282     0.500205     0.542661     0.581602     0.616962     0.648661     0.676609     0.700709     0.720863     0.736981     0.748986     0.756821     0.760450     0.759867     0.755095     0.746180     0.733195     0.716231     0.695388     0.670776     0.642500     0.610656     0.575330     0.536585     0.494470     0.449010     0.400214     0.348074     0.292570     0.233677     0.171362     0.105598     0.036362    -0.036362
    0.036749     0.106762     0.173297     0.236371     0.296000     0.352199     0.404976     0.454327     0.500240     0.542681     0.581604     0.616944     0.648622     0.676549     0.700629     0.720765     0.736869     0.748864     0.756693     0.760322     0.759746     0.754985     0.746086     0.733121     0.716180     0.695362     0.670775     0.642523     0.610702     0.575395     0.536666     0.494562     0.449108     0.400313     0.348170     0.292658     0.233752     0.171421     0.105636     0.036375    -0.036375
    0.036759     0.106788     0.173336     0.236419     0.296054     0.352254     0.405028     0.454373     0.500274     0.542701     0.581606     0.616926     0.648584     0.676490     0.700549     0.720668     0.736757     0.748742     0.756566     0.760196     0.759626     0.754876     0.745993     0.733048     0.716129     0.695336     0.670774     0.642547     0.610748     0.575460     0.536746     0.494653     0.449205     0.400412     0.348265     0.292745     0.233826     0.171478     0.105673     0.036389    -0.036389
    0.036769     0.106814     0.173375     0.236467     0.296107     0.352308     0.405079     0.454417     0.500307     0.542720     0.581608     0.616909     0.648546     0.676431     0.700471     0.720572     0.736648     0.748623     0.756441     0.760072     0.759507     0.754768     0.745901     0.732976     0.716080     0.695311     0.670774     0.642570     0.610793     0.575523     0.536825     0.494743     0.449302     0.400509     0.348359     0.292831     0.233899     0.171535     0.105710     0.036402    -0.036402
    0.036778     0.106839     0.173413     0.236514     0.296159     0.352362     0.405130     0.454461     0.500340     0.542739     0.581610     0.616891     0.648508     0.676373     0.700393     0.720477     0.736539     0.748504     0.756318     0.759949     0.759390     0.754662     0.745811     0.732905     0.716031     0.695286     0.670773     0.642592     0.610837     0.575587     0.536903     0.494832     0.449396     0.400606     0.348451     0.292916     0.233972     0.171592     0.105747     0.036415    -0.036415
    0.036788     0.106864     0.173450     0.236560     0.296211     0.352414     0.405180     0.454504     0.500373     0.542757     0.581611     0.616874     0.648471     0.676315     0.700317     0.720384     0.736431     0.748387     0.756196     0.759827     0.759274     0.754557     0.745721     0.732835     0.715982     0.695261     0.670772     0.642615     0.610881     0.575649     0.536981     0.494919     0.449490     0.400701     0.348543     0.292999     0.234044     0.171647     0.105783     0.036429    -0.036429
    0.036797     0.106889     0.173487     0.236606     0.296261     0.352467     0.405229     0.454547     0.500405     0.542776     0.581613     0.616857     0.648434     0.676258     0.700241     0.720291     0.736325     0.748271     0.756076     0.759707     0.759160     0.754453     0.745633     0.732765     0.715935     0.695237     0.670772     0.642638     0.610925     0.575711     0.537057     0.495006     0.449583     0.400795     0.348634     0.293082     0.234114     0.171702     0.105818     0.036441    -0.036441
    0.036806     0.106913     0.173524     0.236651     0.296312     0.352518     0.405278     0.454589     0.500437     0.542794     0.581615     0.616840     0.648397     0.676202     0.700166     0.720200     0.736221     0.748157     0.755957     0.759589     0.759047     0.754351     0.745545     0.732697     0.715888     0.695213     0.670771     0.642660     0.610968     0.575772     0.537133     0.495092     0.449675     0.400888     0.348723     0.293164     0.234184     0.171756     0.105853     0.036454    -0.036454
    0.036816     0.106938     0.173560     0.236696     0.296361     0.352569     0.405326     0.454630     0.500468     0.542812     0.581616     0.616824     0.648361     0.676147     0.700092     0.720110     0.736117     0.748044     0.755840     0.759472     0.758935     0.754250     0.745459     0.732629     0.715841     0.695189     0.670771     0.642682     0.611010     0.575832     0.537207     0.495177     0.449765     0.400979     0.348812     0.293245     0.234253     0.171810     0.105888     0.036467    -0.036467
    0.036824     0.106961     0.173595     0.236740     0.296410     0.352618     0.405373     0.454671     0.500499     0.542829     0.581618     0.616807     0.648326     0.676092     0.700019     0.720020     0.736015     0.747933     0.755723     0.759356     0.758825     0.754150     0.745374     0.732562     0.715795     0.695166     0.670770     0.642704     0.611053     0.575892     0.537281     0.495261     0.449855     0.401070     0.348899     0.293325     0.234322     0.171863     0.105922     0.036479    -0.036479
    0.036833     0.106985     0.173630     0.236783     0.296458     0.352668     0.405420     0.454711     0.500530     0.542847     0.581619     0.616791     0.648290     0.676038     0.699947     0.719932     0.735914     0.747823     0.755609     0.759242     0.758716     0.754051     0.745290     0.732496     0.715750     0.695143     0.670770     0.642725     0.611094     0.575951     0.537354     0.495344     0.449943     0.401160     0.348986     0.293404     0.234389     0.171915     0.105956     0.036491    -0.036491
    0.036842     0.107008     0.173665     0.236826     0.296506     0.352716     0.405466     0.454751     0.500560     0.542864     0.581621     0.616775     0.648256     0.675984     0.699876     0.719845     0.735814     0.747714     0.755495     0.759129     0.758609     0.753954     0.745207     0.732431     0.715705     0.695120     0.670770     0.642747     0.611136     0.576010     0.537426     0.495426     0.450031     0.401248     0.349071     0.293482     0.234456     0.171967     0.105990     0.036504    -0.036504
    0.036851     0.107031     0.173699     0.236868     0.296552     0.352764     0.405511     0.454790     0.500589     0.542880     0.581622     0.616759     0.648221     0.675931     0.699805     0.719759     0.735715     0.747606     0.755384     0.759017     0.758503     0.753858     0.745125     0.732367     0.715661     0.695098     0.670770     0.642768     0.611177     0.576068     0.537498     0.495507     0.450118     0.401336     0.349155     0.293559     0.234522     0.172018     0.106023     0.036516    -0.036516
    0.036859     0.107054     0.173733     0.236910     0.296599     0.352812     0.405556     0.454829     0.500618     0.542897     0.581623     0.616743     0.648187     0.675879     0.699735     0.719674     0.735617     0.747500     0.755273     0.758907     0.758398     0.753763     0.745044     0.732303     0.715618     0.695076     0.670770     0.642789     0.611217     0.576125     0.537568     0.495587     0.450203     0.401423     0.349239     0.293635     0.234587     0.172069     0.106056     0.036527    -0.036527
    0.036868     0.107076     0.173766     0.236951     0.296644     0.352859     0.405600     0.454867     0.500647     0.542913     0.581625     0.616727     0.648153     0.675827     0.699666     0.719590     0.735521     0.747395     0.755164     0.758798     0.758294     0.753669     0.744964     0.732241     0.715575     0.695054     0.670770     0.642810     0.611257     0.576181     0.537638     0.495666     0.450288     0.401508     0.349321     0.293710     0.234651     0.172119     0.106088     0.036539    -0.036539
    0.036876     0.107098     0.173799     0.236992     0.296689     0.352905     0.405644     0.454905     0.500675     0.542929     0.581626     0.616711     0.648120     0.675776     0.699598     0.719507     0.735426     0.747291     0.755056     0.758691     0.758192     0.753576     0.744885     0.732179     0.715533     0.695033     0.670770     0.642830     0.611297     0.576237     0.537707     0.495745     0.450371     0.401593     0.349403     0.293784     0.234715     0.172168     0.106120     0.036551    -0.036551
    0.036884     0.107120     0.173831     0.237032     0.296734     0.352950     0.405687     0.454942     0.500703     0.542945     0.581627     0.616696     0.648087     0.675725     0.699531     0.719424     0.735332     0.747189     0.754949     0.758585     0.758091     0.753485     0.744807     0.732118     0.715491     0.695012     0.670770     0.642851     0.611336     0.576293     0.537776     0.495822     0.450454     0.401676     0.349483     0.293858     0.234777     0.172217     0.106151     0.036562    -0.036562
    0.036892     0.107141     0.173863     0.237071     0.296778     0.352995     0.405729     0.454979     0.500731     0.542960     0.581628     0.616681     0.648054     0.675675     0.699464     0.719343     0.735239     0.747088     0.754844     0.758480     0.757991     0.753394     0.744730     0.732057     0.715450     0.694991     0.670770     0.642871     0.611374     0.576347     0.537843     0.495899     0.450535     0.401759     0.349563     0.293931     0.234840     0.172265     0.106182     0.036573    -0.036573
    0.036900     0.107162     0.173895     0.237110     0.296821     0.353039     0.405771     0.455015     0.500758     0.542975     0.581629     0.616665     0.648022     0.675626     0.699399     0.719263     0.735147     0.746988     0.754740     0.758376     0.757892     0.753305     0.744654     0.731998     0.715409     0.694971     0.670770     0.642891     0.611413     0.576401     0.537910     0.495974     0.450616     0.401841     0.349641     0.294002     0.234901     0.172312     0.106213     0.036585    -0.036585
    0.036908     0.107183     0.173926     0.237149     0.296864     0.353083     0.405812     0.455050     0.500785     0.542990     0.581629     0.616650     0.647990     0.675577     0.699334     0.719184     0.735056     0.746889     0.754637     0.758274     0.757795     0.753217     0.744579     0.731939     0.715369     0.694951     0.670770     0.642911     0.611451     0.576455     0.537976     0.496049     0.450696     0.401921     0.349719     0.294073     0.234961     0.172359     0.106244     0.036596    -0.036596
    0.036916     0.107204     0.173957     0.237187     0.296906     0.353126     0.405853     0.455086     0.500811     0.543005     0.581630     0.616635     0.647958     0.675528     0.699269     0.719106     0.734966     0.746791     0.754535     0.758173     0.757698     0.753129     0.744505     0.731881     0.715329     0.694931     0.670771     0.642931     0.611488     0.576508     0.538041     0.496123     0.450774     0.402001     0.349796     0.294143     0.235021     0.172406     0.106274     0.036606    -0.036606
    0.036923     0.107224     0.173987     0.237224     0.296947     0.353169     0.405893     0.455120     0.500837     0.543020     0.581631     0.616621     0.647927     0.675481     0.699206     0.719028     0.734878     0.746695     0.754435     0.758073     0.757603     0.753043     0.744431     0.731824     0.715290     0.694911     0.670771     0.642950     0.611525     0.576560     0.538105     0.496196     0.450852     0.402080     0.349872     0.294213     0.235080     0.172452     0.106303     0.036617    -0.036617
    0.036931     0.107244     0.174017     0.237261     0.296988     0.353210     0.405933     0.455154     0.500863     0.543034     0.581632     0.616606     0.647896     0.675433     0.699143     0.718952     0.734790     0.746600     0.754336     0.757974     0.757509     0.752958     0.744359     0.731767     0.715252     0.694892     0.670771     0.642970     0.611562     0.576612     0.538169     0.496268     0.450929     0.402158     0.349947     0.294281     0.235139     0.172497     0.106333     0.036628    -0.036628
    0.036938     0.107264     0.174047     0.237297     0.297029     0.353252     0.405972     0.455188     0.500888     0.543048     0.581632     0.616592     0.647866     0.675387     0.699081     0.718876     0.734704     0.746505     0.754238     0.757877     0.757417     0.752874     0.744288     0.731711     0.715214     0.694873     0.670772     0.642989     0.611599     0.576663     0.538232     0.496340     0.451005     0.402235     0.350021     0.294349     0.235197     0.172542     0.106361     0.036638    -0.036638
    0.036946     0.107284     0.174076     0.237333     0.297069     0.353293     0.406011     0.455221     0.500913     0.543062     0.581633     0.616577     0.647836     0.675341     0.699020     0.718802     0.734618     0.746412     0.754141     0.757780     0.757325     0.752792     0.744217     0.731656     0.715176     0.694855     0.670772     0.643008     0.611635     0.576714     0.538294     0.496410     0.451081     0.402311     0.350094     0.294415     0.235254     0.172586     0.106390     0.036649    -0.036649
    0.036953     0.107303     0.174105     0.237369     0.297108     0.353333     0.406049     0.455254     0.500937     0.543076     0.581633     0.616563     0.647806     0.675295     0.698959     0.718728     0.734534     0.746320     0.754046     0.757685     0.757234     0.752710     0.744148     0.731602     0.715139     0.694836     0.670773     0.643027     0.611670     0.576764     0.538356     0.496480     0.451155     0.402386     0.350167     0.294481     0.235310     0.172630     0.106418     0.036659    -0.036659
    0.036960     0.107322     0.174133     0.237404     0.297147     0.353373     0.406086     0.455287     0.500962     0.543089     0.581634     0.616549     0.647776     0.675250     0.698900     0.718655     0.734450     0.746230     0.753951     0.757591     0.757145     0.752629     0.744079     0.731548     0.715102     0.694818     0.670773     0.643046     0.611705     0.576813     0.538417     0.496549     0.451229     0.402460     0.350238     0.294547     0.235366     0.172673     0.106446     0.036669    -0.036669
    0.036967     0.107341     0.174161     0.237439     0.297186     0.353412     0.406123     0.455318     0.500986     0.543102     0.581634     0.616535     0.647747     0.675205     0.698840     0.718583     0.734368     0.746140     0.753858     0.757498     0.757057     0.752549     0.744011     0.731495     0.715066     0.694800     0.670774     0.643064     0.611740     0.576862     0.538477     0.496617     0.451301     0.402534     0.350309     0.294611     0.235421     0.172715     0.106474     0.036679    -0.036679
    0.036974     0.107359     0.174189     0.237473     0.297223     0.353451     0.406160     0.455350     0.501009     0.543115     0.581635     0.616521     0.647718     0.675161     0.698782     0.718512     0.734286     0.746051     0.753766     0.757407     0.756969     0.752470     0.743944     0.731442     0.715031     0.694783     0.670775     0.643082     0.611775     0.576911     0.538537     0.496685     0.451373     0.402606     0.350379     0.294675     0.235475     0.172758     0.106501     0.036689    -0.036689
    0.036981     0.107378     0.174216     0.237506     0.297261     0.353489     0.406196     0.455381     0.501032     0.543128     0.581635     0.616507     0.647689     0.675118     0.698724     0.718441     0.734206     0.745964     0.753675     0.757316     0.756883     0.752392     0.743878     0.731391     0.714996     0.694765     0.670775     0.643101     0.611809     0.576959     0.538595     0.496751     0.451444     0.402678     0.350448     0.294738     0.235529     0.172799     0.106528     0.036699    -0.036699
    0.036988     0.107396     0.174243     0.237540     0.297298     0.353527     0.406232     0.455411     0.501055     0.543141     0.581635     0.616494     0.647661     0.675074     0.698667     0.718372     0.734126     0.745877     0.753585     0.757227     0.756798     0.752315     0.743812     0.731340     0.714961     0.694748     0.670776     0.643119     0.611843     0.577006     0.538654     0.496817     0.451514     0.402749     0.350516     0.294800     0.235582     0.172840     0.106555     0.036708    -0.036708
    0.036994     0.107413     0.174269     0.237572     0.297334     0.353564     0.406267     0.455442     0.501078     0.543153     0.581635     0.616480     0.647633     0.675032     0.698611     0.718303     0.734048     0.745792     0.753496     0.757138     0.756714     0.752239     0.743748     0.731289     0.714927     0.694731     0.670777     0.643136     0.611876     0.577053     0.538711     0.496882     0.451583     0.402819     0.350583     0.294861     0.235635     0.172881     0.106581     0.036718    -0.036718
    0.037001     0.107431     0.174296     0.237605     0.297370     0.353600     0.406301     0.455471     0.501100     0.543165     0.581636     0.616467     0.647605     0.674990     0.698555     0.718235     0.733970     0.745707     0.753408     0.757051     0.756631     0.752164     0.743684     0.731240     0.714893     0.694715     0.670778     0.643154     0.611909     0.577099     0.538768     0.496947     0.451652     0.402888     0.350650     0.294922     0.235686     0.172921     0.106607     0.036727    -0.036727
    0.037008     0.107448     0.174321     0.237637     0.297405     0.353637     0.406336     0.455501     0.501122     0.543177     0.581636     0.616454     0.647578     0.674948     0.698500     0.718168     0.733893     0.745624     0.753322     0.756965     0.756549     0.752090     0.743621     0.731190     0.714860     0.694698     0.670779     0.643172     0.611942     0.577145     0.538824     0.497010     0.451720     0.402957     0.350716     0.294982     0.235738     0.172961     0.106633     0.036737    -0.036737
    0.037014     0.107465     0.174347     0.237668     0.297440     0.353672     0.406369     0.455530     0.501143     0.543189     0.581636     0.616440     0.647551     0.674907     0.698445     0.718102     0.733817     0.745541     0.753236     0.756879     0.756468     0.752017     0.743559     0.731142     0.714827     0.694682     0.670780     0.643189     0.611974     0.577190     0.538880     0.497073     0.451787     0.403024     0.350781     0.295042     0.235788     0.173000     0.106658     0.036746    -0.036746
    0.037020     0.107482     0.174372     0.237699     0.297475     0.353707     0.406402     0.455558     0.501164     0.543201     0.581636     0.616427     0.647524     0.674866     0.698391     0.718036     0.733742     0.745460     0.753151     0.756795     0.756388     0.751945     0.743497     0.731094     0.714795     0.694667     0.670781     0.643206     0.612006     0.577235     0.538935     0.497135     0.451853     0.403091     0.350845     0.295100     0.235838     0.173039     0.106683     0.036755    -0.036755
    0.037027     0.107499     0.174397     0.237730     0.297509     0.353742     0.406435     0.455586     0.501185     0.543212     0.581636     0.616415     0.647497     0.674826     0.698338     0.717972     0.733668     0.745379     0.753068     0.756712     0.756309     0.751873     0.743437     0.731047     0.714763     0.694651     0.670782     0.643223     0.612038     0.577279     0.538989     0.497197     0.451918     0.403157     0.350908     0.295158     0.235888     0.173077     0.106708     0.036764    -0.036764
    0.037033     0.107516     0.174422     0.237760     0.297542     0.353777     0.406468     0.455614     0.501206     0.543224     0.581636     0.616402     0.647471     0.674786     0.698285     0.717908     0.733595     0.745300     0.752985     0.756630     0.756231     0.751803     0.743377     0.731000     0.714731     0.694636     0.670783     0.643240     0.612069     0.577323     0.539043     0.497258     0.451983     0.403223     0.350971     0.295215     0.235937     0.173115     0.106732     0.036773    -0.036773
    0.037039     0.107532     0.174446     0.237790     0.297576     0.353810     0.406500     0.455642     0.501226     0.543235     0.581636     0.616389     0.647445     0.674747     0.698233     0.717844     0.733523     0.745221     0.752903     0.756549     0.756154     0.751733     0.743318     0.730954     0.714700     0.694620     0.670784     0.643257     0.612100     0.577366     0.539096     0.497318     0.452047     0.403287     0.351033     0.295272     0.235985     0.173152     0.106756     0.036781    -0.036781
    0.037045     0.107548     0.174470     0.237820     0.297608     0.353844     0.406531     0.455669     0.501246     0.543245     0.581636     0.616377     0.647419     0.674708     0.698182     0.717782     0.733452     0.745144     0.752823     0.756469     0.756078     0.751664     0.743259     0.730909     0.714669     0.694606     0.670785     0.643273     0.612131     0.577409     0.539149     0.497377     0.452110     0.403351     0.351095     0.295328     0.236032     0.173189     0.106780     0.036790    -0.036790
    0.037051     0.107564     0.174493     0.237849     0.297640     0.353877     0.406562     0.455695     0.501266     0.543256     0.581635     0.616364     0.647394     0.674670     0.698131     0.717720     0.733381     0.745067     0.752743     0.756389     0.756003     0.751596     0.743202     0.730864     0.714639     0.694591     0.670786     0.643290     0.612161     0.577452     0.539201     0.497436     0.452172     0.403414     0.351155     0.295383     0.236080     0.173226     0.106804     0.036798    -0.036798
    0.037057     0.107579     0.174517     0.237878     0.297672     0.353909     0.406593     0.455721     0.501286     0.543267     0.581635     0.616352     0.647369     0.674631     0.698081     0.717659     0.733311     0.744991     0.752665     0.756311     0.755928     0.751529     0.743145     0.730820     0.714609     0.694576     0.670787     0.643306     0.612191     0.577493     0.539252     0.497494     0.452234     0.403476     0.351215     0.295437     0.236126     0.173262     0.106827     0.036807    -0.036807
    0.037063     0.107595     0.174539     0.237906     0.297704     0.353941     0.406623     0.455747     0.501305     0.543277     0.581635     0.616340     0.647344     0.674594     0.698031     0.717599     0.733242     0.744916     0.752587     0.756234     0.755855     0.751463     0.743089     0.730776     0.714580     0.694562     0.670788     0.643322     0.612221     0.577535     0.539303     0.497551     0.452295     0.403538     0.351274     0.295491     0.236172     0.173298     0.106850     0.036815    -0.036815
    0.037068     0.107610     0.174562     0.237934     0.297735     0.353973     0.406653     0.455773     0.501324     0.543287     0.581635     0.616328     0.647320     0.674557     0.697982     0.717539     0.733174     0.744843     0.752510     0.756158     0.755782     0.751398     0.743033     0.730733     0.714551     0.694548     0.670790     0.643338     0.612250     0.577576     0.539353     0.497608     0.452355     0.403599     0.351333     0.295545     0.236217     0.173333     0.106873     0.036823    -0.036823
    0.037074     0.107625     0.174585     0.237961     0.297765     0.354004     0.406682     0.455798     0.501343     0.543297     0.581634     0.616316     0.647295     0.674520     0.697934     0.717480     0.733107     0.744769     0.752434     0.756082     0.755711     0.751333     0.742979     0.730690     0.714522     0.694534     0.670791     0.643354     0.612279     0.577616     0.539403     0.497664     0.452415     0.403659     0.351390     0.295597     0.236262     0.173367     0.106895     0.036832    -0.036832
    0.037080     0.107640     0.174607     0.237989     0.297795     0.354035     0.406711     0.455823     0.501361     0.543307     0.581634     0.616304     0.647271     0.674484     0.697886     0.717422     0.733041     0.744697     0.752359     0.756008     0.755640     0.751269     0.742924     0.730648     0.714494     0.694521     0.670792     0.643369     0.612308     0.577657     0.539452     0.497719     0.452474     0.403718     0.351448     0.295649     0.236307     0.173402     0.106917     0.036840    -0.036840
    0.037085     0.107654     0.174628     0.238016     0.297825     0.354065     0.406740     0.455847     0.501379     0.543317     0.581634     0.616292     0.647247     0.674448     0.697839     0.717365     0.732975     0.744626     0.752285     0.755934     0.755570     0.751206     0.742871     0.730607     0.714466     0.694507     0.670793     0.643385     0.612337     0.577696     0.539500     0.497774     0.452532     0.403777     0.351504     0.295701     0.236351     0.173436     0.106939     0.036848    -0.036848
    0.037090     0.107669     0.174650     0.238042     0.297855     0.354095     0.406768     0.455871     0.501397     0.543326     0.581633     0.616280     0.647224     0.674412     0.697792     0.717308     0.732910     0.744556     0.752212     0.755862     0.755501     0.751144     0.742818     0.730566     0.714438     0.694494     0.670795     0.643400     0.612365     0.577735     0.539548     0.497828     0.452589     0.403835     0.351560     0.295751     0.236394     0.173469     0.106961     0.036855    -0.036855
    0.037096     0.107683     0.174671     0.238068     0.297884     0.354125     0.406796     0.455895     0.501414     0.543336     0.581633     0.616269     0.647200     0.674377     0.697746     0.717252     0.732846     0.744486     0.752140     0.755790     0.755433     0.751083     0.742766     0.730525     0.714411     0.694481     0.670796     0.643415     0.612393     0.577774     0.539595     0.497882     0.452646     0.403892     0.351615     0.295802     0.236437     0.173502     0.106982     0.036863    -0.036863
    0.037101     0.107697     0.174692     0.238094     0.297912     0.354154     0.406823     0.455919     0.501432     0.543345     0.581632     0.616257     0.647177     0.674343     0.697700     0.717196     0.732783     0.744417     0.752069     0.755719     0.755366     0.751022     0.742715     0.730485     0.714384     0.694468     0.670798     0.643431     0.612420     0.577812     0.539642     0.497934     0.452702     0.403949     0.351669     0.295851     0.236479     0.173535     0.107003     0.036871    -0.036871
    0.037106     0.107711     0.174713     0.238120     0.297940     0.354183     0.406850     0.455942     0.501449     0.543354     0.581632     0.616246     0.647155     0.674308     0.697655     0.717141     0.732720     0.744349     0.751998     0.755649     0.755299     0.750962     0.742664     0.730446     0.714358     0.694456     0.670799     0.643445     0.612448     0.577850     0.539689     0.497987     0.452758     0.404005     0.351723     0.295900     0.236521     0.173567     0.107024     0.036878    -0.036878
    0.037112     0.107725     0.174733     0.238145     0.297968     0.354211     0.406877     0.455965     0.501466     0.543363     0.581631     0.616235     0.647132     0.674274     0.697610     0.717087     0.732658     0.744282     0.751928     0.755580     0.755234     0.750903     0.742614     0.730407     0.714331     0.694443     0.670800     0.643460     0.612475     0.577888     0.539735     0.498038     0.452813     0.404060     0.351776     0.295949     0.236562     0.173599     0.107045     0.036886    -0.036886
    0.037117     0.107738     0.174753     0.238170     0.297996     0.354239     0.406903     0.455987     0.501482     0.543372     0.581630     0.616224     0.647110     0.674241     0.697566     0.717034     0.732597     0.744216     0.751860     0.755511     0.755169     0.750844     0.742564     0.730369     0.714306     0.694431     0.670802     0.643475     0.612501     0.577925     0.539780     0.498090     0.452867     0.404115     0.351829     0.295996     0.236603     0.173631     0.107065     0.036893    -0.036893
    0.037122     0.107752     0.174773     0.238194     0.298023     0.354267     0.406929     0.456009     0.501499     0.543380     0.581630     0.616213     0.647088     0.674208     0.697522     0.716981     0.732537     0.744150     0.751792     0.755444     0.755105     0.750787     0.742516     0.730331     0.714280     0.694419     0.670803     0.643489     0.612528     0.577962     0.539825     0.498140     0.452921     0.404169     0.351881     0.296044     0.236643     0.173662     0.107085     0.036900    -0.036900
    0.037127     0.107765     0.174793     0.238218     0.298050     0.354294     0.406955     0.456031     0.501515     0.543389     0.581629     0.616202     0.647066     0.674175     0.697479     0.716928     0.732477     0.744085     0.751724     0.755377     0.755042     0.750730     0.742467     0.730293     0.714255     0.694407     0.670805     0.643504     0.612554     0.577998     0.539869     0.498190     0.452974     0.404223     0.351932     0.296090     0.236683     0.173693     0.107105     0.036908    -0.036908
    0.037132     0.107778     0.174812     0.238242     0.298076     0.354321     0.406980     0.456053     0.501531     0.543397     0.581628     0.616191     0.647044     0.674142     0.697436     0.716877     0.732418     0.744021     0.751658     0.755311     0.754979     0.750673     0.742420     0.730256     0.714231     0.694395     0.670806     0.643518     0.612580     0.578034     0.539913     0.498239     0.453026     0.404275     0.351983     0.296137     0.236722     0.173723     0.107125     0.036915    -0.036915
    0.037136     0.107791     0.174831     0.238266     0.298102     0.354347     0.407005     0.456074     0.501546     0.543406     0.581628     0.616180     0.647023     0.674110     0.697394     0.716826     0.732360     0.743958     0.751593     0.755246     0.754917     0.750618     0.742373     0.730220     0.714206     0.694384     0.670808     0.643532     0.612605     0.578069     0.539956     0.498288     0.453078     0.404328     0.352033     0.296182     0.236761     0.173754     0.107144     0.036922    -0.036922
    0.037141     0.107803     0.174850     0.238289     0.298128     0.354374     0.407030     0.456095     0.501562     0.543414     0.581627     0.616169     0.647002     0.674079     0.697352     0.716775     0.732302     0.743896     0.751528     0.755182     0.754856     0.750563     0.742326     0.730184     0.714182     0.694373     0.670810     0.643546     0.612631     0.578104     0.539999     0.498336     0.453129     0.404379     0.352082     0.296227     0.236799     0.173783     0.107164     0.036929    -0.036929
    0.037146     0.107816     0.174869     0.238312     0.298153     0.354399     0.407054     0.456116     0.501577     0.543422     0.581626     0.616159     0.646981     0.674047     0.697311     0.716725     0.732245     0.743834     0.751464     0.755119     0.754796     0.750509     0.742280     0.730148     0.714158     0.694361     0.670811     0.643560     0.612656     0.578139     0.540041     0.498384     0.453179     0.404430     0.352131     0.296272     0.236837     0.173813     0.107183     0.036935    -0.036935
    0.037150     0.107828     0.174887     0.238334     0.298178     0.354425     0.407078     0.456136     0.501592     0.543429     0.581625     0.616148     0.646960     0.674016     0.697271     0.716676     0.732189     0.743773     0.751401     0.755056     0.754737     0.750455     0.742235     0.730113     0.714135     0.694350     0.670813     0.643574     0.612681     0.578173     0.540083     0.498431     0.453229     0.404481     0.352180     0.296316     0.236875     0.173842     0.107201     0.036942    -0.036942
    0.037155     0.107840     0.174905     0.238357     0.298203     0.354450     0.407102     0.456156     0.501607     0.543437     0.581624     0.616138     0.646939     0.673986     0.697230     0.716627     0.732134     0.743713     0.751338     0.754994     0.754678     0.750402     0.742190     0.730079     0.714112     0.694340     0.670814     0.643588     0.612705     0.578207     0.540124     0.498478     0.453279     0.404530     0.352227     0.296359     0.236912     0.173870     0.107220     0.036949    -0.036949
    0.037160     0.107852     0.174923     0.238379     0.298227     0.354475     0.407125     0.456176     0.501621     0.543445     0.581624     0.616128     0.646919     0.673955     0.697191     0.716579     0.732079     0.743654     0.751277     0.754933     0.754620     0.750350     0.742146     0.730045     0.714089     0.694329     0.670816     0.643601     0.612729     0.578241     0.540165     0.498524     0.453328     0.404580     0.352275     0.296402     0.236949     0.173899     0.107238     0.036956    -0.036956
    0.037164     0.107864     0.174941     0.238401     0.298251     0.354499     0.407148     0.456196     0.501635     0.543452     0.581623     0.616118     0.646899     0.673925     0.697151     0.716532     0.732025     0.743595     0.751216     0.754872     0.754563     0.750298     0.742103     0.730011     0.714067     0.694318     0.670818     0.643614     0.612754     0.578274     0.540206     0.498569     0.453376     0.404628     0.352321     0.296445     0.236985     0.173927     0.107256     0.036962    -0.036962
    0.037168     0.107876     0.174958     0.238422     0.298275     0.354524     0.407171     0.456215     0.501650     0.543459     0.581622     0.616107     0.646879     0.673896     0.697112     0.716485     0.731971     0.743537     0.751155     0.754813     0.754506     0.750247     0.742060     0.729978     0.714044     0.694308     0.670820     0.643628     0.612777     0.578307     0.540246     0.498614     0.453424     0.404676     0.352367     0.296487     0.237020     0.173954     0.107274     0.036969    -0.036969
    0.037173     0.107887     0.174975     0.238443     0.298299     0.354547     0.407193     0.456234     0.501663     0.543466     0.581621     0.616097     0.646860     0.673867     0.697074     0.716438     0.731918     0.743479     0.751096     0.754754     0.754450     0.750197     0.742017     0.729945     0.714022     0.694298     0.670821     0.643641     0.612801     0.578339     0.540285     0.498659     0.453471     0.404724     0.352413     0.296528     0.237056     0.173982     0.107292     0.036975    -0.036975
    0.037177     0.107899     0.174992     0.238464     0.298322     0.354571     0.407215     0.456253     0.501677     0.543473     0.581620     0.616087     0.646840     0.673838     0.697036     0.716392     0.731866     0.743423     0.751037     0.754695     0.754395     0.750147     0.741975     0.729912     0.714001     0.694288     0.670823     0.643654     0.612824     0.578371     0.540324     0.498703     0.453517     0.404771     0.352458     0.296569     0.237091     0.174009     0.107309     0.036981    -0.036981
    0.037181     0.107910     0.175009     0.238485     0.298344     0.354594     0.407237     0.456271     0.501691     0.543480     0.581619     0.616078     0.646821     0.673809     0.696999     0.716347     0.731814     0.743367     0.750979     0.754638     0.754341     0.750098     0.741934     0.729880     0.713980     0.694278     0.670825     0.643667     0.612847     0.578403     0.540363     0.498746     0.453563     0.404817     0.352502     0.296609     0.237125     0.174035     0.107326     0.036987    -0.036987
    0.037185     0.107921     0.175025     0.238505     0.298367     0.354617     0.407258     0.456290     0.501704     0.543487     0.581618     0.616068     0.646802     0.673781     0.696961     0.716302     0.731763     0.743311     0.750922     0.754581     0.754287     0.750050     0.741893     0.729849     0.713959     0.694268     0.670826     0.643679     0.612870     0.578434     0.540401     0.498789     0.453609     0.404863     0.352546     0.296649     0.237159     0.174062     0.107343     0.036994    -0.036994
    0.037190     0.107932     0.175042     0.238525     0.298389     0.354640     0.407280     0.456308     0.501717     0.543494     0.581617     0.616058     0.646783     0.673753     0.696925     0.716258     0.731713     0.743257     0.750865     0.754525     0.754234     0.750002     0.741853     0.729818     0.713938     0.694259     0.670828     0.643692     0.612892     0.578465     0.540439     0.498831     0.453654     0.404908     0.352590     0.296689     0.237193     0.174088     0.107360     0.037000    -0.037000
    0.037194     0.107943     0.175058     0.238545     0.298411     0.354662     0.407300     0.456325     0.501730     0.543500     0.581616     0.616049     0.646765     0.673725     0.696889     0.716214     0.731663     0.743203     0.750809     0.754469     0.754181     0.749955     0.741813     0.729787     0.713917     0.694250     0.670830     0.643704     0.612915     0.578496     0.540476     0.498873     0.453698     0.404953     0.352633     0.296728     0.237226     0.174113     0.107377     0.037006    -0.037006
    0.037198     0.107953     0.175074     0.238564     0.298433     0.354684     0.407321     0.456343     0.501743     0.543507     0.581615     0.616039     0.646746     0.673698     0.696853     0.716171     0.731614     0.743149     0.750754     0.754415     0.754129     0.749908     0.741773     0.729757     0.713897     0.694240     0.670832     0.643717     0.612937     0.578526     0.540513     0.498915     0.453742     0.404997     0.352675     0.296767     0.237259     0.174139     0.107393     0.037012    -0.037012
    0.037202     0.107964     0.175089     0.238584     0.298454     0.354705     0.407341     0.456360     0.501755     0.543513     0.581614     0.616030     0.646728     0.673671     0.696817     0.716128     0.731565     0.743097     0.750699     0.754361     0.754078     0.749862     0.741734     0.729727     0.713877     0.694231     0.670834     0.643729     0.612959     0.578556     0.540549     0.498956     0.453786     0.405041     0.352717     0.296805     0.237291     0.174164     0.107409     0.037017    -0.037017
    0.037206     0.107974     0.175105     0.238603     0.298475     0.354727     0.407361     0.456377     0.501768     0.543519     0.581613     0.616020     0.646710     0.673644     0.696782     0.716086     0.731517     0.743044     0.750646     0.754307     0.754027     0.749817     0.741696     0.729697     0.713858     0.694222     0.670835     0.643741     0.612980     0.578586     0.540586     0.498996     0.453829     0.405084     0.352759     0.296842     0.237324     0.174189     0.107425     0.037023    -0.037023
    0.037209     0.107985     0.175120     0.238622     0.298496     0.354748     0.407381     0.456394     0.501780     0.543526     0.581612     0.616011     0.646692     0.673617     0.696748     0.716044     0.731469     0.742993     0.750592     0.754254     0.753977     0.749772     0.741658     0.729668     0.713839     0.694213     0.670837     0.643753     0.613002     0.578615     0.540621     0.499037     0.453871     0.405127     0.352799     0.296880     0.237355     0.174213     0.107441     0.037029    -0.037029
    0.037213     0.107995     0.175135     0.238640     0.298516     0.354769     0.407401     0.456410     0.501792     0.543532     0.581610     0.616002     0.646675     0.673591     0.696714     0.716003     0.731422     0.742942     0.750540     0.754202     0.753928     0.749727     0.741621     0.729639     0.713819     0.694205     0.670839     0.643765     0.613023     0.578644     0.540656     0.499076     0.453913     0.405169     0.352840     0.296916     0.237387     0.174237     0.107457     0.037035    -0.037035
    0.037217     0.108005     0.175150     0.238658     0.298536     0.354789     0.407420     0.456427     0.501804     0.543537     0.581609     0.615993     0.646657     0.673565     0.696680     0.715962     0.731376     0.742892     0.750488     0.754151     0.753879     0.749683     0.741584     0.729610     0.713801     0.694196     0.670841     0.643777     0.613044     0.578673     0.540691     0.499115     0.453955     0.405211     0.352880     0.296953     0.237417     0.174261     0.107472     0.037040    -0.037040
    0.037221     0.108015     0.175165     0.238676     0.298556     0.354810     0.407439     0.456443     0.501815     0.543543     0.581608     0.615984     0.646640     0.673540     0.696646     0.715921     0.731330     0.742842     0.750436     0.754100     0.753831     0.749640     0.741547     0.729582     0.713782     0.694188     0.670843     0.643789     0.613064     0.578702     0.540726     0.499154     0.453995     0.405252     0.352919     0.296989     0.237448     0.174285     0.107487     0.037046    -0.037046
    0.037224     0.108024     0.175179     0.238694     0.298576     0.354830     0.407457     0.456459     0.501827     0.543549     0.581607     0.615975     0.646623     0.673515     0.696613     0.715882     0.731285     0.742793     0.750386     0.754049     0.753784     0.749597     0.741511     0.729555     0.713764     0.694180     0.670845     0.643800     0.613085     0.578730     0.540760     0.499192     0.454036     0.405293     0.352958     0.297024     0.237478     0.174308     0.107502     0.037051    -0.037051
    0.037228     0.108034     0.175193     0.238712     0.298595     0.354849     0.407476     0.456474     0.501838     0.543555     0.581606     0.615966     0.646606     0.673490     0.696581     0.715842     0.731240     0.742745     0.750335     0.754000     0.753737     0.749555     0.741476     0.729527     0.713746     0.694171     0.670847     0.643812     0.613105     0.578757     0.540794     0.499230     0.454076     0.405333     0.352997     0.297059     0.237508     0.174331     0.107517     0.037056    -0.037056
    0.037232     0.108043     0.175207     0.238729     0.298615     0.354869     0.407494     0.456490     0.501849     0.543560     0.581604     0.615957     0.646589     0.673465     0.696548     0.715803     0.731196     0.742697     0.750286     0.753951     0.753690     0.749514     0.741441     0.729500     0.713728     0.694163     0.670848     0.643823     0.613125     0.578785     0.540827     0.499267     0.454116     0.405373     0.353035     0.297094     0.237538     0.174354     0.107532     0.037062    -0.037062
    0.037235     0.108053     0.175221     0.238746     0.298633     0.354888     0.407512     0.456505     0.501860     0.543565     0.581603     0.615949     0.646572     0.673440     0.696517     0.715765     0.731152     0.742650     0.750237     0.753902     0.753644     0.749472     0.741406     0.729474     0.713710     0.694156     0.670850     0.643835     0.613145     0.578812     0.540860     0.499304     0.454155     0.405412     0.353073     0.297128     0.237567     0.174377     0.107546     0.037067    -0.037067
    0.037239     0.108062     0.175235     0.238763     0.298652     0.354907     0.407530     0.456520     0.501871     0.543571     0.581602     0.615940     0.646556     0.673416     0.696485     0.715727     0.731109     0.742603     0.750189     0.753854     0.753599     0.749432     0.741372     0.729447     0.713693     0.694148     0.670852     0.643846     0.613165     0.578839     0.540892     0.499341     0.454193     0.405451     0.353110     0.297162     0.237596     0.174399     0.107561     0.037072    -0.037072
    0.037242     0.108071     0.175249     0.238780     0.298671     0.354925     0.407547     0.456535     0.501881     0.543576     0.581601     0.615932     0.646540     0.673392     0.696454     0.715689     0.731066     0.742557     0.750141     0.753807     0.753554     0.749392     0.741338     0.729421     0.713676     0.694140     0.670854     0.643857     0.613184     0.578865     0.540925     0.499377     0.454232     0.405489     0.353147     0.297195     0.237624     0.174421     0.107575     0.037077    -0.037077
    0.037245     0.108080     0.175262     0.238796     0.298689     0.354944     0.407564     0.456549     0.501892     0.543581     0.581599     0.615923     0.646524     0.673369     0.696423     0.715652     0.731024     0.742511     0.750094     0.753761     0.753510     0.749352     0.741305     0.729396     0.713659     0.694133     0.670856     0.643868     0.613203     0.578892     0.540956     0.499413     0.454269     0.405527     0.353183     0.297228     0.237652     0.174443     0.107589     0.037082    -0.037082
    0.037249     0.108089     0.175275     0.238813     0.298707     0.354962     0.407581     0.456563     0.501902     0.543586     0.581598     0.615915     0.646508     0.673345     0.696393     0.715615     0.730982     0.742466     0.750047     0.753714     0.753467     0.749313     0.741272     0.729371     0.713642     0.694125     0.670858     0.643879     0.613222     0.578918     0.540988     0.499448     0.454307     0.405565     0.353219     0.297261     0.237680     0.174464     0.107603     0.037087    -0.037087
    0.037252     0.108098     0.175288     0.238829     0.298724     0.354980     0.407598     0.456578     0.501912     0.543591     0.581597     0.615907     0.646492     0.673322     0.696362     0.715579     0.730941     0.742422     0.750001     0.753669     0.753424     0.749274     0.741239     0.729346     0.713626     0.694118     0.670860     0.643890     0.613241     0.578943     0.541019     0.499483     0.454343     0.405602     0.353255     0.297293     0.237707     0.174485     0.107616     0.037092    -0.037092
    0.037255     0.108106     0.175301     0.238844     0.298742     0.354998     0.407615     0.456591     0.501922     0.543596     0.581595     0.615898     0.646477     0.673299     0.696333     0.715543     0.730900     0.742378     0.749956     0.753624     0.753381     0.749236     0.741207     0.729321     0.713610     0.694111     0.670862     0.643900     0.613260     0.578969     0.541050     0.499517     0.454380     0.405639     0.353290     0.297325     0.237734     0.174506     0.107630     0.037097    -0.037097
    0.037259     0.108115     0.175314     0.238860     0.298759     0.355015     0.407631     0.456605     0.501932     0.543601     0.581594     0.615890     0.646461     0.673277     0.696303     0.715508     0.730860     0.742334     0.749911     0.753579     0.753339     0.749199     0.741176     0.729297     0.713594     0.694104     0.670864     0.643911     0.613278     0.578994     0.541080     0.499551     0.454416     0.405675     0.353324     0.297357     0.237761     0.174527     0.107643     0.037102    -0.037102
    0.037262     0.108123     0.175326     0.238875     0.298776     0.355032     0.407647     0.456619     0.501942     0.543605     0.581593     0.615882     0.646446     0.673254     0.696274     0.715473     0.730821     0.742291     0.749866     0.753536     0.753298     0.749161     0.741144     0.729273     0.713578     0.694097     0.670866     0.643921     0.613296     0.579019     0.541110     0.499585     0.454452     0.405711     0.353359     0.297388     0.237788     0.174547     0.107656     0.037107    -0.037107
    0.037265     0.108132     0.175339     0.238891     0.298793     0.355049     0.407663     0.456632     0.501951     0.543610     0.581591     0.615874     0.646431     0.673232     0.696246     0.715438     0.730781     0.742249     0.749823     0.753492     0.753257     0.749125     0.741114     0.729249     0.713563     0.694090     0.670868     0.643932     0.613314     0.579043     0.541140     0.499618     0.454487     0.405746     0.353393     0.297419     0.237814     0.174568     0.107670     0.037111    -0.037111
    0.037268     0.108140     0.175351     0.238905     0.298809     0.355066     0.407678     0.456645     0.501961     0.543614     0.581590     0.615866     0.646416     0.673211     0.696217     0.715404     0.730742     0.742207     0.749779     0.753449     0.753216     0.749088     0.741083     0.729226     0.713547     0.694083     0.670870     0.643942     0.613332     0.579068     0.541169     0.499651     0.454522     0.405781     0.353426     0.297449     0.237840     0.174588     0.107682     0.037116    -0.037116
    0.037271     0.108148     0.175363     0.238920     0.298825     0.355083     0.407694     0.456658     0.501970     0.543619     0.581589     0.615858     0.646401     0.673189     0.696189     0.715370     0.730704     0.742166     0.749736     0.753407     0.753176     0.749053     0.741053     0.729203     0.713532     0.694077     0.670872     0.643952     0.613350     0.579092     0.541198     0.499684     0.454556     0.405816     0.353459     0.297479     0.237865     0.174607     0.107695     0.037121    -0.037121
    0.037274     0.108156     0.175375     0.238935     0.298842     0.355099     0.407709     0.456671     0.501979     0.543623     0.581587     0.615850     0.646387     0.673168     0.696161     0.715337     0.730666     0.742125     0.749694     0.753365     0.753137     0.749017     0.741023     0.729180     0.713517     0.694070     0.670874     0.643962     0.613367     0.579115     0.541227     0.499716     0.454590     0.405850     0.353492     0.297509     0.237891     0.174627     0.107708     0.037125    -0.037125
    0.037277     0.108164     0.175386     0.238949     0.298857     0.355115     0.407724     0.456684     0.501988     0.543627     0.581586     0.615843     0.646372     0.673146     0.696134     0.715304     0.730629     0.742084     0.749652     0.753324     0.753098     0.748982     0.740994     0.729157     0.713503     0.694064     0.670876     0.643972     0.613385     0.579139     0.541255     0.499748     0.454624     0.405884     0.353524     0.297538     0.237916     0.174646     0.107720     0.037130    -0.037130
    0.037280     0.108172     0.175398     0.238963     0.298873     0.355131     0.407739     0.456696     0.501997     0.543632     0.581584     0.615835     0.646358     0.673126     0.696107     0.715271     0.730592     0.742044     0.749611     0.753283     0.753059     0.748948     0.740965     0.729135     0.713488     0.694057     0.670877     0.643982     0.613402     0.579162     0.541284     0.499779     0.454657     0.405917     0.353556     0.297567     0.237940     0.174665     0.107732     0.037134    -0.037134
    0.037283     0.108179     0.175409     0.238977     0.298888     0.355146     0.407753     0.456708     0.502006     0.543636     0.581583     0.615827     0.646344     0.673105     0.696080     0.715239     0.730555     0.742005     0.749571     0.753243     0.753021     0.748914     0.740936     0.729113     0.713474     0.694051     0.670879     0.643992     0.613419     0.579185     0.541311     0.499810     0.454690     0.405950     0.353588     0.297596     0.237965     0.174684     0.107744     0.037138    -0.037138
    0.037286     0.108187     0.175421     0.238991     0.298904     0.355162     0.407768     0.456720     0.502014     0.543640     0.581582     0.615820     0.646330     0.673084     0.696053     0.715207     0.730519     0.741966     0.749530     0.753203     0.752984     0.748880     0.740908     0.729092     0.713460     0.694045     0.670881     0.644002     0.613435     0.579208     0.541339     0.499841     0.454722     0.405982     0.353619     0.297624     0.237989     0.174703     0.107756     0.037143    -0.037143
    0.037289     0.108194     0.175432     0.239005     0.298919     0.355177     0.407782     0.456732     0.502023     0.543644     0.581580     0.615812     0.646316     0.673064     0.696027     0.715176     0.730484     0.741927     0.749491     0.753164     0.752947     0.748847     0.740880     0.729070     0.713446     0.694039     0.670883     0.644011     0.613452     0.579230     0.541366     0.499872     0.454754     0.406015     0.353650     0.297652     0.238012     0.174721     0.107768     0.037147    -0.037147
    0.037291     0.108202     0.175443     0.239018     0.298934     0.355192     0.407796     0.456744     0.502031     0.543648     0.581579     0.615805     0.646303     0.673044     0.696001     0.715145     0.730448     0.741889     0.749451     0.753125     0.752910     0.748814     0.740853     0.729049     0.713432     0.694033     0.670885     0.644021     0.613468     0.579253     0.541393     0.499902     0.454786     0.406046     0.353680     0.297680     0.238036     0.174739     0.107780     0.037151    -0.037151
    0.037294     0.108209     0.175454     0.239032     0.298948     0.355207     0.407810     0.456756     0.502039     0.543651     0.581577     0.615798     0.646289     0.673025     0.695976     0.715114     0.730413     0.741852     0.749412     0.753087     0.752874     0.748782     0.740826     0.729029     0.713419     0.694028     0.670887     0.644030     0.613484     0.579275     0.541419     0.499931     0.454817     0.406078     0.353710     0.297707     0.238059     0.174757     0.107791     0.037155    -0.037155
    0.037297     0.108216     0.175464     0.239045     0.298963     0.355222     0.407823     0.456767     0.502047     0.543655     0.581576     0.615790     0.646276     0.673005     0.695950     0.715084     0.730379     0.741815     0.749374     0.753049     0.752838     0.748750     0.740799     0.729008     0.713406     0.694022     0.670889     0.644039     0.613500     0.579296     0.541445     0.499961     0.454848     0.406109     0.353740     0.297734     0.238082     0.174775     0.107803     0.037160    -0.037160
    0.037300     0.108223     0.175475     0.239058     0.298977     0.355236     0.407837     0.456778     0.502055     0.543659     0.581574     0.615783     0.646262     0.672986     0.695925     0.715054     0.730345     0.741778     0.749336     0.753011     0.752803     0.748718     0.740772     0.728988     0.713392     0.694016     0.670891     0.644049     0.613516     0.579318     0.541471     0.499990     0.454879     0.406140     0.353769     0.297760     0.238105     0.174792     0.107814     0.037164    -0.037164
    0.037302     0.108230     0.175485     0.239071     0.298991     0.355250     0.407850     0.456789     0.502063     0.543662     0.581573     0.615776     0.646249     0.672967     0.695901     0.715024     0.730311     0.741742     0.749299     0.752975     0.752768     0.748687     0.740746     0.728968     0.713379     0.694011     0.670893     0.644058     0.613532     0.579339     0.541497     0.500018     0.454909     0.406170     0.353798     0.297787     0.238127     0.174809     0.107825     0.037168    -0.037168
    0.037305     0.108237     0.175495     0.239083     0.299005     0.355264     0.407863     0.456800     0.502071     0.543666     0.581571     0.615769     0.646236     0.672948     0.695876     0.714995     0.730278     0.741706     0.749262     0.752938     0.752734     0.748656     0.740720     0.728948     0.713367     0.694005     0.670895     0.644067     0.613547     0.579360     0.541522     0.500046     0.454939     0.406200     0.353827     0.297813     0.238149     0.174827     0.107836     0.037172    -0.037172
    0.037307     0.108244     0.175505     0.239096     0.299019     0.355278     0.407876     0.456811     0.502078     0.543669     0.581570     0.615762     0.646223     0.672929     0.695852     0.714966     0.730245     0.741670     0.749225     0.752902     0.752700     0.748626     0.740695     0.728929     0.713354     0.694000     0.670897     0.644076     0.613563     0.579381     0.541547     0.500075     0.454968     0.406230     0.353855     0.297839     0.238171     0.174843     0.107847     0.037176    -0.037176
    0.037310     0.108251     0.175515     0.239108     0.299032     0.355292     0.407889     0.456822     0.502086     0.543673     0.581568     0.615755     0.646211     0.672911     0.695828     0.714937     0.730213     0.741635     0.749189     0.752866     0.752666     0.748596     0.740670     0.728910     0.713342     0.693995     0.670899     0.644085     0.613578     0.579401     0.541572     0.500102     0.454997     0.406259     0.353883     0.297864     0.238193     0.174860     0.107858     0.037179    -0.037179
    0.037312     0.108257     0.175525     0.239120     0.299045     0.355305     0.407901     0.456832     0.502093     0.543676     0.581567     0.615748     0.646198     0.672892     0.695805     0.714909     0.730181     0.741601     0.749154     0.752831     0.752633     0.748566     0.740645     0.728891     0.713329     0.693990     0.670901     0.644094     0.613593     0.579422     0.541597     0.500130     0.455026     0.406288     0.353911     0.297889     0.238214     0.174877     0.107869     0.037183    -0.037183
    0.037315     0.108264     0.175535     0.239132     0.299059     0.355319     0.407913     0.456842     0.502100     0.543679     0.581565     0.615741     0.646186     0.672874     0.695781     0.714881     0.730149     0.741567     0.749119     0.752796     0.752600     0.748537     0.740620     0.728872     0.713317     0.693985     0.670903     0.644102     0.613608     0.579442     0.541621     0.500157     0.455055     0.406316     0.353938     0.297914     0.238235     0.174893     0.107879     0.037187    -0.037187
    0.037317     0.108271     0.175545     0.239144     0.299072     0.355332     0.407926     0.456852     0.502108     0.543682     0.581564     0.615735     0.646173     0.672856     0.695758     0.714853     0.730118     0.741533     0.749084     0.752762     0.752568     0.748508     0.740596     0.728854     0.713305     0.693980     0.670905     0.644111     0.613623     0.579462     0.541645     0.500183     0.455083     0.406345     0.353965     0.297938     0.238256     0.174909     0.107889     0.037191    -0.037191
    0.037320     0.108277     0.175554     0.239155     0.299084     0.355345     0.407938     0.456862     0.502115     0.543686     0.581562     0.615728     0.646161     0.672839     0.695735     0.714826     0.730087     0.741500     0.749049     0.752728     0.752536     0.748479     0.740572     0.728836     0.713294     0.693975     0.670907     0.644120     0.613637     0.579481     0.541669     0.500210     0.455111     0.406373     0.353992     0.297963     0.238276     0.174925     0.107900     0.037194    -0.037194
    0.037322     0.108283     0.175564     0.239167     0.299097     0.355357     0.407949     0.456872     0.502122     0.543689     0.581561     0.615721     0.646149     0.672821     0.695713     0.714799     0.730057     0.741467     0.749015     0.752695     0.752504     0.748451     0.740549     0.728818     0.713282     0.693970     0.670909     0.644128     0.613652     0.579501     0.541692     0.500236     0.455138     0.406400     0.354018     0.297987     0.238297     0.174940     0.107910     0.037198    -0.037198
    0.037324     0.108289     0.175573     0.239178     0.299109     0.355370     0.407961     0.456882     0.502128     0.543692     0.581559     0.615715     0.646137     0.672804     0.695690     0.714772     0.730026     0.741434     0.748982     0.752662     0.752473     0.748423     0.740526     0.728800     0.713271     0.693965     0.670911     0.644137     0.613666     0.579520     0.541715     0.500262     0.455166     0.406428     0.354045     0.298010     0.238317     0.174956     0.107920     0.037202    -0.037202
    0.037327     0.108296     0.175582     0.239189     0.299122     0.355382     0.407973     0.456892     0.502135     0.543695     0.581558     0.615708     0.646125     0.672787     0.695668     0.714746     0.729997     0.741402     0.748949     0.752629     0.752442     0.748396     0.740503     0.728782     0.713259     0.693960     0.670913     0.644145     0.613680     0.579539     0.541738     0.500287     0.455193     0.406455     0.354070     0.298034     0.238337     0.174971     0.107930     0.037205    -0.037205
    0.037329     0.108302     0.175591     0.239200     0.299134     0.355395     0.407984     0.456901     0.502142     0.543697     0.581556     0.615702     0.646114     0.672770     0.695647     0.714720     0.729967     0.741370     0.748916     0.752597     0.752412     0.748369     0.740480     0.728765     0.713248     0.693956     0.670915     0.644153     0.613694     0.579558     0.541761     0.500312     0.455219     0.406481     0.354096     0.298057     0.238356     0.174986     0.107939     0.037209    -0.037209
    0.037331     0.108308     0.175600     0.239211     0.299146     0.355407     0.407995     0.456910     0.502148     0.543700     0.581555     0.615695     0.646102     0.672753     0.695625     0.714694     0.729938     0.741339     0.748884     0.752565     0.752382     0.748342     0.740457     0.728748     0.713237     0.693951     0.670917     0.644161     0.613708     0.579576     0.541783     0.500337     0.455245     0.406508     0.354121     0.298080     0.238376     0.175001     0.107949     0.037212    -0.037212
    0.037334     0.108314     0.175608     0.239222     0.299158     0.355419     0.408006     0.456920     0.502155     0.543703     0.581553     0.615689     0.646091     0.672737     0.695604     0.714668     0.729909     0.741308     0.748852     0.752533     0.752352     0.748315     0.740435     0.728731     0.713227     0.693947     0.670919     0.644170     0.613721     0.579595     0.541805     0.500362     0.455271     0.406534     0.354146     0.298102     0.238395     0.175016     0.107958     0.037216    -0.037216
    0.037336     0.108319     0.175617     0.239233     0.299169     0.355430     0.408017     0.456929     0.502161     0.543706     0.581552     0.615683     0.646079     0.672721     0.695583     0.714643     0.729881     0.741278     0.748820     0.752502     0.752323     0.748289     0.740414     0.728715     0.713216     0.693942     0.670921     0.644178     0.613735     0.579613     0.541827     0.500386     0.455297     0.406559     0.354170     0.298124     0.238414     0.175031     0.107968     0.037219    -0.037219
    0.037338     0.108325     0.175626     0.239243     0.299181     0.355442     0.408028     0.456938     0.502167     0.543708     0.581550     0.615676     0.646068     0.672704     0.695562     0.714618     0.729853     0.741247     0.748789     0.752472     0.752294     0.748263     0.740392     0.728698     0.713205     0.693938     0.670923     0.644186     0.613748     0.579631     0.541848     0.500411     0.455322     0.406585     0.354195     0.298146     0.238433     0.175045     0.107977     0.037222    -0.037222
    0.037340     0.108331     0.175634     0.239253     0.299192     0.355453     0.408038     0.456946     0.502173     0.543711     0.581549     0.615670     0.646057     0.672688     0.695541     0.714594     0.729825     0.741217     0.748758     0.752441     0.752266     0.748238     0.740371     0.728682     0.713195     0.693934     0.670925     0.644193     0.613762     0.579649     0.541870     0.500434     0.455348     0.406610     0.354219     0.298168     0.238451     0.175059     0.107986     0.037226    -0.037226
    0.037342     0.108336     0.175642     0.239263     0.299203     0.355465     0.408049     0.456955     0.502179     0.543714     0.581547     0.615664     0.646046     0.672673     0.695521     0.714570     0.729798     0.741188     0.748728     0.752411     0.752238     0.748213     0.740350     0.728666     0.713185     0.693930     0.670927     0.644201     0.613775     0.579666     0.541891     0.500458     0.455372     0.406635     0.354242     0.298190     0.238469     0.175074     0.107995     0.037229    -0.037229
    0.037344     0.108342     0.175651     0.239274     0.299214     0.355476     0.408059     0.456964     0.502185     0.543716     0.581545     0.615658     0.646035     0.672657     0.695501     0.714546     0.729770     0.741159     0.748698     0.752382     0.752210     0.748188     0.740329     0.728651     0.713175     0.693926     0.670929     0.644209     0.613788     0.579684     0.541912     0.500481     0.455397     0.406659     0.354266     0.298211     0.238487     0.175087     0.108004     0.037232    -0.037232
    0.037346     0.108347     0.175659     0.239283     0.299225     0.355487     0.408069     0.456972     0.502191     0.543719     0.581544     0.615652     0.646025     0.672642     0.695481     0.714522     0.729744     0.741130     0.748668     0.752353     0.752182     0.748163     0.740309     0.728635     0.713165     0.693922     0.670931     0.644217     0.613800     0.579701     0.541932     0.500504     0.455421     0.406684     0.354289     0.298232     0.238505     0.175101     0.108013     0.037235    -0.037235
    0.037348     0.108353     0.175667     0.239293     0.299236     0.355498     0.408079     0.456980     0.502197     0.543721     0.581542     0.615646     0.646014     0.672626     0.695462     0.714498     0.729717     0.741101     0.748639     0.752324     0.752155     0.748139     0.740288     0.728620     0.713155     0.693918     0.670933     0.644224     0.613813     0.579718     0.541953     0.500527     0.455445     0.406708     0.354312     0.298253     0.238523     0.175115     0.108022     0.037238    -0.037238
    0.037350     0.108358     0.175675     0.239303     0.299247     0.355508     0.408089     0.456989     0.502202     0.543723     0.581541     0.615640     0.646003     0.672611     0.695442     0.714475     0.729691     0.741073     0.748610     0.752295     0.752128     0.748115     0.740268     0.728605     0.713145     0.693914     0.670935     0.644232     0.613826     0.579735     0.541973     0.500549     0.455469     0.406731     0.354335     0.298273     0.238540     0.175128     0.108031     0.037242    -0.037242
    0.037352     0.108363     0.175682     0.239312     0.299257     0.355519     0.408099     0.456997     0.502208     0.543726     0.581539     0.615634     0.645993     0.672596     0.695423     0.714452     0.729665     0.741046     0.748582     0.752267     0.752102     0.748092     0.740249     0.728590     0.713136     0.693910     0.670937     0.644239     0.613838     0.579751     0.541993     0.500572     0.455492     0.406755     0.354357     0.298293     0.238557     0.175141     0.108039     0.037245    -0.037245
    0.037354     0.108369     0.175690     0.239322     0.299267     0.355529     0.408109     0.457005     0.502213     0.543728     0.581538     0.615628     0.645983     0.672582     0.695404     0.714430     0.729640     0.741018     0.748553     0.752239     0.752076     0.748068     0.740229     0.728575     0.713126     0.693906     0.670939     0.644246     0.613850     0.579768     0.542013     0.500594     0.455515     0.406778     0.354379     0.298313     0.238574     0.175155     0.108047     0.037248    -0.037248
    0.037356     0.108374     0.175698     0.239331     0.299278     0.355539     0.408118     0.457012     0.502219     0.543730     0.581536     0.615623     0.645973     0.672567     0.695385     0.714407     0.729614     0.740991     0.748525     0.752212     0.752050     0.748045     0.740210     0.728561     0.713117     0.693903     0.670941     0.644254     0.613862     0.579784     0.542032     0.500615     0.455538     0.406801     0.354401     0.298333     0.238591     0.175168     0.108056     0.037251    -0.037251
    0.037358     0.108379     0.175705     0.239340     0.299288     0.355550     0.408127     0.457020     0.502224     0.543732     0.581535     0.615617     0.645963     0.672552     0.695367     0.714385     0.729590     0.740964     0.748498     0.752185     0.752024     0.748023     0.740191     0.728546     0.713108     0.693899     0.670943     0.644261     0.613874     0.579800     0.542051     0.500637     0.455560     0.406823     0.354422     0.298353     0.238608     0.175180     0.108064     0.037254    -0.037254
    0.037360     0.108384     0.175712     0.239349     0.299297     0.355560     0.408137     0.457028     0.502229     0.543735     0.581533     0.615611     0.645953     0.672538     0.695348     0.714363     0.729565     0.740938     0.748471     0.752158     0.751999     0.748000     0.740172     0.728532     0.713099     0.693896     0.670945     0.644268     0.613886     0.579816     0.542070     0.500658     0.455583     0.406846     0.354444     0.298372     0.238624     0.175193     0.108072     0.037257    -0.037257
    0.037362     0.108389     0.175720     0.239358     0.299307     0.355569     0.408146     0.457035     0.502235     0.543737     0.581532     0.615606     0.645943     0.672524     0.695330     0.714342     0.729541     0.740912     0.748444     0.752131     0.751974     0.747978     0.740154     0.728518     0.713090     0.693892     0.670946     0.644275     0.613898     0.579832     0.542089     0.500679     0.455605     0.406868     0.354465     0.298391     0.238640     0.175205     0.108080     0.037259    -0.037259
    0.037364     0.108393     0.175727     0.239367     0.299317     0.355579     0.408155     0.457043     0.502240     0.543739     0.581530     0.615600     0.645933     0.672510     0.695312     0.714320     0.729517     0.740886     0.748417     0.752105     0.751950     0.747956     0.740136     0.728504     0.713081     0.693889     0.670948     0.644282     0.613910     0.579847     0.542108     0.500700     0.455627     0.406889     0.354486     0.298410     0.238656     0.175218     0.108088     0.037262    -0.037262
    0.037366     0.108398     0.175734     0.239376     0.299326     0.355589     0.408163     0.457050     0.502245     0.543741     0.581528     0.615595     0.645923     0.672496     0.695295     0.714299     0.729493     0.740860     0.748391     0.752079     0.751925     0.747934     0.740118     0.728491     0.713073     0.693885     0.670950     0.644289     0.613921     0.579863     0.542126     0.500720     0.455648     0.406911     0.354506     0.298429     0.238672     0.175230     0.108096     0.037265    -0.037265
    0.037367     0.108403     0.175741     0.239384     0.299336     0.355598     0.408172     0.457057     0.502250     0.543743     0.581527     0.615589     0.645914     0.672483     0.695277     0.714279     0.729469     0.740835     0.748365     0.752054     0.751901     0.747913     0.740100     0.728477     0.713064     0.693882     0.670952     0.644296     0.613933     0.579878     0.542145     0.500740     0.455669     0.406932     0.354526     0.298447     0.238688     0.175242     0.108104     0.037268    -0.037268
    0.037369     0.108408     0.175748     0.239393     0.299345     0.355607     0.408181     0.457064     0.502254     0.543745     0.581525     0.615584     0.645904     0.672469     0.695260     0.714258     0.729446     0.740810     0.748339     0.752029     0.751878     0.747892     0.740082     0.728464     0.713056     0.693879     0.670954     0.644303     0.613944     0.579893     0.542162     0.500760     0.455690     0.406953     0.354546     0.298465     0.238703     0.175254     0.108111     0.037271    -0.037271
    0.037371     0.108412     0.175755     0.239401     0.299354     0.355617     0.408189     0.457071     0.502259     0.543747     0.581524     0.615578     0.645895     0.672456     0.695243     0.714238     0.729423     0.740785     0.748314     0.752004     0.751854     0.747871     0.740065     0.728451     0.713048     0.693875     0.670956     0.644310     0.613955     0.579908     0.542180     0.500780     0.455711     0.406974     0.354566     0.298483     0.238718     0.175266     0.108119     0.037273    -0.037273
    0.037373     0.108417     0.175761     0.239409     0.299363     0.355626     0.408198     0.457078     0.502264     0.543748     0.581522     0.615573     0.645886     0.672443     0.695226     0.714217     0.729401     0.740761     0.748289     0.751979     0.751831     0.747851     0.740048     0.728438     0.713039     0.693872     0.670958     0.644316     0.613966     0.579923     0.542198     0.500800     0.455732     0.406995     0.354586     0.298501     0.238733     0.175277     0.108126     0.037276    -0.037276
    0.037374     0.108421     0.175768     0.239418     0.299372     0.355635     0.408206     0.457085     0.502268     0.543750     0.581521     0.615568     0.645877     0.672430     0.695209     0.714198     0.729378     0.740737     0.748264     0.751955     0.751808     0.747830     0.740031     0.728425     0.713031     0.693869     0.670960     0.644323     0.613977     0.579937     0.542215     0.500819     0.455752     0.407015     0.354605     0.298518     0.238748     0.175289     0.108134     0.037279    -0.037279
    0.037376     0.108426     0.175775     0.239426     0.299381     0.355644     0.408214     0.457092     0.502273     0.543752     0.581519     0.615563     0.645868     0.672417     0.695193     0.714178     0.729356     0.740713     0.748240     0.751931     0.751786     0.747810     0.740014     0.728413     0.713023     0.693866     0.670961     0.644329     0.613988     0.579952     0.542232     0.500838     0.455772     0.407035     0.354624     0.298536     0.238763     0.175300     0.108141     0.037281    -0.037281
    0.037378     0.108430     0.175781     0.239434     0.299390     0.355652     0.408222     0.457098     0.502278     0.543754     0.581518     0.615558     0.645859     0.672404     0.695177     0.714159     0.729334     0.740690     0.748216     0.751907     0.751764     0.747791     0.739998     0.728400     0.713016     0.693863     0.670963     0.644336     0.613998     0.579966     0.542249     0.500857     0.455792     0.407055     0.354643     0.298553     0.238777     0.175311     0.108148     0.037284    -0.037284
    0.037379     0.108434     0.175788     0.239441     0.299398     0.355661     0.408230     0.457105     0.502282     0.543755     0.581516     0.615553     0.645850     0.672391     0.695160     0.714139     0.729313     0.740667     0.748192     0.751884     0.751742     0.747771     0.739982     0.728388     0.713008     0.693860     0.670965     0.644342     0.614009     0.579980     0.542266     0.500875     0.455811     0.407074     0.354662     0.298570     0.238792     0.175322     0.108155     0.037286    -0.037286
    0.037381     0.108439     0.175794     0.239449     0.299407     0.355669     0.408238     0.457111     0.502286     0.543757     0.581515     0.615548     0.645841     0.672379     0.695145     0.714120     0.729291     0.740644     0.748169     0.751861     0.751720     0.747752     0.739966     0.728376     0.713000     0.693857     0.670967     0.644349     0.614019     0.579994     0.542283     0.500894     0.455831     0.407094     0.354680     0.298586     0.238806     0.175333     0.108162     0.037289    -0.037289
    0.037383     0.108443     0.175800     0.239457     0.299415     0.355678     0.408246     0.457118     0.502291     0.543759     0.581513     0.615543     0.645832     0.672367     0.695129     0.714102     0.729270     0.740621     0.748145     0.751838     0.751699     0.747733     0.739950     0.728364     0.712993     0.693854     0.670969     0.644355     0.614030     0.580007     0.542299     0.500912     0.455850     0.407113     0.354698     0.298603     0.238820     0.175344     0.108169     0.037291    -0.037291
    0.037384     0.108447     0.175806     0.239464     0.299423     0.355686     0.408253     0.457124     0.502295     0.543760     0.581512     0.615538     0.645824     0.672355     0.695113     0.714083     0.729249     0.740599     0.748122     0.751815     0.751677     0.747714     0.739934     0.728353     0.712985     0.693852     0.670971     0.644361     0.614040     0.580021     0.542315     0.500930     0.455869     0.407132     0.354716     0.298619     0.238833     0.175354     0.108176     0.037294    -0.037294
    0.037386     0.108451     0.175812     0.239472     0.299432     0.355694     0.408261     0.457130     0.502299     0.543762     0.581510     0.615533     0.645815     0.672343     0.695098     0.714065     0.729229     0.740577     0.748100     0.751793     0.751657     0.747695     0.739919     0.728341     0.712978     0.693849     0.670972     0.644367     0.614050     0.580034     0.542331     0.500948     0.455887     0.407150     0.354734     0.298635     0.238847     0.175365     0.108183     0.037296    -0.037296
    0.037387     0.108455     0.175818     0.239479     0.299440     0.355702     0.408268     0.457136     0.502303     0.543764     0.581509     0.615528     0.645807     0.672331     0.695083     0.714047     0.729209     0.740555     0.748077     0.751771     0.751636     0.747677     0.739904     0.728330     0.712971     0.693846     0.670974     0.644373     0.614060     0.580048     0.542347     0.500965     0.455906     0.407169     0.354752     0.298651     0.238861     0.175375     0.108189     0.037299    -0.037299
    0.037389     0.108459     0.175824     0.239486     0.299448     0.355710     0.408275     0.457142     0.502307     0.543765     0.581507     0.615523     0.645799     0.672319     0.695068     0.714029     0.729188     0.740534     0.748055     0.751749     0.751616     0.747659     0.739889     0.728318     0.712964     0.693844     0.670976     0.644379     0.614070     0.580061     0.542363     0.500983     0.455924     0.407187     0.354769     0.298666     0.238874     0.175385     0.108196     0.037301    -0.037301
    0.037390     0.108463     0.175830     0.239493     0.299455     0.355718     0.408283     0.457148     0.502311     0.543767     0.581506     0.615518     0.645790     0.672307     0.695053     0.714011     0.729169     0.740512     0.748034     0.751728     0.751596     0.747641     0.739874     0.728307     0.712957     0.693841     0.670978     0.644385     0.614079     0.580074     0.542378     0.501000     0.455942     0.407205     0.354786     0.298682     0.238887     0.175395     0.108202     0.037303    -0.037303
    0.037392     0.108467     0.175836     0.239500     0.299463     0.355726     0.408290     0.457154     0.502315     0.543768     0.581505     0.615514     0.645782     0.672296     0.695038     0.713994     0.729149     0.740491     0.748012     0.751707     0.751576     0.747623     0.739859     0.728296     0.712950     0.693838     0.670980     0.644391     0.614089     0.580086     0.542393     0.501017     0.455960     0.407222     0.354803     0.298697     0.238900     0.175405     0.108209     0.037306    -0.037306
    0.037393     0.108471     0.175842     0.239507     0.299471     0.355734     0.408297     0.457160     0.502319     0.543769     0.581503     0.615509     0.645774     0.672284     0.695024     0.713977     0.729130     0.740471     0.747991     0.751686     0.751556     0.747606     0.739845     0.728285     0.712943     0.693836     0.670981     0.644397     0.614099     0.580099     0.542408     0.501033     0.455977     0.407240     0.354820     0.298712     0.238913     0.175415     0.108215     0.037308    -0.037308
    0.037395     0.108475     0.175847     0.239514     0.299478     0.355741     0.408304     0.457165     0.502323     0.543771     0.581502     0.615504     0.645766     0.672273     0.695009     0.713960     0.729111     0.740450     0.747970     0.751665     0.751537     0.747589     0.739831     0.728275     0.712937     0.693833     0.670983     0.644403     0.614108     0.580112     0.542423     0.501050     0.455994     0.407257     0.354836     0.298727     0.238925     0.175425     0.108221     0.037310    -0.037310
    0.037396     0.108479     0.175853     0.239521     0.299486     0.355749     0.408311     0.457171     0.502326     0.543772     0.581500     0.615500     0.645759     0.672262     0.694995     0.713943     0.729092     0.740430     0.747949     0.751645     0.751518     0.747572     0.739817     0.728264     0.712930     0.693831     0.670985     0.644409     0.614117     0.580124     0.542438     0.501066     0.456011     0.407274     0.354852     0.298742     0.238938     0.175434     0.108227     0.037312    -0.037312
    0.037398     0.108482     0.175858     0.239528     0.299493     0.355756     0.408317     0.457176     0.502330     0.543774     0.581499     0.615495     0.645751     0.672251     0.694981     0.713927     0.729073     0.740410     0.747929     0.751625     0.751499     0.747555     0.739803     0.728254     0.712923     0.693829     0.670987     0.644414     0.614127     0.580136     0.542453     0.501082     0.456028     0.407291     0.354868     0.298756     0.238950     0.175444     0.108233     0.037315    -0.037315
    0.037399     0.108486     0.175864     0.239534     0.299500     0.355763     0.408324     0.457182     0.502334     0.543775     0.581497     0.615491     0.645743     0.672240     0.694968     0.713910     0.729055     0.740390     0.747908     0.751605     0.751480     0.747539     0.739789     0.728244     0.712917     0.693826     0.670988     0.644420     0.614136     0.580148     0.542467     0.501098     0.456045     0.407308     0.354884     0.298771     0.238962     0.175453     0.108239     0.037317    -0.037317
    0.037400     0.108490     0.175869     0.239541     0.299507     0.355770     0.408330     0.457187     0.502337     0.543776     0.581496     0.615487     0.645736     0.672230     0.694954     0.713894     0.729037     0.740371     0.747888     0.751585     0.751462     0.747522     0.739776     0.728233     0.712911     0.693824     0.670990     0.644425     0.614145     0.580160     0.542481     0.501114     0.456061     0.407324     0.354900     0.298785     0.238974     0.175462     0.108245     0.037319    -0.037319
    0.037402     0.108493     0.175874     0.239547     0.299514     0.355777     0.408337     0.457192     0.502341     0.543778     0.581495     0.615482     0.645728     0.672219     0.694941     0.713878     0.729019     0.740352     0.747869     0.751566     0.751444     0.747506     0.739762     0.728223     0.712905     0.693822     0.670992     0.644431     0.614154     0.580172     0.542495     0.501129     0.456078     0.407340     0.354915     0.298799     0.238986     0.175471     0.108251     0.037321    -0.037321
    0.037403     0.108497     0.175879     0.239554     0.299521     0.355784     0.408343     0.457198     0.502344     0.543779     0.581493     0.615478     0.645721     0.672209     0.694927     0.713862     0.729001     0.740333     0.747849     0.751547     0.751426     0.747491     0.739749     0.728214     0.712898     0.693820     0.670994     0.644436     0.614162     0.580183     0.542509     0.501145     0.456094     0.407356     0.354930     0.298812     0.238997     0.175480     0.108257     0.037323    -0.037323
    0.037404     0.108500     0.175885     0.239560     0.299528     0.355791     0.408350     0.457203     0.502348     0.543780     0.581492     0.615474     0.645714     0.672199     0.694914     0.713847     0.728984     0.740314     0.747830     0.751528     0.751408     0.747475     0.739736     0.728204     0.712892     0.693817     0.670995     0.644442     0.614171     0.580195     0.542523     0.501160     0.456110     0.407372     0.354945     0.298826     0.239009     0.175489     0.108262     0.037325    -0.037325
    0.037406     0.108503     0.175890     0.239566     0.299535     0.355798     0.408356     0.457208     0.502351     0.543781     0.581491     0.615470     0.645707     0.672188     0.694901     0.713832     0.728966     0.740296     0.747811     0.751510     0.751391     0.747460     0.739724     0.728194     0.712887     0.693815     0.670997     0.644447     0.614180     0.580206     0.542536     0.501175     0.456125     0.407388     0.354960     0.298839     0.239020     0.175498     0.108268     0.037327    -0.037327
    0.037407     0.108507     0.175894     0.239572     0.299541     0.355804     0.408362     0.457213     0.502355     0.543783     0.581489     0.615466     0.645700     0.672178     0.694889     0.713816     0.728949     0.740277     0.747793     0.751491     0.751374     0.747444     0.739711     0.728185     0.712881     0.693813     0.670999     0.644452     0.614188     0.580218     0.542549     0.501189     0.456141     0.407403     0.354975     0.298852     0.239031     0.175506     0.108273     0.037329    -0.037329
    0.037408     0.108510     0.175899     0.239578     0.299548     0.355811     0.408368     0.457218     0.502358     0.543784     0.581488     0.615461     0.645693     0.672169     0.694876     0.713802     0.728933     0.740259     0.747774     0.751473     0.751357     0.747430     0.739699     0.728176     0.712875     0.693811     0.671000     0.644458     0.614197     0.580229     0.542562     0.501204     0.456156     0.407418     0.354989     0.298865     0.239042     0.175514     0.108278     0.037331    -0.037331
    0.037409     0.108513     0.175904     0.239584     0.299554     0.355817     0.408374     0.457223     0.502361     0.543785     0.581487     0.615457     0.645686     0.672159     0.694864     0.713787     0.728916     0.740242     0.747756     0.751456     0.751341     0.747415     0.739687     0.728167     0.712869     0.693809     0.671002     0.644463     0.614205     0.580239     0.542575     0.501218     0.456171     0.407433     0.355003     0.298878     0.239053     0.175523     0.108284     0.037333    -0.037333
    0.037410     0.108516     0.175909     0.239589     0.299561     0.355824     0.408380     0.457227     0.502364     0.543786     0.581486     0.615454     0.645679     0.672149     0.694852     0.713772     0.728900     0.740224     0.747738     0.751438     0.751324     0.747400     0.739675     0.728158     0.712864     0.693807     0.671004     0.644468     0.614213     0.580250     0.542588     0.501232     0.456185     0.407448     0.355017     0.298890     0.239063     0.175531     0.108289     0.037334    -0.037334
    0.037412     0.108519     0.175913     0.239595     0.299567     0.355830     0.408385     0.457232     0.502367     0.543787     0.581484     0.615450     0.645672     0.672140     0.694840     0.713758     0.728884     0.740207     0.747721     0.751421     0.751308     0.747386     0.739663     0.728149     0.712858     0.693806     0.671005     0.644473     0.614221     0.580261     0.542601     0.501246     0.456200     0.407462     0.355031     0.298903     0.239073     0.175539     0.108294     0.037336    -0.037336
    0.037413     0.108522     0.175918     0.239601     0.299573     0.355836     0.408391     0.457236     0.502371     0.543788     0.581483     0.615446     0.645666     0.672131     0.694828     0.713744     0.728868     0.740191     0.747704     0.751404     0.751292     0.747372     0.739651     0.728141     0.712853     0.693804     0.671007     0.644478     0.614229     0.580271     0.542613     0.501260     0.456214     0.407476     0.355044     0.298915     0.239084     0.175546     0.108299     0.037338    -0.037338
    0.037414     0.108525     0.175922     0.239606     0.299579     0.355842     0.408396     0.457241     0.502374     0.543789     0.581482     0.615442     0.645659     0.672122     0.694816     0.713731     0.728853     0.740174     0.747687     0.751388     0.751277     0.747358     0.739640     0.728132     0.712848     0.693802     0.671009     0.644483     0.614237     0.580282     0.542625     0.501273     0.456228     0.407490     0.355057     0.298927     0.239093     0.175554     0.108304     0.037340    -0.037340
    0.037415     0.108528     0.175926     0.239611     0.299584     0.355848     0.408402     0.457245     0.502376     0.543790     0.581481     0.615438     0.645653     0.672113     0.694805     0.713717     0.728838     0.740158     0.747670     0.751371     0.751262     0.747345     0.739629     0.728124     0.712843     0.693800     0.671011     0.644488     0.614245     0.580292     0.542637     0.501286     0.456242     0.407504     0.355070     0.298938     0.239103     0.175561     0.108308     0.037341    -0.037341
    0.037416     0.108531     0.175930     0.239616     0.299590     0.355853     0.408407     0.457250     0.502379     0.543791     0.581480     0.615435     0.645647     0.672104     0.694794     0.713704     0.728823     0.740142     0.747654     0.751355     0.751247     0.747332     0.739618     0.728116     0.712838     0.693799     0.671012     0.644493     0.614252     0.580302     0.542649     0.501299     0.456255     0.407517     0.355083     0.298949     0.239113     0.175569     0.108313     0.037343    -0.037343
    0.037417     0.108533     0.175934     0.239621     0.299595     0.355859     0.408412     0.457254     0.502382     0.543792     0.581478     0.615431     0.645641     0.672096     0.694783     0.713691     0.728809     0.740126     0.747638     0.751340     0.751232     0.747319     0.739607     0.728108     0.712833     0.693797     0.671014     0.644497     0.614260     0.580312     0.542661     0.501312     0.456269     0.407530     0.355095     0.298961     0.239122     0.175576     0.108317     0.037345    -0.037345
    0.037418     0.108536     0.175938     0.239626     0.299601     0.355864     0.408417     0.457258     0.502385     0.543793     0.581477     0.615428     0.645635     0.672087     0.694772     0.713678     0.728794     0.740111     0.747622     0.751325     0.751218     0.747306     0.739597     0.728100     0.712829     0.693796     0.671016     0.644502     0.614267     0.580321     0.542672     0.501325     0.456282     0.407543     0.355107     0.298971     0.239131     0.175582     0.108322     0.037346    -0.037346
    0.037419     0.108538     0.175942     0.239630     0.299606     0.355869     0.408421     0.457262     0.502387     0.543794     0.581476     0.615425     0.645629     0.672079     0.694762     0.713666     0.728781     0.740097     0.747607     0.751310     0.751204     0.747294     0.739587     0.728093     0.712824     0.693794     0.671017     0.644507     0.614274     0.580331     0.542683     0.501337     0.456294     0.407556     0.355119     0.298982     0.239140     0.175589     0.108326     0.037348    -0.037348
    0.037419     0.108540     0.175945     0.239634     0.299610     0.355874     0.408426     0.457265     0.502390     0.543795     0.581475     0.615421     0.645624     0.672071     0.694752     0.713654     0.728767     0.740082     0.747593     0.751295     0.751191     0.747282     0.739577     0.728086     0.712820     0.693793     0.671019     0.644511     0.614282     0.580340     0.542694     0.501349     0.456307     0.407568     0.355131     0.298992     0.239149     0.175596     0.108330     0.037349    -0.037349
    0.037420     0.108542     0.175948     0.239638     0.299615     0.355879     0.408430     0.457269     0.502392     0.543796     0.581474     0.615418     0.645618     0.672064     0.694742     0.713643     0.728754     0.740068     0.747578     0.751281     0.751178     0.747271     0.739568     0.728079     0.712816     0.693792     0.671021     0.644516     0.614288     0.580349     0.542705     0.501360     0.456319     0.407580     0.355142     0.299002     0.239157     0.175602     0.108334     0.037350    -0.037350
    0.037421     0.108544     0.175951     0.239642     0.299619     0.355883     0.408434     0.457272     0.502395     0.543797     0.581473     0.615415     0.645613     0.672056     0.694733     0.713632     0.728742     0.740055     0.747565     0.751268     0.751165     0.747260     0.739559     0.728072     0.712812     0.693791     0.671022     0.644520     0.614295     0.580358     0.542715     0.501372     0.456330     0.407591     0.355153     0.299012     0.239165     0.175608     0.108338     0.037352    -0.037352
    0.037421     0.108546     0.175953     0.239646     0.299623     0.355887     0.408438     0.457275     0.502397     0.543798     0.581472     0.615412     0.645608     0.672049     0.694724     0.713621     0.728730     0.740042     0.747552     0.751255     0.751153     0.747249     0.739550     0.728066     0.712808     0.693790     0.671024     0.644524     0.614302     0.580366     0.542725     0.501382     0.456342     0.407603     0.355164     0.299022     0.239173     0.175614     0.108341     0.037353    -0.037353
    0.037421     0.108547     0.175956     0.239649     0.299627     0.355891     0.408442     0.457278     0.502398     0.543798     0.581471     0.615409     0.645603     0.672043     0.694715     0.713611     0.728719     0.740030     0.747539     0.751243     0.751142     0.747240     0.739542     0.728060     0.712805     0.693789     0.671026     0.644528     0.614308     0.580374     0.542734     0.501392     0.456352     0.407613     0.355174     0.299031     0.239181     0.175620     0.108345     0.037354    -0.037354
    0.037419     0.108548     0.175958     0.239652     0.299630     0.355894     0.408445     0.457281     0.502400     0.543798     0.581470     0.615406     0.645599     0.672036     0.694707     0.713601     0.728708     0.740019     0.747528     0.751232     0.751132     0.747230     0.739535     0.728055     0.712802     0.693788     0.671027     0.644532     0.614314     0.580381     0.542743     0.501402     0.456362     0.407623     0.355183     0.299040     0.239189     0.175627     0.108349     0.037353    -0.037353
    0.037415     0.108549     0.175962     0.239655     0.299634     0.355897     0.408448     0.457283     0.502401     0.543798     0.581468     0.615404     0.645594     0.672030     0.694700     0.713593     0.728698     0.740009     0.747517     0.751222     0.751122     0.747222     0.739528     0.728050     0.712799     0.693787     0.671029     0.644535     0.614319     0.580388     0.542750     0.501411     0.456371     0.407632     0.355193     0.299049     0.239197     0.175634     0.108354     0.037351    -0.037351
    0.037407     0.108554     0.175966     0.239658     0.299636     0.355900     0.408450     0.457285     0.502402     0.543798     0.581467     0.615401     0.645590     0.672025     0.694693     0.713585     0.728689     0.739999     0.747508     0.751212     0.751113     0.747214     0.739522     0.728045     0.712796     0.693787     0.671030     0.644539     0.614324     0.580394     0.542758     0.501419     0.456380     0.407641     0.355201     0.299057     0.239205     0.175643     0.108363     0.037346    -0.037346
    0.037238     0.108554     0.175966     0.239658     0.299636     0.355900     0.408450     0.457285     0.502402     0.543798     0.581467     0.615401     0.645590     0.672025     0.694693     0.713585     0.728689     0.739999     0.747508     0.751212     0.751113     0.747214     0.739522     0.728045     0.712796     0.693787     0.671030     0.644539     0.614324     0.580394     0.542758     0.501419     0.456380     0.407641     0.355201     0.299057     0.239205     0.175643     0.108363     0.037176    -0.037176
