   -1.445568   -14.443321    -7.755734    -4.799950    -3.503674    -2.900763    -2.578083    -2.366948    -2.200498    -2.052063    -1.910164    -1.769002    -1.625028    -1.475754    -1.319371    -1.154650    -0.980965    -0.798337    -0.607474    -0.409753    -0.207139    -0.002028     0.202959     0.405210     0.602352     0.792429     0.974025     1.146301     1.308980     1.462259     1.606702     1.743121     1.872462     1.995704     2.113791     2.227603     2.338033     2.446296     2.554640     2.667384     2.790895     2.891136
   11.625283    -3.911325    -7.035946    -5.906845    -4.611041    -3.722730    -3.183081    -2.854148    -2.634549    -2.466039    -2.318206    -2.175176    -2.027974    -1.870931    -1.700212    -1.513337    -1.309079    -1.087514    -0.850048    -0.599374    -0.339297    -0.074441     0.190147     0.449439     0.698846     0.934569     1.153821     1.354923     1.537261     1.701147     1.847617     1.978202     2.094721     2.199108     2.293349     2.379573     2.460421     2.539660     2.622591     2.714698     2.815584     2.904812
    5.364788     0.731268    -3.581798    -4.478451    -4.182042    -3.654584    -3.203885    -2.877597    -2.644500    -2.465090    -2.310778    -2.164075    -2.014661    -1.856215    -1.684704    -1.497651    -1.293906    -1.073612    -0.838186    -0.590250    -0.333450    -0.072180     0.188786     0.444689     0.691169     0.924581     1.142208     1.342358     1.524341     1.688354     1.835303     1.966603     2.083991     2.189410     2.285024     2.373446     2.458187     2.544090     2.636953     2.741002     2.853268     2.956697
    2.401970     0.613236    -2.248575    -3.494410    -3.712569    -3.488974    -3.163752    -2.872663    -2.641953    -2.457386    -2.298175    -2.148064    -1.996374    -1.836424    -1.664067    -1.476885    -1.273852    -1.055210    -0.822406    -0.577979    -0.325380    -0.068708     0.187611     0.439163     0.681882     0.912321     1.127855     1.326775     1.508294     1.672464     1.820029     1.952260     2.070811     2.177661     2.275223     2.366681     2.456510     2.550790     2.656474     2.778575     2.914754     3.048435
    0.923033    -0.124429    -1.878316    -2.942578    -3.335218    -3.301895    -3.088721    -2.844261    -2.626294    -2.441862    -2.279760    -2.126787    -1.972862    -1.811324    -1.638067    -1.450812    -1.248707    -1.032137    -0.802587    -0.562500    -0.315086    -0.064084     0.186507     0.432699     0.670785     0.897566     1.110524     1.307935     1.488893     1.653269     1.801612     1.935026     2.055076     2.163801     2.263923     2.359315     2.455614     2.560552     2.683130     2.830530     3.001962     3.179592
    0.094531    -0.817409    -1.880337    -2.673926    -3.071471    -3.132332    -3.000244    -2.800023    -2.599149    -2.418414    -2.255159    -2.099903    -1.943804    -1.780582    -1.606350    -1.419068    -1.218127    -1.004090    -0.778495    -0.543669    -0.302530    -0.058378     0.185301     0.425037     0.657554     0.879949     1.089835     1.285463     1.465783     1.630450     1.779780     1.914680     2.036616     2.147705     2.251049     2.351346     2.455679     2.573971     2.718118     2.898408     3.115850     3.350080
   -0.441252    -1.395123    -2.020427    -2.569315    -2.902463    -2.993992    -2.911797    -2.746861    -2.562972    -2.387552    -2.224248    -2.067106    -1.908818    -1.743755    -1.568422    -1.381133    -1.181596    -0.970604    -0.749759    -0.521247    -0.287628    -0.051674     0.183755     0.415804     0.641719     0.858941     1.065238     1.258824     1.438470     1.603572     1.754165     1.890921     2.015191     2.129190     2.236463     2.342700     2.456762     2.591336     2.762012     2.982932     3.257080     3.560622
   -0.841105    -1.886897    -2.211765    -2.556872    -2.802479    -2.887425    -2.830111    -2.689762    -2.520131    -2.350041    -2.187056    -2.028112    -1.867457    -1.700277    -1.523626    -1.336289    -1.138390    -0.931007    -0.715828    -0.494864    -0.270236    -0.044067     0.181542     0.404485     0.622624     0.833813     1.035986     1.227301     1.406305     1.572071     1.724294     1.863368     1.990499     2.108010     2.219961     2.333213     2.458758     2.612641     2.814931     3.084376     3.426242     3.812562
   -1.177354    -2.327397    -2.423313    -2.596863    -2.750052    -2.807919    -2.757461    -2.631749    -2.472490    -2.306637    -2.143667    -1.982631    -1.819194    -1.649439    -1.471103    -1.283576    -1.087511    -0.884356    -0.675912    -0.463976    -0.250125    -0.035672     0.178222     0.390368     0.599374     0.803575     1.001082     1.189959     1.368455     1.535240     1.689593     1.831563     1.962179     2.083871     2.201284     2.322633     2.461415     2.637643     2.876681     3.202729     3.623839     4.107476
   -1.485398    -2.741563    -2.644552    -2.667748    -2.729682    -2.749558    -2.693664    -2.574326    -2.421321    -2.257959    -2.094150    -1.930344    -1.763413    -1.590371    -1.409758    -1.221723    -1.027602    -0.829332    -0.628881    -0.427790    -0.226948    -0.026634     0.173187     0.372471     0.570742     0.766895     0.959215     1.145594     1.323880     1.492221     1.649378     1.794978     1.929823     2.056443     2.180133     2.310649     2.464377     2.665930     2.946850     3.337745     3.850143     4.446689
   -1.783328    -3.145152    -2.872240    -2.757710    -2.730791    -2.706916    -2.637422    -2.517995    -2.367386    -2.204446    -2.038527    -1.870887    -1.699397    -1.522014    -1.338206    -1.149066    -0.956820    -0.764088    -0.573118    -0.385154    -0.200188    -0.017142     0.165587     0.349426     0.535037     0.721975     0.908660     1.092679     1.271302     1.441998     1.602873     1.753033     1.892997     2.025384     2.156200     2.296931     2.467239     2.697009     3.024890     3.488949     4.104996     4.830762
   -2.080289    -3.547283    -3.105475    -2.860088    -2.746339    -2.675606    -2.587127    -2.462710    -2.311105    -2.146420    -1.976828    -1.803948    -1.626455    -1.443230    -1.254797    -1.063465    -0.872721    -0.686150    -0.506256    -0.334010    -0.168795    -0.007661     0.153769     0.319004     0.489848     0.666412     0.847189     1.029302     1.209193     1.383412     1.549235     1.705136     1.851286     1.990387     2.129216     2.281183     2.469628     2.730391     3.110187     3.655620     4.387592     5.258924
   -2.380177    -3.952425    -3.343883    -2.971022    -2.771725    -2.652348    -2.541289    -2.408202    -2.252684    -2.084048    -1.908882    -1.728813    -1.543186    -1.351955    -1.157060    -0.962284    -0.771693    -0.587312    -0.411018    -0.252827    -0.121678    -0.003582     0.123277     0.266751     0.425537     0.594920     0.771624     0.953160     1.135778     1.315140     1.487539     1.650680     1.804312     1.951209     2.098996     2.263205     2.471273     2.765678     3.202141     3.836779     4.696266     5.728523
   -2.683389    -4.361689    -3.586982    -3.088247    -2.804054    -2.634871    -2.498759    -2.354241    -2.192406    -2.017886    -1.835601    -1.647180    -1.452621    -1.252442    -1.048080    -0.838404    -0.609916    -0.339092    -0.055072     0.091338     0.041961    -0.051412    -0.043385     0.066736     0.250136     0.462467     0.665302     0.858865     1.049278     1.236537     1.417516     1.589526     1.751998     1.907816     2.065523     2.242969     2.472087     2.802657     3.300232     4.031192     5.028315     6.234530
   -2.987740    -4.773647    -3.833989    -3.210472    -2.841666    -2.621784    -2.458830    -2.300789    -2.130619    -1.948140    -1.755831    -1.553689    -1.339854    -1.111338    -0.853556    -0.498124     0.124827     1.128557     2.166829     1.965831     0.767595    -0.376850    -0.827866    -0.852804    -0.585269    -0.050664     0.393344     0.699665     0.933185     1.140294     1.335483     1.519967     1.693716     1.860092     2.028889     2.220635     2.472230     2.841372     3.404093     4.237375     5.379869     6.769178
   -3.289076    -5.184903    -4.083773    -3.337032    -2.883803    -2.612397    -2.421094    -2.247640    -2.066916    -1.873850    -1.669196    -1.454370    -1.227576    -0.952669    -0.446926     0.800626     3.502094     7.199759    23.281102   -10.916935     6.707898    28.591057    -7.116632    -3.691436    -4.117729    -2.338235    -0.722830     0.240535     0.739475     1.029737     1.249766     1.446698     1.631485     1.808936     1.989644     2.196681     2.472169     2.882181     3.513549     4.453604     5.745845     7.321839
   -3.581803    -5.590551    -4.334860    -3.467682    -2.930419    -2.606738    -2.385961    -2.196242    -2.005346    -1.804856    -1.593226    -1.353370    -0.985766    -0.124233     2.174217     7.530909    17.228137     5.775007     0.000000     0.000000     0.000000     0.000000     0.000000    16.938093   -16.404183   -10.155368    -5.070749    -1.820993    -0.117005     0.688280     1.094210     1.353479     1.562624     1.754602     1.948501     2.171876     2.472707     2.925782     3.628636     4.677923     6.119993     7.879216
   -3.859456    -5.984608    -4.585442    -3.602410    -2.981974    -2.605311    -2.353948    -2.146608    -1.941862    -1.717766    -1.433713    -0.950484     0.142522     2.791987     8.607389    19.427470    14.688049     0.000000     0.000000     0.000000     0.000000     0.000000     0.000000     0.000000     9.440854   -18.945884   -11.450515    -5.596994    -1.997200    -0.135156     0.750010     1.196239     1.473919     1.694195     1.905496     2.147038     2.474907     2.973176     3.749558     4.908128     6.495046     8.425902
   -4.115299    -6.360450    -4.833363    -3.741245    -3.039139    -2.608622    -2.324636    -2.095215    -1.863407    -1.576179    -1.119135    -0.201617     1.790660     5.805320    12.605246     8.067963     0.000000     0.000000     0.000000     0.000000     0.000000     0.000000     0.000000     0.000000     0.000000    11.307502   -18.606733   -10.587684    -4.933167    -1.617322     0.079971     0.904064     1.336652     1.618288     1.858455     2.122441     2.479859     3.025531     3.876578     5.141733     6.862978     8.945304
   -4.342951    -6.711249    -5.076107    -3.884048    -3.102546    -2.616931    -2.296735    -2.037132    -1.758580    -1.365197    -0.665626     0.727244     3.429838     8.035975    14.348073    -0.736305     0.000000     0.000000     0.000000     0.000000     0.000000     0.000000     0.000000     0.000000     0.000000    11.494015   -21.337291   -14.213524    -7.866179    -3.452372    -0.888110     0.444484     1.124405     1.514131     1.802955     2.097441     2.488422     3.083999     4.009854     5.375924     7.215357     9.420839
   -4.536938    -7.030426    -5.310821    -4.030352    -3.172627    -2.630323    -2.268935    -1.968998    -1.624065    -1.094228    -0.131135     1.677747     4.827634     9.504927    14.874245   -10.160377     0.000000     0.000000     0.000000     0.000000     0.000000     0.000000     0.000000     0.000000     0.000000    23.427453   -18.662849   -15.083450    -9.766804    -5.105193    -1.953804    -0.135202     0.837108     1.374871     1.734971     2.070993     2.501184     3.149543     4.149264     5.607519     7.543768     9.837258
   -4.693147    -7.312061    -5.534367    -4.179264    -3.249559    -2.648933    -2.240752    -1.890630    -1.465115    -0.788139     0.415156     2.516974     5.802655     9.971467    13.376820   -13.079474     0.000000     0.000000     0.000000     0.000000     0.000000     0.000000     0.000000     0.000000     0.000000    25.419741   -14.278672   -14.070340   -10.504294    -6.276777    -2.916719    -0.746904     0.501214     1.204537     1.653703     2.042668     2.518677     3.222850     4.294245     5.832971     7.840282    10.181882
   -4.809101    -7.551264    -5.743440    -4.329421    -3.333255    -2.673120    -2.212923    -1.805030    -1.292767    -0.476880     0.913320     3.162470     6.311828     9.639892    11.128589   -14.511520     0.000000     0.000000     0.000000     0.000000     0.000000     0.000000     0.000000     0.000000     0.000000    24.701095   -11.310586   -12.558749   -10.472746    -6.953242    -3.673540    -1.314199     0.152877     1.015494     1.562275     2.013344     2.541619     3.304303     4.443701     6.048436     8.097914    10.445579
   -4.884048    -7.744454    -5.934728    -4.479022    -3.423346    -2.703488    -2.187256    -1.717207    -1.119604    -0.185441     1.330000     3.608992     6.498158     9.126958     9.963786     8.437324   -22.413059     0.000000     0.000000     0.000000     0.000000     0.000000     0.000000     0.000000    30.160221    -5.001948    -9.257376   -11.077803   -10.028782    -7.235786    -4.202738    -1.791750    -0.176271     0.822971     1.466542     1.985199     2.570995     3.393951     4.595970     6.249906     8.311031    10.623319
   -4.918886    -7.889527    -6.105092    -4.625885    -3.519161    -2.740756    -2.166173    -1.632769    -0.956726     0.069650     1.653755     3.882753     6.476477     8.572277     9.065153     7.776734     5.596609   -27.477553     0.000000     0.000000     0.000000     0.000000     0.000000    30.196325     0.777560    -4.146626    -7.870163    -9.810888    -9.411529    -7.244965    -4.527298    -2.162436    -0.464978     0.640718     1.373295     1.961215     2.607950     3.491470     4.748857     6.433407     8.475655    10.714269
   -4.915937    -7.985921    -6.251765    -4.767566    -3.619688    -2.785560    -2.152189    -1.556859    -0.812364     0.279919     1.887091     4.019126     6.328485     8.032029     8.335699     7.199936     5.196764     2.663683     0.328752   -31.085461    -0.193508    30.453618     1.045244     0.355472    -1.317276    -4.241135    -7.072245    -8.822333    -8.766390    -7.084620    -4.687221    -2.427805    -0.702334     0.478942     1.288825     1.944547     2.653554     3.596101     4.899718     6.595232     8.589630    10.721452
   -4.878637    -8.034549    -6.372517    -4.901480    -3.723571    -2.838262    -2.147500    -1.493562    -0.691680     0.443015     2.039809     4.052201     6.108825     7.529594     7.738595     6.761826     5.063550     3.093680     1.275588    -0.004283    -0.179091     0.311327     0.087933    -0.859415    -2.344121    -4.438244    -6.604561    -8.075423    -8.163761    -6.830552    -4.723818    -2.599211    -0.885279     0.343977     1.218132     1.937996     2.708566     3.706619     5.045606     6.732166     8.652647    10.651081
   -4.811191    -8.037653    -6.465793    -5.025061    -3.829122    -2.898807    -2.153713    -1.445701    -0.597202     0.560600     2.124487     4.010653     5.852318     7.072267     7.246544     6.433024     5.026589     3.445051     2.013035     0.935016     0.318162    -0.061593    -0.658513    -1.612191    -2.931523    -4.594750    -6.304703    -7.506750    -7.627181    -6.532201    -4.672709    -2.691754    -1.015797     0.238862     1.164666     1.943674     2.773250     3.821333     5.183442     6.841696     8.666121    10.511718
   -4.718235    -7.998578    -6.530790    -5.135904    -3.934389    -2.966655    -2.171726    -1.414875    -0.529451     0.636600     2.153827     3.916875     5.580164     6.658930     6.834594     6.175436     5.011448     3.690112     2.450296     1.401915     0.552549    -0.207492    -1.047124    -2.061469    -3.286461    -4.694718    -6.087668    -7.060168    -7.156570    -6.218927    -4.561797    -2.720766    -1.098643     0.164188     1.130398     1.962857     2.847276     3.938147     5.310207     6.922148     8.632956    10.313384
   -4.604535    -7.921510    -6.567481    -5.231910    -4.037247    -3.040785    -2.201707    -1.401620    -0.487567     0.675958     2.139333     3.787575     5.304666     6.284565     6.481344     5.959981     4.989195     3.846966     2.712362     1.656036     0.675686    -0.276593    -1.264294    -2.333019    -3.503388    -4.745455    -5.910459    -6.694571    -6.742662    -5.906637    -4.411660    -2.700083    -1.139767     0.118898     1.116042     1.995962     2.929712     4.054665     5.423135     6.972769     8.557239    10.066744
   -4.474749    -7.811197    -6.576588    -5.311394    -4.135511    -3.119754    -2.243151    -1.405602    -0.469811     0.683846     2.090807     3.634863     5.032578     5.942989     6.170059     5.767880     4.950665     3.938444     2.870775     1.803934     0.745587    -0.315692    -1.394393    -2.500465    -3.633310    -4.757098    -5.751398    -6.382188    -6.374323    -5.603062    -4.236866    -2.641388    -1.145337     0.100927     1.121304     2.042608     3.019078     4.168331     5.519868     6.993720     8.443901     9.782429
   -4.333242    -7.672691    -6.559504    -5.373164    -4.227065    -3.201789    -2.294977    -1.425816    -0.473934     0.665217     2.016293     3.467355     4.767363     5.628330     5.888535     5.587970     4.894521     3.982395     2.964566     1.892713     0.786779    -0.340773    -1.476062    -2.604024    -3.705608    -4.738352    -5.599597    -6.104961    -6.041582    -5.311365    -4.047444    -2.554147    -1.121191     0.107657     1.145124     2.101734     3.113459     4.276581     5.598586     6.986019     8.298379     9.470522
   -4.183977    -7.511115    -6.518183    -5.416565    -4.309974    -3.284913    -2.355647    -1.460753    -0.497432     0.624584     1.922240     3.291120     4.510624     5.335645     5.628303     5.413985     4.822218     3.991323     3.015435     1.945021     0.810700    -0.358017    -1.527974    -2.665811    -3.737877    -4.695947    -5.449713    -5.851380    -5.736505    -5.032365    -3.850174    -2.445824    -1.072583     0.136215     1.185875     2.171727     3.210637     4.376994     5.658081     6.951419     8.126310     9.140221
   -4.030441    -7.331465    -6.455018    -5.441479    -4.382583    -3.367070    -2.423293    -1.508546    -0.537702     0.565947     1.813749     3.110408     4.262966     5.061054     5.383695     5.242630     4.736020     3.973848     3.036046     1.972775     0.823220    -0.370193    -1.559887    -2.698519    -3.741096    -4.634979    -5.299296    -5.614201    -5.453155    -4.765796    -3.649593    -2.322211    -1.004102     0.183662     1.241532     2.250567     3.308245     4.467424     5.697782     6.892267     7.933275     8.799638
   -3.875621    -7.138465    -6.372697    -5.448297    -4.443591    -3.446246    -2.495852    -1.567095    -0.592146     0.492805     1.694831     2.928196     4.024493     4.801645     5.151025     5.072358     4.638270     3.936036     3.034267     1.982836     0.827642    -0.378742    -1.577379    -2.709884    -3.722459    -4.559342    -5.147430    -5.388915    -5.187239    -4.510976    -3.448715    -2.187764    -0.919696     0.247096     1.309805     2.335974     3.403911     4.546101     5.717737     6.811337     7.724597     8.455712
   -3.722014    -6.936459    -6.274081    -5.437861    -4.492093    -3.520578    -2.571180    -1.634169    -0.658222     0.408203     1.568637     2.746577     3.795080     4.555288     4.927957     4.902629     4.531148     3.882311     3.015320     1.979508     0.825994    -0.384526    -1.583924    -2.704946    -3.686932    -4.472080    -4.994017    -5.172757    -4.935710    -4.267127    -3.249546    -2.045907    -0.822748     0.323715     1.388251     2.425542     3.495390     4.611699     5.718559     6.711667     7.505199     8.114218
   -3.571648    -6.729340    -6.162077    -5.411387    -4.527596    -3.588439    -2.647169    -1.707503    -0.733487     0.314795     1.437662     2.567029     3.574507     4.320453     4.713058     4.733470     4.416604     3.816023     2.982888     1.965707     0.819619    -0.388113    -1.581863    -2.687199    -3.638119    -4.375640    -4.839382    -4.964062    -4.696429    -4.033516    -3.053425    -1.899286    -0.716162     0.410842     1.474377     2.516867     3.580672     4.663368     5.701344     6.596414     7.279505     7.779827
   -3.426122    -6.520518    -6.039540    -5.370381    -4.550010    -3.648496    -2.721836    -1.784876    -0.815621     0.214912     1.303902     2.390614     3.362533     4.096041     4.505470     4.565208     4.296357     3.739801     2.939713     1.943538     0.809477    -0.389911    -1.572881    -2.659204    -3.578752    -4.272027    -4.684057    -4.761858    -4.467893    -3.809502    -2.861253    -1.749972    -0.602449     0.505948     1.565717     2.607652     3.658065     4.700732     5.667568     6.468721     7.051394     7.456194
   -3.286654    -6.312910    -5.909190    -5.316552    -4.559607    -3.699754    -2.793399    -1.864178    -0.902448     0.110610     1.168982     2.218105     3.158917     3.881257     4.304702     4.398309     4.171906     3.655761     2.887923     1.914603     0.796288    -0.390228    -1.558253    -2.622927    -3.510983    -4.162912    -4.528653    -4.565598    -4.249041    -3.594545    -2.673650    -1.599618    -0.483805     0.606660     1.659913     2.695804     3.726241     4.723858     5.618986     6.331612     6.824184     7.146081
   -3.154131    -6.108952    -5.773551    -5.251722    -4.556980    -3.741555    -2.860332    -1.943467    -0.991955     0.003714     1.034250     2.050077     2.963440     3.675514     4.110481     4.233281     4.044553     3.565645     2.829228     1.880173     0.780621    -0.389306    -1.538989    -2.579930    -3.436551    -4.049705    -4.373790    -4.374991    -4.039108    -3.388198    -2.491056    -1.449572    -0.362164     0.710783     1.754772     2.779493     3.784264     4.733205     5.557531     6.187912     6.600640     6.851472
   -3.029150    -5.910623    -5.634904    -5.177752    -4.542977    -3.773578    -2.921398    -2.021014    -1.082312    -0.104153     0.900841     1.886976     2.775900     3.478368     3.922662     4.070622     3.915419     3.470904     2.765033     1.841288     0.762941    -0.387342    -1.515906    -2.531492    -3.356889    -3.933600    -4.220051    -4.189897    -3.837534    -3.190089    -2.313795    -1.300960    -0.239244     0.816309     1.848319     2.857201     3.831583     4.729554     5.485212     6.040192     6.383008     6.573690
   -2.912075    -5.719484    -5.495269    -5.096474    -4.518637    -3.795807    -2.975661    -2.095337    -1.171885    -0.211553     0.769726     1.729152     2.596117     3.289463     3.741163     3.910785     3.785461     3.372759     2.696515     1.798816     0.743637    -0.384497    -1.489688    -2.478674    -3.273198    -3.815611    -4.067967    -4.010254    -3.643893    -2.999912    -2.142123    -1.154742    -0.116568     0.921434     1.938835     2.927742     3.868007     4.713940     5.404040     5.890734     6.173051     6.313508
   -2.803067    -5.536719    -5.356388    -5.009640    -4.485132    -3.808492    -3.022484    -2.165210    -1.259255    -0.317222     0.641742     1.576892     2.423928     3.108507     3.565929     3.754166     3.655494     3.272240     2.624667     1.753494     0.723040    -0.380908    -1.460911    -2.422376    -3.186490    -3.696600    -3.918002    -3.836040    -3.457850    -2.817412    -1.976250    -1.011749     0.004519     1.024572     2.024877     2.990266     3.893667     4.687576     5.315957     5.741514     5.972103     6.071254
   -2.702132    -5.363178    -5.219732    -4.918878    -4.443701    -3.812105    -3.061511    -2.229677    -1.343221    -0.420070     0.517609     1.430432     2.259185     2.935248     3.396911     3.601092     3.526201     3.170220     2.550336     1.705954     0.701437    -0.376690    -1.430069    -2.363363    -3.097624    -3.577293    -3.770550    -3.667245    -3.279132    -2.642378    -1.816354    -0.872699     0.122841     1.124366     2.105290     3.044244     3.908963     4.651782     5.222787     5.594205     5.781120     5.846892
   -2.609146    -5.199422    -5.086508    -4.825670    -4.395604    -3.807287    -3.092639    -2.288039    -1.422801    -0.519169     0.397938     1.289966     2.101750     2.769456     3.234053     3.451830     3.398152     3.067437     2.474246     1.656741     0.679077    -0.371942    -1.397585    -2.302291    -3.007331    -3.458305    -3.625943    -3.503858    -3.107506    -2.474628    -1.662590    -0.738218     0.237393     1.219689     2.179204     3.089439     3.914512     4.607922     5.126197     5.450185     5.600730     5.640108
   -2.523889    -5.045768    -4.957678    -4.731330    -4.342076    -3.794801    -3.115982    -2.339843    -1.497234    -0.613759     0.283240     1.155648     1.951492     2.610918     3.077286     3.306582     3.271815     2.964511     2.397016     1.606325     0.656175    -0.366749    -1.363827    -2.239722    -2.916231    -3.340151    -3.484448    -3.345856    -2.942768    -2.314006    -1.515089    -0.608832     0.347331     1.309645     2.246019     3.125870     3.911086     4.557353     5.027680     5.310557     5.431286     5.450371
   -2.446065    -4.902327    -4.833983    -4.637000    -4.284292    -3.775487    -3.131831    -2.384854    -1.565963    -0.703240     0.173927     1.027592     1.808281     2.459432     2.926526     3.165497     3.147573     2.861967     2.319179     1.555114     0.632920    -0.361185    -1.329113    -2.176144    -2.824853    -3.223258    -3.346278    -3.193207    -2.784731    -2.160369    -1.373955    -0.484980     0.451976     1.393558     2.305384     3.153770     3.899566     4.501384     4.928539     5.176172     5.272909     5.276989
   -2.375326    -4.769041    -4.715962    -4.543648    -4.223345    -3.750221    -3.140619    -2.423030    -1.628626    -0.787165     0.070312     0.905872     1.671983     2.314799     2.781670     3.028674     3.025731     2.760242     2.241187     1.503461     0.609477    -0.355314    -1.293719    -2.111972    -2.733645    -3.107981    -3.211596    -3.045862    -2.633220    -2.013583    -1.239263    -0.367008     0.550807     1.470964     2.357169     3.173545     3.880892     4.441243     4.829887     5.047658     5.125533     5.119159
   -2.311289    -4.645718    -4.603981    -4.452078    -4.160229    -3.719883    -3.142877    -2.454492    -1.685032    -0.865233    -0.027385     0.790519     1.542457     2.176819     2.642604     2.896173     2.906532     2.659700     2.163426     1.451671     0.585989    -0.349191    -1.257884    -2.047567    -2.642987    -2.994611    -3.080524    -2.903758    -2.488066    -1.873517    -1.111052    -0.255168     0.643453     1.541588     2.401430     3.185728     3.856021     4.378054     4.732656     4.925445     4.988946     4.976000
   -2.253543    -4.532058    -4.498257    -4.362941    -4.095827    -3.685326    -3.139207    -2.479489    -1.735142    -0.937274    -0.119036     0.681517     1.419550     2.045293     2.509196     2.768012     2.790160     2.560642     2.086225     1.400007     0.562580    -0.342865    -1.221817    -1.983236    -2.553197    -2.883383    -2.953145    -2.766820    -2.349102    -1.740034    -0.989326    -0.149628     0.729685     1.605322     2.438380     3.190940     3.825899     4.312828     4.637603     4.809798     4.862814     4.846590
   -2.201670    -4.427683    -4.398879    -4.276743    -4.030913    -3.647361    -3.130243    -2.498374    -1.779046    -1.003239    -0.204598     0.578809     1.303096     1.920017     2.381305     2.644185     2.676756     2.463313     2.009861     1.348692     0.539356    -0.336379    -1.185696    -1.919241    -2.464542    -2.774484    -2.829510    -2.634960    -2.216161    -1.612987    -0.874047    -0.050467     0.809398     1.662205     2.468351     3.189857     3.791430     4.246453     4.545328     4.700837     4.746720     4.729984
   -2.155247    -4.332153    -4.305832    -4.193867    -3.966147    -3.606741    -3.116634    -2.511569    -1.816938    -1.063181    -0.284105     0.482293     1.192911     1.800782     2.258778     2.524655     2.566418     2.367912     1.934564     1.297917     0.516408    -0.329770    -1.149675    -1.855808    -2.377245    -2.668062    -2.709643    -2.508077    -2.089072    -1.492222    -0.765139     0.042314     0.882604     1.712398     2.491769     3.183180     3.753461     4.179699     4.456290     4.598568     4.640180     4.625235
   -2.113855    -4.244989    -4.219019    -4.114582    -3.902085    -3.564150    -3.099019    -2.519548    -1.849093    -1.117240    -0.357659     0.391827     1.088799     1.687375     2.141453     2.409369     2.459211     2.274597     1.860529     1.247846     0.493813    -0.323070    -1.113887    -1.793125    -2.291489    -2.564231    -2.593547    -2.386062    -1.967660    -1.377565    -0.662486     0.128786     0.949407     1.756157     2.509121     3.171608     3.712773     4.113217     4.370821     4.502899     4.542669     4.531414
   -2.077085    -4.165685    -4.138272    -4.039066    -3.839185    -3.520199    -3.078014    -2.522807    -1.875851    -1.165630    -0.425424     0.307232     0.990544     1.579576     2.029161     2.298252     2.355174     2.183492     1.787914     1.198612     0.471637    -0.316307    -1.078444    -1.731351    -2.207423    -2.463073    -2.481202    -2.268795    -1.851743    -1.268833    -0.565935     0.209085     1.009998     1.793813     2.520932     3.155824     3.670068     4.047549     4.289149     4.413667     4.453634     4.447613
   -2.044539    -4.093723    -4.063373    -3.967411    -3.777813    -3.475430    -3.054198    -2.521854    -1.897592    -1.208619    -0.487613     0.228297     0.897917     1.477160     1.921726     2.191219     2.254320     2.094690     1.716847     1.150329     0.449932    -0.309507    -1.043442    -1.670618    -2.125167    -2.364645    -2.372572    -2.156150    -1.741137    -1.165826    -0.475299     0.283399     1.064627     1.825750     2.527746     3.136477     3.625970     3.983135     4.211406     4.330648     4.372511     4.372959
   -2.015838    -4.028582    -3.994068    -3.899646    -3.718256    -3.430310    -3.028111    -2.517192    -1.914722    -1.246517    -0.544478     0.154784     0.810678     1.379900     1.818970     2.088172     2.156643     2.008260     1.647432     1.103087     0.428743    -0.302691    -1.008961    -1.611035    -2.044813    -2.268983    -2.267609    -2.047993    -1.635650    -1.068329    -0.390364     0.351964     1.113597     1.852390     2.530108     3.114173     3.581027     3.920327     4.137652     4.253577     4.298734     4.306619
   -1.990620    -3.969744    -3.930073    -3.835744    -3.660730    -3.385240    -3.000242    -2.509307    -1.927662    -1.279664    -0.596302     0.086433     0.728575     1.287563     1.720711     1.989005     2.062120     1.924246     1.579748     1.056961     0.408104    -0.295878    -0.975067    -1.552690    -1.966434    -2.176105    -2.166252    -1.944184    -1.535086    -0.976121    -0.310890     0.415049     1.157247     1.874171     2.528552     3.089472     3.535711     3.859396     4.067882     4.182158     4.231742     4.247804
   -1.968542    -3.916705    -3.871088    -3.775632    -3.605389    -3.340556    -2.971035    -2.498662    -1.936831    -1.308417    -0.643389     0.022970     0.651350     1.199918     1.626764     1.893604     1.970717     1.842675     1.513854     1.012008     0.388042    -0.289085    -0.941814    -1.495653    -1.890082    -2.086011    -2.068429    -1.844581    -1.439245    -0.888966    -0.236619     0.472949     1.195939     1.891542     2.523588     3.062880     3.490422     3.800542     4.002041     4.116078     4.170990     4.195767
   -1.949282    -3.868976    -3.816802    -3.719206    -3.552337    -3.296539    -2.940882    -2.485689    -1.942644    -1.333139    -0.686058    -0.035893     0.578739     1.116732     1.536946     1.801854     1.882387     1.763560     1.449793     0.968271     0.368578    -0.282326    -0.909248    -1.439978    -1.815790    -1.998688    -1.974063    -1.749036    -1.347926    -0.806626    -0.167281     0.525977     1.230047     1.904943     2.515700     3.034852     3.445499     3.743907     3.940035     4.055009     4.115952     4.149813
   -1.932541    -3.826088    -3.766903    -3.666332    -3.501631    -3.253416    -2.910131    -2.470789    -1.945498    -1.354196    -0.724632    -0.090445     0.510480     1.037774     1.451075     1.713632     1.797074     1.686897     1.387592     0.925781     0.349725    -0.275614    -0.877402    -1.385704    -1.743581    -1.914113    -1.883068    -1.657401    -1.260927    -0.728857    -0.102595     0.574458     1.259950     1.914807     2.505337     3.005791     3.401220     3.689582     3.881739     3.998621     4.066123     4.109291
   -1.918037    -3.787595    -3.721080    -3.616861    -3.453293    -3.211369    -2.879082    -2.454328    -1.945771    -1.371942    -0.759435    -0.140979     0.446309     0.962817     1.368971     1.628818     1.714715     1.612672     1.327266     0.884559     0.331493    -0.268960    -0.846303    -1.332859    -1.673461    -1.832252    -1.795354    -1.569527    -1.178045    -0.655413    -0.042279     0.618717     1.286023     1.921545     2.492912     2.976052     3.357811     3.637615     3.827006     3.946588     4.021027     4.073600
   -1.905511    -3.753074    -3.679026    -3.570628    -3.407315    -3.170539    -2.847996    -2.436638    -1.943818    -1.386725    -0.790785    -0.187785     0.385968     0.891639     1.290457     1.547288     1.635241     1.540860     1.268817     0.844616     0.313885    -0.262371    -0.815970    -1.281460    -1.605427    -1.753063    -1.710828    -1.485265    -1.099080    -0.586052     0.013952     0.659079     1.308629     1.925547     2.478802     2.945940     3.315452     3.588020     3.775674     3.898586     3.980211     4.042184
   -1.894725    -3.722131    -3.640446    -3.527461    -3.363666    -3.131032    -2.817095    -2.418015    -1.939969    -1.398871    -0.818990    -0.231143     0.329206     0.824023     1.215361     1.468920     1.558581     1.471429     1.212237     0.805953     0.296901    -0.255858    -0.786416    -1.231516    -1.539467    -1.676497    -1.629394    -1.404466    -1.023837    -0.520533     0.066377     0.695862     1.328121     1.927177     2.463346     2.915721     3.274284     3.540782     3.727570     3.854303     3.943253     4.014532
   -1.885458    -3.694393    -3.605055    -3.487184    -3.322294    -3.092925    -2.786563    -2.398723    -1.934527    -1.408691    -0.844349    -0.271328     0.275777     0.759761     1.143516     1.393594     1.484657     1.404341     1.157513     0.768567     0.280538    -0.249425    -0.757648    -1.183025    -1.475560    -1.602499    -1.550952    -1.326984    -0.952121    -0.458622     0.115268     0.729374     1.344830     1.926772     2.446849     2.885619     3.234410     3.495863     3.682514     3.813441     3.909759     3.990177
   -1.877510    -3.669518    -3.572582    -3.449618    -3.283133    -3.056269    -2.756557    -2.378994    -1.927769    -1.416476    -0.867143    -0.308601     0.225449     0.698651     1.074759     1.321189     1.413392     1.339549     1.104622     0.732448     0.264791    -0.243078    -0.729670    -1.135981    -1.413678    -1.531012    -1.475405    -1.252677    -0.883747    -0.400093     0.160889     0.759908     1.359070     1.924641     2.429580     2.855823     3.195907     3.453209     3.640326     3.775711     3.879365     3.968693
   -1.870700    -3.647187    -3.542769    -3.414588    -3.246106    -3.021092    -2.727203    -2.359031    -1.919943    -1.422493    -0.887637    -0.343210     0.177997     0.640503     1.008936     1.251590     1.344705     1.277005     1.053535     0.697580     0.249649    -0.236823    -0.702480    -1.090370    -1.353790    -1.461973    -1.402654    -1.181404    -0.818534    -0.344725     0.203492     0.787743     1.371131     1.921064     2.411774     2.826491     3.158824     3.412750     3.600825     3.740844     3.851731     3.949695
   -1.864861    -3.627107    -3.515375    -3.381923    -3.211130    -2.987406    -2.698604    -2.339011    -1.911276    -1.426989    -0.906078    -0.375390     0.133210     0.585132     0.945897     1.184682     1.278515     1.216655     1.004221     0.663945     0.235102    -0.230663    -0.676072    -1.046176    -1.295857    -1.395318    -1.332599    -1.113030    -0.756308    -0.292311     0.243317     0.813140     1.381284     1.916295     2.393640     2.797751     3.123190     3.374408     3.563835     3.708585     3.826550     3.932833
   -1.859844    -3.609009    -3.490171    -3.351455    -3.178113    -2.955207    -2.670840    -2.319085    -1.901965    -1.430188    -0.922697    -0.405360     0.090889     0.532367     0.885501     1.120355     1.214743     1.158444     0.956642     0.631517     0.221139    -0.224600    -0.650439    -1.003375    -1.239837    -1.330979    -1.265143    -1.047422    -0.696902    -0.242651     0.280590     0.836345     1.389776     1.910561     2.375356     2.769708     3.089016     3.338096     3.529183     3.678695     3.803536     3.917795
   -1.855518    -3.592648    -3.466949    -3.323023    -3.146962    -2.924478    -2.643973    -2.299380    -1.892188    -1.432296    -0.937705    -0.433325     0.050846     0.482043     0.827610     1.058501     1.153306     1.102312     0.910757     0.600273     0.207744    -0.218637    -0.625572    -0.961942    -1.185688    -1.268888    -1.200191    -0.984453    -0.640159    -0.195558     0.315523     0.857584     1.396833     1.904064     2.357076     2.742443     3.056298     3.303725     3.496703     3.650952     3.782433     3.904299
   -1.851761    -3.577803    -3.445510    -3.296475    -3.117582    -2.895195    -2.618048    -2.280005    -1.882101    -1.433494    -0.951295    -0.459474     0.012907     0.434009     0.772097     0.999017     1.094125     1.048201     0.866525     0.570183     0.194903    -0.212776    -0.601456    -0.921849    -1.133360    -1.208976    -1.137646    -0.924002    -0.585926    -0.150853     0.348314     0.877066     1.402657     1.896983     2.338930     2.716020     3.025020     3.271201     3.466237     3.625150     3.763006     3.892097
   -1.848469    -3.564271    -3.425676    -3.271665    -3.089879    -2.867323    -2.593096    -2.261051    -1.871839    -1.433948    -0.963643    -0.483980    -0.023091     0.388119     0.718840     0.941803     1.037121     0.996050     0.823900     0.541218     0.182601    -0.207018    -0.578079    -0.883066    -1.082807    -1.151175    -1.077418    -0.865950    -0.534062    -0.108372     0.379147     0.894981     1.407434     1.889476     2.321028     2.690483     2.995156     3.240428     3.437634     3.601100     3.745043     3.880966
   -1.845549    -3.551872    -3.407279    -3.248456    -3.063757    -2.840822    -2.569135    -2.242589    -1.861520    -1.433804    -0.974910    -0.507005    -0.057296     0.344240     0.667722     0.886763     0.982216     0.945797     0.782836     0.513346     0.170820    -0.201364    -0.555425    -0.845560    -1.033977    -1.095415    -1.019417    -0.810186    -0.484431    -0.067960     0.408191     0.911505     1.411328     1.881679     2.303463     2.665867     2.966674     3.211314     3.410750     3.578627     3.728355     3.870713
   -1.842917    -3.540444    -3.390168    -3.226717    -3.039125    -2.815649    -2.546174    -2.224680    -1.851243    -1.433190    -0.985238    -0.528692    -0.089849     0.302245     0.618634     0.833803     0.929333     0.897381     0.743287     0.486535     0.159544    -0.195814    -0.533477    -0.809298    -0.986820    -1.041627    -0.963554    -0.756601    -0.436906    -0.029471     0.435602     0.926796     1.414485     1.873711     2.286309     2.642189     2.939533     3.183765     3.385451     3.557571     3.712770     3.861166
   -1.840504    -3.529841    -3.374203    -3.206329    -3.015894    -2.791755    -2.524213    -2.207369    -1.841094    -1.432220    -0.994757    -0.549176    -0.120876     0.262019     0.571474     0.782836     0.878398     0.850741     0.705205     0.460752     0.148757    -0.190368    -0.512217    -0.774244    -0.941285    -0.989743    -0.909744    -0.705094    -0.391369     0.007229     0.461524     0.940996     1.417037     1.865675     2.269626     2.619460     2.913691     3.157689     3.361612     3.537786     3.698139     3.852177
   -1.838248    -3.519935    -3.359259    -3.187179    -2.993975    -2.769089    -2.503243    -2.190691    -1.831146    -1.430994    -1.003581    -0.568575    -0.150495     0.223453     0.526144     0.733777     0.829337     0.805816     0.668541     0.435964     0.138440    -0.185026    -0.491629    -0.740365    -0.897321    -0.939698    -0.857906    -0.655567    -0.347705     0.042263     0.486088     0.954235     1.419097     1.857658     2.253462     2.597680     2.889099     3.133000     3.339115     3.519141     3.684325     3.843618
   -1.836095    -3.510614    -3.345220    -3.169163    -2.973286    -2.747600    -2.483252    -2.174672    -1.821458    -1.429597    -1.011813    -0.586999    -0.178813     0.186445     0.482552     0.686544     0.782081     0.762546     0.633249     0.412136     0.128576    -0.179787    -0.471693    -0.707624    -0.854876    -0.891424    -0.807960    -0.607926    -0.305812     0.075747     0.509412     0.966628     1.420766     1.849733     2.237853     2.576842     2.865710     3.109610     3.317851     3.501514     3.671210     3.835377
   -1.834000    -3.501776    -3.331985    -3.152182    -2.953748    -2.727236    -2.464219    -2.159328    -1.812079    -1.428103    -1.019542    -0.604546    -0.205927     0.150903     0.440613     0.641058     0.736560     0.720872     0.599281     0.389237     0.119149    -0.174651    -0.452391    -0.675986    -0.813900    -0.844858    -0.759829    -0.562084    -0.265588     0.107786     0.531607     0.978278     1.422132     1.841961     2.222827     2.556934     2.843471     3.087440     3.297718     3.484798     3.658689     3.827362
   -1.831927    -3.493335    -3.319460    -3.136148    -2.935283    -2.707943    -2.446122    -2.144668    -1.803047    -1.426575    -1.026849    -0.621302    -0.231928     0.116740     0.400244     0.597246     0.692706     0.680736     0.566590     0.367231     0.110142    -0.169617    -0.433704    -0.645415    -0.774342    -0.799937    -0.713439    -0.517957    -0.226943     0.138480     0.552769     0.989278     1.423270     1.834394     2.208400     2.537937     2.822332     3.066411     3.278624     3.468895     3.646670     3.819494
   -1.829843    -3.485216    -3.307562    -3.120979    -2.917821    -2.689669    -2.428935    -2.130694    -1.794394    -1.425068    -1.033803    -0.637348    -0.256896     0.083875     0.361370     0.555037     0.650456     0.642082     0.535130     0.346088     0.101538    -0.164683    -0.415613    -0.615877    -0.736153    -0.756600    -0.668719    -0.475464    -0.189791     0.167917     0.572989     0.999707     1.424246     1.827073     2.194585     2.519830     2.802240     3.046449     3.260481     3.453717     3.635075     3.811706
   -1.827723    -3.477354    -3.296218    -3.106599    -2.901293    -2.672363    -2.412629    -2.117405    -1.786142    -1.423625    -1.040463    -0.652752    -0.280907     0.052235     0.323918     0.514361     0.609746     0.604854     0.504856     0.325774     0.093321    -0.159849    -0.398100    -0.587337    -0.699286    -0.714787    -0.625601    -0.434532    -0.154049     0.196181     0.592347     1.009639     1.425116     1.820030     2.181384     2.502587     2.783144     3.027483     3.243211     3.439187     3.623835     3.803944
   -1.825547    -3.469692    -3.285361    -3.092939    -2.885635    -2.655974    -2.397173    -2.104793    -1.778308    -1.422284    -1.046884    -0.667578    -0.304028     0.021749     0.287820     0.475155     0.570516     0.568997     0.475723     0.306259     0.085474    -0.155113    -0.381146    -0.559761    -0.663692    -0.674441    -0.584019    -0.395087    -0.119644     0.223348     0.610916     1.019137     1.425928     1.813290     2.168797     2.486182     2.764995     3.009449     3.226741     3.425235     3.612889     3.796166
   -1.823297    -3.462184    -3.274933    -3.079935    -2.870788    -2.640451    -2.382535    -2.092847    -1.770902    -1.421074    -1.053110    -0.681881    -0.326320    -0.007645     0.253013     0.437356     0.532708     0.534461     0.447688     0.287511     0.077983    -0.150475    -0.364733    -0.533114    -0.629325    -0.635505    -0.543909    -0.357061    -0.086504     0.249488     0.628761     1.028256     1.426720     1.806872     2.156819     2.470584     2.747742     2.992283     3.211004     3.411799     3.602189     3.788336
   -1.820963    -3.454789    -3.264883    -3.067531    -2.856694    -2.625749    -2.368683    -2.081553    -1.763931    -1.420020    -1.059181    -0.695710    -0.347839    -0.036008     0.219437     0.400905     0.496265     0.501194     0.420710     0.269501     0.070832    -0.145932    -0.348844    -0.507365    -0.596141    -0.597925    -0.505212    -0.320392    -0.054564     0.274665     0.645940     1.037045     1.427526     1.800789     2.145440     2.455763     2.731338     2.975927     3.195942     3.398824     3.591692     3.780428
   -1.818535    -3.447476    -3.255165    -3.055674    -2.843302    -2.611820    -2.355582    -2.070894    -1.757395    -1.419141    -1.065128    -0.709109    -0.368636    -0.063394     0.187034     0.365744     0.461132     0.469147     0.394746     0.252199     0.064007    -0.141482    -0.333460    -0.482482    -0.564096    -0.561649    -0.467868    -0.285016    -0.023762     0.298939     0.662508     1.045546     1.428374     1.795050     2.134648     2.441688     2.715736     2.960328     3.181497     3.386262     3.581361     3.772422
   -1.816007    -3.440216    -3.245740    -3.044317    -2.830562    -2.598621    -2.343199    -2.060851    -1.751293    -1.418450    -1.070980    -0.722118    -0.388758    -0.089853     0.155751     0.331821     0.427259     0.438271     0.369758     0.235577     0.057493    -0.137126    -0.318564    -0.458433    -0.533147    -0.526627    -0.431824    -0.250877     0.005960     0.322363     0.678512     1.053797     1.429285     1.789659     2.124429     2.428327     2.700892     2.945433     3.167621     3.374072     3.571168     3.764303
   -1.813376    -3.432989    -3.236574    -3.033417    -2.818428    -2.586108    -2.331501    -2.051405    -1.745620    -1.417957    -1.076761    -0.734770    -0.408246    -0.115435     0.125537     0.299082     0.394593     0.408522     0.345708     0.219608     0.051278    -0.132860    -0.304141    -0.435189    -0.503253    -0.492810    -0.397024    -0.217919     0.034656     0.344989     0.693994     1.061828     1.430277     1.784616     2.114766     2.415647     2.686763     2.931195     3.154268     3.362215     3.561088     3.756065
   -1.810641    -3.425776    -3.227636    -3.022935    -2.806859    -2.574243    -2.320455    -2.042533    -1.740367    -1.417669    -1.082490    -0.747094    -0.427139    -0.140181     0.096345     0.267480     0.363087     0.379855     0.322557     0.204265     0.045347    -0.128683    -0.290173    -0.412719    -0.474376    -0.460151    -0.363419    -0.186091     0.062376     0.366861     0.708992     1.069668     1.431363     1.779919     2.105641     2.403618     2.673308     2.917570     3.141397     3.350659     3.551101     3.747701
   -1.807803    -3.418565    -3.218901    -3.012836    -2.795814    -2.562985    -2.310028    -2.034214    -1.735525    -1.417590    -1.088182    -0.759118    -0.445470    -0.164135     0.068130     0.236967     0.332695     0.352226     0.300270     0.189523     0.039688    -0.124595    -0.276645    -0.390996    -0.446476    -0.428604    -0.330958    -0.155342     0.089166     0.388022     0.723541     1.077339     1.432553     1.775563     2.097034     2.392207     2.660488     2.904518     3.128970     3.339377     3.541193     3.739212
   -1.804863    -3.411345    -3.210346    -3.003090    -2.785258    -2.552300    -2.300189    -2.026423    -1.731082    -1.417719    -1.093851    -0.770865    -0.463273    -0.187333     0.040848     0.207498     0.303371     0.325595     0.278813     0.175356     0.034289    -0.120592    -0.263541    -0.369992    -0.419516    -0.398126    -0.299597    -0.125626     0.115073     0.408512     0.737672     1.084862     1.433854     1.771540     2.088924     2.381383     2.648266     2.892000     3.116955     3.328344     3.531350     3.730599
   -1.801825    -3.404111    -3.201954    -2.993667    -2.775156    -2.542151    -2.290907    -2.019139    -1.727026    -1.418057    -1.099506    -0.782354    -0.480576    -0.209811     0.014460     0.179030     0.275074     0.299922     0.258152     0.161742     0.029138    -0.116674    -0.250847    -0.349681    -0.393460    -0.368676    -0.269290    -0.096898     0.140136     0.428365     0.751413     1.092253     1.435270     1.767843     2.081293     2.371118     2.636607     2.879981     3.105321     3.317538     3.521565     3.721867
   -1.798694    -3.396857    -3.193708    -2.984543    -2.765479    -2.532507    -2.282151    -2.012338    -1.723342    -1.418599    -1.105155    -0.793604    -0.497405    -0.231603    -0.011072     0.151523     0.247761     0.275168     0.238256     0.148657     0.024224    -0.112839    -0.238548    -0.330036    -0.368275    -0.340213    -0.239994    -0.069117     0.164395     0.447614     0.764787     1.099527     1.436804     1.764462     2.074117     2.361381     2.625478     2.868429     3.094041     3.306943     3.511831     3.713023
   -1.795473    -3.389582    -3.185594    -2.975696    -2.756197    -2.523337    -2.273894    -2.005996    -1.720017    -1.419341    -1.110804    -0.804631    -0.513784    -0.252739    -0.035785     0.124936     0.221394     0.251297     0.219092     0.136080     0.019536    -0.109085    -0.226631    -0.311034    -0.343926    -0.312699    -0.211668    -0.042242     0.187887     0.466291     0.777817     1.106696     1.438457     1.761385     2.067377     2.352145     2.614847     2.857313     3.083092     3.296542     3.502143     3.704074
   -1.792170    -3.382286    -3.177602    -2.967105    -2.747284    -2.514612    -2.266107    -2.000092    -1.717034    -1.420277    -1.116456    -0.815446    -0.529735    -0.273249    -0.059714     0.099234     0.195934     0.228274     0.200633     0.123988     0.015064    -0.105410    -0.215082    -0.292649    -0.320383    -0.286096    -0.184274    -0.016234     0.210645     0.484423     0.790522     1.113768     1.440226     1.758601     2.061052     2.343382     2.604685     2.846607     3.072450     3.286323     3.492499     3.695031
   -1.788789    -3.374968    -3.169722    -2.958752    -2.738715    -2.506305    -2.258765    -1.994602    -1.714378    -1.421400    -1.122115    -0.826063    -0.545279    -0.293159    -0.082889     0.074380     0.171346     0.206064     0.182848     0.112363     0.010797    -0.101814    -0.203887    -0.274860    -0.297614    -0.260369    -0.157774     0.008941     0.232703     0.502037     0.802922     1.120753     1.442110     1.756097     2.055120     2.335066     2.594964     2.836284     3.062096     3.276274     3.482899     3.685902
   -1.785338    -3.367632    -3.161948    -2.950621    -2.730469    -2.498390    -2.251840    -1.989504    -1.712034    -1.422703    -1.127782    -0.836492    -0.560433    -0.312495    -0.105343     0.050340     0.147595     0.184636     0.165711     0.101184     0.006727    -0.098294    -0.193035    -0.257644    -0.275589    -0.235484    -0.132132     0.033318     0.254090     0.519155     0.815030     1.127657     1.444106     1.753861     2.049562     2.327174     2.585659     2.826322     3.052013     3.266387     3.473342     3.676700
   -1.781822    -3.360281    -3.154272    -2.942698    -2.722526    -2.490843    -2.245311    -1.984778    -1.709986    -1.424177    -1.133456    -0.846740    -0.575215    -0.331281    -0.127104     0.027082     0.124647     0.163957     0.149195     0.090433     0.002845    -0.094848    -0.182514    -0.240980    -0.254282    -0.211408    -0.107315     0.056931     0.274835     0.535802     0.826862     1.134484     1.446208     1.751880     2.044358     2.319680     2.576745     2.816699     3.042186     3.256653     3.463831     3.667435
   -1.778250    -3.352919    -3.146690    -2.934970    -2.714865    -2.483643    -2.239152    -1.980403    -1.708218    -1.425813    -1.139137    -0.856817    -0.589640    -0.349539    -0.148200     0.004575     0.102471     0.143998     0.133276     0.080091    -0.000859    -0.091477    -0.172311    -0.224847    -0.233663    -0.188110    -0.083290     0.079809     0.294964     0.551996     0.838431     1.141239     1.448413     1.750140     2.039490     2.312562     2.568198     2.807394     3.032599     3.247065     3.454367     3.658117
   -1.774626    -3.345551    -3.139198    -2.927427    -2.707471    -2.476768    -2.233344    -1.976358    -1.706714    -1.427603    -1.144823    -0.866728    -0.603722    -0.367291    -0.168657    -0.017211     0.081036     0.124731     0.117929     0.070142    -0.004393    -0.088176    -0.162415    -0.209226    -0.213707    -0.165560    -0.060025     0.101983     0.314504     0.567758     0.849747     1.147926     1.450714     1.748629     2.034937     2.305799     2.559999     2.798391     3.023240     3.237619     3.444954     3.648760
   -1.770958    -3.338181    -3.131793    -2.920058    -2.700327    -2.470198    -2.227864    -1.972625    -1.705460    -1.429538    -1.150514    -0.876480    -0.617475    -0.384555    -0.188500    -0.038304     0.060313     0.106127     0.103130     0.060570    -0.007764    -0.084946    -0.152816    -0.194097    -0.194389    -0.143729    -0.037492     0.123480     0.333477     0.583106     0.860822     1.154545     1.453106     1.747334     2.030683     2.299370     2.552126     2.789671     3.014098     3.228311     3.435594     3.639374
   -1.767252    -3.330815    -3.124474    -2.912853    -2.693420    -2.463916    -2.222694    -1.969185    -1.704440    -1.431607    -1.156206    -0.886077    -0.630910    -0.401352    -0.207754    -0.058731     0.040274     0.088160     0.088858     0.051358    -0.010981    -0.081785    -0.143504    -0.179443    -0.175685    -0.122590    -0.015661     0.144328     0.351907     0.598055     0.871664     1.161099     1.455583     1.746243     2.026710     2.293257     2.544562     2.781220     3.005163     3.219135     3.426291     3.629969
   -1.763515    -3.323458    -3.117239    -2.905806    -2.686735    -2.457905    -2.217814    -1.966021    -1.703641    -1.433802    -1.161896    -0.895523    -0.644040    -0.417697    -0.226440    -0.078517     0.020892     0.070806     0.075091     0.042491    -0.014049    -0.078691    -0.134468    -0.165246    -0.157572    -0.102116     0.005494     0.164550     0.369815     0.612621     0.882283     1.167589     1.458139     1.745343     2.023002     2.287441     2.537289     2.773023     2.996426     3.210090     3.417048     3.620557
   -1.759752    -3.316116    -3.110087    -2.898910    -2.680260    -2.452148    -2.213209    -1.963115    -1.703049    -1.436115    -1.167582    -0.904822    -0.656874    -0.433608    -0.244580    -0.097688     0.002142     0.054039     0.061809     0.033956    -0.016977    -0.075663    -0.125698    -0.151488    -0.140027    -0.082282     0.026000     0.184172     0.387221     0.626819     0.892685     1.174015     1.460766     1.744622     2.019543     2.281905     2.530291     2.765068     2.987878     3.201173     3.407871     3.611147
   -1.755969    -3.308794    -3.103017    -2.892157    -2.673985    -2.446632    -2.208860    -1.960453    -1.702650    -1.438534    -1.173259    -0.913978    -0.669422    -0.449101    -0.262194    -0.116266    -0.016001     0.037837     0.048993     0.025737    -0.019771    -0.072699    -0.117185    -0.138155    -0.123029    -0.063063     0.045881     0.203216     0.404143     0.640663     0.902879     1.180377     1.463460     1.744070     2.016319     2.276632     2.523552     2.757342     2.979511     3.192383     3.398762     3.601750
   -1.752172    -3.301498    -3.096029    -2.885543    -2.667899    -2.441341    -2.204753    -1.958018    -1.702430    -1.441053    -1.178926    -0.922993    -0.681693    -0.464189    -0.279302    -0.134275    -0.033560     0.022177     0.036623     0.017823    -0.022436    -0.069798    -0.108921    -0.125230    -0.106558    -0.044437     0.065160     0.221704     0.420601     0.654164     0.912869     1.186676     1.466214     1.743673     2.013315     2.271608     2.517059     2.749834     2.971321     3.183717     3.389726     3.592375
   -1.748366    -3.294234    -3.089123    -2.879063    -2.661993    -2.436265    -2.200873    -1.955797    -1.702379    -1.443663    -1.184578    -0.931870    -0.693697    -0.478888    -0.295922    -0.151736    -0.050558     0.007039     0.024682     0.010200    -0.024980    -0.066958    -0.100896    -0.112698    -0.090594    -0.026381     0.083861     0.239657     0.436611     0.667336     0.922663     1.192910     1.469022     1.743423     2.010517     2.266819     2.510799     2.742534     2.963299     3.175174     3.380766     3.583030
   -1.744556    -3.287005    -3.082301    -2.872711    -2.656258    -2.431390    -2.197207    -1.953776    -1.702484    -1.446354    -1.190212    -0.940611    -0.705439    -0.493211    -0.312072    -0.168668    -0.067016    -0.007599     0.013153     0.002856    -0.027407    -0.064178    -0.093103    -0.100545    -0.075118    -0.008874     0.102004     0.257094     0.452188     0.680188     0.932265     1.199079     1.471877     1.743309     2.007913     2.262250     2.504758     2.735434     2.955441     3.166754     3.371886     3.573725
   -1.740747    -3.279818    -3.075561    -2.866485    -2.650686    -2.426706    -2.193741    -1.951941    -1.702733    -1.449119    -1.195825    -0.949217    -0.716929    -0.507169    -0.327769    -0.185093    -0.082955    -0.021755     0.002019    -0.004220    -0.029723    -0.061458    -0.085533    -0.088758    -0.060113     0.008105     0.119611     0.274035     0.467350     0.692732     0.941680     1.205183     1.474773     1.743320     2.005491     2.257890     2.498927     2.728523     2.947742     3.158455     3.363090     3.564466
   -1.736943    -3.272677    -3.068905    -2.860380    -2.645270    -2.422202    -2.190465    -1.950281    -1.703117    -1.451951    -1.201412    -0.957690    -0.728173    -0.520776    -0.343029    -0.201028    -0.098395    -0.035449    -0.008735    -0.011040    -0.031933    -0.058795    -0.078179    -0.077324    -0.045561     0.024574     0.136702     0.290498     0.482109     0.704977     0.950913     1.211220     1.477706     1.743448     2.003239     2.253725     2.493295     2.721794     2.940196     3.150278     3.354380     3.555262
   -1.733148    -3.265587    -3.062333    -2.854394    -2.640002    -2.417869    -2.187365    -1.948784    -1.703624    -1.454842    -1.206971    -0.966033    -0.739178    -0.534042    -0.357867    -0.216491    -0.113353    -0.048698    -0.019125    -0.017613    -0.034043    -0.056187    -0.071033    -0.066229    -0.031445     0.040553     0.153294     0.306499     0.496480     0.716934     0.959968     1.217190     1.480670     1.743684     2.001146     2.249747     2.487850     2.715240     2.932801     3.142220     3.345761     3.546118
   -1.729367    -3.258551    -3.055846    -2.848522    -2.634878    -2.413698    -2.184433    -1.947439    -1.704246    -1.457786    -1.212499    -0.974246    -0.749949    -0.546978    -0.372298    -0.231500    -0.127849    -0.061519    -0.029165    -0.023951    -0.036056    -0.053635    -0.064089    -0.055461    -0.017751     0.056059     0.169406     0.322055     0.510476     0.728609     0.968850     1.223091     1.483659     1.744020     1.999203     2.245943     2.482585     2.708854     2.925552     3.134283     3.337234     3.537041
   -1.725602    -3.251574    -3.049444    -2.842764    -2.629890    -2.409680    -2.181657    -1.946236    -1.704973    -1.460774    -1.217993    -0.982330    -0.760493    -0.559594    -0.386335    -0.246070    -0.141899    -0.073928    -0.038869    -0.030062    -0.037977    -0.051137    -0.057339    -0.045009    -0.004461     0.071110     0.185056     0.337182     0.524110     0.740013     0.977561     1.228923     1.486669     1.744447     1.997400     2.242304     2.477491     2.702629     2.918445     3.126465     3.328803     3.528037
   -1.721857    -3.244660    -3.043128    -2.837115    -2.625034    -2.405808    -2.179029    -1.945166    -1.705796    -1.463802    -1.223448    -0.990287    -0.770816    -0.571901    -0.399992    -0.260218    -0.155520    -0.085942    -0.048249    -0.035956    -0.039812    -0.048691    -0.050777    -0.034862     0.008437     0.085721     0.200259     0.351894     0.537394     0.751153     0.986105     1.234686     1.489694     1.744958     1.995727     2.238821     2.472559     2.696559     2.911478     3.118766     3.320470     3.519111
   -1.718135    -3.237811    -3.036900    -2.831574    -2.620304    -2.402075    -2.176541    -1.944219    -1.706708    -1.466862    -1.228864    -0.998117    -0.780922    -0.583908    -0.413281    -0.273959    -0.168728    -0.097575    -0.057318    -0.041641    -0.041562    -0.046296    -0.044397    -0.025009     0.020958     0.099909     0.215032     0.366206     0.550338     0.762036     0.994486     1.240377     1.492731     1.745546     1.994177     2.235486     2.467783     2.690638     2.904646     3.111185     3.312238     3.510268
   -1.714440    -3.231031    -3.030758    -2.826139    -2.615696    -2.398473    -2.174183    -1.943387    -1.707700    -1.469950    -1.234236    -1.005823    -0.790817    -0.595623    -0.426216    -0.287306    -0.181537    -0.108842    -0.066089    -0.047127    -0.043234    -0.043952    -0.038192    -0.015439     0.033116     0.113689     0.229390     0.380131     0.562954     0.772670     1.002707     1.245996     1.495776     1.746204     1.992741     2.232290     2.463154     2.684862     2.897947     3.103722     3.304108     3.501513
   -1.710772    -3.224323    -3.024704    -2.820808    -2.611206    -2.394997    -2.171949    -1.942662    -1.708766    -1.473060    -1.239563    -1.013404    -0.800506    -0.607056    -0.438807    -0.300274    -0.193963    -0.119755    -0.074573    -0.052421    -0.044829    -0.041656    -0.032156    -0.006143     0.044923     0.127075     0.243346     0.393683     0.575252     0.783062     1.010770     1.251543     1.498823     1.746926     1.991412     2.229226     2.458667     2.679226     2.891379     3.096377     3.296081     3.492848
   -1.707136    -3.217689    -3.018738    -2.815578    -2.606828    -2.391641    -2.169830    -1.942037    -1.709899    -1.476187    -1.244842    -1.020863    -0.809993    -0.618214    -0.451065    -0.312875    -0.206019    -0.130330    -0.082781    -0.057531    -0.046352    -0.039408    -0.026285     0.002889     0.056391     0.140080     0.256915     0.406874     0.587243     0.793218     1.018680     1.257017     1.501870     1.747707     1.990183     2.226287     2.454316     2.673725     2.884938     3.089149     3.288161     3.484278
   -1.703533    -3.211132    -3.012860    -2.810449    -2.602561    -2.388399    -2.167822    -1.941504    -1.711092    -1.479326    -1.250071    -1.028199    -0.819283    -0.629105    -0.463002    -0.325122    -0.217718    -0.140577    -0.090724    -0.062465    -0.047806    -0.037207    -0.020573     0.011665     0.067533     0.152718     0.270111     0.419715     0.598934     0.803144     1.026437     1.262416     1.504912     1.748540     1.989047     2.223467     2.450094     2.668354     2.878622     3.082037     3.280347     3.475805
   -1.699964    -3.204654    -3.007071    -2.805417    -2.598400    -2.385265    -2.165916    -1.941057    -1.712339    -1.482473    -1.255248    -1.035414    -0.828380    -0.639737    -0.474627    -0.337028    -0.229073    -0.150509    -0.098411    -0.067228    -0.049194    -0.035052    -0.015014     0.020196     0.078359     0.165002     0.282945     0.432218     0.610336     0.812847     1.034045     1.267742     1.507948     1.749420     1.987999     2.220758     2.445996     2.663109     2.872429     3.075041     3.272641     3.467434
   -1.696433    -3.198257    -3.001371    -2.800483    -2.594341    -2.382236    -2.164109    -1.940690    -1.713635    -1.485624    -1.260372    -1.042509    -0.837288    -0.650117    -0.485950    -0.348603    -0.240097    -0.160138    -0.105852    -0.071829    -0.050519    -0.032941    -0.009603     0.028488     0.088881     0.176944     0.295430     0.444394     0.621458     0.822332     1.041508     1.272992     1.510973     1.750343     1.987032     2.218156     2.442017     2.657988     2.866356     3.068160     3.265044     3.459165
   -1.692939    -3.191942    -2.995759    -2.795643    -2.590382    -2.379306    -2.162393    -1.940397    -1.714975    -1.488774    -1.265439    -1.049485    -0.846012    -0.660252    -0.496981    -0.359859    -0.250800    -0.169475    -0.113058    -0.076273    -0.051785    -0.030874    -0.004336     0.036550     0.099109     0.188556     0.307577     0.456254     0.632307     0.831605     1.048826     1.278167     1.513985     1.751304     1.986141     2.215655     2.438152     2.652985     2.860401     3.061393     3.257556     3.451001
   -1.689486    -3.185711    -2.990236    -2.790897    -2.586519    -2.376471    -2.160764    -1.940173    -1.716354    -1.491921    -1.270450    -1.056343    -0.854554    -0.670148    -0.507728    -0.370806    -0.261194    -0.178530    -0.120035    -0.080567    -0.052993    -0.028850     0.000792     0.044390     0.109053     0.199848     0.319398     0.467807     0.642891     0.840671     1.056003     1.283267     1.516982     1.752299     1.985321     2.213250     2.434398     2.648098     2.854563     3.054740     3.250179     3.442944
   -1.686073    -3.179565    -2.984802    -2.786243    -2.582750    -2.373727    -2.159217    -1.940012    -1.717766    -1.495061    -1.275401    -1.063084    -0.862920    -0.679813    -0.518201    -0.381455    -0.271290    -0.187313    -0.126794    -0.084716    -0.054146    -0.026867     0.005785     0.052016     0.118722     0.210831     0.330903     0.479063     0.653219     0.849535     1.063041     1.288290     1.519960     1.753324     1.984567     2.210935     2.430749     2.643323     2.848838     3.048199     3.242912     3.434995
   -1.682702    -3.173505    -2.979457    -2.781680    -2.579072    -2.371071    -2.157748    -1.939911    -1.719208    -1.498191    -1.280293    -1.069709    -0.871113    -0.689251    -0.528408    -0.391816    -0.281098    -0.195835    -0.133341    -0.088727    -0.055248    -0.024925     0.010648     0.059434     0.128127     0.221516     0.342103     0.490031     0.663297     0.858202     1.069942     1.293238     1.522918     1.754375     1.983876     2.208707     2.427201     2.638657     2.843225     3.041770     3.235756     3.427156
   -1.679375    -3.167532    -2.974199    -2.777206    -2.575482    -2.368499    -2.156351    -1.939863    -1.720677    -1.501307    -1.285125    -1.076219    -0.879136    -0.698470    -0.538356    -0.401896    -0.290628    -0.204103    -0.139686    -0.092604    -0.056299    -0.023023     0.015385     0.066651     0.137274     0.231912     0.353008     0.500721     0.673133     0.866678     1.076709     1.298110     1.525854     1.755449     1.983242     2.206562     2.423751     2.634097     2.837721     3.035452     3.228711     3.419427
   -1.676091    -3.161646    -2.969030    -2.772819    -2.571978    -2.366007    -2.155025    -1.939867    -1.722167    -1.504408    -1.289894    -1.082616    -0.886992    -0.707475    -0.548053    -0.411707    -0.299888    -0.212128    -0.145834    -0.096353    -0.057304    -0.021160     0.020000     0.073673     0.146174     0.242029     0.363626     0.511140     0.682733     0.874966     1.083344     1.302905     1.528765     1.756543     1.982662     2.204495     2.420395     2.629641     2.832326     3.029244     3.221776     3.411810
   -1.672851    -3.155849    -2.963948    -2.768519    -2.568558    -2.363592    -2.153763    -1.939916    -1.723676    -1.507491    -1.294600    -1.088900    -0.894685    -0.716271    -0.557507    -0.421255    -0.308890    -0.219918    -0.151794    -0.099978    -0.058263    -0.019335     0.024496     0.080509     0.154834     0.251876     0.373967     0.521297     0.692105     0.883071     1.089848     1.307625     1.531651     1.757654     1.982132     2.202502     2.417130     2.625285     2.827036     3.023145     3.214952     3.404306
   -1.669657    -3.150141    -2.958954    -2.764305    -2.565219    -2.361252    -2.152564    -1.940009    -1.725201    -1.510554    -1.299243    -1.095072    -0.902219    -0.724864    -0.566725    -0.430550    -0.317640    -0.227481    -0.157573    -0.103485    -0.059178    -0.017547     0.028877     0.087162     0.163262     0.261462     0.384039     0.531200     0.701253     0.890998     1.096226     1.312269     1.534509     1.758778     1.981649     2.200580     2.413952     2.621027     2.821851     3.017153     3.208238     3.396913
   -1.666508    -3.144521    -2.954046    -2.760173    -2.561959    -2.358983    -2.151424    -1.940141    -1.726738    -1.513594    -1.303822    -1.101135    -0.909596    -0.733259    -0.575714    -0.439600    -0.326147    -0.234825    -0.163176    -0.106878    -0.060053    -0.015795     0.033147     0.093639     0.171466     0.270794     0.393852     0.540855     0.710185     0.898750     1.102477     1.316838     1.537338     1.759914     1.981210     2.198727     2.410859     2.616864     2.816767     3.011268     3.201634     3.389633
   -1.663405    -3.138990    -2.949224    -2.756125    -2.558776    -2.356783    -2.150339    -1.940310    -1.728285    -1.516610    -1.308336    -1.107089    -0.916821    -0.741461    -0.584479    -0.448411    -0.334419    -0.241957    -0.168610    -0.110160    -0.060888    -0.014079     0.037310     0.099946     0.179452     0.279882     0.403412     0.550271     0.718906     0.906332     1.108605     1.321331     1.540137     1.761059     1.980812     2.196937     2.407848     2.612794     2.811784     3.005488     3.195139     3.382466
   -1.660348    -3.133548    -2.944487    -2.752157    -2.555669    -2.354649    -2.149308    -1.940512    -1.729840    -1.519601    -1.312786    -1.112935    -0.923894    -0.749475    -0.593029    -0.456992    -0.342465    -0.248885    -0.173881    -0.113338    -0.061685    -0.012398     0.041368     0.106089     0.187228     0.288733     0.412728     0.559455     0.727422     0.913747     1.114612     1.325750     1.542906     1.762212     1.980452     2.195210     2.404915     2.608815     2.806900     2.999812     3.188753     3.375412
   -1.657338    -3.128195    -2.939835    -2.748269    -2.552635    -2.352579    -2.148326    -1.940745    -1.731399    -1.522563    -1.317170    -1.118674    -0.930821    -0.757305    -0.601367    -0.465350    -0.350291    -0.255615    -0.178995    -0.116413    -0.062446    -0.010751     0.045324     0.112071     0.194801     0.297353     0.421808     0.568413     0.735738     0.921001     1.120500     1.330094     1.545641     1.763369     1.980127     2.193541     2.402059     2.604924     2.802112     2.994240     3.182475     3.368470
   -1.654375    -3.122931    -2.935266    -2.744460    -2.549672    -2.350570    -2.147392    -1.941006    -1.732962    -1.525498    -1.321488    -1.124309    -0.937603    -0.764957    -0.609502    -0.473491    -0.357904    -0.262155    -0.183958    -0.119390    -0.063173    -0.009137     0.049183     0.117899     0.202176     0.305752     0.430658     0.577151     0.743860     0.928095     1.126271     1.334364     1.548344     1.764529     1.979835     2.191929     2.399276     2.601119     2.797420     2.988769     3.176304     3.361640
   -1.651458    -3.117755    -2.930781    -2.740727    -2.546778    -2.348621    -2.146502    -1.941292    -1.734524    -1.528402    -1.325741    -1.129840    -0.944244    -0.772434    -0.617438    -0.481421    -0.365311    -0.268510    -0.188774    -0.122273    -0.063867    -0.007555     0.052946     0.123577     0.209360     0.313934     0.439284     0.585676     0.751792     0.935034     1.131926     1.338561     1.551014     1.765690     1.979574     2.190371     2.396564     2.597398     2.792821     2.983398     3.170239     3.354922
   -1.648587    -3.112667    -2.926379    -2.737071    -2.543953    -2.346728    -2.145656    -1.941603    -1.736086    -1.531274    -1.329928    -1.135268    -0.950746    -0.779741    -0.625180    -0.489148    -0.372519    -0.274688    -0.193449    -0.125065    -0.064529    -0.006005     0.056616     0.129110     0.216359     0.321907     0.447695     0.593994     0.759541     0.941821     1.137468     1.342684     1.553648     1.766852     1.979342     2.188864     2.393921     2.593760     2.788313     2.978127     3.164279     3.348314
   -1.645764    -3.107666    -2.922057    -2.733489    -2.541193    -2.344891    -2.144850    -1.941935    -1.737645    -1.534115    -1.334050    -1.140595    -0.957112    -0.786881    -0.632735    -0.496677    -0.379534    -0.280692    -0.197987    -0.127770    -0.065162    -0.004486     0.060197     0.134502     0.223178     0.329677     0.455896     0.602111     0.767109     0.948461     1.142899     1.346735     1.556248     1.768012     1.979136     2.187406     2.391346     2.590201     2.783896     2.972954     3.158424     3.341817
   -1.642987    -3.102753    -2.917816    -2.729980    -2.538498    -2.343108    -2.144083    -1.942286    -1.739200    -1.536922    -1.338106    -1.145822    -0.963346    -0.793860    -0.640107    -0.504014    -0.386362    -0.286530    -0.202394    -0.130390    -0.065766    -0.002998     0.063690     0.139758     0.229824     0.337251     0.463893     0.610032     0.774503     0.954955     1.148221     1.350715     1.558812     1.769168     1.978954     2.185996     2.388834     2.586721     2.779567     2.967876     3.152671     3.335430
   -1.640256    -3.097925    -2.913655    -2.726544    -2.535867    -2.341376    -2.143352    -1.942655    -1.740748    -1.539696    -1.342097    -1.150951    -0.969448    -0.800681    -0.647301    -0.511165    -0.393009    -0.292207    -0.206673    -0.132928    -0.066342    -0.001539     0.067099     0.144881     0.236301     0.344634     0.471692     0.617763     0.781726     0.961308     1.153436     1.354624     1.561340     1.770321     1.978796     2.184631     2.386386     2.583316     2.775324     2.962894     3.147022     3.329152
   -1.637571    -3.093183    -2.909573    -2.723178    -2.533296    -2.339693    -2.142656    -1.943040    -1.742290    -1.542435    -1.346023    -1.155983    -0.975423    -0.807347    -0.654322    -0.518135    -0.399480    -0.297728    -0.210830    -0.135388    -0.066893    -0.000109     0.070425     0.149875     0.242614     0.351832     0.479299     0.625309     0.788783     0.967522     1.158545     1.358462     1.563832     1.771468     1.978659     2.183309     2.383998     2.579986     2.771167     2.958006     3.141473     3.322981
   -1.634932    -3.088526    -2.905568    -2.719882    -2.530786    -2.338059    -2.141994    -1.943439    -1.743823    -1.545139    -1.349884    -1.160919    -0.981273    -0.813862    -0.661174    -0.524929    -0.405781    -0.303097    -0.214868    -0.137773    -0.067418     0.001292     0.073672     0.154746     0.248769     0.358850     0.486720     0.632675     0.795678     0.973601     1.163551     1.362230     1.566287     1.772610     1.978542     2.182029     2.381670     2.576729     2.767093     2.953210     3.136024     3.316917
   -1.632339    -3.083953    -2.901640    -2.716655    -2.528334    -2.336471    -2.141362    -1.943851    -1.745346    -1.547808    -1.353680    -1.165761    -0.986999    -0.820231    -0.667863    -0.531553    -0.411917    -0.308321    -0.218790    -0.140084    -0.067919     0.002665     0.076841     0.159495     0.254769     0.365693     0.493959     0.639865     0.802415     0.979548     1.168455     1.365930     1.568706     1.773743     1.978444     2.180788     2.379398     2.573543     2.763102     2.948505     3.130674     3.310960
   -1.629791    -3.079464    -2.897787    -2.713494    -2.525940    -2.334928    -2.140761    -1.944275    -1.746859    -1.550440    -1.357412    -1.170510    -0.992606    -0.826456    -0.674392    -0.538011    -0.417894    -0.313403    -0.222602    -0.142325    -0.068397     0.004012     0.079934     0.164127     0.260621     0.372367     0.501022     0.646885     0.808998     0.985365     1.173260     1.369562     1.571088     1.774869     1.978363     2.179586     2.377183     2.570426     2.759190     2.943890     3.125421     3.305107
   -1.627288    -3.075056    -2.894009    -2.710400    -2.523601    -2.333429    -2.140188    -1.944709    -1.748361    -1.553036    -1.361081    -1.175167    -0.998094    -0.832540    -0.680766    -0.544308    -0.423715    -0.318347    -0.226306    -0.144499    -0.068854     0.005331     0.082954     0.168645     0.266327     0.378877     0.507914     0.653740     0.815431     0.991056     1.177966     1.373126     1.573433     1.775986     1.978297     2.178421     2.375021     2.567377     2.755358     2.939363     3.120265     3.299357
   -1.624829    -3.070731    -2.890305    -2.707370    -2.521317    -2.331972    -2.139643    -1.945152    -1.749850    -1.555595    -1.364687    -1.179734    -1.003467    -0.838488    -0.686988    -0.550449    -0.429385    -0.323159    -0.229907    -0.146606    -0.069289     0.006625     0.085903     0.173052     0.271892     0.385227     0.514640     0.660432     0.821718     0.996623     1.182577     1.376624     1.575741     1.777093     1.978246     2.177291     2.372911     2.564394     2.751603     2.934922     3.115203     3.293711
   -1.622415    -3.066485    -2.886673    -2.704404    -2.519085    -2.330555    -2.139123    -1.945603    -1.751326    -1.558118    -1.368230    -1.184213    -1.008727    -0.844303    -0.693063    -0.556437    -0.434910    -0.327842    -0.233407    -0.148651    -0.069704     0.007893     0.088783     0.177352     0.277321     0.391422     0.521203     0.666968     0.827862     1.002070     1.187093     1.380057     1.578012     1.778190     1.978209     2.176194     2.370852     2.561476     2.747924     2.930567     3.110235     3.288165
   -1.620044    -3.062320    -2.883112    -2.701500    -2.516906    -2.329178    -2.138628    -1.946061    -1.752788    -1.560603    -1.371711    -1.188604    -1.013875    -0.849986    -0.698994    -0.562278    -0.440292    -0.332401    -0.236809    -0.150634    -0.070100     0.009136     0.091596     0.181548     0.282616     0.397466     0.527610     0.673351     0.833866     1.007398     1.191517     1.383425     1.580246     1.779277     1.978184     2.175131     2.368842     2.558621     2.744320     2.926297     3.105360     3.282720
   -1.617716    -3.058233    -2.879622    -2.698658    -2.514778    -2.327840    -2.138156    -1.946524    -1.754236    -1.563051    -1.375131    -1.192909    -1.018915    -0.855543    -0.704786    -0.567975    -0.445537    -0.336838    -0.240118    -0.152558    -0.070478     0.010355     0.094343     0.185642     0.287783     0.403364     0.533863     0.679584     0.839735     1.012610     1.195849     1.386729     1.582443     1.780352     1.978171     2.174098     2.366881     2.555828     2.740788     2.922108     3.100576     3.277374
   -1.615431    -3.054224    -2.876202    -2.695875    -2.512699    -2.326538    -2.137707    -1.946993    -1.755669    -1.565463    -1.378490    -1.197130    -1.023849    -0.860975    -0.710442    -0.573532    -0.450649    -0.341159    -0.243335    -0.154425    -0.070838     0.011550     0.097026     0.189638     0.292824     0.409119     0.539967     0.685672     0.845471     1.017709     1.200093     1.389970     1.584604     1.781415     1.978168     2.173096     2.364966     2.553095     2.737329     2.918001     3.095881     3.272125
   -1.613189    -3.050291    -2.872849    -2.693152    -2.510668    -2.325273    -2.137279    -1.947466    -1.757086    -1.567837    -1.381788    -1.201267    -1.028678    -0.866285    -0.715964    -0.578953    -0.455630    -0.345365    -0.246464    -0.156237    -0.071181     0.012721     0.099647     0.193538     0.297744     0.414736     0.545926     0.691619     0.851077     1.022697     1.204249     1.393149     1.586728     1.782466     1.978176     2.172123     2.363096     2.550421     2.733939     2.913974     3.091275     3.266973
   -1.610988    -3.046434    -2.869564    -2.690486    -2.508685    -2.324042    -2.136871    -1.947942    -1.758488    -1.570173    -1.385028    -1.205323    -1.033405    -0.871476    -0.721357    -0.584242    -0.460486    -0.349462    -0.249508    -0.157995    -0.071508     0.013870     0.102208     0.197345     0.302545     0.420218     0.551745     0.697428     0.856558     1.027578     1.208320     1.396267     1.588816     1.783505     1.978192     2.171178     2.361271     2.547804     2.730619     2.910026     3.086756     3.261915
   -1.608828    -3.042651    -2.866345    -2.687878    -2.506748    -2.322845    -2.136482    -1.948421    -1.759873    -1.572473    -1.388208    -1.209298    -1.038032    -0.876552    -0.726625    -0.589402    -0.465219    -0.353451    -0.252469    -0.159702    -0.071820     0.014996     0.104710     0.201061     0.307231     0.425569     0.557426     0.703103     0.861915     1.032352     1.212306     1.399324     1.590868     1.784531     1.978217     2.170260     2.359488     2.545244     2.727366     2.906155     3.082323     3.256951
   -1.606709    -3.038942    -2.863190    -2.685324    -2.504856    -2.321681    -2.136112    -1.948902    -1.761242    -1.574736    -1.391330    -1.213195    -1.042560    -0.881514    -0.731769    -0.594438    -0.469834    -0.357337    -0.255349    -0.161360    -0.072117     0.016101     0.107155     0.204689     0.311805     0.430793     0.562973     0.708647     0.867152     1.037023     1.216210     1.402323     1.592884     1.785543     1.978249     2.169368     2.357747     2.542739     2.724180     2.902360     3.077974     3.252080
   -1.604631    -3.035305    -2.860100    -2.682826    -2.503008    -2.320548    -2.135760    -1.949384    -1.762594    -1.576962    -1.394395    -1.217013    -1.046993    -0.886365    -0.736793    -0.599351    -0.474333    -0.361122    -0.258152    -0.162969    -0.072400     0.017184     0.109544     0.208232     0.316270     0.435892     0.568391     0.714063     0.872271     1.041593     1.220033     1.405263     1.594865     1.786543     1.978289     2.168501     2.356047     2.540287     2.721058     2.898639     3.073708     3.247300
   -1.602592    -3.031739    -2.857072    -2.680381    -2.501202    -2.319447    -2.135424    -1.949867    -1.763928    -1.579152    -1.397403    -1.220755    -1.051331    -0.891108    -0.741701    -0.604146    -0.478719    -0.364809    -0.260880    -0.164531    -0.072669     0.018246     0.111879     0.211692     0.320629     0.440871     0.573682     0.719355     0.877276     1.046064     1.223776     1.408145     1.596811     1.787529     1.978335     2.167657     2.354386     2.537889     2.718000     2.894992     3.069524     3.242609
   -1.600592    -3.028243    -2.854107    -2.677988    -2.499439    -2.318375    -2.135105    -1.950350    -1.765245    -1.581305    -1.400355    -1.224422    -1.055578    -0.895746    -0.746494    -0.608825    -0.482997    -0.368402    -0.263534    -0.166049    -0.072925     0.019287     0.114161     0.215070     0.324885     0.445733     0.578849     0.724526     0.882169     1.050438     1.227442     1.410971     1.598722     1.788501     1.978386     2.166838     2.352764     2.535541     2.715005     2.891417     3.065420     3.238007
   -1.598630    -3.024817    -2.851202    -2.675647    -2.497717    -2.317332    -2.134800    -1.950833    -1.766545    -1.583422    -1.403252    -1.228016    -1.059734    -0.900280    -0.751177    -0.613392    -0.487168    -0.371902    -0.266118    -0.167523    -0.073169     0.020308     0.116392     0.218370     0.329041     0.450481     0.583896     0.729578     0.886953     1.054717     1.231031     1.413741     1.600598     1.789459     1.978443     2.166040     2.351179     2.533244     2.712071     2.887912     3.061396     3.233492
   -1.596706    -3.021458    -2.848356    -2.673356    -2.496035    -2.316318    -2.134511    -1.951315    -1.767827    -1.585503    -1.406095    -1.231537    -1.063801    -0.904713    -0.755751    -0.617850    -0.491236    -0.375313    -0.268633    -0.168955    -0.073401     0.021310     0.118573     0.221593     0.333099     0.455117     0.588827     0.734516     0.891630     1.058904     1.234546     1.416456     1.602440     1.790404     1.978505     2.165265     2.349630     2.530996     2.709197     2.884477     3.057449     3.229062
   -1.594820    -3.018167    -2.845569    -2.671115    -2.494392    -2.315330    -2.134235    -1.951796    -1.769091    -1.587549    -1.408883    -1.234987    -1.067783    -0.909048    -0.760220    -0.622201    -0.495204    -0.378637    -0.271081    -0.170345    -0.073621     0.022292     0.120705     0.224741     0.337062     0.459645     0.593643     0.739341     0.896203     1.063000     1.237987     1.419117     1.604249     1.791334     1.978571     2.164510     2.348117     2.528796     2.706382     2.881110     3.053579     3.224717
   -1.592971    -3.014941    -2.842840    -2.668922    -2.492787    -2.314370    -2.133972    -1.952276    -1.770338    -1.589559    -1.411619    -1.238367    -1.071679    -0.913286    -0.764585    -0.626448    -0.499074    -0.381876    -0.273464    -0.171697    -0.073831     0.023255     0.122789     0.227817     0.340933     0.464068     0.598348     0.744056     0.900674     1.067007     1.241356     1.421726     1.606024     1.792251     1.978641     2.163775     2.346638     2.526643     2.703624     2.877809     3.049784     3.220454
   -1.591158    -3.011780    -2.840167    -2.666777    -2.491219    -2.313435    -2.133722    -1.952753    -1.771566    -1.591535    -1.414303    -1.241678    -1.075492    -0.917431    -0.768850    -0.630595    -0.502849    -0.385034    -0.275785    -0.173010    -0.074030     0.024200     0.124827     0.230821     0.344714     0.468387     0.602945     0.748664     0.905046     1.070928     1.244655     1.424282     1.607767     1.793153     1.978715     2.163060     2.345193     2.524536     2.700923     2.874575     3.046063     3.216274
   -1.589381    -3.008682    -2.837549    -2.664678    -2.489688    -2.312525    -2.133485    -1.953228    -1.772776    -1.593476    -1.416936    -1.244923    -1.079224    -0.921483    -0.773017    -0.634643    -0.506532    -0.388112    -0.278045    -0.174286    -0.074219     0.025126     0.126820     0.233757     0.348407     0.472607     0.607436     0.753168     0.909321     1.074764     1.247885     1.426787     1.609477     1.794041     1.978791     2.162364     2.343781     2.522474     2.698277     2.871405     3.042415     3.212173
   -1.587638    -3.005648    -2.834986    -2.662625    -2.488193    -2.311639    -2.133258    -1.953701    -1.773969    -1.595383    -1.419518    -1.248101    -1.082876    -0.925445    -0.777088    -0.638595    -0.510124    -0.391112    -0.280246    -0.175526    -0.074398     0.026035     0.128768     0.236626     0.352015     0.476730     0.611824     0.757571     0.913501     1.078517     1.251048     1.429242     1.611154     1.794915     1.978871     2.161686     2.342401     2.520455     2.695685     2.868298     3.038838     3.208152
   -1.585931    -3.002674    -2.832477    -2.660616    -2.486732    -2.310777    -2.133043    -1.954171    -1.775143    -1.597256    -1.422050    -1.251214    -1.086451    -0.929320    -0.781066    -0.642453    -0.513630    -0.394037    -0.282390    -0.176731    -0.074569     0.026926     0.130674     0.239429     0.355539     0.480757     0.616112     0.761874     0.917589     1.082189     1.254144     1.431648     1.612800     1.795775     1.978953     2.161026     2.341051     2.518480     2.693147     2.865254     3.035331     3.204208
   -1.584257    -2.999761    -2.830020    -2.658651    -2.485305    -2.309938    -2.132839    -1.954637    -1.776300    -1.599096    -1.424533    -1.254264    -1.089949    -0.933108    -0.784952    -0.646221    -0.517050    -0.396889    -0.284478    -0.177903    -0.074730     0.027800     0.132537     0.242168     0.358983     0.484692     0.620302     0.766080     0.921586     1.085781     1.257175     1.434005     1.614415     1.796620     1.979037     2.160382     2.339733     2.516546     2.690661     2.862270     3.031893     3.200341
   -1.582617    -2.996908    -2.827614    -2.656729    -2.483911    -2.309121    -2.132644    -1.955101    -1.777438    -1.600902    -1.426969    -1.257251    -1.093372    -0.936813    -0.788750    -0.649899    -0.520388    -0.399670    -0.286511    -0.179041    -0.074883     0.028658     0.134360     0.244845     0.362348     0.488536     0.624397     0.770192     0.925495     1.089296     1.260142     1.436314     1.615999     1.797452     1.979123     2.159756     2.338443     2.514654     2.688226     2.859347     3.028523     3.196548
   -1.581009    -2.994112    -2.825259    -2.654849    -2.482550    -2.308326    -2.132459    -1.955560    -1.778559    -1.602676    -1.429356    -1.260177    -1.096722    -0.940436    -0.792461    -0.653491    -0.523644    -0.402382    -0.288493    -0.180149    -0.075028     0.029499     0.136143     0.247461     0.365635     0.492293     0.628399     0.774211     0.929318     1.092735     1.263047     1.438576     1.617553     1.798269     1.979210     2.159145     2.337183     2.512802     2.685840     2.856482     3.025219     3.192830
   -1.579434    -2.991375    -2.822953    -2.653010    -2.481220    -2.307552    -2.132284    -1.956016    -1.779662    -1.604418    -1.431697    -1.263043    -1.100001    -0.943978    -0.796087    -0.656999    -0.526823    -0.405026    -0.290423    -0.181225    -0.075165     0.030324     0.137887     0.250019     0.368848     0.495964     0.632310     0.778140     0.933056     1.096099     1.265891     1.440793     1.619076     1.799073     1.979299     2.158549     2.335951     2.510989     2.683504     2.853674     3.021981     3.189184
   -1.577891    -2.988693    -2.820696    -2.651211    -2.479922    -2.306798    -2.132117    -1.956468    -1.780748    -1.606127    -1.433993    -1.265850    -1.103209    -0.947442    -0.799631    -0.660425    -0.529924    -0.407605    -0.292304    -0.182272    -0.075294     0.031133     0.139593     0.252519     0.371987     0.499552     0.636133     0.781982     0.936712     1.099391     1.268674     1.442964     1.620570     1.799863     1.979390     2.157969     2.334746     2.509214     2.681216     2.850923     3.018806     3.185609
   -1.576379    -2.986066    -2.818487    -2.649452    -2.478653    -2.306065    -2.131959    -1.956916    -1.781815    -1.607806    -1.436243    -1.268599    -1.106349    -0.950830    -0.803094    -0.663771    -0.532952    -0.410120    -0.294136    -0.183289    -0.075417     0.031927     0.141262     0.254963     0.375056     0.503058     0.639869     0.785737     0.940288     1.102612     1.271400     1.445091     1.622036     1.800639     1.979481     2.157403     2.333568     2.507477     2.678975     2.848228     3.015695     3.182105
   -1.574897    -2.983494    -2.816324    -2.647731    -2.477414    -2.305350    -2.131808    -1.957359    -1.782866    -1.609453    -1.438448    -1.271291    -1.109422    -0.954143    -0.806478    -0.667038    -0.535907    -0.412573    -0.295922    -0.184279    -0.075532     0.032706     0.142895     0.257352     0.378055     0.506484     0.643521     0.789409     0.943785     1.105764     1.274067     1.447174     1.623472     1.801401     1.979572     2.156851     2.332416     2.505777     2.676780     2.845586     3.012646     3.178669
   -1.573446    -2.980975    -2.814208    -2.646047    -2.476204    -2.304654    -2.131666    -1.957798    -1.783899    -1.611070    -1.440611    -1.273928    -1.112429    -0.957382    -0.809785    -0.670229    -0.538791    -0.414966    -0.297662    -0.185242    -0.075641     0.033470     0.144492     0.259687     0.380986     0.509834     0.647091     0.792999     0.947205     1.108847     1.276679     1.449215     1.624880     1.802150     1.979665     2.156313     2.331289     2.504112     2.674630     2.842999     3.009657     3.175301
   -1.572024    -2.978508    -2.812136    -2.644401    -2.475021    -2.303977    -2.131530    -1.958232    -1.784915    -1.612657    -1.442730    -1.276511    -1.115371    -0.960550    -0.813018    -0.673346    -0.541606    -0.417301    -0.299358    -0.186178    -0.075744     0.034219     0.146055     0.261971     0.383851     0.513107     0.650581     0.796509     0.950550     1.111864     1.279235     1.451214     1.626261     1.802886     1.979757     2.155788     2.330187     2.502483     2.672524     2.840463     3.006728     3.171999
   -1.570631    -2.976093    -2.810108    -2.642791    -2.473867    -2.303317    -2.131402    -1.958662    -1.785914    -1.614214    -1.444807    -1.279039    -1.118250    -0.963648    -0.816177    -0.676391    -0.544354    -0.419578    -0.301011    -0.187089    -0.075841     0.034955     0.147585     0.264204     0.386651     0.516307     0.653993     0.799942     0.953822     1.114816     1.281737     1.453171     1.627614     1.803608     1.979850     2.155276     2.329109     2.500888     2.670462     2.837979     3.003857     3.168762
   -1.569267    -2.973728    -2.808123    -2.641217    -2.472739    -2.302675    -2.131280    -1.959087    -1.786896    -1.615742    -1.446843    -1.281516    -1.121068    -0.966678    -0.819264    -0.679365    -0.547037    -0.421800    -0.302622    -0.187975    -0.075932     0.035676     0.149081     0.266387     0.389389     0.519435     0.657328     0.803298     0.957022     1.117704     1.284187     1.455089     1.628941     1.804317     1.979943     2.154776     2.328056     2.499327     2.668442     2.835545     3.001043     3.165590
   -1.567931    -2.971412    -2.806181    -2.639677    -2.471637    -2.302049    -2.131165    -1.959507    -1.787861    -1.617241    -1.448839    -1.283941    -1.123825    -0.969641    -0.822282    -0.682270    -0.549657    -0.423967    -0.304193    -0.188837    -0.076018     0.036383     0.150545     0.268522     0.392066     0.522493     0.660589     0.806579     0.960151     1.120529     1.286584     1.456966     1.630241     1.805013     1.980036     2.154288     2.327025     2.497799     2.666464     2.833160     2.998286     3.162480
   -1.566623    -2.969144    -2.804280    -2.638171    -2.470561    -2.301440    -2.131056    -1.959923    -1.788810    -1.618712    -1.450794    -1.286315    -1.126523    -0.972538    -0.825232    -0.685108    -0.552214    -0.426082    -0.305724    -0.189675    -0.076098     0.037077     0.151978     0.270609     0.394682     0.525482     0.663777     0.809788     0.963213     1.123294     1.288931     1.458805     1.631515     1.805696     1.980129     2.153812     2.326016     2.496302     2.664527     2.830824     2.995584     3.159432
   -1.565341    -2.966924    -2.802420    -2.636698    -2.469510    -2.300847    -2.130953    -1.960333    -1.789742    -1.620154    -1.452710    -1.288641    -1.129163    -0.975372    -0.828115    -0.687880    -0.554711    -0.428146    -0.307216    -0.190491    -0.076173     0.037758     0.153381     0.272651     0.397241     0.528404     0.666894     0.812926     0.966207     1.125999     1.291228     1.460606     1.632763     1.806366     1.980221     2.153347     2.325030     2.494838     2.662629     2.828535     2.992937     3.156445
   -1.564086    -2.964751    -2.800600    -2.635258    -2.468484    -2.300269    -2.130855    -1.960738    -1.790658    -1.621569    -1.454588    -1.290917    -1.131747    -0.978143    -0.830932    -0.690588    -0.557148    -0.430159    -0.308671    -0.191285    -0.076244     0.038426     0.154753     0.274648     0.399742     0.531261     0.669941     0.815995     0.969136     1.128646     1.293477     1.462370     1.633987     1.807024     1.980313     2.152894     2.324065     2.493404     2.660771     2.826293     2.990342     3.153517
   -1.562857    -2.962624    -2.798819    -2.633850    -2.467481    -2.299706    -2.130763    -1.961139    -1.791559    -1.622958    -1.456428    -1.293147    -1.134275    -0.980854    -0.833687    -0.693234    -0.559529    -0.432124    -0.310090    -0.192057    -0.076309     0.039082     0.156097     0.276601     0.402188     0.534055     0.672921     0.818996     0.972001     1.131236     1.295677     1.464097     1.635186     1.807669     1.980404     2.152450     2.323121     2.492000     2.658951     2.824096     2.987800     3.150648
   -1.561653    -2.960541    -2.797076    -2.632473    -2.466502    -2.299158    -2.130676    -1.961534    -1.792443    -1.624319    -1.458232    -1.295330    -1.136749    -0.983505    -0.836379    -0.695819    -0.561853    -0.434042    -0.311474    -0.192809    -0.076371     0.039725     0.157411     0.278511     0.404579     0.536787     0.675835     0.821931     0.974804     1.133770     1.297831     1.465788     1.636361     1.808303     1.980495     2.152018     2.322197     2.490626     2.657168     2.821944     2.985309     3.147836
   -1.560475    -2.958502    -2.795371    -2.631126    -2.465545    -2.298624    -2.130594    -1.961924    -1.793312    -1.625654    -1.459998    -1.297467    -1.139170    -0.986097    -0.839011    -0.698345    -0.564123    -0.435913    -0.312823    -0.193540    -0.076428     0.040355     0.158698     0.280379     0.406918     0.539457     0.678685     0.824801     0.977545     1.136250     1.299940     1.467444     1.637511     1.808924     1.980585     2.151595     2.321293     2.489281     2.655423     2.819836     2.982869     3.145081
   -1.559321    -2.956507    -2.793703    -2.629810    -2.464611    -2.298103    -2.130516    -1.962309    -1.794165    -1.626964    -1.461729    -1.299559    -1.141538    -0.988632    -0.841584    -0.700813    -0.566340    -0.437740    -0.314138    -0.194252    -0.076481     0.040974     0.159958     0.282206     0.409205     0.542069     0.681471     0.827609     0.980227     1.138676     1.302003     1.469065     1.638639     1.809533     1.980674     2.151182     2.320409     2.487964     2.653713     2.817771     2.980478     3.142381
   -1.558191    -2.954553    -2.792070    -2.628522    -2.463698    -2.297597    -2.130443    -1.962688    -1.795003    -1.628248    -1.463425    -1.301608    -1.143856    -0.991112    -0.844098    -0.703224    -0.568505    -0.439523    -0.315421    -0.194945    -0.076530     0.041581     0.161191     0.283994     0.411441     0.544623     0.684196     0.830354     0.982850     1.141050     1.304023     1.470653     1.639744     1.810130     1.980763     2.150779     2.319544     2.486674     2.652038     2.815748     2.978135     3.139735
   -1.557085    -2.952642    -2.790473    -2.627263    -2.462807    -2.297103    -2.130374    -1.963063    -1.795826    -1.629507    -1.465087    -1.303614    -1.146124    -0.993537    -0.846557    -0.705579    -0.570619    -0.441263    -0.316672    -0.195620    -0.076575     0.042177     0.162397     0.285742     0.413628     0.547120     0.686860     0.833040     0.985416     1.143372     1.306000     1.472207     1.640826     1.810715     1.980850     2.150385     2.318697     2.485412     2.650399     2.813766     2.975839     3.137142
   -1.556002    -2.950771    -2.788910    -2.626033    -2.461936    -2.296623    -2.130309    -1.963432    -1.796635    -1.630742    -1.466714    -1.305578    -1.148344    -0.995909    -0.848960    -0.707881    -0.572683    -0.442961    -0.317892    -0.196276    -0.076617     0.042762     0.163579     0.287453     0.415767     0.549563     0.689466     0.835666     0.987927     1.145645     1.307935     1.473729     1.641885     1.811290     1.980937     2.150000     2.317869     2.484176     2.648793     2.811825     2.973591     3.134602
   -1.554942    -2.948939    -2.787382    -2.624829    -2.461086    -2.296154    -2.130249    -1.963796    -1.797428    -1.631953    -1.468309    -1.307501    -1.150515    -0.998228    -0.851309    -0.710131    -0.574700    -0.444619    -0.319082    -0.196915    -0.076655     0.043335     0.164735     0.289127     0.417859     0.551951     0.692015     0.838235     0.990382     1.147869     1.309828     1.475218     1.642924     1.811853     1.981023     2.149623     2.317058     2.482965     2.647220     2.809924     2.971388     3.132113
   -1.553905    -2.947148    -2.785887    -2.623653    -2.460255    -2.295698    -2.130192    -1.964155    -1.798208    -1.633140    -1.469871    -1.309383    -1.152640    -1.000497    -0.853606    -0.712329    -0.576670    -0.446237    -0.320243    -0.197537    -0.076691     0.043898     0.165868     0.290764     0.419906     0.554287     0.694507     0.840748     0.992785     1.150044     1.311681     1.476677     1.643940     1.812404     1.981107     2.149256     2.316265     2.481781     2.645680     2.808062     2.969230     3.129675
   -1.552889    -2.945394    -2.784424    -2.622503    -2.459444    -2.295254    -2.130138    -1.964509    -1.798972    -1.634304    -1.471401    -1.311226    -1.154719    -1.002716    -0.855851    -0.714476    -0.578593    -0.447817    -0.321375    -0.198143    -0.076722     0.044449     0.166976     0.292366     0.421907     0.556571     0.696945     0.843205     0.995135     1.152173     1.313495     1.478105     1.644936     1.812945     1.981191     2.148896     2.315489     2.480621     2.644172     2.806238     2.967116     3.127286
   -1.551895    -2.943678    -2.782993    -2.621378    -2.458652    -2.294821    -2.130088    -1.964858    -1.799723    -1.635444    -1.472900    -1.313030    -1.156754    -1.004886    -0.858046    -0.716575    -0.580472    -0.449360    -0.322479    -0.198732    -0.076751     0.044991     0.168061     0.293933     0.423865     0.558806     0.699330     0.845610     0.997434     1.154257     1.315270     1.479503     1.645912     1.813475     1.981273     2.148544     2.314729     2.479485     2.642695     2.804451     2.965045     3.124947
   -1.550922    -2.942000    -2.781594    -2.620279    -2.457878    -2.294399    -2.130041    -1.965201    -1.800460    -1.636563    -1.474369    -1.314796    -1.158745    -1.007009    -0.860192    -0.718626    -0.582308    -0.450865    -0.323557    -0.199306    -0.076778     0.045522     0.169124     0.295466     0.425780     0.560991     0.701662     0.847961     0.999683     1.156295     1.317008     1.480872     1.646867     1.813995     1.981354     2.148201     2.313985     2.478374     2.641248     2.802701     2.963017     3.122654
   -1.549971    -2.940357    -2.780225    -2.619204    -2.457123    -2.293988    -2.129998    -1.965539    -1.801184    -1.637659    -1.475807    -1.316525    -1.160692    -1.009085    -0.862290    -0.720630    -0.584101    -0.452335    -0.324608    -0.199865    -0.076801     0.046044     0.170164     0.296966     0.427653     0.563129     0.703943     0.850261     1.001884     1.158289     1.318708     1.482211     1.647802     1.814503     1.981434     2.147865     2.313258     2.477285     2.639832     2.800988     2.961031     3.120409
   -1.549039    -2.938751    -2.778887    -2.618154    -2.456385    -2.293588    -2.129957    -1.965873    -1.801894    -1.638733    -1.477215    -1.318218    -1.162598    -1.011115    -0.864341    -0.722589    -0.585852    -0.453771    -0.325633    -0.200409    -0.076822     0.046555     0.171183     0.298435     0.429485     0.565220     0.706174     0.852511     1.004037     1.160241     1.320372     1.483523     1.648718     1.815002     1.981513     2.147536     2.312545     2.476219     2.638445     2.799310     2.959085     3.118211
   -1.548128    -2.937179    -2.777578    -2.617127    -2.455665    -2.293198    -2.129919    -1.966201    -1.802591    -1.639787    -1.478595    -1.319874    -1.164463    -1.013101    -0.866346    -0.724503    -0.587563    -0.455172    -0.326633    -0.200938    -0.076840     0.047057     0.172180     0.299871     0.431278     0.567265     0.708356     0.854712     1.006143     1.162150     1.322001     1.484806     1.649615     1.815491     1.981590     2.147215     2.311848     2.475176     2.637087     2.797667     2.957180     3.116057
   -1.547237    -2.935642    -2.776298    -2.616124    -2.454961    -2.292819    -2.129884    -1.966524    -1.803274    -1.640819    -1.479946    -1.321496    -1.166288    -1.015043    -0.868307    -0.726374    -0.589234    -0.456540    -0.327609    -0.201454    -0.076856     0.047550     0.173157     0.301277     0.433031     0.569265     0.710491     0.856866     1.008203     1.164018     1.323594     1.486063     1.650493     1.815969     1.981666     2.146900     2.311166     2.474155     2.635758     2.796058     2.955314     3.113949
   -1.546365    -2.934139    -2.775047    -2.615143    -2.454274    -2.292449    -2.129852    -1.966842    -1.803945    -1.641831    -1.481270    -1.323084    -1.168073    -1.016943    -0.870224    -0.728202    -0.590867    -0.457876    -0.328561    -0.201956    -0.076869     0.048033     0.174113     0.302652     0.434747     0.571222     0.712579     0.858972     1.010219     1.165847     1.325154     1.487293     1.651352     1.816438     1.981741     2.146593     2.310498     2.473155     2.634456     2.794482     2.953488     3.111884
   -1.545512    -2.932669    -2.773824    -2.614185    -2.453603    -2.292089    -2.129822    -1.967155    -1.804603    -1.642822    -1.482566    -1.324638    -1.169820    -1.018800    -0.872097    -0.729989    -0.592462    -0.459180    -0.329489    -0.202445    -0.076880     0.048507     0.175049     0.303998     0.436425     0.573136     0.714622     0.861032     1.012191     1.167635     1.326680     1.488497     1.652194     1.816897     1.981815     2.146292     2.309845     2.472176     2.633182     2.792940     2.951700     3.109863
   -1.544679    -2.931233    -2.772628    -2.613249    -2.452949    -2.291738    -2.129794    -1.967463    -1.805249    -1.643794    -1.483835    -1.326159    -1.171529    -1.020617    -0.873929    -0.731735    -0.594020    -0.460454    -0.330396    -0.202921    -0.076890     0.048972     0.175966     0.305316     0.438067     0.575009     0.716620     0.863048     1.014120     1.169385     1.328174     1.489675     1.653018     1.817346     1.981887     2.145998     2.309205     2.471218     2.631934     2.791430     2.949949     3.107885
   -1.543864    -2.929828    -2.771460    -2.612335    -2.452310    -2.291396    -2.129769    -1.967766    -1.805883    -1.644745    -1.485078    -1.327647    -1.173201    -1.022395    -0.875721    -0.733442    -0.595542    -0.461698    -0.331280    -0.203385    -0.076897     0.049429     0.176864     0.306605     0.439673     0.576840     0.718574     0.865020     1.016008     1.171098     1.329635     1.490828     1.653824     1.817786     1.981958     2.145710     2.308579     2.470280     2.630713     2.789952     2.948236     3.105948
   -1.543068    -2.928456    -2.770318    -2.611441    -2.451686    -2.291064    -2.129746    -1.968064    -1.806504    -1.645678    -1.486295    -1.329104    -1.174837    -1.024133    -0.877472    -0.735110    -0.597029    -0.462912    -0.332142    -0.203836    -0.076902     0.049877     0.177744     0.307867     0.441245     0.578632     0.720486     0.866948     1.017854     1.172773     1.331065     1.491957     1.654613     1.818217     1.982027     2.145428     2.307966     2.469362     2.629518     2.788506     2.946559     3.104054
   -1.542290    -2.927115    -2.769203    -2.610569    -2.451077    -2.290740    -2.129725    -1.968358    -1.807113    -1.646592    -1.487487    -1.330531    -1.176437    -1.025832    -0.879184    -0.736740    -0.598482    -0.464098    -0.332984    -0.204276    -0.076905     0.050316     0.178605     0.309101     0.442783     0.580385     0.722357     0.868835     1.019661     1.174412     1.332465     1.493061     1.655386     1.818639     1.982095     2.145153     2.307366     2.468464     2.628348     2.787091     2.944919     3.102200
   -1.541530    -2.925806    -2.768114    -2.609717    -2.450483    -2.290424    -2.129706    -1.968646    -1.807711    -1.647488    -1.488654    -1.331926    -1.178003    -1.027495    -0.880857    -0.738333    -0.599901    -0.465256    -0.333805    -0.204704    -0.076907     0.050748     0.179448     0.310310     0.444287     0.582100     0.724187     0.870681     1.021428     1.176016     1.333834     1.494142     1.656142     1.819052     1.982162     2.144883     2.306779     2.467585     2.627204     2.785706     2.943314     3.100387
   -1.540789    -2.924528    -2.767051    -2.608886    -2.449904    -2.290117    -2.129689    -1.968930    -1.808297    -1.648365    -1.489796    -1.333292    -1.179535    -1.029120    -0.882494    -0.739890    -0.601288    -0.466386    -0.334607    -0.205121    -0.076907     0.051171     0.180274     0.311492     0.445759     0.583778     0.725976     0.872487     1.023157     1.177585     1.335174     1.495199     1.656882     1.819456     1.982227     2.144619     2.306205     2.466724     2.626084     2.784351     2.941744     3.098615
   -1.540065    -2.923280    -2.766013    -2.608074    -2.449339    -2.289819    -2.129673    -1.969209    -1.808871    -1.649224    -1.490914    -1.334629    -1.181033    -1.030710    -0.884093    -0.741411    -0.602642    -0.467490    -0.335388    -0.205526    -0.076905     0.051586     0.181082     0.312650     0.447199     0.585419     0.727727     0.874253     1.024848     1.179120     1.336484     1.496234     1.657606     1.819851     1.982291     2.144361     2.305643     2.465883     2.624988     2.783027     2.940210     3.096883
   -1.539359    -2.922064    -2.765001    -2.607283    -2.448788    -2.289528    -2.129660    -1.969484    -1.809435    -1.650065    -1.492009    -1.335937    -1.182499    -1.032265    -0.885657    -0.742898    -0.603965    -0.468568    -0.336151    -0.205921    -0.076902     0.051994     0.181874     0.313782     0.448608     0.587025     0.729440     0.875981     1.026503     1.180621     1.337766     1.497246     1.658314     1.820238     1.982353     2.144108     2.305093     2.465059     2.623917     2.781731     2.938710     3.095190
   -1.538672    -2.920878    -2.764014    -2.606511    -2.448250    -2.289245    -2.129648    -1.969753    -1.809987    -1.650889    -1.493080    -1.337216    -1.183933    -1.033785    -0.887186    -0.744352    -0.605258    -0.469621    -0.336896    -0.206306    -0.076897     0.052393     0.182650     0.314891     0.449987     0.588595     0.731115     0.877671     1.028121     1.182090     1.339021     1.498236     1.659007     1.820617     1.982414     2.143860     2.304555     2.464254     2.622869     2.780465     2.937245     3.093537
   -1.538002    -2.919722    -2.763052    -2.605759    -2.447727    -2.288970    -2.129638    -1.970018    -1.810528    -1.651696    -1.494129    -1.338468    -1.185335    -1.035271    -0.888680    -0.745772    -0.606521    -0.470649    -0.337622    -0.206681    -0.076891     0.052786     0.183410     0.315976     0.451336     0.590132     0.732754     0.879324     1.029704     1.183527     1.340248     1.499205     1.659685     1.820987     1.982474     2.143618     2.304029     2.463466     2.621845     2.779228     2.935814     3.091923
   -1.537351    -2.918598    -2.762115    -2.605026    -2.447218    -2.288703    -2.129629    -1.970278    -1.811058    -1.652486    -1.495155    -1.339693    -1.186706    -1.036724    -0.890141    -0.747159    -0.607755    -0.471652    -0.338330    -0.207045    -0.076884     0.053171     0.184153     0.317038     0.452656     0.591635     0.734357     0.880941     1.031252     1.184932     1.341448     1.500152     1.660348     1.821348     1.982532     2.143381     2.303514     2.462696     2.620845     2.778020     2.934417     3.090348
   -1.536717    -2.917504    -2.761204    -2.604313    -2.446721    -2.288444    -2.129622    -1.970534    -1.811578    -1.653259    -1.496159    -1.340891    -1.188047    -1.038145    -0.891568    -0.748515    -0.608959    -0.472632    -0.339021    -0.207400    -0.076875     0.053548     0.184882     0.318077     0.453947     0.593105     0.735925     0.882523     1.032767     1.186307     1.342621     1.501078     1.660996     1.821702     1.982588     2.143149     2.303011     2.461944     2.619867     2.776840     2.933053     3.088811
   -1.536102    -2.916441    -2.760317    -2.603619    -2.446239    -2.288191    -2.129617    -1.970785    -1.812086    -1.654016    -1.497142    -1.342062    -1.189358    -1.039534    -0.892963    -0.749840    -0.610136    -0.473589    -0.339696    -0.207746    -0.076865     0.053919     0.185595     0.319094     0.455209     0.594543     0.737458     0.884069     1.034247     1.187650     1.343769     1.501984     1.661629     1.822048     1.982643     2.142922     2.302519     2.461208     2.618912     2.775688     2.931723     3.087314
   -1.535506    -2.915409    -2.759456    -2.602944    -2.445770    -2.287947    -2.129613    -1.971031    -1.812584    -1.654757    -1.498103    -1.343208    -1.190640    -1.040891    -0.894327    -0.751134    -0.611285    -0.474522    -0.340353    -0.208082    -0.076853     0.054282     0.186293     0.320089     0.456445     0.595949     0.738957     0.885581     1.035695     1.188964     1.344891     1.502870     1.662249     1.822385     1.982697     2.142700     2.302037     2.460490     2.617979     2.774564     2.930425     3.085854
   -1.534928    -2.914408    -2.758619    -2.602288    -2.445314    -2.287710    -2.129610    -1.971273    -1.813072    -1.655481    -1.499042    -1.344328    -1.191893    -1.042218    -0.895659    -0.752398    -0.612408    -0.475434    -0.340995    -0.208410    -0.076841     0.054639     0.186977     0.321062     0.457653     0.597324     0.740423     0.887060     1.037111     1.190249     1.345988     1.503735     1.662854     1.822715     1.982749     2.142483     2.301567     2.459788     2.617069     2.773467     2.929160     3.084432
   -1.534369    -2.913437    -2.757808    -2.601651    -2.444871    -2.287480    -2.129609    -1.971510    -1.813549    -1.656189    -1.499961    -1.345423    -1.193117    -1.043514    -0.896960    -0.753632    -0.613503    -0.476323    -0.341620    -0.208728    -0.076828     0.054989     0.187646     0.322014     0.458835     0.598669     0.741856     0.888505     1.038494     1.191504     1.347059     1.504581     1.663445     1.823037     1.982799     2.142270     2.301108     2.459102     2.616180     2.772396     2.927925     3.083046
   -1.533828    -2.912497    -2.757020    -2.601033    -2.444442    -2.287257    -2.129609    -1.971742    -1.814016    -1.656882    -1.500858    -1.346492    -1.194313    -1.044780    -0.898230    -0.754838    -0.614573    -0.477191    -0.342230    -0.209038    -0.076813     0.055332     0.188302     0.322946     0.459990     0.599983     0.743257     0.889918     1.039846     1.192731     1.348106     1.505407     1.664022     1.823351     1.982848     2.142062     2.300658     2.458432     2.615311     2.771350     2.926719     3.081692
   -1.533304    -2.911583    -2.756254    -2.600433    -2.444025    -2.287042    -2.129610    -1.971970    -1.814472    -1.657558    -1.501735    -1.347537    -1.195481    -1.046016    -0.899471    -0.756014    -0.615617    -0.478038    -0.342825    -0.209339    -0.076798     0.055668     0.188943     0.323857     0.461120     0.601268     0.744627     0.891298     1.041168     1.193930     1.349129     1.506213     1.664585     1.823657     1.982896     2.141859     2.300219     2.457777     2.614461     2.770324     2.925536     3.080366
   -1.532792    -2.910689    -2.755508    -2.599848    -2.443619    -2.286833    -2.129612    -1.972193    -1.814918    -1.658219    -1.502591    -1.348557    -1.196622    -1.047223    -0.900682    -0.757163    -0.616636    -0.478864    -0.343404    -0.209632    -0.076782     0.055998     0.189570     0.324748     0.462224     0.602523     0.745964     0.892646     1.042458     1.195100     1.350128     1.507001     1.665135     1.823956     1.982941     2.141660     2.299790     2.457135     2.613626     2.769314     2.924367     3.079057
   -1.532285    -2.909804    -2.754774    -2.599278    -2.443225    -2.286630    -2.129615    -1.972412    -1.815354    -1.658864    -1.503426    -1.349552    -1.197734    -1.048400    -0.901864    -0.758283    -0.617629    -0.479669    -0.343969    -0.209917    -0.076764     0.056321     0.190184     0.325618     0.463303     0.603750     0.747270     0.893963     1.043717     1.196242     1.351102     1.507769     1.665671     1.824247     1.982986     2.141465     2.299369     2.456506     2.612803     2.768311     2.923194     3.077741
   -1.531757    -2.908905    -2.754046    -2.598719    -2.442842    -2.286434    -2.129620    -1.972625    -1.815778    -1.659492    -1.504241    -1.350523    -1.198820    -1.049549    -0.903016    -0.759376    -0.618598    -0.480454    -0.344519    -0.210194    -0.076746     0.056637     0.190784     0.326470     0.464357     0.604948     0.748546     0.895248     1.044947     1.197356     1.352052     1.508517     1.666193     1.824530     1.983028     2.141273     2.298957     2.455887     2.611989     2.767304     2.921988     3.076357
   -1.531146    -2.907968    -2.753333    -2.598183    -2.442475    -2.286247    -2.129626    -1.972834    -1.816192    -1.660105    -1.505034    -1.351468    -1.199876    -1.050666    -0.904137    -0.760437    -0.619538    -0.481215    -0.345052    -0.210462    -0.076728     0.056946     0.191367     0.327297     0.465382     0.606112     0.749787     0.896499     1.046143     1.198442     1.352978     1.509246     1.666702     1.824805     1.983069     2.141087     2.298555     2.455284     2.611191     2.766295     2.920711     3.074759
   -1.530297    -2.907047    -2.752712    -2.597711    -2.442142    -2.286075    -2.129635    -1.973038    -1.816596    -1.660701    -1.505808    -1.352392    -1.200912    -1.051766    -0.905244    -0.761490    -0.620474    -0.481975    -0.345585    -0.210729    -0.076707     0.057258     0.191956     0.328128     0.466408     0.607275     0.751020     0.897736     1.047322     1.199506     1.353882     1.509957     1.667196     1.825073     1.983109     2.140908     2.298172     2.454717     2.610454     2.765358     2.919399     3.072589
   -1.528888    -2.906705    -2.752459    -2.597410    -2.441880    -2.285925    -2.129644    -1.973234    -1.816986    -1.661276    -1.506545    -1.353256    -1.201862    -1.052752    -0.906216    -0.762397    -0.621267    -0.482609    -0.346025    -0.210949    -0.076691     0.057511     0.192435     0.328812     0.467262     0.608257     0.752081     0.898823     1.048380     1.200483     1.354731     1.510636     1.667674     1.825331     1.983145     2.140735     2.297822     2.454238     2.609907     2.764793     2.918599     3.069101
   -1.526597    -2.909940    -2.753062    -2.597373    -2.441695    -2.285749    -2.129568    -1.973330    -1.817315    -1.661878    -1.507433    -1.354416    -1.203250    -1.054300    -0.907832    -0.763976    -0.622697    -0.483785    -0.346854    -0.211362    -0.076649     0.058016     0.193376     0.330128     0.468867     0.610044     0.753935     0.900628     1.050031     1.201895     1.355842     1.511417     1.668126     1.825486     1.983059     2.140482     2.297488     2.453912     2.609730     2.765192     2.921366     3.063428
   -1.506496    -2.928839    -2.752784    -2.597526    -2.441872    -2.285730    -2.129231    -1.972606    -1.816172    -1.660323    -1.505503    -1.352179    -1.200799    -1.051750    -0.905311    -0.761619    -0.620637    -0.482143    -0.345732    -0.210834    -0.076756     0.057268     0.192018     0.328226     0.466518     0.607369     0.751070     0.897716     1.047214     1.199301     1.353583     1.509577     1.666762     1.824619     1.982676     2.140535     2.297889     2.454524     2.610325     2.765362     2.940384     3.023815
