   -1.445568    -2.790700    -2.667127    -2.554942    -2.448222    -2.343059    -2.237595    -2.130988    -2.022682    -1.912069    -1.798379    -1.680654    -1.557774    -1.428517    -1.291643    -1.146022    -0.990786    -0.825496    -0.650289    -0.465984    -0.274101    -0.076787     0.123365     0.323563     0.521091     0.713560     0.899091     1.076407     1.244843     1.404280     1.555039     1.697755     1.833256     1.962456     2.086272     2.205591     2.321330     2.434698     2.547819     2.664605     2.790633     2.891136
   -1.452211    -2.815726    -2.715659    -2.625372    -2.546145    -2.473393    -2.402664    -2.330960    -2.256312    -2.177110    -2.091676    -1.998078    -1.894117    -1.777412    -1.645584    -1.496491    -1.328526    -1.140933    -0.934075    -0.709616    -0.470552    -0.221046     0.033904     0.288933     0.538818     0.778947     1.005661     1.216442     1.409930     1.585820     1.744663     1.887639     2.016326     2.132515     2.238120     2.335235     2.426429     2.515264     2.606598     2.705309     2.810805     2.904288
   -1.477966    -2.853781    -2.743185    -2.641700    -2.553100    -2.474079    -2.399734    -2.326014    -2.250068    -2.169774    -2.083220    -1.988408    -1.883158    -1.765168    -1.632176    -1.482198    -1.313803    -1.126401    -0.920484    -0.697768    -0.461197    -0.214776     0.036744     0.288290     0.534927     0.772271     0.996809     1.206074     1.398677     1.574225     1.733155     1.876529     2.005838     2.122866     2.229672     2.328759     2.423449     2.518218     2.618313     2.727508     2.843199     2.950598
   -1.523570    -2.915291    -2.781672    -2.662982    -2.562232    -2.475339    -2.396274    -2.319772    -2.242005    -2.160231    -2.072224    -1.975869    -1.868992    -1.749374    -1.614901    -1.463779    -1.294799    -1.107587    -0.902799    -0.682225    -0.448750    -0.206183     0.041031     0.288189     0.530713     0.764515     0.986271     1.193581     1.385026     1.560109     1.719125     1.862999     1.993130     2.111316     2.219816     2.321628     2.420904     2.523177     2.634691     2.759909     2.896856     3.031270
   -1.588316    -3.001642    -2.834011    -2.691138    -2.574352    -2.477433    -2.392369    -2.312267    -2.232117    -2.148434    -2.058596    -1.960327    -1.851445    -1.729823    -1.593520    -1.440978    -1.271258    -1.084252    -0.880822    -0.662845    -0.433136    -0.195266     0.046697     0.288495     0.525994     0.755466     0.973813     1.178728     1.368752     1.543263     1.702391     1.846901     1.978095     2.097801     2.208539     2.313898     2.419035     2.530917     2.657541     2.805217     2.973245     3.146138
   -1.671330    -3.112885    -2.901353    -2.727259    -2.590070    -2.480608    -2.388099    -2.303513    -2.220379    -2.134314    -2.042217    -1.941609    -1.830284    -1.706224    -1.567691    -1.413414    -1.242783    -1.056011    -0.854210    -0.639362    -0.414193    -0.181984     0.053656     0.289014     0.520489     0.744781     0.959067     1.161141     1.349498     1.523365     1.682675     1.828007     1.960554     2.082197     2.195772     2.305584     2.418051     2.542031     2.687996     2.864856     3.073303     3.295448
   -1.771830    -3.248428    -2.983881    -2.771774    -2.609711    -2.485019    -2.383506    -2.293498    -2.206741    -2.117781    -2.022941    -1.919498    -1.805215    -1.678199    -1.536959    -1.380566    -1.208810    -1.022299    -0.822446    -0.611360    -0.391657    -0.166254     0.061803     0.289471     0.513788     0.731966     0.941500     1.140291     1.326767     1.499970     1.659595     1.806002     1.940261     2.064316     2.181383     2.296635     2.418039     2.556844     2.726664     2.939607     3.197844     3.480231
   -1.889055    -3.407314    -3.081217    -2.824649    -2.633337    -2.490706    -2.378592    -2.282192    -2.191143    -2.098727    -2.000594    -1.893735    -1.775876    -1.645272    -1.500729    -1.341734    -1.168568    -0.982321    -0.784785    -0.578227    -0.365124    -0.147937     0.071003     0.289479     0.505316     0.716332     0.920378     1.115458     1.299897     1.472499     1.632664     1.780489     1.916897     2.043905     2.165175     2.286908     2.418938     2.575417     2.773765     3.029901     3.347701     3.702149
   -2.022104    -3.588254    -3.192632    -2.885554    -2.660821    -2.497617    -2.373322    -2.269555    -2.173521    -2.077044    -1.975001    -1.864052    -1.741882    -1.606913    -1.458304    -1.296049    -1.121042    -0.934992    -0.740178    -0.539078    -0.334000    -0.126817     0.081063     0.288489     0.494264     0.696925     0.894710     1.085696     1.268038     1.440220     1.601278     1.750986     1.890081     2.020657     2.146887     2.276170     2.420542     2.597590     2.829242     3.135944     3.523676     3.963137
   -2.169756    -3.789570    -3.317134    -2.953978    -2.691933    -2.505653    -2.367648    -2.255549    -2.153815    -2.052608    -1.945921    -1.830025    -1.702561    -1.562180    -1.408503    -1.242160    -1.064772    -0.878792    -0.687139    -0.492626    -0.297396    -0.102569     0.091703     0.285704     0.479487     0.672435     0.863175     1.049779     1.230119     1.402246     1.564727     1.716935     1.859378     1.994221     2.126210     2.264120     2.422533     2.623037     2.892837     3.257730     3.726391     4.264981
   -2.330314    -4.009094    -3.453514    -3.029325    -2.726413    -2.514720    -2.361549    -2.240183    -2.132051    -2.025486    -1.913532    -1.792079    -1.658708    -1.512157    -1.352251    -1.180179    -0.998734    -0.811853    -0.623530    -0.437000    -0.254096    -0.074803     0.102430     0.279903     0.459318     0.641035     0.824007     1.006135     1.184824     1.357522     1.522196     1.677723     1.824326     1.964232     2.102823     2.250427     2.424535     2.651336     2.964142     3.395034     3.956087     4.608817
   -2.501473    -4.244076    -3.600359    -3.110971    -2.764040    -2.524778    -2.355046    -2.223456    -2.108080    -1.995096    -1.876206    -1.746431    -1.602974    -1.445217    -1.275214    -1.097072    -0.914524    -0.730050    -0.547347    -0.369691    -0.198181    -0.038113     0.114617     0.269557     0.431382     0.600291     0.774938     0.952806     1.130571     1.304839     1.472796     1.632715     1.784471     1.930349     2.076429     2.234780     2.426179     2.682044     3.042663     3.547373     4.212394     4.994598
   -2.680243    -4.491120    -3.756057    -3.198313    -2.804694    -2.535905    -2.348312    -2.205672    -2.082604    -1.963398    -1.839424    -1.707009    -1.565827    -1.416229    -1.254359    -1.070439    -0.861547    -0.645924    -0.429974    -0.182778     0.067144     0.117810     0.155959     0.240566     0.379954     0.541883     0.712121     0.887522     1.065690     1.242954     1.415658     1.581329     1.739434     1.892311     2.046817     2.216957     2.427182     2.714780     3.127878     3.713984     4.494113     5.420535
   -2.862928    -4.746163    -3.918805    -3.290792    -2.848378    -2.548299    -2.341553    -2.186853    -2.054869    -1.926732    -1.789941    -1.633212    -1.441389    -1.196004    -0.895539    -0.596722    -0.394913    -0.201645     0.387680     1.446931     2.656953     1.013997     0.256230    -0.065703     0.091988     0.355920     0.593803     0.797805     0.986651     1.170404     1.349867     1.522990     1.688897     1.849965     2.013907     2.196882     2.427421     2.749310     3.219305     3.893811     4.799020     5.882590
   -3.045201    -5.004517    -4.086605    -3.387896    -2.895239    -2.562314    -2.335145    -2.167404    -2.025785    -1.889149    -1.746348    -1.598712    -1.475499    -1.464471    -1.708339    -2.191587    -2.157501     0.084064     4.248924     8.253701     9.689623     3.273478    -0.142459    -2.344504    -1.655911    -0.659281     0.092822     0.561578     0.858440     1.080594     1.275456     1.458431     1.633333     1.803588     1.977898     2.174719     2.427017     2.785634     3.316568     4.085503     5.123718     6.374070
   -3.222263    -5.260969    -4.257272    -3.489148    -2.945569    -2.578501    -2.329743    -2.148268    -1.997213    -1.854207    -1.709784    -1.564214    -1.403287    -1.077728     0.066750     3.881711    14.064117    21.339042    19.250061    15.224150    14.083834     0.396333    -3.403137    -6.485058    -7.237726    -4.099528    -1.781009    -0.340316     0.450377     0.885251     1.163006     1.379175     1.570794     1.753035     1.939086     2.150866     2.426379     2.824040     3.419450     4.287430     5.463572     6.885443
   -3.389084    -5.509953    -4.428437    -3.594066    -2.999775    -2.597588    -2.326193    -2.130373    -1.969603    -1.818042    -1.656759    -1.447128    -1.049379    -0.038596     2.519630     7.928021    17.261956    41.418656     0.000000     0.000000     0.000000     0.000000     0.000000   -13.048540   -13.680587    -8.990574    -5.171034    -2.232930    -0.467543     0.467234     0.963432     1.267467     1.495766     1.697047     1.897579     2.125867     2.426192     2.865125     3.527905     4.497684     5.812728     7.404451
   -3.540725    -5.745779    -4.597563    -3.702091    -3.058281    -2.620302    -2.325062    -2.113374    -1.939439    -1.768169    -1.557193    -1.209670    -0.476820     1.178479     4.656641    15.167957    55.466888     0.000000     0.000000     0.000000     0.000000     0.000000     0.000000     0.000000     0.000000   -18.368317   -11.439371    -5.989227    -2.435501    -0.455292     0.553021     1.076539     1.392801     1.631337     1.852722     2.100230     2.427358     2.909761     3.642034     4.714074     6.164252     7.916577
   -3.672686    -5.962904    -4.761961    -3.812513    -3.121436    -2.647341    -2.326893    -2.097247    -1.906059    -1.705855    -1.427117    -0.914465     0.200372     2.719598     8.236080    23.282378     0.000000     0.000000     0.000000     0.000000     0.000000     0.000000     0.000000     0.000000     0.000000   -26.211634   -16.517518   -10.133361    -5.160486    -1.966615    -0.189076     0.732526     1.228439     1.543504     1.800903     2.073612     2.430691     2.958950     3.761975     4.934102     6.510369     8.405898
   -3.781244    -6.156234    -4.918840    -3.924387    -3.189404    -2.679229    -2.331888    -2.080914    -1.864768    -1.615435    -1.214984    -0.397069     1.432958     5.423414    13.223488    29.983864     0.000000     0.000000     0.000000     0.000000     0.000000     0.000000     0.000000     0.000000     0.000000   -21.759957   -17.643664   -12.566975    -7.438390    -3.560035    -1.117382     0.251641     0.991482     1.424126     1.737900     2.045082     2.436810     3.013669     3.887764     5.154926     6.842806     8.856227
   -3.863727    -6.321412    -5.065382    -4.036485    -3.262060    -2.716259    -2.340051    -2.063429    -1.813697    -1.499572    -0.962518     0.102348     2.179708     5.569350     8.056810    44.422769     0.000000     0.000000     0.000000     0.000000     0.000000     0.000000     0.000000     0.000000     0.000000     0.000000   -23.256052   -15.722233    -9.786486    -5.229114    -2.167775    -0.338567     0.684546     1.269258     1.660713     2.013740     2.446214     3.074756     4.019172     5.373334     7.153230     9.252423
   -3.918691    -6.455073    -5.198842    -4.147272    -3.338944    -2.758510    -2.351479    -2.044905    -1.754873    -1.369572    -0.705503     0.541794     2.767132     6.205963    10.880774    20.454220     0.000000     0.000000     0.000000     0.000000     0.000000     0.000000     0.000000     0.000000     0.000000    -4.515965   -15.189662   -14.603244   -10.688556    -6.445454    -3.132436    -0.957877     0.333491     1.084574     1.569658     1.979572     2.459495     3.142838     4.155565     5.585761     7.433723     9.581677
   -3.945966    -6.555023    -5.316687    -4.254953    -3.419244    -2.805866    -2.366451    -2.026331    -1.691840    -1.235183    -0.459220     0.929765     3.273215     6.770840    11.235129    15.491141     0.000000     0.000000     0.000000     0.000000     0.000000     0.000000     0.000000     0.000000     0.000000    -3.640041   -10.664359   -12.570088   -10.572748    -7.107601    -3.880061    -1.526050    -0.024645     0.883729     1.468910     1.943988     2.477545     3.218303     4.295819     5.788360     7.677267     9.834560
   -3.946568    -6.620330    -5.416734    -4.357550    -3.501819    -2.858018    -2.385378    -2.009270    -1.628896    -1.106301    -0.243372     1.216696     3.474416     6.239761     7.248507     9.654512    18.265894     0.000000     0.000000     0.000000     0.000000     0.000000     0.000000     0.000000     0.000000    -3.230032    -8.330779   -10.744003    -9.976127    -7.330086    -4.381706    -1.994749    -0.357173     0.682952     1.365203     1.909704     2.501573     3.301249     4.438274     5.977146     7.878187    10.005681
   -3.922515    -6.651304    -5.497285    -4.453025    -3.585250    -2.914442    -2.408683    -1.995471    -1.570145    -0.990616    -0.068448     1.401199     3.476555     5.615860     5.939808     2.545465     9.811574     0.000000     0.000000     0.000000     0.000000     0.000000     0.000000     0.000000     0.518814    -3.400129    -7.120307    -9.352175    -9.233876    -7.264665    -4.665796    -2.347547    -0.642806     0.496464     1.265921     1.880135     2.532927     3.391410     4.580763     6.148197     8.032481    10.093864
   -3.876563    -6.649385    -5.557226    -4.539417    -3.667922    -2.974398    -2.436672    -1.986528    -1.518864    -0.892746     0.063849     1.502535     3.378727     5.108367     5.478876     4.647545     8.592334    10.056413     2.757929     0.671646     0.000000     0.202371     0.806331     0.660659    -1.044410    -3.733979    -6.474781    -8.345137    -8.509990    -7.035280    -4.780305    -2.588776    -0.871602     0.334356     1.177610     1.858704     2.572824     3.488078     4.720690     6.297891     8.138010    10.101866
   -3.811922    -6.616952    -5.596081    -4.614972    -3.748119    -3.036935    -2.469439    -1.983680    -1.477328    -0.814763     0.156546     1.542000     3.238266     4.723750     5.276451     5.388120     7.330684     7.460441     4.340112     2.108035     0.298508     0.295329     0.115739    -0.621488    -2.043912    -4.020533    -6.103060    -7.616412    -7.865321    -6.725932    -4.772801    -2.733003    -1.042010     0.202417     1.105205     1.848290     2.622075     3.590050     4.855174     6.423143     8.194536    10.035734
   -3.731994    -6.557080    -5.614007    -4.678258    -3.824133    -3.100930    -2.506813    -1.987720    -1.446864    -0.756935     0.214686     1.537374     3.082902     4.421740     5.118439     5.553583     6.538242     6.324615     4.547960     2.789890     1.365528     0.538091    -0.236215    -1.236801    -2.572283    -4.195601    -5.853273    -7.071019    -7.309229    -6.386942    -4.682574    -2.798058    -1.157619     0.102898     1.051859     1.850915     2.680904     3.695635     4.981225     6.521609     8.203590     9.903944
   -3.640147    -6.473303    -5.611752    -4.728240    -3.894356    -3.165134    -2.548348    -1.998980    -1.427993    -0.718357     0.243829     1.501996     2.924281     4.167556     4.947714     5.479167     6.015218     5.723278     4.521036     3.115440     1.813159     0.705574    -0.367203    -1.532443    -2.846094    -4.276263    -5.654344    -6.641596    -6.830787    -6.045384    -4.539069    -2.801229    -1.224624     0.035524     1.019095     1.867628     2.748865     3.802725     5.095947     6.591830     8.168232     9.716480
   -3.539560    -6.369375    -5.590564    -4.764314    -3.957370    -3.228242    -2.593351    -2.017361    -1.420591    -0.697428     0.249264     1.445370     2.766686     3.939911     4.757769     5.307920     5.637877     5.345653     4.427889     3.242823     2.009199     0.798983    -0.417819    -1.675197    -2.979703    -4.289810    -5.475165    -6.285028    -6.414284    -5.714198    -4.363045    -2.757548    -1.250133    -0.001590     1.007103     1.898533     2.824865     3.908919     5.196733     6.633302     8.092713     9.483981
   -3.433113    -6.249078    -5.552083    -4.786314    -4.012008    -3.288950    -2.640921    -2.042390    -1.424040    -0.692193     0.235660     1.374132     2.611525     3.727628     4.554824     5.100526     5.339514     5.071404     4.314077     3.268829     2.088029     0.843535    -0.439711    -1.742323    -3.033925    -4.258248    -5.302955    -5.975049    -6.045435    -5.398564    -4.168555    -2.679291    -1.241162    -0.011246     1.015052     1.942900     2.907248     4.011683     5.281435     6.646456     7.982116     9.217020
   -3.323340    -6.116074    -5.498231    -4.794476    -4.057391    -3.346022    -2.690009    -2.073285    -1.437369    -0.700571     0.206970     1.292922     2.459284     3.525457     4.346138     4.882605     5.085473     4.848667     4.193166     3.242357     2.106591     0.857939    -0.451261    -1.769838    -3.041513    -4.196877    -5.132971    -5.696000    -5.713073    -5.099789    -3.964847    -2.576100    -1.204123     0.003319     1.041370     1.999314     2.993946     4.108523     5.348478     6.632579     7.841989     8.925570
   -3.212408    -5.973788    -5.431098    -4.789392    -4.092948    -3.398346    -2.739482    -2.109040    -1.459368    -0.720496     0.166474     1.205043     2.310255     3.331220     4.137220     4.664956     4.857785     4.653321     4.069470     3.187487     2.091787     0.853758    -0.458934    -1.775109    -3.020554    -4.115845    -4.963850    -5.438590    -5.409041    -4.817445    -3.757890    -2.455357    -1.144623     0.038741     1.083977     2.065848     3.082638     4.197144     5.396933     6.593680     7.678023     8.618644
   -3.102127    -5.825346    -5.352846    -4.771945    -4.118413    -3.444975    -2.788194    -2.148501    -1.488682    -0.749994     0.116873     1.112896     2.164738     3.144188     3.931707     4.452132     4.647039     4.473574     3.944494     3.116386     2.057398     0.837953    -0.464950    -1.766945    -2.981396    -4.021837    -4.795571    -5.197280    -5.127556    -4.550453    -3.551482    -2.322629    -1.067440     0.091705     1.140470     2.140237     3.170922     4.275586     5.426524     6.532314     7.495779     8.304091
   -2.993972    -5.673528    -5.265624    -4.743244    -4.133809    -3.485161    -2.835039    -2.190442    -1.523894    -0.787219     0.060393     1.018279     2.023058     2.964233     3.731840     4.246053     4.448250     4.303498     3.818917     3.035533     2.010970     0.814775    -0.470018    -1.750084    -2.930210    -3.919299    -4.628581    -4.968723    -4.864559    -4.297587    -3.348005    -2.182084    -0.976597     0.159039     1.208271     2.220039     3.256475     4.342318     5.437593     6.451410     7.300486     7.988523
   -2.889113    -5.520757    -5.171501    -4.704549    -4.139415    -3.518372    -2.879012    -2.233630    -1.563576    -0.830468    -0.001117     0.922569     1.885535     2.791425     3.538925     4.047511     4.258757     4.140098     3.693208     2.948622     1.956901     0.786895    -0.474315    -1.727246    -2.870849    -3.811252    -4.463437    -4.750850    -4.617179    -4.057683    -3.148936    -2.036841    -0.875468     0.237768     1.284750     2.302783     3.337179     4.396288     5.431020     6.354091     7.096896     7.677328
   -2.788453    -5.369102    -5.072421    -4.657215    -4.135727    -3.544294    -2.919242    -2.276884    -1.606346    -0.878185    -0.066104     0.826847     1.752453     2.625853     3.353671     3.856805     4.077128     3.981892     3.567803     2.857931     1.897915     0.756047    -0.477847    -1.700099    -2.805830    -3.699798    -4.300666    -4.542341    -4.383353    -3.829703    -2.955170    -1.889250    -0.766892     0.325132     1.367324     2.386099     3.411225     4.436941     5.408124     6.243523     6.889199     7.374750
   -2.692659    -5.220285    -4.970163    -4.602630    -4.123416    -3.562826    -2.955019    -2.319121    -1.650904    -0.928960    -0.133255     0.731974     1.624043     2.467556     3.176405     3.673998     3.902587     3.828186     3.443142     2.764983     1.835796     0.723401    -0.480577    -1.669733    -2.736874    -3.586442    -4.140717    -4.342317    -4.161558    -3.612745    -2.767239    -1.741104    -0.653275     0.418596     1.453540     2.467817     3.477174     4.464189     5.370550     6.122784     6.680983     7.084002
   -2.602198    -5.075710    -4.866321    -4.542166    -4.103283    -3.574056    -2.985815    -2.359384    -1.696056    -0.981527    -0.201448     0.638648     1.500480     2.316503     3.007214     3.499030     3.734700     3.678697     3.319651     2.670866     1.771784     0.689769    -0.482468    -1.636909    -2.665205    -3.472282    -3.983949    -4.150161    -3.950639    -3.406037    -2.585447    -1.593798    -0.536674     0.515859     1.541138     2.546043     3.533986     4.478364     5.320153     5.994762     6.475237     6.807396
   -2.517368    -4.936486    -4.762294    -4.477146    -4.076214    -3.578244    -3.011277    -2.396871    -1.740743    -1.034763    -0.269720     0.547441     1.381886     2.172600     2.846030     3.331770     3.573206     3.533345     3.197729     2.576401     1.706774     0.655736    -0.483499    -1.602186    -2.591732    -3.358142    -3.830643    -3.965411    -3.749687    -3.208912    -2.409963    -1.448438    -0.418854     0.614861     1.628102     2.619206     3.581024     4.480147     5.258893     5.862089     6.274374     6.546481
   -2.438323    -4.803460    -4.659281    -4.408806    -4.043139    -3.575785    -3.031226    -2.430941    -1.784049    -1.087686    -0.337247     0.458821     1.268332     2.035701     2.692681     3.172033     3.417922     3.392140     3.077738     2.482228     1.641441     0.621730    -0.483667    -1.565997    -2.517147    -3.244647    -3.681007    -3.787696    -3.557970    -3.020801    -2.240873    -1.305922    -0.301335     0.713786     1.712697     2.686080     3.618020     4.470485     5.188742     5.727095     6.080279     6.302171
   -2.365102    -4.677243    -4.558290    -4.338281    -4.005001    -3.567183    -3.045639    -2.461116    -1.825209    -1.139455    -0.403330     0.373173     1.159848     1.905620     2.546932     3.019595     3.268695     3.255124     2.959989     2.388860     1.576306     0.588076    -0.482980    -1.528690    -2.441990    -3.132276    -3.535189    -3.616708    -3.374877    -2.841207    -2.078217    -1.166985    -0.185419     0.811070     1.793481     2.745785     3.645042     4.450521     5.111611     5.591789     5.894362     6.074866
   -2.297651    -4.558246    -4.460143    -4.266587    -3.962722    -3.553014    -3.054630    -2.487075    -1.863611    -1.189365    -0.467378     0.290806     1.056431     1.782142     2.408504     2.874207     3.125377     3.122336     2.844745     2.296709     1.511778     0.555017    -0.481461    -1.490548    -2.366695    -3.021403    -3.393288    -3.452173    -3.199892    -2.669703    -1.922007    -1.032236    -0.072213     0.905396     1.869315     2.797769     3.662431     4.421509     5.029290     5.457860     5.717617     5.864563
   -2.235841    -4.446705    -4.365494    -4.194617    -3.917181    -3.533904    -3.058424    -2.508643    -1.898791    -1.236843    -0.528909     0.211967     0.958047     1.665036     2.277094     2.735598     2.987809     2.993798     2.732218     2.206108     1.448183     0.522741    -0.479137    -1.451812    -2.291610    -2.912318    -3.255364    -3.293844    -3.032566    -2.505914    -1.772238    -0.902178     0.037362     0.995694     1.939348     2.841774     3.670748     4.384753     4.943413     5.326684     5.550686     5.670941
   -2.179484    -4.342708    -4.274841    -4.123140    -3.869198    -3.510497    -3.057337    -2.525772    -1.930422    -1.281442    -0.587536     0.136840     0.864634     1.554056     2.152387     2.603484     2.855824     2.869509     2.622576     2.117323     1.385777     0.491390    -0.476046    -1.412685    -2.217020    -2.805247    -3.121442    -3.141491    -2.872507    -2.349512    -1.628887    -0.777215     0.142560     1.081129     2.003004     2.877797     3.670710     4.341548     4.855431     5.199352     5.393914     5.493447
   -2.128351    -4.246226    -4.188545    -4.052800    -3.819523    -3.483437    -3.051749    -2.538524    -1.958302    -1.322834    -0.642964     0.065557     0.776112     1.448953     2.034061     2.477574     2.729240     2.749445     2.515941     2.030565     1.324766     0.461071    -0.472226    -1.373342    -2.143158    -2.700361    -2.991522    -2.994900    -2.719366    -2.200201    -1.491921    -0.657665     0.242794     1.161088     2.059951     2.906046     3.663141     4.293143     4.766607     5.076692     5.247407     5.331359
   -2.082179    -4.157126    -4.106846    -3.984128    -3.768826    -3.453349    -3.042084    -2.547051    -1.982341    -1.360795    -0.694983    -0.001805     0.692376     1.349472     1.921795     2.357575     2.607867     2.633558     2.412401     1.945999     1.265308     0.431864    -0.467720    -1.333933    -2.070217    -2.597795    -2.865586    -2.853869    -2.572828    -2.057715    -1.361286    -0.543757     0.337636     1.235162     2.110069     2.926893     3.648922     4.240702     4.678007     4.959304     5.111075     5.183837
   -2.040687    -4.075202    -4.029880    -3.917548    -3.717695    -3.420826    -3.028790    -2.551572    -2.002543    -1.395201    -0.743460    -0.065214     0.613304     1.255359     1.815273     2.243195     2.491507     2.521782     2.312011     1.863749     1.207527     0.403822    -0.462573    -1.294590    -1.998354    -2.497647    -2.743597    -2.718205    -2.432607    -1.921805    -1.236908    -0.435645     0.426795     1.303120     2.153416     2.940833     3.628946     4.185289     4.590519     4.847592     4.984679     5.049971
   -2.003579    -4.000183    -3.957697    -3.853388    -3.666639    -3.386417    -3.012323    -2.552363    -2.018992    -1.426008    -0.788331    -0.124685     0.538757     1.166360     1.714187     2.134146     2.379961     2.414034     2.214797     1.783906     1.151513     0.376982    -0.456831    -1.255425    -1.927699    -2.399989    -2.625507    -2.587724    -2.298438    -1.792239    -1.118694    -0.333401     0.510110     1.364890     2.190197     2.948442     3.604096     4.127854     4.504856     4.741790     4.867867     4.928811
   -1.970553    -3.931754    -3.890272    -3.791887    -3.616089    -3.350627    -2.993131    -2.549733    -2.031835    -1.453248    -0.829595    -0.180268     0.468580     1.082222     1.618238     2.030151     2.273028     2.310222     2.120763     1.706532     1.097330     0.351365    -0.450539    -1.216537    -1.858355    -2.304870    -2.511258    -2.462249    -2.170074    -1.668791    -1.006524    -0.237033     0.587532     1.420531     2.220726     2.950344     3.575210     4.069228     4.421578     4.641996     4.760203     4.819396
   -1.941306    -3.869570    -3.827523    -3.733213    -3.566402    -3.313905    -2.971648    -2.544010    -2.041266    -1.477008    -0.867304    -0.232053     0.402603     1.002699     1.527136     1.930938     2.170506     2.210240     2.029895     1.631663     1.045020     0.326976    -0.443743    -1.178011    -1.790408    -2.212319    -2.400782    -2.341609    -2.047283    -1.551239    -0.900255    -0.146482     0.659108     1.470209     2.245397     2.947185     3.543074     4.010125     4.341107     4.548196     4.661194     4.720775
   -1.915540    -3.813260    -3.769318    -3.677467    -3.517868    -3.276651    -2.948286    -2.535535    -2.047516    -1.497424    -0.901554    -0.280156     0.340648     0.927543     1.440606     1.836249     2.072202     2.113979     1.942160     1.559316     0.994607     0.303812    -0.436487    -1.139920    -1.723923    -2.122352    -2.294008    -2.225641    -1.929841    -1.439366    -0.799723    -0.061633     0.724969     1.514172     2.264662     2.939606     3.508405     3.951147     4.263748     4.460286     4.570312     4.632020
   -1.892963    -3.762445    -3.715492    -3.624694    -3.470718    -3.239213    -2.923424    -2.524646    -2.050838    -1.514671    -0.932475    -0.324721     0.282523     0.856515     1.358381     1.745837     1.977924     2.021325     1.857515     1.489491     0.946098     0.281859    -0.428817    -1.102326    -1.658953    -2.034971    -2.190857    -2.114183    -1.817534    -1.332952    -0.704739     0.017674     0.785311     1.552735     2.279000     2.928230     3.471847     3.892792     4.189702     4.378096     4.487011     4.552238
   -1.873293    -3.716739    -3.665849    -3.574897    -3.425127    -3.201890    -2.897412    -2.511673    -2.051500    -1.528948    -0.960231    -0.365911     0.228034     0.789378     1.280208     1.659465     1.887488     1.932162     1.775906     1.422170     0.899486     0.261098    -0.420773    -1.065284    -1.595535    -1.950165    -2.091248    -2.007079    -1.710157    -1.231777    -0.615098     0.091643     0.840380     1.586253     2.288907     2.913646     3.433971     3.835465     4.119087     4.301402     4.410739     4.480578
   -1.856258    -3.675757    -3.620176    -3.528039    -3.381224    -3.164933    -2.870566    -2.496931    -2.049775    -1.540472    -0.985001    -0.403903     0.176977     0.725904     1.205845     1.576910     1.800717     1.846373     1.697270     1.357327     0.854753     0.241500    -0.412398    -1.028839    -1.533695    -1.867916    -1.995096    -1.904177    -1.607505    -1.135621    -0.530580     0.160504     0.890461     1.615108     2.294873     2.896404     3.395274     3.779485     4.051950     4.229947     4.340949     4.416240
   -1.841602    -3.639124    -3.578247    -3.484055    -3.339098    -3.128555    -2.843169    -2.480720    -2.045934    -1.549473    -1.006982    -0.438887     0.129152     0.665868     1.135063     1.497961     1.717441     1.763840     1.621539     1.294925     0.811872     0.223036    -0.403730    -0.993029    -1.473452    -1.788196    -1.902313    -1.805326    -1.509384    -1.044261    -0.450951     0.224513     0.935866     1.639697     2.297377     2.877006     3.356184     3.725097     3.988282     4.163448     4.277110     4.358473
   -1.829080    -3.606471    -3.539827    -3.442855    -3.298801    -3.092928    -2.815470    -2.463315    -2.040242    -1.556184    -1.026381    -0.471058     0.084353     0.609056     1.067644     1.422419     1.637499     1.684449     1.548639     1.234917     0.770810     0.205670    -0.394808    -0.957884    -1.414812    -1.710971    -1.812809    -1.710379    -1.415599    -0.957477    -0.375969     0.283943     0.976920     1.660418     2.296875     2.855909     3.317064     3.672483     3.928030     4.101609     4.218708     4.306578
   -1.818463    -3.577445    -3.504680    -3.404334    -3.260358    -3.058191    -2.787688    -2.444973    -2.032952    -1.560837    -1.043407    -0.500615     0.042382     0.555261     1.003383     1.350097     1.560737     1.608086     1.478494     1.177252     0.731525     0.189363    -0.385666    -0.923430    -1.357777    -1.636201    -1.726493    -1.619191    -1.325963    -0.875048    -0.305389     0.339073     1.013955     1.677663     2.293794     2.833517     3.278219     3.621772     3.871104     4.044126     4.165255     4.259911
   -1.809535    -3.551709    -3.472572    -3.368372    -3.223770    -3.024451    -2.760009    -2.425923    -2.024305    -1.563659    -1.058268    -0.527757     0.003039     0.504283     0.942086     1.280818     1.487008     1.534640     1.411023     1.121872     0.693971     0.174078    -0.376337    -0.889687    -1.302340    -1.563843    -1.643273    -1.531623    -1.240291    -0.796757    -0.238962     0.390189     1.047303     1.691808     2.288533     2.810190     3.239897     3.573044     3.817390     3.990697     4.116289     4.217877
   -1.802098    -3.528940    -3.443271    -3.334841    -3.189018    -2.991792    -2.732597    -2.406376    -2.014525    -1.564870    -1.071172    -0.552679    -0.033864     0.455933     0.883572     1.214417     1.416174     1.464003     1.346147     1.068716     0.658101     0.159771    -0.366854    -0.856669    -1.248490    -1.493846    -1.563055    -1.447533    -1.158403    -0.722389    -0.176442     0.437572     1.077288     1.703213     2.281452     2.786241     3.202302     3.526344     3.766756     3.941025     4.071378     4.179936
   -1.795966    -3.508837    -3.416552    -3.303607    -3.156067    -2.960273    -2.705587    -2.386518    -2.003822    -1.564678    -1.082316    -0.575569    -0.068513     0.410033     0.827668     1.150740     1.348103     1.396069     1.283783     1.017720     0.623861     0.146403    -0.357245    -0.824387    -1.196209    -1.426159    -1.485746    -1.366787    -1.080125    -0.651735    -0.117587     0.481502     1.104223     1.712215     2.272882     2.761942     3.165594     3.481684     3.719056     3.894821     4.030119     4.145593
   -1.790968    -3.491116    -3.392201    -3.274536    -3.124871    -2.929933    -2.679094    -2.366513    -1.992385    -1.563281    -1.091893    -0.596612    -0.101083     0.366412     0.774214     1.089641     1.282670     1.330736     1.223848     0.968817     0.591198     0.133930    -0.347538    -0.792848    -1.145479    -1.360727    -1.411253    -1.289253    -1.005286    -0.584591    -0.062160     0.522246     1.128407     1.719126     2.263118     2.737524     3.129898     3.439053     3.674137     3.851807     3.992137     4.114401
   -1.786948    -3.475512    -3.370009    -3.247490    -3.095371    -2.900798    -2.653211    -2.346506    -1.980390    -1.560861    -1.100083    -0.615981    -0.131742     0.324911     0.723062     1.030984     1.219759     1.267905     1.166261     0.921939     0.560056     0.122311    -0.337758    -0.762054    -1.096273    -1.297493    -1.339482    -1.214799    -0.933723    -0.520761    -0.009935     0.560062     1.150121     1.724234     2.252420     2.713184     3.095307     3.398418     3.631841     3.811720     3.957090     4.085958
   -1.783763    -3.461779    -3.349781    -3.222335    -3.067506    -2.872876    -2.628013    -2.326625    -1.967992    -1.557588    -1.107056    -0.633840    -0.160646     0.285380     0.674070     0.974643     1.159257     1.207481     1.110941     0.877018     0.530380     0.111503    -0.327927    -0.732007    -1.048564    -1.236398    -1.270341    -1.143300    -0.865276    -0.460055     0.039309     0.595195     1.169627     1.727802     2.241022     2.689087     3.061887     3.359731     3.592010     3.774311     3.924663     4.059901
   -1.781284    -3.449690    -3.331331    -3.198940    -3.041206    -2.846165    -2.603561    -2.306976    -1.955332    -1.553618    -1.112970    -0.650345    -0.187943     0.247680     0.627110     0.920499     1.101058     1.149369     1.057806     0.833985     0.502113     0.101468    -0.318068    -0.702704    -1.002323    -1.177382    -1.203738    -1.074634    -0.799793    -0.402292     0.085778     0.627876     1.187170     1.730065     2.229125     2.665368     3.029682     3.322933     3.554488     3.739347     3.894569     4.035908
   -1.779392    -3.439038    -3.314487    -3.177177    -3.016399    -2.820654    -2.579900    -2.287653    -1.942534    -1.549092    -1.117972    -0.665638    -0.213771     0.211680     0.582059     0.868442     1.045063     1.093481     1.006778     0.792771     0.475198     0.092163    -0.308200    -0.674140    -0.957519    -1.120384    -1.139584    -1.008681    -0.737127    -0.347298     0.129671     0.658321     1.202973     1.731238     2.216904     2.642137     2.998717     3.287956     3.519123     3.706610     3.866548     4.013692
   -1.777982    -3.429632    -3.299086    -3.156922    -2.993013    -2.796324    -2.557064    -2.268735    -1.929710    -1.544138    -1.122196    -0.679852    -0.238257     0.177261     0.538806     0.818366     0.991175     1.039731     0.957778     0.753307     0.449582     0.083551    -0.298341    -0.646308    -0.914116    -1.065344    -1.077791    -0.945326    -0.677137    -0.294909     0.171172     0.686730     1.217242     1.731510     2.204511     2.619483     2.968999     3.254726     3.485768     3.675900     3.840364     3.992998
   -1.776960    -3.421299    -3.284977    -3.138060    -2.970972    -2.773149    -2.535075    -2.250285    -1.916953    -1.538870    -1.125764    -0.693110    -0.261519     0.144310     0.497246     0.770175     0.939306     0.988034     0.910730     0.715528     0.425207     0.075594    -0.288507    -0.619200    -0.872081    -1.012200    -1.018270    -0.884459    -0.619689    -0.244969     0.210455     0.713290     1.230160     1.731048     2.192074     2.597474     2.940526     3.223165     3.454281     3.647029     3.815806     3.973603
   -1.776241    -3.413881    -3.272023    -3.120478    -2.950202    -2.751098    -2.513948    -2.232357    -1.904348    -1.533390    -1.128786    -0.705523    -0.283666     0.112725     0.457282     0.723778     0.889369     0.938310     0.865559     0.679366     0.402022     0.068255    -0.278713    -0.592807    -0.831379    -0.960891    -0.960938    -0.825971    -0.564655    -0.197331     0.247683     0.738170     1.241897     1.730001     2.179701     2.576163     2.913282     3.193192     3.424528     3.619828     3.792684     3.955312
   -1.775752    -3.407236    -3.260094    -3.104072    -2.930631    -2.730137    -2.493688    -2.214993    -1.891966    -1.527789    -1.131362    -0.717193    -0.304797     0.082411     0.418824     0.679090     0.841282     0.890481     0.822193     0.644756     0.379974     0.061500    -0.268972    -0.567117    -0.791972    -0.911357    -0.905712    -0.769758    -0.511912    -0.151858     0.283007     0.761529     1.252603     1.728497     2.167482     2.555585     2.887244     3.164727     3.396383     3.594140     3.770830     3.937952
   -1.775426    -3.401238    -3.249073    -3.088743    -2.912187    -2.710228    -2.474294    -2.198226    -1.879867    -1.522146    -1.133582    -0.728212    -0.325001     0.053282     0.381789     0.636031     0.794969     0.844473     0.780562     0.611636     0.359010     0.055294    -0.259296    -0.542117    -0.753825    -0.863538    -0.852510    -0.715723    -0.461345    -0.108418     0.316567     0.783507     1.262412     1.726650     2.155493     2.535765     2.862382     3.137688     3.369726     3.569823     3.750093     3.921377
   -1.775208    -3.395773    -3.238853    -3.074397    -2.894800    -2.691332    -2.455759    -2.182082    -1.868102    -1.516529    -1.135523    -0.738663    -0.344362     0.025256     0.346100     0.594525     0.750355     0.800214     0.740595     0.579943     0.339083     0.049605    -0.249696    -0.517796    -0.716900    -0.817376    -0.801255    -0.663769    -0.412844    -0.066889     0.348492     0.804237     1.271445     1.724555     2.143793     2.516719     2.838660     3.111998     3.344446     3.546748     3.730341     3.905459
   -1.775046    -3.390741    -3.229336    -3.060949    -2.878404    -2.673409    -2.438072    -2.166576    -1.856712    -1.510997    -1.137256    -0.748619    -0.362954    -0.001739     0.311685     0.554502     0.707370     0.757633     0.702226     0.549618     0.320143     0.044403    -0.240182    -0.494139    -0.681162    -0.772812    -0.751869    -0.613804    -0.366303    -0.027158     0.378902     0.823834     1.279808     1.722295     2.132431     2.498450     2.816041     3.087579     3.320438     3.524798     3.711455     3.890089
   -1.774900    -3.386051    -3.220435    -3.048319    -2.862935    -2.656416    -2.421217    -2.151721    -1.845731    -1.505601    -1.138842    -0.758147    -0.380845    -0.027770     0.278479     0.515895     0.665947     0.716663     0.665392     0.520602     0.302144     0.039657    -0.230763    -0.471133    -0.646573    -0.729790    -0.704281    -0.565741    -0.321624     0.010882     0.407907     0.842406     1.287594     1.719942     2.121442     2.480957     2.794482     3.064355     3.297606     3.503867     3.693334     3.875175
   -1.774733    -3.381627    -3.212070    -3.036432    -2.848330    -2.640310    -2.405176    -2.137520    -1.835184    -1.500383    -1.140334    -0.767306    -0.398095    -0.052898     0.246418     0.478642     0.626023     0.677241     0.630028     0.492839     0.285042     0.035340    -0.221445    -0.448763    -0.613098    -0.688256    -0.658417    -0.519496    -0.278713     0.047331     0.435607     0.860048     1.294886     1.717552     2.110856     2.464231     2.773941     3.042256     3.275860     3.483861     3.675889     3.860638
   -1.774515    -3.377400    -3.204168    -3.025219    -2.834533    -2.625052    -2.389927    -2.123974    -1.825093    -1.495380    -1.141778    -0.776148    -0.414760    -0.077180     0.215447     0.442683     0.587535     0.639304     0.596075     0.466275     0.268792     0.031425    -0.212237    -0.427015    -0.580701    -0.648154    -0.614210    -0.474987    -0.237483     0.082281     0.462095     0.876847     1.301755     1.715177     2.100691     2.448260     2.754372     3.021213     3.255119     3.464694     3.659039     3.846415
   -1.774221    -3.373310    -3.196667    -3.014618    -2.821486    -2.610597    -2.375446    -2.111079    -1.815470    -1.490619    -1.143213    -0.784718    -0.430888    -0.100666     0.185511     0.407964     0.550427     0.602792     0.563475     0.440857     0.253355     0.027886    -0.203143    -0.405872    -0.549348    -0.609433    -0.571593    -0.432140    -0.197848     0.115820     0.487457     0.892880     1.308264     1.712856     2.090960     2.433025     2.735731     3.001161     3.235307     3.446291     3.642720     3.832451
   -1.773831    -3.369308    -3.189509    -3.004571    -2.809138    -2.596907    -2.361708    -2.098828    -1.806325    -1.486124    -1.144673    -0.793057    -0.446524    -0.123404     0.156561     0.374430     0.514641     0.567648     0.532170     0.416534     0.238689     0.024699    -0.194170    -0.385322    -0.519004    -0.572042    -0.530502    -0.390879    -0.159731     0.148028     0.511770     0.908216     1.314468     1.710622     2.081670     2.418507     2.717974     2.982038     3.216353     3.428584     3.626871     3.818702
   -1.773328    -3.365351    -3.182643    -2.995025    -2.797440    -2.583940    -2.348688    -2.087208    -1.797662    -1.481913    -1.146185    -0.801198    -0.461706    -0.145437     0.128550     0.342033     0.480125     0.533817     0.502108     0.393258     0.224757     0.021841    -0.185321    -0.365348    -0.489636    -0.535932    -0.490876    -0.351136    -0.123057     0.178981     0.535106     0.922917     1.320412     1.708502     2.072823     2.404681     2.701056     2.963785     3.198195     3.411513     3.611443     3.805134
   -1.772700    -3.361401    -3.176025    -2.985931    -2.786345    -2.571658    -2.336356    -2.076208    -1.789483    -1.477998    -1.147773    -0.809173    -0.476471    -0.166805     0.101436     0.310725     0.446828     0.501245     0.473235     0.370982     0.211523     0.019291    -0.176601    -0.345935    -0.461210    -0.501054    -0.452655    -0.312842    -0.087755     0.208747     0.557529     0.937039     1.326138     1.706514     2.064416     2.391525     2.684934     2.946349     3.180774     3.395023     3.596394     3.791717
   -1.771938    -3.357429    -3.169616    -2.977246    -2.775810    -2.560023    -2.324687    -2.065811    -1.781784    -1.474390    -1.149455    -0.817008    -0.490849    -0.187542     0.075178     0.280461     0.414701     0.469881     0.445502     0.349661     0.198951     0.017028    -0.168013    -0.327070    -0.433696    -0.467363    -0.415781    -0.275936    -0.053759     0.237393     0.579099     0.950631     1.331679     1.704676     2.056444     2.379012     2.669568     2.929678     3.164037     3.379068     3.581687     3.778432
   -1.771036    -3.353410    -3.163381    -2.968929    -2.765794    -2.548998    -2.313650    -2.056000    -1.774561    -1.471093    -1.151247    -0.824724    -0.504870    -0.207682     0.049738     0.251198     0.383697     0.439677     0.418860     0.329252     0.187008     0.015032    -0.159559    -0.308736    -0.407062    -0.434814    -0.380202    -0.240356    -0.021006     0.264979     0.599871     0.963736     1.337064     1.702996     2.048898     2.367116     2.654915     2.913723     3.147936     3.363605     3.567292     3.765262
   -1.769989    -3.349324    -3.157291    -2.960946    -2.756260    -2.538550    -2.303220    -2.046757    -1.767805    -1.468110    -1.153159    -0.832341    -0.518557    -0.227256     0.025080     0.222896     0.353771     0.410585     0.393263     0.309713     0.175662     0.013286    -0.151242    -0.290920    -0.381278    -0.403364    -0.345864    -0.206044     0.010563     0.291562     0.619894     0.976394     1.342318     1.701484     2.041767     2.355809     2.640939     2.898441     3.132427     3.348599     3.553184     3.752194
   -1.768795    -3.345156    -3.151320    -2.953262    -2.747172    -2.528643    -2.293366    -2.038063    -1.761506    -1.465441    -1.155201    -0.839873    -0.531932    -0.246291     0.001172     0.195516     0.324880     0.382560     0.368667     0.291005     0.164883     0.011771    -0.143065    -0.273608    -0.356315    -0.372971    -0.312717    -0.172945     0.041003     0.317194     0.639214     0.988639     1.347461     1.700143     2.035040     2.345065     2.627600     2.883789     3.117470     3.334015     3.539340     3.739223
   -1.767456    -3.340893    -3.145446    -2.945850    -2.738498    -2.519247    -2.284063    -2.029896    -1.755654    -1.463084    -1.157377    -0.847336    -0.545016    -0.264813    -0.022019     0.169021     0.296984     0.355558     0.345028     0.273090     0.154641     0.010471    -0.135027    -0.256785    -0.332144    -0.343596    -0.280713    -0.141007     0.070368     0.341924     0.657873     1.000502     1.352510     1.698974     2.028701     2.334857     2.614864     2.869729     3.103029     3.319826     3.525745     3.726342
   -1.765972    -3.336528    -3.139649    -2.938683    -2.730207    -2.510331    -2.275283    -2.022237    -1.750234    -1.461033    -1.159692    -0.854738    -0.557826    -0.282845    -0.044522     0.143378     0.270042     0.329537     0.322307     0.255932     0.144910     0.009372    -0.127131    -0.240437    -0.308739    -0.315200    -0.249805    -0.110180     0.098707     0.365797     0.675908     1.012010     1.357480     1.697977     2.022737     2.325158     2.602697     2.856225     3.089072     3.306007     3.512383     3.713550
   -1.764347    -3.332054    -3.133916    -2.931737    -2.722271    -2.501865    -2.266999    -2.015064    -1.745234    -1.459283    -1.162147    -0.862090    -0.570378    -0.300411    -0.066364     0.118551     0.244018     0.304458     0.300462     0.239496     0.135664     0.008458    -0.119377    -0.224552    -0.286072    -0.287745    -0.219950    -0.080416     0.126066     0.388858     0.693354     1.023188     1.362381     1.697149     2.017132     2.315943     2.591067     2.843244     3.075568     3.292535     3.499242     3.700847
   -1.762584    -3.327468    -3.128232    -2.924991    -2.714665    -2.493822    -2.259186    -2.008355    -1.740638    -1.457826    -1.164741    -0.869398    -0.582685    -0.317528    -0.087572     0.094509     0.218874     0.280283     0.279458     0.223748     0.126876     0.007715    -0.111766    -0.209116    -0.264118    -0.261196    -0.191106    -0.051671     0.152491     0.411144     0.710244     1.034057     1.367222     1.696487     2.011871     2.307188     2.579944     2.830754     3.062490     3.279391     3.486313     3.688235
   -1.760687    -3.322770    -3.122587    -2.918427    -2.707364    -2.486177    -2.251818    -2.002090    -1.736430    -1.456654    -1.167474    -0.876667    -0.594759    -0.334218    -0.108172     0.071222     0.194577     0.256974     0.259258     0.208658     0.118523     0.007132    -0.104298    -0.194116    -0.242852    -0.235520    -0.163231    -0.023901     0.178023     0.432694     0.726607     1.044635     1.372012     1.695986     2.006937     2.298866     2.569299     2.818728     3.049815     3.266558     3.473590     3.675716
   -1.758664    -3.317959    -3.116971    -2.912029    -2.700348    -2.478905    -2.244873    -1.996248    -1.732596    -1.455756    -1.170343    -0.883903    -0.606612    -0.350495    -0.128185     0.048661     0.171093     0.234495     0.239827     0.194195     0.110583     0.006696    -0.096972    -0.179539    -0.222250    -0.210682    -0.136287     0.002934     0.202701     0.453541     0.742469     1.054940     1.376754     1.695639     2.002314     2.290957     2.559105     2.807138     3.037520     3.254021     3.461064     3.663295
   -1.756519    -3.313039    -3.111379    -2.905781    -2.693594    -2.471983    -2.238325    -1.990807    -1.729117    -1.455122    -1.173343    -0.891106    -0.618252    -0.366378    -0.147635     0.026799     0.148390     0.212814     0.221132     0.180329     0.103035     0.006395    -0.089788    -0.165373    -0.202289    -0.186651    -0.110237     0.028874     0.226563     0.473719     0.757856     1.064987     1.381455     1.695441     1.997988     2.283436     2.549338     2.795961     3.025586     3.241767     3.448733     3.650976
   -1.754260    -3.308012    -3.105804    -2.899671    -2.687086    -2.465388    -2.232154    -1.985748    -1.725979    -1.454742    -1.176471    -0.898280    -0.629689    -0.381880    -0.166543     0.005607     0.126438     0.191898     0.203143     0.167035     0.095857     0.006218    -0.082747    -0.151606    -0.182947    -0.163398    -0.085047     0.053955     0.249644     0.493258     0.772790     1.074790     1.386115     1.695384     1.993941     2.276283     2.539973     2.785175     3.013993     3.229785     3.436593     3.638764
   -1.751892    -3.302884    -3.100243    -2.893687    -2.680805    -2.459101    -2.226338    -1.981050    -1.723165    -1.454604    -1.179720    -0.905426    -0.640929    -0.397016    -0.184929    -0.014938     0.105207     0.171715     0.185828     0.154284     0.089031     0.006157    -0.075846    -0.138227    -0.164202    -0.140893    -0.060680     0.078213     0.271977     0.512185     0.787292     1.084359     1.390738     1.695461     1.990160     2.269478     2.530988     2.774758     3.002726     3.218064     3.424641     3.626665
   -1.749424    -3.297659    -3.094693    -2.887820    -2.674736    -2.453102    -2.220856    -1.976695    -1.720658    -1.454697    -1.183084    -0.912543    -0.651981    -0.411799    -0.202811    -0.034861     0.084669     0.152236     0.169159     0.142052     0.082538     0.006201    -0.069085    -0.125224    -0.146034    -0.119107    -0.037107     0.101681     0.293594     0.530529     0.801382     1.093706     1.395325     1.695664     1.986629     2.263001     2.522363     2.764691     2.991770     3.206596     3.412874     3.614683
   -1.746861    -3.292344    -3.089152    -2.882061    -2.668866    -2.447374    -2.215689    -1.972663    -1.718443    -1.455008    -1.186558    -0.919632    -0.662848    -0.426241    -0.220209    -0.054185     0.064797     0.133432     0.153107     0.130316     0.076361     0.006342    -0.062463    -0.112586    -0.128422    -0.098014    -0.014295     0.124391     0.314524     0.548313     0.815077     1.102840     1.399877     1.695985     1.983334     2.256835     2.514078     2.754956     2.981110     3.195372     3.401292     3.602824
   -1.744211    -3.286945    -3.083620    -2.876402    -2.663181    -2.441899    -2.210818    -1.968937    -1.716504    -1.455526    -1.190135    -0.926691    -0.673537    -0.440354    -0.237139    -0.072933     0.045567     0.115276     0.137648     0.119053     0.070484     0.006571    -0.055978    -0.100302    -0.111347    -0.077589     0.007785     0.146374     0.334796     0.565561     0.828394     1.111769     1.404393     1.696418     1.980262     2.250961     2.506116     2.745538     2.970735     3.184385     3.389893     3.591094
   -1.741481    -3.281468    -3.078096    -2.870836    -2.657669    -2.436663    -2.206227    -1.965499    -1.714826    -1.456240    -1.193807    -0.933719    -0.684053    -0.454147    -0.253617    -0.091126     0.026952     0.097742     0.122755     0.108240     0.064889     0.006881    -0.049630    -0.088361    -0.094791    -0.057807     0.029161     0.167658     0.354437     0.582295     0.841349     1.120502     1.408872     1.696954     1.977399     2.245363     2.498458     2.736420     2.960633     3.173629     3.378677     3.579497
   -1.738678    -3.275921    -3.072580    -2.865359    -2.652319    -2.431649    -2.201897    -1.962332    -1.713392    -1.457138    -1.197568    -0.940715    -0.694400    -0.467632    -0.269660    -0.108783     0.008930     0.080804     0.108404     0.097857     0.059564     0.007265    -0.043417    -0.076754    -0.078736    -0.038643     0.049860     0.188271     0.373472     0.598537     0.853955     1.129045     1.413316     1.697586     1.974734     2.240027     2.491090     2.727590     2.950793     3.163098     3.367642     3.568038
   -1.735808    -3.270312    -3.067074    -2.859965    -2.647121    -2.426845    -2.197814    -1.959420    -1.712190    -1.458207    -1.201411    -0.947676    -0.704581    -0.480818    -0.285282    -0.125925    -0.008523     0.064439     0.094572     0.087885     0.054493     0.007716    -0.037336    -0.065471    -0.063164    -0.020076     0.069908     0.208239     0.391925     0.614304     0.866227     1.137405     1.417722     1.698308     1.972253     2.234938     2.483996     2.719033     2.941207     3.152787     3.356790     3.556722
   -1.732879    -3.264646    -3.061580    -2.854649    -2.642066    -2.422237    -2.193962    -1.956748    -1.711205    -1.459438    -1.205328    -0.954601    -0.714600    -0.493713    -0.300497    -0.142570    -0.025428     0.048624     0.081238     0.078304     0.049664     0.008227    -0.031388    -0.054502    -0.048060    -0.002083     0.089329     0.227587     0.409818     0.629617     0.878176     1.145586     1.422089     1.699111     1.969947     2.230081     2.477163     2.710738     2.931864     3.142690     3.346118     3.545552
   -1.729897    -3.258933    -3.056097    -2.849409    -2.637147    -2.417815    -2.190327    -1.954301    -1.710423    -1.460819    -1.209313    -0.961488    -0.724460    -0.506327    -0.315320    -0.158736    -0.041806     0.033337     0.068379     0.069097     0.045063     0.008793    -0.025568    -0.043837    -0.033406     0.015356     0.108148     0.246339     0.427174     0.644492     0.889815     1.153595     1.426417     1.699989     1.967804     2.225445     2.470577     2.702694     2.922757     3.132804     3.335626     3.534532
   -1.726867    -3.253178    -3.050630    -2.844242    -2.632355    -2.413566    -2.186896    -1.952065    -1.709832    -1.462340    -1.213358    -0.968333    -0.734163    -0.518667    -0.329762    -0.174440    -0.057676     0.018556     0.055977     0.060247     0.040680     0.009409    -0.019877    -0.033467    -0.019188     0.032262     0.126386     0.264518     0.444012     0.658945     0.901154     1.161436     1.430704     1.700936     1.965813     2.221018     2.464228     2.694890     2.913878     3.123124     3.325315     3.523666
   -1.723795    -3.247388    -3.045179    -2.839144    -2.627684    -2.409481    -2.183657    -1.950027    -1.709418    -1.463989    -1.217457    -0.975135    -0.743713    -0.530741    -0.343836    -0.189699    -0.073059     0.004262     0.044011     0.051738     0.036501     0.010068    -0.014311    -0.023385    -0.005391     0.048653     0.144066     0.282144     0.460353     0.672993     0.912203     1.169113     1.434948     1.701946     1.963966     2.216787     2.458103     2.687317     2.905220     3.113647     3.315184     3.512956
   -1.720689    -3.241572    -3.039748    -2.834114    -2.623126    -2.405550    -2.180597    -1.948174    -1.709170    -1.465758    -1.221604    -0.981892    -0.753112    -0.542556    -0.357555    -0.204527    -0.087971    -0.009565     0.032464     0.043554     0.032517     0.010768    -0.008870    -0.013581     0.008000     0.064549     0.161207     0.299240     0.476215     0.686649     0.922973     1.176631     1.439150     1.703012     1.962254     2.212743     2.452192     2.679965     2.896776     3.104367     3.305231     3.502405
   -1.717552    -3.235735    -3.034338    -2.829149    -2.618678    -2.401763    -2.177706    -1.946494    -1.709076    -1.467637    -1.225791    -0.988600    -0.762361    -0.554119    -0.370929    -0.218940    -0.102432    -0.022943     0.021318     0.035680     0.028718     0.011502    -0.003550    -0.004046     0.020998     0.079966     0.177830     0.315824     0.491615     0.699929     0.933472     1.183993     1.443306     1.704130     1.960667     2.208875     2.446485     2.672825     2.888539     3.095283     3.295456     3.492014
   -1.714390    -3.229883    -3.028952    -2.824249    -2.614333    -2.398114    -2.174973    -1.944976    -1.709126    -1.469617    -1.230012    -0.995257    -0.771463    -0.565437    -0.383969    -0.232953    -0.116456    -0.035890     0.010557     0.028102     0.025093     0.012268     0.001649     0.005226     0.033616     0.094921     0.193954     0.331915     0.506570     0.712844     0.943709     1.191204     1.447416     1.705295     1.959199     2.205175     2.440973     2.665891     2.880505     3.086390     3.285859     3.481787
   -1.711208    -3.224023    -3.023593    -2.819411    -2.610087    -2.394593    -2.172389    -1.943610    -1.709308    -1.471688    -1.234262    -1.001861    -0.780419    -0.576515    -0.396686    -0.246579    -0.130062    -0.048423     0.000163     0.020808     0.021634     0.013060     0.006731     0.014245     0.045866     0.109432     0.209596     0.347531     0.521097     0.725408     0.953692     1.198265     1.451479     1.706500     1.957841     2.201633     2.435648     2.659153     2.872667     3.077685     3.276438     3.471723
   -1.708010    -3.218161    -3.018262    -2.814636    -2.605935    -2.391194    -2.169943    -1.942384    -1.709614    -1.473842    -1.238535    -1.008410    -0.789232    -0.587360    -0.409089    -0.259832    -0.143263    -0.060557    -0.009877     0.013785     0.018333     0.013877     0.011697     0.023016     0.057763     0.123513     0.224773     0.362690     0.535210     0.737633     0.963429     1.205182     1.455494     1.707742     1.956587     2.198241     2.430500     2.652607     2.865020     3.069164     3.267193     3.461824
   -1.704801    -3.212303    -3.012963    -2.809922    -2.601873    -2.387910    -2.167628    -1.941289    -1.710033    -1.476072    -1.242824    -1.014902    -0.797903    -0.597978    -0.421188    -0.272724    -0.156074    -0.072308    -0.019578     0.007020     0.015180     0.014714     0.016550     0.031549     0.069316     0.137179     0.239503     0.377407     0.548924     0.749530     0.972928     1.211956     1.459460     1.709016     1.955429     2.194993     2.425524     2.646243     2.857559     3.060825     3.258121     3.452091
   -1.701586    -3.206454    -3.007698    -2.805268    -2.597898    -2.384735    -2.165435    -1.940317    -1.710556    -1.478369    -1.247125    -1.021334    -0.806433    -0.608373    -0.432993    -0.285267    -0.168511    -0.083691    -0.028955     0.000501     0.012168     0.015568     0.021290     0.039850     0.080537     0.150445     0.253800     0.391698     0.562254     0.761109     0.982194     1.218591     1.463376     1.710319     1.954363     2.191879     2.420711     2.640057     2.850280     3.052665     3.249223     3.442524
   -1.698367    -3.200618    -3.002469    -2.800674    -2.594007    -2.381664    -2.163357    -1.939458    -1.711176    -1.480727    -1.251433    -1.027704    -0.814825    -0.618552    -0.444512    -0.297472    -0.180585    -0.094721    -0.038020    -0.005781     0.009291     0.016437     0.025922     0.047925     0.091438     0.163325     0.267681     0.405578     0.575211     0.772382     0.991236     1.225089     1.467241     1.711646     1.953381     2.188895     2.416054     2.634043     2.843176     3.044680     3.240495     3.433123
   -1.695149    -3.194801    -2.997278    -2.796139    -2.590196    -2.378690    -2.161387    -1.938705    -1.711885    -1.483138    -1.255743    -1.034010    -0.823078    -0.628519    -0.455753    -0.309352    -0.192311    -0.105409    -0.046787    -0.011837     0.006540     0.017318     0.030446     0.055782     0.102029     0.175832     0.281159     0.419062     0.587809     0.783358     1.000059     1.231453     1.471054     1.712994     1.952479     2.186033     2.411548     2.628194     2.836244     3.036867     3.231937     3.423889
   -1.691935    -3.189008    -2.992127    -2.791664    -2.586462    -2.375809    -2.159518    -1.938051    -1.712674    -1.485596    -1.260050    -1.040251    -0.831196    -0.638279    -0.466724    -0.320916    -0.203701    -0.115770    -0.055267    -0.017677     0.003910     0.018209     0.034865     0.063426     0.112319     0.187978     0.294249     0.432163     0.600060     0.794047     1.008670     1.237687     1.474815     1.714360     1.951652     2.183288     2.407186     2.622506     2.829481     3.029223     3.223547     3.414819
   -1.688728    -3.183242    -2.987019    -2.787247    -2.582803    -2.373016    -2.157743    -1.937487    -1.713537    -1.488096    -1.264350    -1.046424    -0.839180    -0.647836    -0.477433    -0.332176    -0.214766    -0.125816    -0.063471    -0.023311     0.001394     0.019107     0.039181     0.070865     0.122319     0.199775     0.306964     0.444894     0.611975     0.804457     1.017074     1.243791     1.478524     1.715741     1.950895     2.180653     2.402963     2.616973     2.822880     3.021746     3.215322     3.405915
   -1.685531    -3.177507    -2.981955    -2.782889    -2.579217    -2.370308    -2.156058    -1.937008    -1.714467    -1.490630    -1.268639    -1.052529    -0.847030    -0.657196    -0.487888    -0.343140    -0.225517    -0.135559    -0.071411    -0.028748    -0.001014     0.020011     0.043396     0.078104     0.132039     0.211236     0.319317     0.457268     0.623566     0.814597     1.025277     1.249770     1.482179     1.717134     1.950202     2.178125     2.398874     2.611591     2.816439     3.014432     3.207262     3.397174
   -1.682347    -3.171808    -2.976937    -2.778589    -2.575702    -2.367679    -2.154456    -1.936607    -1.715457    -1.493194    -1.272914    -1.058564    -0.854748    -0.666363    -0.498096    -0.353818    -0.235967    -0.145009    -0.079098    -0.033996    -0.003319     0.020918     0.047512     0.085149     0.141486     0.222372     0.331319     0.469296     0.634843     0.824476     1.033285     1.255625     1.485781     1.718536     1.949572     2.175697     2.394913     2.606354     2.810153     3.007277     3.199364     3.388596
   -1.679179    -3.166147    -2.971967    -2.774347    -2.572254    -2.365126    -2.152933    -1.936278    -1.716503    -1.495783    -1.277170    -1.064528    -0.862336    -0.675340    -0.508063    -0.364220    -0.246125    -0.154178    -0.086540    -0.039062    -0.005526     0.021827     0.051531     0.092005     0.150670     0.233193     0.342983     0.480991     0.645816     0.834101     1.041103     1.261359     1.489329     1.719945     1.948998     2.173365     2.391075     2.601258     2.804020     3.000281     3.191626     3.380180
   -1.676028    -3.160529    -2.967047    -2.770163    -2.568873    -2.362646    -2.151484    -1.936017    -1.717598    -1.498392    -1.281405    -1.070418    -0.869794    -0.684133    -0.517797    -0.374354    -0.256001    -0.163076    -0.093749    -0.043956    -0.007641     0.022736     0.055455     0.098680     0.159599     0.243710     0.354321     0.492362     0.656495     0.843480     1.048736     1.266974     1.492824     1.721359     1.948478     2.171125     2.387357     2.596300     2.798034     2.993438     3.184045     3.371925
   -1.672897    -3.154955    -2.962177    -2.766037    -2.565557    -2.360235    -2.150104    -1.935817    -1.718737    -1.501016    -1.285614    -1.076235    -0.877125    -0.692744    -0.527303    -0.384228    -0.265605    -0.171713    -0.100732    -0.048684    -0.009667     0.023644     0.059287     0.105176     0.168282     0.253932     0.365341     0.503422     0.666890     0.852621     1.056188     1.272472     1.496264     1.722776     1.948009     2.168973     2.383753     2.591475     2.792193     2.986747     3.176621     3.363827
   -1.669789    -3.149429    -2.957359    -2.761968    -2.562304    -2.357890    -2.148789    -1.935674    -1.719915    -1.503651    -1.289797    -1.081977    -0.884329    -0.701177    -0.536589    -0.393851    -0.274946    -0.180099    -0.107499    -0.053253    -0.011611     0.024550     0.063028     0.111501     0.176726     0.263870     0.376056     0.514179     0.677008     0.861531     1.063466     1.277856     1.499650     1.724193     1.947587     2.166904     2.380259     2.586778     2.786493     2.980204     3.169349     3.355887
   -1.666704    -3.143953    -2.952595    -2.757958    -2.559112    -2.355609    -2.147535    -1.935583    -1.721128    -1.506293    -1.293948    -1.087644    -0.891408    -0.709437    -0.545658    -0.403230    -0.284032    -0.188241    -0.114058    -0.057670    -0.013474     0.025452     0.066680     0.117658     0.184938     0.273533     0.386476     0.524645     0.686860     0.870216     1.070572     1.283128     1.502983     1.725610     1.947209     2.164915     2.376872     2.582207     2.780930     2.973807     3.162228     3.348102
   -1.663645    -3.138529    -2.947886    -2.754004    -2.555980    -2.353389    -2.146339    -1.935540    -1.722372    -1.508938    -1.298068    -1.093234    -0.898364    -0.717527    -0.554519    -0.412372    -0.292873    -0.196150    -0.120417    -0.061941    -0.015263     0.026349     0.070246     0.123653     0.192926     0.282929     0.396608     0.534827     0.696453     0.878682     1.077511     1.288290     1.506262     1.727024     1.946873     2.163003     2.373588     2.577758     2.775502     2.967553     3.155256     3.340470
   -1.660613    -3.133160    -2.943232    -2.750108    -2.552906    -2.351227    -2.145198    -1.935542    -1.723642    -1.511584    -1.302152    -1.098747    -0.905197    -0.725451    -0.563175    -0.421285    -0.301477    -0.203833    -0.126583    -0.066073    -0.016980     0.027240     0.073726     0.129490     0.200697     0.292067     0.406464     0.544735     0.705795     0.886937     1.084289     1.293345     1.509487     1.728435     1.946575     2.161164     2.370404     2.573426     2.770204     2.961438     3.148430     3.332990
   -1.657609    -3.127847    -2.938634    -2.746268    -2.549890    -2.349121    -2.144107    -1.935584    -1.724935    -1.514226    -1.306199    -1.104183    -0.911909    -0.733211    -0.571632    -0.429976    -0.309851    -0.211299    -0.132565    -0.070070    -0.018629     0.028125     0.077124     0.135174     0.208257     0.300955     0.416052     0.554378     0.714894     0.894986     1.090908     1.298293     1.512659     1.729841     1.946314     2.159395     2.367315     2.569209     2.765035     2.955460     3.141748     3.325658
   -1.654636    -3.122593    -2.934094    -2.742486    -2.546931    -2.347068    -2.143064    -1.935664    -1.726248    -1.516862    -1.310206    -1.109541    -0.918502    -0.740812    -0.579896    -0.438450    -0.318002    -0.218554    -0.138367    -0.073939    -0.020213     0.029002     0.080441     0.140709     0.215613     0.309601     0.425380     0.563764     0.723757     0.902835     1.097374     1.303139     1.515778     1.731240     1.946087     2.157693     2.364319     2.565104     2.759990     2.949617     3.135207     3.318474
   -1.651693    -3.117398    -2.929611    -2.738760    -2.544026    -2.345068    -2.142067    -1.935777    -1.727576    -1.519490    -1.314173    -1.114820    -0.924976    -0.748256    -0.587972    -0.446715    -0.325938    -0.225607    -0.143999    -0.077685    -0.021736     0.029871     0.083678     0.146100     0.222772     0.318013     0.434456     0.572901     0.732391     0.910490     1.103689     1.307882     1.518844     1.732632     1.945892     2.156055     2.361412     2.561106     2.755067     2.943905     3.128805     3.311435
   -1.648783    -3.112264    -2.925188    -2.735091    -2.541175    -2.343117    -2.141112    -1.935922    -1.728918    -1.522106    -1.318098    -1.120022    -0.931334    -0.755546    -0.595863    -0.454777    -0.333666    -0.232464    -0.149465    -0.081312    -0.023200     0.030730     0.086838     0.151350     0.229739     0.326198     0.443289     0.581796     0.740804     0.917957     1.109857     1.312527     1.521858     1.734015     1.945727     2.154479     2.358591     2.557214     2.750263     2.938322     3.122539     3.304538
   -1.645905    -3.107193    -2.920823    -2.731477    -2.538376    -2.341214    -2.140198    -1.936094    -1.730270    -1.524708    -1.321979    -1.125144    -0.937576    -0.762687    -0.603576    -0.462642    -0.341193    -0.239132    -0.154771    -0.084826    -0.024609     0.031581     0.089923     0.156465     0.236520     0.334164     0.451886     0.590458     0.749001     0.925239     1.115883     1.317073     1.524820     1.735389     1.945590     2.152962     2.355855     2.553424     2.745575     2.932865     3.116406     3.297782
   -1.643061    -3.102185    -2.916518    -2.727920    -2.535630    -2.339357    -2.139321    -1.936292    -1.731630    -1.527295    -1.325815    -1.130188    -0.943705    -0.769680    -0.611113    -0.470314    -0.348524    -0.245617    -0.159925    -0.088230    -0.025964     0.032421     0.092933     0.161446     0.243121     0.341916     0.460254     0.598893     0.756989     0.932344     1.121770     1.321525     1.527731     1.736753     1.945479     2.151502     2.353199     2.549734     2.741000     2.927531     3.110405     3.291164
   -1.640252    -3.097241    -2.912273    -2.724418    -2.532934    -2.337545    -2.138481    -1.936514    -1.732996    -1.529864    -1.329604    -1.135153    -0.949721    -0.776528    -0.618481    -0.477800    -0.355666    -0.251926    -0.164930    -0.091530    -0.027270     0.033251     0.095872     0.166300     0.249547     0.349462     0.468401     0.607108     0.764774     0.939274     1.127521     1.325882     1.530591     1.738106     1.945393     2.150096     2.350621     2.546140     2.736535     2.922318     3.104533     3.284681
   -1.637478    -3.092363    -2.908088    -2.720972    -2.530288    -2.335776    -2.137674    -1.936756    -1.734365    -1.532413    -1.333346    -1.140040    -0.955626    -0.783235    -0.625682    -0.485105    -0.362624    -0.258064    -0.169793    -0.094729    -0.028527     0.034070     0.098740     0.171028     0.255804     0.356807     0.476333     0.615110     0.772363     0.946036     1.133140     1.330149     1.533400     1.739448     1.945330     2.148742     2.348119     2.542639     2.732178     2.917222     3.098787     3.278332
   -1.634740    -3.087551    -2.903964    -2.717580    -2.527691    -2.334049    -2.136899    -1.937017    -1.735735    -1.534941    -1.337041    -1.144849    -0.961421    -0.789804    -0.632721    -0.492234    -0.369405    -0.264037    -0.174517    -0.097831    -0.029738     0.034878     0.101539     0.175634     0.261896     0.363958     0.484056     0.622905     0.779760     0.952634     1.138630     1.334325     1.536159     1.740777     1.945289     2.147438     2.345690     2.539230     2.727925     2.912243     3.093165     3.272115
   -1.632038    -3.082805    -2.899900    -2.714243    -2.525142    -2.332362    -2.136154    -1.937295    -1.737104    -1.537447    -1.340686    -1.149579    -0.967108    -0.796236    -0.639603    -0.499191    -0.376013    -0.269850    -0.179110    -0.100840    -0.030906     0.035674     0.104271     0.180123     0.267829     0.370921     0.491577     0.630499     0.786971     0.959072     1.143994     1.338413     1.538869     1.742094     1.945267     2.146183     2.343331     2.535910     2.723776     2.907376     3.087664     3.266026
   -1.629373    -3.078126    -2.895897    -2.710960    -2.522641    -2.330714    -2.135438    -1.937587    -1.738471    -1.539928    -1.344281    -1.154231    -0.972689    -0.802536    -0.646329    -0.505983    -0.382455    -0.275509    -0.183574    -0.103760    -0.032033     0.036459     0.106937     0.184497     0.273606     0.377702     0.498903     0.637898     0.794002     0.965355     1.149235     1.342415     1.541531     1.743398     1.945265     2.144973     2.341042     2.532675     2.719725     2.902620     3.082282     3.260063
   -1.626745    -3.073514    -2.891954    -2.707731    -2.520186    -2.329104    -2.134749    -1.937894    -1.739834    -1.542385    -1.347827    -1.158806    -0.978165    -0.808705    -0.652906    -0.512612    -0.388734    -0.281018    -0.187914    -0.106593    -0.033120     0.037231     0.109540     0.188759     0.279234     0.384305     0.506038     0.645108     0.800857     0.971487     1.154356     1.346333     1.544144     1.744688     1.945280     2.143808     2.338818     2.529525     2.715773     2.897972     3.077017     3.254225
   -1.624154    -3.068970    -2.888072    -2.704556    -2.517776    -2.327530    -2.134086    -1.938212    -1.741192    -1.544814    -1.351321    -1.163304    -0.983536    -0.814746    -0.659335    -0.519084    -0.394856    -0.286383    -0.192135    -0.109344    -0.034169     0.037991     0.112080     0.192912     0.284715     0.390737     0.512989     0.652134     0.807542     0.977471     1.159361     1.350168     1.546710     1.745965     1.945312     2.142686     2.336659     2.526456     2.711915     2.893429     3.071866     3.248509
   -1.621601    -3.064494    -2.884250    -2.701433    -2.515412    -2.325992    -2.133447    -1.938540    -1.742542    -1.547217    -1.354765    -1.167725    -0.988806    -0.820661    -0.665622    -0.525402    -0.400826    -0.291608    -0.196240    -0.112014    -0.035182     0.038739     0.114559     0.196961     0.290055     0.397002     0.519760     0.658982     0.814061     0.983312     1.164251     1.353922     1.549229     1.747227     1.945359     2.141604     2.334562     2.523466     2.708150     2.888989     3.066827     3.242911
   -1.619086    -3.060085    -2.880489    -2.698363    -2.513091    -2.324489    -2.132831    -1.938877    -1.743885    -1.549591    -1.358158    -1.172071    -0.993975    -0.826453    -0.671768    -0.531572    -0.406647    -0.296697    -0.200234    -0.114608    -0.036160     0.039474     0.116978     0.200907     0.295257     0.403105     0.526358     0.665658     0.820420     0.989014     1.169030     1.357597     1.551701     1.748475     1.945420     2.140562     2.332525     2.520553     2.704475     2.884651     3.061897     3.237432
   -1.616608    -3.055745    -2.876788    -2.695345    -2.510814    -2.323019    -2.132236    -1.939223    -1.745219    -1.551936    -1.361498    -1.176340    -0.999044    -0.832125    -0.677777    -0.537596    -0.412325    -0.301654    -0.204120    -0.117127    -0.037106     0.040197     0.119339     0.204753     0.300326     0.409050     0.532787     0.672165     0.826622     0.994580     1.173701     1.361194     1.554128     1.749708     1.945495     2.139558     2.330547     2.517715     2.700889     2.880411     3.057075     3.232067
   -1.614168    -3.051472    -2.873147    -2.692379    -2.508580    -2.321581    -2.131663    -1.939574    -1.746542    -1.554251    -1.364788    -1.180535    -1.004016    -0.837679    -0.683653    -0.543479    -0.417863    -0.306485    -0.207902    -0.119575    -0.038020     0.040907     0.121644     0.208502     0.305264     0.414844     0.539053     0.678508     0.832672     1.000014     1.178266     1.364716     1.556510     1.750926     1.945582     2.138590     2.328624     2.514950     2.697388     2.876267     3.052358     3.226814
   -1.611766    -3.047267    -2.869565    -2.689463    -2.506387    -2.320175    -2.131109    -1.939932    -1.747854    -1.556536    -1.368025    -1.184656    -1.008891    -0.843117    -0.689399    -0.549224    -0.423265    -0.311191    -0.211583    -0.121954    -0.038905     0.041604     0.123893     0.212157     0.310077     0.420489     0.545159     0.684693     0.838573     1.005319     1.182728     1.368163     1.558848     1.752129     1.945681     2.137657     2.326757     2.512255     2.693971     2.872217     3.047743     3.221673
   -1.609402    -3.043129    -2.866043    -2.686599    -2.504236    -2.318800    -2.130574    -1.940294    -1.749155    -1.558790    -1.371211    -1.188703    -1.013672    -0.848441    -0.695017    -0.554835    -0.428535    -0.315778    -0.215167    -0.124267    -0.039761     0.042289     0.126088     0.215720     0.314768     0.425990     0.551111     0.690724     0.844331     1.010499     1.187088     1.371537     1.561142     1.753316     1.945791     2.136757     2.324943     2.509630     2.690635     2.868260     3.043229     3.216639
   -1.607076    -3.039059    -2.862579    -2.683784    -2.502125    -2.317455    -2.130057    -1.940659    -1.750442    -1.561013    -1.374345    -1.192677    -1.018359    -0.853654    -0.700511    -0.560316    -0.433677    -0.320250    -0.218656    -0.126516    -0.040589     0.042961     0.128230     0.219194     0.319339     0.431352     0.556913     0.696605     0.849949     1.015556     1.191351     1.374840     1.563393     1.754488     1.945910     2.135890     2.323180     2.507071     2.687379     2.864392     3.038813     3.211711
   -1.604787    -3.035056    -2.859174    -2.681019    -2.500054    -2.316139    -2.129556    -1.941028    -1.751717    -1.563204    -1.377428    -1.196579    -1.022954    -0.858758    -0.705883    -0.565670    -0.438695    -0.324608    -0.222054    -0.128702    -0.041391     0.043621     0.130321     0.222582     0.323795     0.436578     0.562569     0.702340     0.855431     1.020495     1.195517     1.378073     1.565602     1.755645     1.946039     2.135055     2.321466     2.504578     2.684201     2.860612     3.034493     3.206888
   -1.602536    -3.031119    -2.855827    -2.678303    -2.498023    -2.314852    -2.129072    -1.941398    -1.752977    -1.565363    -1.380459    -1.200410    -1.027459    -0.863755    -0.711137    -0.570899    -0.443591    -0.328857    -0.225364    -0.130829    -0.042168     0.044267     0.132362     0.225885     0.328138     0.441673     0.568084     0.707933     0.860780     1.025318     1.199589     1.381238     1.567770     1.756786     1.946177     2.134249     2.319801     2.502148     2.681099     2.856917     3.030268     3.202166
   -1.600322    -3.027249    -2.852538    -2.675636    -2.496030    -2.313592    -2.128603    -1.941770    -1.754223    -1.567490    -1.383439    -1.204170    -1.031875    -0.868648    -0.716274    -0.576008    -0.448370    -0.333001    -0.228588    -0.132899    -0.042921     0.044902     0.134354     0.229106     0.332373     0.446639     0.573461     0.713389     0.866000     1.030028     1.203571     1.384336     1.569896     1.757912     1.946322     2.133472     2.318183     2.499779     2.678070     2.853307     3.026135     3.197544
   -1.598146    -3.023445    -2.849305    -2.673016    -2.494075    -2.312359    -2.128149    -1.942143    -1.755453    -1.569585    -1.386368    -1.207860    -1.036203    -0.873438    -0.721299    -0.580999    -0.453034    -0.337041    -0.231728    -0.134912    -0.043650     0.045524     0.136298     0.232247     0.336501     0.451480     0.578704     0.718711     0.871095     1.034628     1.207462     1.387369     1.571982     1.759022     1.946475     2.132722     2.316610     2.497471     2.675113     2.849778     3.022092     3.193019
   -1.596006    -3.019706    -2.846130    -2.670444    -2.492157    -2.311153    -2.127709    -1.942515    -1.756669    -1.571647    -1.389246    -1.211482    -1.040445    -0.878127    -0.726212    -0.585875    -0.457587    -0.340981    -0.234789    -0.136872    -0.044358     0.046133     0.138196     0.235310     0.340526     0.456201     0.583817     0.723903     0.876067     1.039121     1.211267     1.390338     1.574028     1.760116     1.946634     2.132000     2.315080     2.495220     2.672226     2.846329     3.018137     3.188590
   -1.593904    -3.016031    -2.843010    -2.667918    -2.490276    -2.309972    -2.127282    -1.942887    -1.757868    -1.573676    -1.392075    -1.215035    -1.044603    -0.882717    -0.731017    -0.590639    -0.462032    -0.344825    -0.237772    -0.138780    -0.045045     0.046731     0.140048     0.238297     0.344451     0.460804     0.588803     0.728968     0.880921     1.043509     1.214986     1.393244     1.576036     1.761194     1.946800     2.131303     2.313594     2.493027     2.669407     2.842958     3.014268     3.184255
   -1.591837    -3.012421    -2.839946    -2.665439    -2.488432    -2.308816    -2.126868    -1.943259    -1.759051    -1.575673    -1.394853    -1.218522    -1.048677    -0.887211    -0.735717    -0.595294    -0.466371    -0.348574    -0.240679    -0.140637    -0.045711     0.047316     0.141856     0.241211     0.348278     0.465293     0.593667     0.733910     0.885659     1.047795     1.218623     1.396088     1.578005     1.762257     1.946971     2.130631     2.312148     2.490888     2.666656     2.839663     3.010483     3.180011
   -1.589807    -3.008875    -2.836936    -2.663005    -2.486622    -2.307685    -2.126466    -1.943629    -1.760218    -1.577638    -1.397582    -1.221942    -1.052669    -0.891610    -0.740313    -0.599843    -0.470607    -0.352232    -0.243512    -0.142446    -0.046357     0.047889     0.143620     0.244054     0.352010     0.469671     0.598411     0.738732     0.890284     1.051982     1.222178     1.398873     1.579936     1.763304     1.947148     2.129982     2.310743     2.488803     2.663969     2.836442     3.006781     3.175857
   -1.587812    -3.005392    -2.833981    -2.660616    -2.484848    -2.306578    -2.126076    -1.943997    -1.761369    -1.579569    -1.400261    -1.225296    -1.056581    -0.895916    -0.744808    -0.604288    -0.474743    -0.355800    -0.246275    -0.144207    -0.046985     0.048450     0.145342     0.246826     0.355651     0.473940     0.603039     0.743437     0.894800     1.056073     1.225654     1.401599     1.581830     1.764336     1.947329     2.129357     2.309376     2.486770     2.661345     2.833294     3.003160     3.171791
   -1.585853    -3.001971    -2.831080    -2.658272    -2.483108    -2.305494    -2.125698    -1.944362    -1.762502    -1.581469    -1.402892    -1.228586    -1.060414    -0.900131    -0.749205    -0.608632    -0.478782    -0.359282    -0.248969    -0.145923    -0.047595     0.049000     0.147024     0.249531     0.359201     0.478105     0.607553     0.748029     0.899208     1.060069     1.229053     1.404267     1.583688     1.765352     1.947514     2.128753     2.308047     2.484788     2.658783     2.830217     2.999617     3.167811
   -1.583930    -2.998612    -2.828231    -2.655971    -2.481402    -2.304433    -2.125329    -1.944726    -1.763619    -1.583336    -1.405475    -1.231812    -1.064169    -0.904257    -0.753504    -0.612877    -0.482727    -0.362680    -0.251595    -0.147595    -0.048188     0.049538     0.148665     0.252170     0.362664     0.482167     0.611958     0.752510     0.903513     1.063973     1.232377     1.406879     1.585510     1.766353     1.947703     2.128171     2.306754     2.482856     2.656281     2.827210     2.996151     3.163915
   -1.582041    -2.995315    -2.825436    -2.653714    -2.479729    -2.303394    -2.124972    -1.945086    -1.764718    -1.585170    -1.408011    -1.234976    -1.067848    -0.908296    -0.757710    -0.617025    -0.486578    -0.365996    -0.254157    -0.149224    -0.048763     0.050065     0.150266     0.254744     0.366042     0.486130     0.616256     0.756884     0.907716     1.067788     1.235626     1.409436     1.587297     1.767339     1.947895     2.127610     2.305497     2.480971     2.653838     2.824269     2.992761     3.160102
   -1.580186    -2.992077    -2.822692    -2.651499    -2.478089    -2.302377    -2.124624    -1.945444    -1.765800    -1.586973    -1.410499    -1.238078    -1.071452    -0.912249    -0.761823    -0.621080    -0.490341    -0.369233    -0.256656    -0.150811    -0.049323     0.050580     0.151830     0.257256     0.369337     0.489995     0.620449     0.761153     0.911820     1.071515     1.238804     1.411939     1.589049     1.768309     1.948091     2.127067     2.304273     2.479133     2.651453     2.821395     2.989445     3.156369
   -1.578365    -2.988900    -2.819999    -2.649326    -2.476481    -2.301382    -2.124285    -1.945798    -1.766865    -1.588744    -1.412940    -1.241119    -1.074982    -0.916119    -0.765845    -0.625043    -0.494015    -0.372392    -0.259093    -0.152359    -0.049868     0.051085     0.153356     0.259707     0.372552     0.493767     0.624541     0.765320     0.915828     1.075156     1.241911     1.414390     1.590767     1.769264     1.948289     2.126544     2.303083     2.477340     2.649122     2.818586     2.986200     3.152715
   -1.576579    -2.985781    -2.817356    -2.647195    -2.474904    -2.300407    -2.123956    -1.946148    -1.767913    -1.590484    -1.415336    -1.244100    -1.078440    -0.919906    -0.769780    -0.628916    -0.497604    -0.375476    -0.261471    -0.153867    -0.050397     0.051578     0.154846     0.262098     0.375689     0.497447     0.628534     0.769388     0.919742     1.078715     1.244950     1.416789     1.592452     1.770204     1.948490     2.126039     2.301926     2.475592     2.646847     2.815839     2.983026     3.149139
   -1.574825    -2.982721    -2.814764    -2.645104    -2.473359    -2.299452    -2.123635    -1.946495    -1.768944    -1.592192    -1.417686    -1.247023    -1.081827    -0.923613    -0.773628    -0.632702    -0.501110    -0.378487    -0.263791    -0.155338    -0.050913     0.052061     0.156301     0.264431     0.378750     0.501038     0.632432     0.773360     0.923565     1.082192     1.247921     1.419137     1.594104     1.771129     1.948693     2.125552     2.300799     2.473887     2.644624     2.813154     2.979921     3.145638
   -1.573104    -2.979718    -2.812220    -2.643054    -2.471844    -2.298518    -2.123323    -1.946837    -1.769957    -1.593869    -1.419992    -1.249887    -1.085144    -0.927240    -0.777392    -0.636402    -0.504535    -0.381427    -0.266055    -0.156772    -0.051414     0.052533     0.157721     0.266708     0.381736     0.504543     0.636236     0.777237     0.927299     1.085591     1.250827     1.421436     1.595724     1.772039     1.948897     2.125081     2.299703     2.472223     2.642453     2.810529     2.976883     3.142211
   -1.571416    -2.976773    -2.809725    -2.641043    -2.470359    -2.297603    -2.123019    -1.947176    -1.770953    -1.595515    -1.422253    -1.252694    -1.088393    -0.930791    -0.781073    -0.640019    -0.507881    -0.384297    -0.268264    -0.158170    -0.051902     0.052994     0.159107     0.268931     0.384650     0.507962     0.639949     0.781023     0.930946     1.088912     1.253669     1.423686     1.597313     1.772935     1.949103     2.124627     2.298636     2.470601     2.640332     2.807962     2.973911     3.138856
   -1.569759    -2.973883    -2.807278    -2.639071    -2.468903    -2.296707    -2.122723    -1.947510    -1.771932    -1.597131    -1.424470    -1.255445    -1.091574    -0.934266    -0.784674    -0.643555    -0.511149    -0.387099    -0.270420    -0.159534    -0.052378     0.053446     0.160461     0.271099     0.387494     0.511300     0.643573     0.784719     0.934509     1.092157     1.256449     1.425889     1.598870     1.773816     1.949310     2.124189     2.297598     2.469018     2.638261     2.805453     2.971003     3.135573
   -1.568134    -2.971048    -2.804878    -2.637138    -2.467477    -2.295830    -2.122435    -1.947840    -1.772894    -1.598717    -1.426645    -1.258141    -1.094690    -0.937667    -0.788196    -0.647011    -0.514343    -0.389836    -0.272524    -0.160865    -0.052841     0.053887     0.161782     0.273216     0.390270     0.514557     0.647111     0.788328     0.937989     1.095330     1.259167     1.428046     1.600397     1.774682     1.949518     2.123765     2.296587     2.467473     2.636237     2.803000     2.968158     3.132358
   -1.566540    -2.968268    -2.802524    -2.635242    -2.466079    -2.294971    -2.122154    -1.948165    -1.773839    -1.600273    -1.428777    -1.260782    -1.097741    -0.940995    -0.791640    -0.650390    -0.517463    -0.392508    -0.274578    -0.162163    -0.053292     0.054319     0.163072     0.275282     0.392979     0.517737     0.650565     0.791853     0.941389     1.098430     1.261826     1.430157     1.601894     1.775534     1.949727     2.123356     2.295604     2.465966     2.634261     2.800601     2.965375     3.129212
   -1.564977    -2.965541    -2.800216    -2.633383    -2.464709    -2.294130    -2.121880    -1.948486    -1.774767    -1.601800    -1.430867    -1.263370    -1.100728    -0.944253    -0.795010    -0.653693    -0.520512    -0.395119    -0.276583    -0.163429    -0.053731     0.054741     0.164331     0.277299     0.395623     0.520840     0.653937     0.795295     0.944710     1.101461     1.264426     1.432224     1.603361     1.776372     1.949936     2.122961     2.294646     2.464496     2.632329     2.798256     2.962652     3.126132
   -1.563444    -2.962868    -2.797952    -2.631561    -2.463366    -2.293307    -2.121612    -1.948802    -1.775678    -1.603298    -1.432916    -1.265905    -1.103653    -0.947440    -0.798305    -0.656922    -0.523491    -0.397668    -0.278541    -0.164665    -0.054159     0.055153     0.165561     0.279267     0.398203     0.523870     0.657229     0.798657     0.947955     1.104423     1.266970     1.434248     1.604800     1.777197     1.950145     2.122580     2.293714     2.463061     2.630443     2.795963     2.959987     3.123117
   -1.561941    -2.960246    -2.795734    -2.629775    -2.462050    -2.292501    -2.121352    -1.949113    -1.776573    -1.604767    -1.434924    -1.268389    -1.106517    -0.950559    -0.801529    -0.660079    -0.526402    -0.400158    -0.280452    -0.165871    -0.054577     0.055556     0.166761     0.281189     0.400723     0.526828     0.660444     0.801940     0.951125     1.107319     1.269458     1.436229     1.606211     1.778007     1.950355     2.122212     2.292806     2.461661     2.628599     2.793720     2.957380     3.120166
   -1.560468    -2.957676    -2.793558    -2.628025    -2.460761    -2.291712    -2.121097    -1.949420    -1.777452    -1.606208    -1.436893    -1.270822    -1.109322    -0.953612    -0.804681    -0.663165    -0.529247    -0.402590    -0.282318    -0.167048    -0.054984     0.055950     0.167934     0.283065     0.403182     0.529715     0.663583     0.805146     0.954223     1.110149     1.271891     1.438168     1.607593     1.778803     1.950564     2.121856     2.291922     2.460295     2.626798     2.791527     2.954830     3.117277
   -1.559023    -2.955156    -2.791426    -2.626309    -2.459498    -2.290939    -2.120849    -1.949722    -1.778314    -1.607621    -1.438822    -1.273205    -1.112067    -0.956599    -0.807765    -0.666183    -0.532027    -0.404966    -0.284140    -0.168197    -0.055381     0.056335     0.169078     0.284896     0.405583     0.532534     0.666648     0.808279     0.957249     1.112917     1.274271     1.440066     1.608949     1.779586     1.950773     2.121512     2.291061     2.458962     2.625038     2.789383     2.952334     3.114449
   -1.557606    -2.952686    -2.789336    -2.624628    -2.458260    -2.290182    -2.120607    -1.950019    -1.779160    -1.609006    -1.440713    -1.275540    -1.114755    -0.959522    -0.810781    -0.669133    -0.534744    -0.407288    -0.285920    -0.169319    -0.055768     0.056712     0.170196     0.286684     0.407927     0.535287     0.669642     0.811338     0.960207     1.115622     1.276600     1.441925     1.610277     1.780356     1.950982     2.121179     2.290222     2.457660     2.623319     2.787286     2.949892     3.111681
   -1.556218    -2.950265    -2.787288    -2.622980    -2.457047    -2.289441    -2.120371    -1.950311    -1.779990    -1.610364    -1.442565    -1.277826    -1.117386    -0.962383    -0.813731    -0.672017    -0.537400    -0.409555    -0.287658    -0.170413    -0.056145     0.057079     0.171287     0.288429     0.410215     0.537975     0.672565     0.814327     0.963097     1.118266     1.278878     1.443745     1.611580     1.781112     1.951190     2.120858     2.289406     2.456390     2.621638     2.785236     2.947503     3.108971
   -1.554857    -2.947892    -2.785280    -2.621365    -2.455860    -2.288716    -2.120140    -1.950598    -1.780804    -1.611696    -1.444380    -1.280065    -1.119962    -0.965182    -0.816617    -0.674837    -0.539995    -0.411771    -0.289355    -0.171482    -0.056514     0.057438     0.172353     0.290134     0.412449     0.540599     0.675420     0.817247     0.965922     1.120852     1.281106     1.445526     1.612856     1.781855     1.951397     2.120548     2.288610     2.455149     2.619996     2.783231     2.945165     3.106318
   -1.553524    -2.945567    -2.783313    -2.619783    -2.454696    -2.288006    -2.119915    -1.950880    -1.781603    -1.613001    -1.446159    -1.282258    -1.122484    -0.967920    -0.819440    -0.677594    -0.542532    -0.413936    -0.291013    -0.172526    -0.056873     0.057789     0.173393     0.291798     0.414631     0.543162     0.678209     0.820099     0.968682     1.123380     1.283285     1.447270     1.614107     1.782585     1.951604     2.120248     2.287835     2.453939     2.618391     2.781270     2.942877     3.103721
   -1.552217    -2.943288    -2.781385    -2.618232    -2.453556    -2.287310    -2.119695    -1.951158    -1.782386    -1.614280    -1.447901    -1.284405    -1.124952    -0.970600    -0.822200    -0.680290    -0.545011    -0.416051    -0.292633    -0.173545    -0.057224     0.058132     0.174410     0.293423     0.416762     0.545665     0.680932     0.822886     0.971379     1.125852     1.285417     1.448977     1.615334     1.783303     1.951809     2.119958     2.287080     2.452757     2.616823     2.779352     2.940638     3.101179
   -1.550936    -2.941055    -2.779496    -2.616714    -2.452439    -2.286630    -2.119480    -1.951431    -1.783155    -1.615533    -1.449608    -1.286508    -1.127368    -0.973222    -0.824901    -0.682926    -0.547434    -0.418117    -0.294214    -0.174541    -0.057566     0.058467     0.175402     0.295009     0.418842     0.548109     0.683593     0.825609     0.974016     1.128268     1.287503     1.450649     1.616536     1.784008     1.952014     2.119677     2.286344     2.451603     2.615290     2.777476     2.938448     3.098690
   -1.549681    -2.938867    -2.777645    -2.615226    -2.451346    -2.285963    -2.119271    -1.951699    -1.783908    -1.616762    -1.451279    -1.288567    -1.129733    -0.975788    -0.827542    -0.685504    -0.549803    -0.420137    -0.295760    -0.175513    -0.057901     0.058794     0.176371     0.296559     0.420874     0.550496     0.686192     0.828269     0.976593     1.130631     1.289544     1.452285     1.617714     1.784700     1.952217     2.119406     2.285627     2.450477     2.613792     2.775641     2.936304     3.096254
   -1.548452    -2.936723    -2.775831    -2.613768    -2.450275    -2.285311    -2.119066    -1.951962    -1.784647    -1.617966    -1.452917    -1.290583    -1.132048    -0.978298    -0.830125    -0.688024    -0.552118    -0.422110    -0.297270    -0.176462    -0.058227     0.059114     0.177318     0.298072     0.422858     0.552828     0.688731     0.830869     0.979111     1.132942     1.291540     1.453887     1.618868     1.785380     1.952418     2.119144     2.284929     2.449377     2.612328     2.773847     2.934207     3.093869
   -1.547247    -2.934623    -2.774055    -2.612340    -2.449226    -2.284672    -2.118866    -1.952220    -1.785371    -1.619145    -1.454521    -1.292557    -1.134313    -0.980755    -0.832652    -0.690488    -0.554381    -0.424039    -0.298745    -0.177390    -0.058546     0.059426     0.178242     0.299550     0.424795     0.555106     0.691211     0.833409     0.981573     1.135201     1.293494     1.455456     1.620000     1.786048     1.952619     2.118890     2.284248     2.448303     2.610897     2.772092     2.932154     3.091534
   -1.546067    -2.932566    -2.772315    -2.610941    -2.448198    -2.284047    -2.118670    -1.952474    -1.786080    -1.620301    -1.456091    -1.294489    -1.136531    -0.983158    -0.835124    -0.692897    -0.556594    -0.425924    -0.300186    -0.178296    -0.058857     0.059731     0.179145     0.300993     0.426688     0.557330     0.693634     0.835891     0.983980     1.137410     1.295404     1.456991     1.621109     1.786704     1.952817     2.118645     2.283584     2.447254     2.609498     2.770376     2.930146     3.089249
   -1.544911    -2.930550    -2.770610    -2.609571    -2.447192    -2.283435    -2.118479    -1.952723    -1.786776    -1.621433    -1.457630    -1.296381    -1.138701    -0.985509    -0.837541    -0.695254    -0.558756    -0.427766    -0.301594    -0.179181    -0.059161     0.060029     0.180026     0.302403     0.428537     0.559503     0.696001     0.838317     0.986332     1.139571     1.297274     1.458494     1.622195     1.787348     1.953015     2.118408     2.282938     2.446230     2.608131     2.768697     2.928180     3.087012
   -1.543779    -2.928576    -2.768941    -2.608230    -2.446207    -2.282836    -2.118292    -1.952967    -1.787458    -1.622542    -1.459136    -1.298233    -1.140825    -0.987810    -0.839906    -0.697557    -0.560871    -0.429566    -0.302970    -0.180045    -0.059458     0.060320     0.180888     0.303780     0.430342     0.561626     0.698314     0.840687     0.988631     1.141683     1.299103     1.459966     1.623260     1.787981     1.953210     2.118178     2.282307     2.445230     2.606794     2.767054     2.926257     3.084822
   -1.542670    -2.926643    -2.767306    -2.606916    -2.445242    -2.282249    -2.118110    -1.953207    -1.788126    -1.623628    -1.460611    -1.300047    -1.142903    -0.990061    -0.842218    -0.699810    -0.562938    -0.431326    -0.304315    -0.180890    -0.059748     0.060605     0.181729     0.305124     0.432106     0.563700     0.700574     0.843004     0.990879     1.143749     1.300893     1.461407     1.624304     1.788602     1.953404     2.117956     2.281692     2.444253     2.605487     2.765448     2.924375     3.082678
   -1.541584    -2.924749    -2.765705    -2.605629    -2.444297    -2.281675    -2.117932    -1.953442    -1.788780    -1.624692    -1.462055    -1.301822    -1.144938    -0.992263    -0.844481    -0.702013    -0.564958    -0.433046    -0.305629    -0.181716    -0.060031     0.060882     0.182550     0.306438     0.433829     0.565726     0.702782     0.845268     0.993077     1.145770     1.302643     1.462817     1.625327     1.789212     1.953595     2.117741     2.281093     2.443299     2.604210     2.763877     2.922533     3.080579
   -1.540520    -2.922895    -2.764136    -2.604369    -2.443372    -2.281113    -2.117757    -1.953673    -1.789422    -1.625734    -1.463470    -1.303559    -1.146928    -0.994418    -0.846693    -0.704168    -0.566934    -0.434727    -0.306913    -0.182522    -0.060308     0.061153     0.183353     0.307721     0.435512     0.567705     0.704940     0.847481     0.995225     1.147746     1.304356     1.464198     1.626329     1.789811     1.953785     2.117533     2.280509     2.442367     2.602961     2.762340     2.920731     3.078525
   -1.539479    -2.921079    -2.762601    -2.603135    -2.442466    -2.280563    -2.117587    -1.953899    -1.790050    -1.626754    -1.464854    -1.305260    -1.148877    -0.996526    -0.848858    -0.706274    -0.568865    -0.436370    -0.308168    -0.183310    -0.060579     0.061418     0.184137     0.308974     0.437156     0.569639     0.707049     0.849643     0.997325     1.149678     1.306033     1.465550     1.627311     1.790398     1.953973     2.117331     2.279939     2.441456     2.601741     2.760837     2.918967     3.076514
   -1.538459    -2.919301    -2.761097    -2.601927    -2.441580    -2.280024    -2.117421    -1.954121    -1.790665    -1.627754    -1.466210    -1.306924    -1.150783    -0.998588    -0.850974    -0.708334    -0.570754    -0.437976    -0.309394    -0.184080    -0.060843     0.061677     0.184903     0.310199     0.438762     0.571529     0.709109     0.851757     0.999379     1.151568     1.307673     1.466874     1.628273     1.790975     1.954159     2.117136     2.279383     2.440567     2.600547     2.759367     2.917242     3.074546
   -1.537461    -2.917560    -2.759625    -2.600744    -2.440712    -2.279497    -2.117258    -1.954339    -1.791268    -1.628732    -1.467537    -1.308554    -1.152648    -1.000605    -0.853045    -0.710349    -0.572600    -0.439546    -0.310593    -0.184833    -0.061102     0.061930     0.185651     0.311395     0.440331     0.573375     0.711123     0.853824     1.001387     1.153416     1.309277     1.468169     1.629216     1.791541     1.954343     2.116947     2.278841     2.439699     2.599380     2.757928     2.915553     3.072620
   -1.536483    -2.915856    -2.758184    -2.599586    -2.439862    -2.278982    -2.117099    -1.954552    -1.791859    -1.629691    -1.468836    -1.310148    -1.154474    -1.002579    -0.855070    -0.712319    -0.574405    -0.441081    -0.311765    -0.185569    -0.061355     0.062176     0.186381     0.312563     0.441865     0.575179     0.713090     0.855843     1.003349     1.155224     1.310847     1.469438     1.630140     1.792097     1.954525     2.116764     2.278313     2.438850     2.598240     2.756521     2.913901     3.070734
   -1.535526    -2.914188    -2.756773    -2.598452    -2.439030    -2.278477    -2.116943    -1.954762    -1.792437    -1.630629    -1.470108    -1.311709    -1.156260    -1.004510    -0.857051    -0.714245    -0.576169    -0.442581    -0.312910    -0.186287    -0.061602     0.062417     0.187095     0.313705     0.443363     0.576942     0.715014     0.857817     1.005269     1.156993     1.312383     1.470680     1.631045     1.792642     1.954705     2.116587     2.277797     2.438021     2.597125     2.755145     2.912284     3.068889
   -1.534590    -2.912555    -2.755391    -2.597343    -2.438216    -2.277983    -2.116791    -1.954967    -1.793004    -1.631547    -1.471353    -1.313236    -1.158008    -1.006399    -0.858988    -0.716129    -0.577895    -0.444048    -0.314029    -0.186990    -0.061843     0.062653     0.187793     0.314820     0.444826     0.578665     0.716893     0.859747     1.007145     1.158722     1.313886     1.471896     1.631931     1.793177     1.954883     2.116415     2.277294     2.437212     2.596034     2.753799     2.910702     3.067083
   -1.533673    -2.910956    -2.754040    -2.596257    -2.437419    -2.277499    -2.116643    -1.955167    -1.793559    -1.632447    -1.472572    -1.314731    -1.159718    -1.008247    -0.860883    -0.717971    -0.579582    -0.445481    -0.315124    -0.187677    -0.062079     0.062882     0.188474     0.315910     0.446257     0.580348     0.718730     0.861634     1.008980     1.160413     1.315357     1.473086     1.632800     1.793702     1.955058     2.116248     2.276804     2.436420     2.594968     2.752483     2.909154     3.065315
   -1.532776    -2.909392    -2.752716    -2.595194    -2.436639    -2.277026    -2.116497    -1.955364    -1.794102    -1.633327    -1.473764    -1.316194    -1.161391    -1.010055    -0.862737    -0.719773    -0.581231    -0.446883    -0.316193    -0.188348    -0.062310     0.063107     0.189139     0.316975     0.447654     0.581993     0.720525     0.863478     1.010775     1.162068     1.316796     1.474251     1.633651     1.794217     1.955231     2.116087     2.276325     2.435648     2.593926     2.751195     2.907640     3.063585
   -1.531898    -2.907861    -2.751422    -2.594153    -2.435876    -2.276563    -2.116355    -1.955557    -1.794634    -1.634189    -1.474932    -1.317626    -1.163029    -1.011824    -0.864550    -0.721534    -0.582844    -0.448253    -0.317239    -0.189005    -0.062536     0.063326     0.189790     0.318015     0.449019     0.583601     0.722280     0.865281     1.012529     1.163686     1.318204     1.475391     1.634485     1.794723     1.955402     2.115931     2.275858     2.434893     2.592908     2.749936     2.906159     3.061893
   -1.531039    -2.906363    -2.750154    -2.593135    -2.435129    -2.276111    -2.116217    -1.955746    -1.795154    -1.635033    -1.476074    -1.319026    -1.164630    -1.013554    -0.866323    -0.723257    -0.584421    -0.449593    -0.318261    -0.189646    -0.062756     0.063540     0.190425     0.319031     0.450354     0.585172     0.723996     0.867044     1.014245     1.165269     1.319582     1.476508     1.635302     1.795218     1.955571     2.115779     2.275403     2.434155     2.591912     2.748705     2.904710     3.060238
   -1.530199    -2.904898    -2.748915    -2.592139    -2.434398    -2.275667    -2.116081    -1.955931    -1.795664    -1.635858    -1.477192    -1.320397    -1.166198    -1.015246    -0.868057    -0.724942    -0.585963    -0.450903    -0.319260    -0.190273    -0.062972     0.063749     0.191046     0.320025     0.451658     0.586707     0.725672     0.868767     1.015922     1.166817     1.320930     1.477601     1.636102     1.795704     1.955737     2.115633     2.274958     2.433434     2.590938     2.747500     2.903293     3.058618
   -1.529378    -2.903465    -2.747702    -2.591164    -2.433683    -2.275234    -2.115948    -1.956113    -1.796163    -1.636667    -1.478287    -1.321738    -1.167731    -1.016902    -0.869753    -0.726590    -0.587471    -0.452183    -0.320237    -0.190886    -0.063183     0.063954     0.191652     0.320995     0.452932     0.588208     0.727311     0.870451     1.017562     1.168331     1.322249     1.478670     1.636885     1.796181     1.955901     2.115490     2.274525     2.432730     2.589987     2.746323     2.901907     3.057034
   -1.528574    -2.902063    -2.746516    -2.590211    -2.432983    -2.274810    -2.115819    -1.956290    -1.796652    -1.637458    -1.479358    -1.323051    -1.169231    -1.018521    -0.871412    -0.728201    -0.588945    -0.453435    -0.321191    -0.191485    -0.063390     0.064153     0.192245     0.321943     0.454177     0.589674     0.728913     0.872098     1.019166     1.169813     1.323539     1.479718     1.637653     1.796649     1.956063     2.115352     2.274102     2.432043     2.589057     2.745172     2.900551     3.055485
   -1.527789    -2.900693    -2.745356    -2.589278    -2.432299    -2.274395    -2.115692    -1.956464    -1.797130    -1.638232    -1.480405    -1.324335    -1.170698    -1.020105    -0.873035    -0.729777    -0.590387    -0.454659    -0.322125    -0.192071    -0.063591     0.064348     0.192824     0.322870     0.455394     0.591108     0.730479     0.873709     1.020735     1.171261     1.324802     1.480743     1.638405     1.797107     1.956223     2.115218     2.273689     2.431371     2.588148     2.744046     2.899227     3.053970
   -1.527021    -2.899353    -2.744222    -2.588367    -2.431630    -2.273989    -2.115568    -1.956634    -1.797598    -1.638989    -1.481431    -1.325591    -1.172134    -1.021655    -0.874621    -0.731317    -0.591796    -0.455856    -0.323038    -0.192644    -0.063789     0.064538     0.193389     0.323776     0.456584     0.592509     0.732010     0.875283     1.022269     1.172678     1.326037     1.481746     1.639141     1.797557     1.956380     2.115088     2.273286     2.430715     2.587260     2.742947     2.897932     3.052490
   -1.526271    -2.898043    -2.743113    -2.587475    -2.430975    -2.273592    -2.115447    -1.956801    -1.798056    -1.639731    -1.482434    -1.326820    -1.173538    -1.023170    -0.876173    -0.732824    -0.593174    -0.457026    -0.323930    -0.193204    -0.063982     0.064724     0.193942     0.324661     0.457746     0.593878     0.733506     0.876822     1.023769     1.174064     1.327246     1.482728     1.639862     1.797998     1.956534     2.114962     2.272893     2.430074     2.586392     2.741872     2.896666     3.051043
   -1.525538    -2.896764    -2.742030    -2.586603    -2.430335    -2.273204    -2.115328    -1.956964    -1.798504    -1.640456    -1.483415    -1.328022    -1.174912    -1.024652    -0.877691    -0.734297    -0.594522    -0.458170    -0.324802    -0.193751    -0.064171     0.064905     0.194482     0.325525     0.458882     0.595217     0.734969     0.878327     1.025235     1.175420     1.328428     1.483689     1.640568     1.798430     1.956687     2.114840     2.272510     2.429448     2.585544     2.740822     2.895430     3.049630
   -1.524823    -2.895515    -2.740971    -2.585752    -2.429710    -2.272825    -2.115213    -1.957124    -1.798942    -1.641166    -1.484375    -1.329199    -1.176255    -1.026102    -0.879175    -0.735738    -0.595839    -0.459288    -0.325655    -0.194286    -0.064355     0.065083     0.195010     0.326370     0.459992     0.596525     0.736398     0.879798     1.026669     1.176745     1.329585     1.484629     1.641259     1.798853     1.956837     2.114722     2.272136     2.428837     2.584716     2.739796     2.894222     3.048250
   -1.524125    -2.894295    -2.739937    -2.584919    -2.429098    -2.272454    -2.115100    -1.957280    -1.799371    -1.641860    -1.485315    -1.330349    -1.177569    -1.027520    -0.880627    -0.737147    -0.597127    -0.460382    -0.326488    -0.194810    -0.064536     0.065256     0.195526     0.327196     0.461077     0.597804     0.737796     0.881236     1.028072     1.178042     1.330717     1.485550     1.641936     1.799268     1.956984     2.114607     2.271771     2.428240     2.583907     2.738795     2.893044     3.046903
   -1.523444    -2.893105    -2.738928    -2.584106    -2.428501    -2.272092    -2.114989    -1.957433    -1.799791    -1.642539    -1.486233    -1.331474    -1.178854    -1.028906    -0.882046    -0.738524    -0.598387    -0.461451    -0.327303    -0.195321    -0.064712     0.065425     0.196029     0.328003     0.462137     0.599053     0.739162     0.882642     1.029443     1.179310     1.331824     1.486450     1.642599     1.799675     1.957129     2.114495     2.271416     2.427658     2.583118     2.737818     2.891894     3.045590
   -1.522781    -2.891944    -2.737943    -2.583313    -2.427918    -2.271738    -2.114881    -1.957583    -1.800201    -1.643203    -1.487132    -1.332575    -1.180111    -1.030262    -0.883434    -0.739871    -0.599618    -0.462496    -0.328100    -0.195821    -0.064885     0.065590     0.196522     0.328792     0.463173     0.600275     0.740497     0.884016     1.030783     1.180550     1.332906     1.487331     1.643247     1.800073     1.957272     2.114387     2.271069     2.427090     2.582348     2.736864     2.890772     3.044309
   -1.522134    -2.890812    -2.736982    -2.582538    -2.427348    -2.271392    -2.114776    -1.957729    -1.800603    -1.643852    -1.488010    -1.333651    -1.181340    -1.031588    -0.884791    -0.741188    -0.600822    -0.463517    -0.328879    -0.196310    -0.065054     0.065751     0.197003     0.329562     0.464186     0.601468     0.741802     0.885360     1.032094     1.181763     1.333965     1.488193     1.643882     1.800463     1.957412     2.114282     2.270731     2.426535     2.581597     2.735934     2.889678     3.043060
   -1.521504    -2.889710    -2.736045    -2.581782    -2.426792    -2.271055    -2.114673    -1.957872    -1.800995    -1.644487    -1.488869    -1.334703    -1.182542    -1.032884    -0.886117    -0.742475    -0.601998    -0.464516    -0.329640    -0.196788    -0.065219     0.065908     0.197472     0.330315     0.465175     0.602635     0.743078     0.886673     1.033375     1.182948     1.335001     1.489036     1.644503     1.800845     1.957550     2.114180     2.270401     2.425995     2.580864     2.735028     2.888613     3.041845
   -1.520892    -2.888636    -2.735132    -2.581046    -2.426249    -2.270725    -2.114572    -1.958012    -1.801378    -1.645107    -1.489709    -1.335731    -1.183717    -1.034151    -0.887414    -0.743733    -0.603149    -0.465492    -0.330384    -0.197255    -0.065381     0.066062     0.197932     0.331051     0.466142     0.603775     0.744324     0.887957     1.034628     1.184107     1.336013     1.489861     1.645110     1.801219     1.957685     2.114081     2.270080     2.425468     2.580150     2.734145     2.887576     3.040663
   -1.520296    -2.887591    -2.734243    -2.580327    -2.425720    -2.270403    -2.114474    -1.958148    -1.801753    -1.645714    -1.490530    -1.336737    -1.184865    -1.035390    -0.888681    -0.744963    -0.604273    -0.466446    -0.331111    -0.197712    -0.065539     0.066212     0.198380     0.331769     0.467087     0.604889     0.745543     0.889211     1.035852     1.185240     1.337003     1.490667     1.645705     1.801585     1.957818     2.113985     2.269767     2.424954     2.579454     2.733285     2.886566     3.039513
   -1.519718    -2.886575    -2.733377    -2.579627    -2.425204    -2.270089    -2.114379    -1.958282    -1.802119    -1.646306    -1.491332    -1.337719    -1.185987    -1.036600    -0.889920    -0.746165    -0.605372    -0.467378    -0.331822    -0.198158    -0.065694     0.066359     0.198818     0.332471     0.468010     0.605977     0.746733     0.890437     1.037048     1.186347     1.337971     1.491455     1.646286     1.801943     1.957949     2.113892     2.269462     2.424454     2.578777     2.732448     2.885584     3.038396
   -1.519155    -2.885586    -2.732534    -2.578945    -2.424701    -2.269783    -2.114285    -1.958412    -1.802476    -1.646885    -1.492115    -1.338679    -1.187084    -1.037783    -0.891131    -0.747340    -0.606445    -0.468289    -0.332517    -0.198594    -0.065845     0.066502     0.199246     0.333157     0.468911     0.607040     0.747896     0.891635     1.038217     1.187429     1.338916     1.492225     1.646853     1.802294     1.958076     2.113802     2.269166     2.423967     2.578117     2.731633     2.884629     3.037310
   -1.518609    -2.884623    -2.731713    -2.578280    -2.424210    -2.269485    -2.114194    -1.958539    -1.802825    -1.647450    -1.492880    -1.339617    -1.188155    -1.038938    -0.892313    -0.748487    -0.607494    -0.469179    -0.333195    -0.199020    -0.065992     0.066641     0.199664     0.333827     0.469792     0.608078     0.749032     0.892804     1.039359     1.188486     1.339840     1.492978     1.647408     1.802636     1.958202     2.113715     2.268877     2.423492     2.577474     2.730839     2.883699     3.036255
   -1.518075    -2.883682    -2.730910    -2.577632    -2.423732    -2.269194    -2.114105    -1.958663    -1.803166    -1.648002    -1.493627    -1.340532    -1.189201    -1.040067    -0.893469    -0.749608    -0.608519    -0.470049    -0.333858    -0.199437    -0.066137     0.066777     0.200072     0.334481     0.470652     0.609093     0.750141     0.893947     1.040474     1.189518     1.340742     1.493713     1.647951     1.802971     1.958324     2.113630     2.268595     2.423030     2.576847     2.730063     2.882791     3.035225
   -1.517552    -2.882756    -2.730122    -2.576997    -2.423264    -2.268910    -2.114019    -1.958784    -1.803498    -1.648540    -1.494356    -1.341426    -1.190222    -1.041169    -0.894596    -0.750702    -0.609519    -0.470897    -0.334505    -0.199843    -0.066278     0.066910     0.200470     0.335119     0.471491     0.610082     0.751224     0.895062     1.041562     1.190526     1.341623     1.494430     1.648480     1.803297     1.958444     2.113548     2.268321     2.422578     2.576233     2.729303     2.881896     3.034214
   -1.517027    -2.881830    -2.729343    -2.576373    -2.422807    -2.268632    -2.113934    -1.958902    -1.803821    -1.649064    -1.495067    -1.342297    -1.191218    -1.042244    -0.895697    -0.751770    -0.610495    -0.471726    -0.335137    -0.200240    -0.066415     0.067040     0.200858     0.335742     0.472310     0.611048     0.752281     0.896150     1.042624     1.191509     1.342482     1.495130     1.648996     1.803616     1.958562     2.113468     2.268054     2.422136     2.575631     2.728550     2.881003     3.033201
   -1.516475    -2.880881    -2.728563    -2.575758    -2.422359    -2.268361    -2.113851    -1.959016    -1.804136    -1.649576    -1.495760    -1.343147    -1.192190    -1.043292    -0.896771    -0.752813    -0.611448    -0.472535    -0.335754    -0.200628    -0.066550     0.067166     0.201237     0.336351     0.473110     0.611991     0.753312     0.897212     1.043661     1.192468     1.343320     1.495813     1.649499     1.803927     1.958676     2.113390     2.267793     2.421705     2.575037     2.727797     2.880085     3.032134
   -1.515830    -2.879879    -2.727790    -2.575161    -2.421926    -2.268099    -2.113771    -1.959128    -1.804443    -1.650073    -1.496434    -1.343974    -1.193135    -1.044313    -0.897815    -0.753826    -0.612374    -0.473321    -0.336353    -0.201004    -0.066681     0.067289     0.201605     0.336941     0.473886     0.612907     0.754314     0.898245     1.044669     1.193401     1.344135     1.496478     1.649990     1.804230     1.958788     2.113315     2.267542     2.421288     2.574462     2.727052     2.879117     3.030883
   -1.514933    -2.878874    -2.727099    -2.574625    -2.421527    -2.267852    -2.113696    -1.959237    -1.804741    -1.650557    -1.497091    -1.344782    -1.194062    -1.045317    -0.898847    -0.754831    -0.613297    -0.474106    -0.336953    -0.201381    -0.066812     0.067412     0.201974     0.337531     0.474661     0.613819     0.755308     0.899265     1.045660     1.194316     1.344932     1.497125     1.650467     1.804525     1.958898     2.113246     2.267306     2.420904     2.573948     2.726389     2.878149     3.029134
   -1.513451    -2.878416    -2.726772    -2.574265    -2.421204    -2.267632    -2.113624    -1.959339    -1.805029    -1.651024    -1.497719    -1.345542    -1.194916    -1.046222    -0.899758    -0.755701    -0.614081    -0.474764    -0.337451    -0.201692    -0.066920     0.067513     0.202278     0.338022     0.475312     0.614595     0.756169     0.900166     1.046555     1.195159     1.345682     1.497744     1.650928     1.804810     1.959002     2.113180     2.267096     2.420596     2.573607     2.726089     2.877732     3.026229
   -1.511036    -2.881473    -2.727316    -2.574198    -2.420988    -2.267410    -2.113479    -1.959341    -1.805237    -1.651481    -1.498445    -1.346531    -1.196136    -1.047616    -0.901249    -0.757198    -0.615484    -0.475978    -0.338389    -0.202287    -0.067128     0.067706     0.202857     0.338944     0.476509     0.615981     0.757648     0.901640     1.047934     1.196365     1.346660     1.498463     1.651382     1.805019     1.959010     2.113043     2.266884     2.420391     2.573553     2.726651     2.880828     3.021493
   -1.491342    -2.900102    -2.727177    -2.574495    -2.421325    -2.267576    -2.113352    -1.958850    -1.804347    -1.650188    -1.496777    -1.344541    -1.193905    -1.045244    -0.898849    -0.754891    -0.613393    -0.474213    -0.337049    -0.201446    -0.066833     0.067439     0.202044     0.337633     0.474774     0.613920     0.755373     0.899272     1.045593     1.194164     1.344696     1.496815     1.650103     1.804136     1.958517     2.112906     2.267032     2.420704     2.573820     2.726479     2.899444     2.982066
