   -1.451419    -2.832803    -2.743170    -2.660972    -2.584139    -2.510218    -2.437445    -2.364748    -2.291519    -2.217410    -2.142184    -2.065643    -1.987586    -1.907796    -1.826039    -1.742060    -1.655600    -1.566394    -1.474191    -1.378759    -1.279905    -1.177481    -1.071406    -0.961671    -0.848353    -0.731619    -0.611731    -0.489040    -0.363982    -0.237066    -0.108855     0.020044     0.149009     0.277416     0.404664     0.530191     0.653493     0.774139     0.891777     1.006143     1.117062     1.224445     1.328285     1.428643     1.525642     1.619452     1.710278     1.798348     1.883901     1.967180     2.048419     2.127846     2.205676     2.282129     2.357466     2.432055     2.506513     2.581897     2.659918     2.742932     2.832904     2.902839
   -1.453324    -2.842424    -2.769257    -2.699727    -2.636880    -2.579729    -2.526151    -2.474121    -2.422084    -2.368945    -2.313934    -2.256465    -2.196034    -2.132160    -2.064353    -1.992109    -1.914909    -1.832240    -1.743609    -1.648571    -1.546749    -1.437867    -1.321770    -1.198453    -1.068075    -0.930975    -0.787671    -0.638858    -0.485397    -0.328285    -0.168635    -0.007631     0.153500     0.313536     0.471296     0.625677     0.775688     0.920475     1.059344     1.191772     1.317405     1.436062     1.547718     1.652485     1.750596     1.842379     1.928230     2.008593     2.083941     2.154756     2.221527     2.284748     2.344948     2.402748     2.458947     2.514661     2.571439     2.631276     2.696247     2.767320     2.841567     2.906845
   -1.462346    -2.860598    -2.788255    -2.716260    -2.648880    -2.586913    -2.529296    -2.474325    -2.420333    -2.365957    -2.310160    -2.252156    -2.191316    -2.127087    -2.058947    -1.986381    -1.908875    -1.825925    -1.737054    -1.641832    -1.539903    -1.431006    -1.315006    -1.191908    -1.061883    -0.925271    -0.782591    -0.634528    -0.481927    -0.325766    -0.167130    -0.007176     0.152900     0.311907     0.468692     0.622178     0.771394     0.915504     1.053821     1.185826     1.311163     1.429643     1.541228     1.646019     1.744230     1.836174     1.922232     2.002838     2.078458     2.149584     2.216730     2.280458     2.341417     2.400415     2.458502     2.517046     2.577702     2.642154     2.711472     2.784946     2.858566     2.924251
   -1.479949    -2.890037    -2.812625    -2.735295    -2.662358    -2.595191    -2.533231    -2.474964    -2.418648    -2.362706    -2.305864    -2.247133    -2.185742    -2.121049    -2.052487    -1.979522    -1.901640    -1.818346    -1.729179    -1.633728    -1.531659    -1.422734    -1.306835    -1.183987    -1.054371    -0.918335    -0.776394    -0.629225    -0.477654    -0.322634    -0.165219    -0.006531     0.152272     0.310036     0.465645     0.618051     0.766312     0.909608     1.047265     1.178766     1.303752     1.422024     1.533531     1.638354     1.736692     1.828835     1.915151     1.996061     2.072031     2.143565     2.211222     2.275644     2.337613     2.398126     2.458461     2.520184     2.585019     2.654468     2.729132     2.807760     2.886334     2.957719
   -1.506344    -2.931673    -2.844474    -2.758643    -2.678351    -2.605002    -2.538088    -2.476063    -2.417037    -2.359209    -2.301064    -2.241409    -2.179315    -2.114041    -2.044961    -1.971514    -1.893181    -1.809476    -1.719955    -1.624229    -1.521987    -1.413018    -1.297228    -1.174663    -1.045517    -0.910146    -0.769064    -0.622936    -0.472568    -0.318884    -0.162901    -0.005700     0.151608     0.307913     0.462140     0.613281     0.760422     0.902765     1.039651     1.170564     1.295143     1.413177     1.524597     1.629464     1.727955     1.820339     1.906967     1.988248     2.064651     2.136704     2.205015     2.270321     2.333551     2.395894     2.458853     2.524206     2.593816     2.669213     2.750941     2.837725     2.925671     3.007698
   -1.541325    -2.985951    -2.884908    -2.787453    -2.697683    -2.616799    -2.544066    -2.477695    -2.415526    -2.355476    -2.295769    -2.234987    -2.172033    -2.106052    -2.036349    -1.962329    -1.883465    -1.799277    -1.709339    -1.613287    -1.510839    -1.401811    -1.286138    -1.163889    -1.035277    -0.900666    -0.760567    -0.615636    -0.466652    -0.314507    -0.160174    -0.004686     0.150897     0.305519     0.458153     0.607836     0.753686     0.894935     1.030934     1.161175     1.285290     1.403055     1.514380     1.619304     1.717979     1.810650     1.897648     1.979376     2.056305     2.128992     2.198108     2.264496     2.329241     2.393743     2.459752     2.529311     2.604534     2.687180     2.778000     2.875897     2.977021     3.073895
   -1.584644    -3.053001    -2.934497    -2.822425    -2.720940    -2.630966    -2.551371    -2.479949    -2.414145    -2.351516    -2.289976    -2.227859    -2.163881    -2.097059    -2.026620    -1.951929    -1.872445    -1.787695    -1.697273    -1.600841    -1.498148    -1.389044    -1.273497    -1.151601    -1.023590    -0.889838    -0.750855    -0.607283    -0.459875    -0.309482    -0.157030    -0.003494     0.150124     0.302828     0.453648     0.601669     0.746053     0.886057     1.021051     1.150532     1.274125     1.391590     1.502816     1.607814     1.706708     1.799718     1.887154     1.969410     2.046966     2.120412     2.190492     2.258164     2.324690     2.391704     2.461247     2.535699     2.617548     2.708944     2.810997     2.922857     3.040583     3.155965
   -1.636126    -3.132828    -2.993518    -2.863963    -2.748505    -2.647784    -2.560171    -2.482909    -2.412926    -2.347333    -2.283678    -2.220011    -2.154838    -2.087034    -2.015737    -1.940267    -1.860066    -1.774667    -1.683684    -1.586810    -1.483829    -1.374629    -1.259213    -1.137707    -1.010369    -0.877583    -0.739859    -0.597822    -0.452193    -0.303781    -0.153456    -0.002129     0.149268     0.299803     0.448574     0.594720     0.737448     0.876051     1.009917     1.138546     1.261559     1.378696     1.489822     1.594916     1.694072     1.787480     1.875430     1.958305     2.036597     2.110935     2.182144     2.251313     2.319900     2.389806     2.463418     2.543539     2.633142     2.734891     2.850359     2.978937     3.116467     3.253738
   -1.695681    -3.225405    -3.062093    -2.912275    -2.780602    -2.667437    -2.570585    -2.486634    -2.411888    -2.342924    -2.276860    -2.211419    -2.144874    -2.075939    -2.003653    -1.927285    -1.846259    -1.760113    -1.668482    -1.571095    -1.467775    -1.358453    -1.243173    -1.122096    -0.995506    -0.863801    -0.727490    -0.587178    -0.443552    -0.297369    -0.149436    -0.000594     0.148302     0.296400     0.442867     0.586908     0.727781     0.864815     0.997421     1.125106     1.247479     1.364264     1.475293     1.580514     1.679983     1.773859     1.862408     1.946003     2.025150     2.100523     2.173033     2.243921     2.314861     2.388065     2.466325     2.552950     2.651504     2.765267     2.896337     3.044342     3.204786     3.367236
   -1.763286    -3.330713    -3.140257    -2.967450    -2.817336    -2.690018    -2.582676    -2.491154    -2.411035    -2.338276    -2.269499    -2.202054    -2.133951    -2.063727    -1.990312    -1.912917    -1.830943    -1.743938    -1.651561    -1.553578    -1.449858    -1.340380    -1.225234    -1.104625    -0.978864    -0.848365    -0.713635    -0.575256    -0.433877    -0.290197    -0.144950     0.001104     0.147197     0.292562     0.436448     0.578133     0.716933     0.852220     0.983428     1.110070     1.231748     1.348159     1.459104     1.564491     1.664336     1.758762     1.848008     1.932437     2.012568     2.089126     2.163120     2.235955     2.309554     2.386480     2.469995     2.563999     2.672741     2.800207     2.949080     3.119213     3.305685     3.496647
   -1.838955    -3.448729    -3.227989    -3.029486    -2.858728    -2.715549    -2.596457    -2.496469    -2.410354    -2.333364    -2.261562    -2.191879    -2.122026    -2.050347    -1.975650    -1.897083    -1.814027    -1.726034    -1.632794    -1.534116    -1.429920    -1.320242    -1.205225    -1.085119    -0.960272    -0.831115    -0.698152    -0.561939    -0.423080    -0.282205    -0.139970     0.002960     0.145912     0.288218     0.429218     0.568272     0.704762     0.838107     0.967769     1.093269     1.214196     1.330220     1.441104     1.546710     1.647008     1.742081     1.832137     1.917526     1.998783     2.076686     2.152353     2.227372     2.303943     2.385027     2.474423     2.576701     2.696889     2.839769     3.008660     3.203652     3.419331     3.642263
   -1.922711    -3.579419    -3.325226    -3.098323    -2.904728    -2.743994    -2.611899    -2.502548    -2.409810    -2.328153    -2.253012    -2.180849    -2.109050    -2.035739    -1.959596    -1.879698    -1.795404    -1.706276    -1.612037    -1.512545    -1.407780    -1.297841    -1.182935    -1.063366    -0.939523    -0.811857    -0.680867    -0.547082    -0.411048    -0.273321    -0.134463     0.004966     0.144401     0.283283     0.421056     0.557172     0.691089     0.822281     0.950241     1.074496     1.194621     1.310255     1.421114     1.527009     1.627857     1.723693     1.814689     1.901181     1.983718     2.063137     2.140675     2.218119     2.297981     2.383666     2.479572     2.591028     2.723932     2.883946     3.075097     3.297735     3.545902     3.804428
   -2.014552    -3.722700    -3.431854    -3.173849    -2.955242    -2.775278    -2.628940    -2.509339    -2.409359    -2.322599    -2.243804    -2.168919    -2.094969    -2.019841    -1.942072    -1.860666    -1.774958    -1.684524    -1.589123    -1.488671    -1.383219    -1.272939    -1.158112    -1.039108    -0.916361    -0.790350    -0.661566    -0.530505    -0.397646    -0.263455    -0.128387     0.007113     0.142605     0.277652     0.411815     0.544649     0.675701     0.804506     0.930595     1.053501     1.172782     1.288035     1.398926     1.505202     1.606719     1.703456     1.795544     1.883301     1.967288     2.048405     2.128018     2.208134     2.291606     2.382333     2.485381     2.606917     2.753806     2.932686     3.148368     3.401499     3.685550     3.983476
   -2.114425    -3.878412    -3.547704    -3.255908    -3.010138    -2.809293    -2.647494    -2.516775    -2.408943    -2.316654    -2.233892    -2.156041    -2.079730    -2.002587    -1.922997    -1.839885    -1.752562    -1.660620    -1.563865    -1.462276    -1.355986    -1.245256    -1.130455    -1.012030    -0.890476    -0.766299    -0.639987    -0.511990    -0.382708    -0.252501    -0.121697     0.009390     0.140457     0.271201     0.401315     0.530476     0.658332     0.784493     0.908531     1.029985     1.148389     1.263294     1.374298     1.481076     1.583411     1.681216     1.774574     1.863778     1.949403     2.032414     2.114314     2.197350     2.284751     2.380957     2.491768     2.624279     2.786418     2.985899     3.228406     3.514934     3.838371     4.179667
   -2.222193    -4.046285    -3.672535    -3.344297    -3.069252    -2.845912    -2.667464    -2.524779    -2.408503    -2.310266    -2.223232    -2.142170    -2.063280    -1.983914    -1.902290    -1.817250    -1.728082    -1.634397    -1.536052    -1.433107    -1.325787    -1.214459    -1.099598    -0.981750    -0.861482    -0.739340    -0.615807    -0.491274    -0.366042    -0.240337    -0.114342     0.011779     0.137870     0.263775     0.389337     0.514375     0.638658     0.761888     0.883681     1.003586     1.121102     1.235718     1.346951     1.454390     1.557729     1.656804     1.751640     1.842499     1.929970     2.015082     2.099490     2.185698     2.277342     2.379454     2.498640     2.643007     2.821648     3.043462     3.315100     3.637967     4.004365     4.393128
   -2.337609    -4.225904    -3.806021    -3.438773    -3.132402    -2.885000    -2.688750    -2.533279    -2.407984    -2.303394    -2.211786    -2.127266    -2.045575    -1.963764    -1.879873    -1.792656    -1.701377    -1.605671    -1.505457    -1.400882    -1.292284    -1.180156    -1.065105    -0.947798    -0.828903    -0.709019    -0.588624    -0.468039    -0.347432    -0.226856    -0.106312     0.014204     0.134688     0.255143     0.375575     0.495973     0.616258     0.736238     0.855590     0.973862     1.090508     1.204937     1.316566     1.424873     1.529448     1.630037     1.726595     1.819350     1.908896     1.996335     2.083478     2.173111     2.269308     2.377745     2.505901     2.662986     2.859366     3.105229     3.408294     3.770443     4.183395     4.623779
   -2.460284    -4.416676    -3.947740    -3.539041    -3.199390    -2.926422    -2.711261    -2.542212    -2.407341    -2.296005    -2.199526    -2.111303    -2.026580    -1.942087    -1.855675    -1.766002    -1.672309    -1.574256    -1.471832    -1.365286    -1.255086    -1.141879    -1.026434    -0.909577    -0.792110    -0.674723    -0.557910    -0.441917    -0.326734    -0.212162    -0.097941     0.016157     0.130311     0.244656     0.359354     0.474584     0.590447     0.706884     0.823635     0.940244     1.056103     1.170516     1.282774     1.392223     1.498327     1.600726     1.699295     1.794218     1.886096     1.976103     2.066221     2.159533     2.260588     2.375755     2.513461     2.684107     2.899434     3.171032     3.507782     3.912107     4.375155     4.871275
   -2.589667    -4.617804    -4.097157    -3.644762    -3.270006    -2.970053    -2.734922    -2.551533    -2.406552    -2.288084    -2.186443    -2.094270    -2.006277    -1.918852    -1.829641    -1.737201    -1.640744    -1.539962    -1.434914    -1.325964    -1.213730    -1.099032    -0.982831    -0.866155    -0.750002    -0.635252    -0.522565    -0.412262    -0.304172    -0.197628    -0.091754     0.014291     0.121283     0.229166     0.337965     0.447956     0.559406     0.672382     0.786681     0.901839     1.017180     1.131896     1.245137     1.356100     1.464107     1.568678     1.669598     1.767002     1.861496     1.954333     2.047674     2.144921     2.251135     2.373430     2.521247     2.706273     2.941722     3.240690     3.613305     4.062587     4.579123     5.134931
   -2.725018    -4.828259    -4.253615    -3.755548    -3.344037    -3.015784    -2.759684    -2.561227    -2.405615    -2.279642    -2.172552    -2.076178    -1.984671    -1.894050    -1.801739    -1.706185    -1.606566    -1.502596    -1.394407    -1.282470    -1.167532    -1.050560    -0.932653    -0.814989    -0.698816    -0.585592    -0.477113    -0.375144    -0.280087    -0.189957    -0.101498    -0.010722     0.088934     0.193037     0.298922     0.406499     0.516136     0.627890     0.741514     0.856555     0.972377     1.088175     1.203044     1.316083     1.426497     1.533693     1.637369     1.737614     1.835042     1.930992     2.027814     2.129259     2.240929     2.370737     2.529213     2.729409     2.986113     3.314011     3.724550     4.221383     4.794531     5.413669
   -2.865398    -5.046765    -4.416328    -3.870961    -3.421268    -3.063529    -2.785532    -2.571313    -2.404568    -2.270721    -2.157894    -2.057068    -1.961795    -1.867697    -1.771962    -1.672906    -1.569655    -1.461921    -1.349853    -1.233925    -1.114805    -0.993193    -0.869662    -0.744695    -0.619393    -0.497328    -0.386843    -0.300105    -0.243660    -0.209986    -0.186776    -0.157819    -0.051108     0.072783     0.193329     0.312797     0.433530     0.555194     0.676750     0.797677     0.917876     1.037215     1.155296     1.271489     1.385101     1.495541     1.602480     1.705988     1.806705     1.906071     2.006650     2.112557     2.229980     2.367682     2.537347     2.753477     3.032512     3.390801     3.841149     4.387846     5.020340     5.705963
   -3.009660    -5.271791    -4.584380    -3.990515    -3.501486    -3.113233    -2.812488    -2.581850    -2.403482    -2.261397    -2.142545    -2.037012    -1.937712    -1.839842    -1.740322    -1.637305    -1.529803    -1.417404    -1.300012    -1.177531    -1.049361    -0.913656    -0.766605    -0.602863    -0.419711    -0.228024    -0.067692    -0.008754    -0.092492    -0.280838    -0.541783    -0.909509    -0.599758    -0.316201    -0.122030     0.049926     0.222355     0.392672     0.553711     0.702794     0.841477     0.972667     1.098680     1.220721     1.339134     1.453846     1.564758     1.672058     1.776477     1.879596     1.984218     2.094862     2.218335     2.364307     2.545680     2.778478     3.080856     3.470866     3.962677     4.561180     5.255211     6.009802
   -3.156453    -5.501555    -4.756719    -4.113675    -3.584481    -3.164869    -2.840620    -2.592942    -2.402471    -2.251784    -2.126615    -2.016112    -1.912511    -1.810541    -1.706797    -1.599168    -1.486341    -1.367300    -1.240621    -1.103248    -0.948337    -0.761970    -0.519917    -0.189274     0.253993     0.777894     1.222794     1.247380     0.678978    -0.239729    -1.423017    -4.804077    -2.238714    -1.230545    -0.925093    -0.662895    -0.356484    -0.034750     0.258867     0.505036     0.706668     0.875739     1.023957     1.159393     1.286579     1.407712     1.523838     1.635704     1.744353     1.851614     1.960594     2.076258     2.206086     2.360704     2.554296     2.804462     3.131117     3.554021     4.088656     4.740431     5.497501     6.322676
   -3.304238    -5.734034    -4.932166    -4.239858    -3.670048    -3.218445    -2.870036    -2.604739    -2.401695    -2.242034    -2.110245    -1.994493    -1.886278    -1.779786    -1.671146    -1.557677    -1.437044    -1.306004    -1.158139    -0.979490    -0.740807    -0.386111     0.177919     1.075237     2.401547     4.075147     5.658824     5.603436     3.450936    -1.221020    -5.279795   -24.793067    -4.125491    -2.156563    -2.580239    -2.371298    -1.829555    -1.137884    -0.485434     0.035787     0.419252     0.697187     0.906714     1.075914     1.222134     1.354811     1.478754     1.596576     1.710255     1.822167     1.935870     2.056866     2.193366     2.357014     2.563329     2.831533     3.183309     3.640084     4.218550     4.924488     5.745267     6.641580
   -3.451312    -5.966995    -5.109422    -4.368431    -3.757980    -3.273995    -2.900890    -2.617434    -2.401349    -2.232330    -2.093594    -1.972266    -1.859020    -1.747326    -1.632477    -1.510375    -1.375694    -1.218501    -1.017583    -0.727786    -0.258609     0.554612     1.971655     4.315986     7.804718    12.105190    18.338807     0.000000     0.000000     0.000000     0.000000     0.000000     0.000000    -1.760796    -6.200737    -6.009331    -5.133516    -3.683570    -2.221446    -1.048775    -0.220576     0.328897     0.691783     0.943464     1.133286     1.289526     1.427098     1.553715     1.673867     1.791219     1.910135     2.036828     2.180347     2.353425     2.572969     2.859845     3.237484     3.728882     4.351772     5.112091     5.996279     6.963051
   -3.595850    -6.198033    -5.287085    -4.498713    -3.848065    -3.331577    -2.933367    -2.631259    -2.401663    -2.222874    -2.076808    -1.949464    -1.830512    -1.712311    -1.588440    -1.451374    -1.288272    -1.072694    -0.748536    -0.201428     0.784724     2.576727     5.712046    10.827297    18.423724    32.837427     0.000000     0.000000     0.000000     0.000000     0.000000     0.000000     0.000000     0.000000     0.000000   -11.930874   -11.351481    -8.663944    -5.705128    -3.266433    -1.536723    -0.416254     0.278179     0.710571     0.995032     1.200209     1.363664     1.504916     1.634342     1.758524     1.883407     2.016282     2.167227     2.350167     2.583454     2.889603     3.293729     3.820245     4.487679     5.301841     6.248056     7.283238
   -3.735952    -6.424622    -5.463662    -4.629974    -3.940076    -3.391259    -2.967680    -2.646473    -2.402884    -2.213859    -2.059971    -1.925937    -1.800066    -1.672819    -1.534303    -1.369744    -1.150845    -0.819283    -0.257396     0.757041     2.604813     5.858936    11.252498    19.602004    37.223290     0.000000     0.000000     0.000000     0.000000     0.000000     0.000000     0.000000     0.000000     0.000000     0.000000     0.000000   -21.800882   -16.772178   -11.462611    -7.056038    -3.863348    -1.764173    -0.471721     0.300183     0.767054     1.066897     1.279029     1.445941     1.589892     1.723424     1.855536     1.995314     2.154206     2.347499     2.595063     2.921052     3.352158     3.913998     4.625574     5.492214     6.497911     7.597993
   -3.869704    -6.644179    -5.637599    -4.761436    -4.033765    -3.453107    -3.004052    -2.663347    -2.405258    -2.205440    -2.043045    -1.901246    -1.766380    -1.625709    -1.463194    -1.251652    -0.938325    -0.419936     0.494975     2.129789     4.962343     9.571227    16.438043    26.331250     0.000000     0.000000     0.000000     0.000000     0.000000     0.000000     0.000000     0.000000     0.000000     0.000000     0.000000     0.000000     0.000000   -26.177207   -18.420238   -12.005233    -7.144809    -3.792123    -1.653595    -0.361276     0.402814     0.863380     1.159578     1.370159     1.537490     1.684655     1.826101     1.973899     2.141452     2.345690     2.608102     2.954465     3.412901     4.009951     4.764701     5.681585     6.743020     7.902997
   -3.995243    -6.854129    -5.807300    -4.892270    -4.128843    -3.517172    -3.042704    -2.682148    -2.409009    -2.197703    -2.025837    -1.874635    -1.727584    -1.567009    -1.367527    -1.084273    -0.632838     0.141337     1.501042     3.847050     7.707896    13.667185    22.333647     0.000000     0.000000     0.000000     0.000000     0.000000     0.000000     0.000000     0.000000     0.000000     0.000000     0.000000     0.000000     0.000000     0.000000   -30.598348   -23.463287   -16.499353   -10.627923    -6.213003    -3.196237    -1.281691    -0.123140     0.567865     0.991177     1.269609     1.473068     1.640328     1.794347     1.951855     2.129075     2.344995     2.622886     2.990124     3.476082     4.107885     4.904249     5.868253     6.980486     8.193901
   -4.110817    -7.051979    -5.971162    -5.021601    -4.224977    -3.583466    -3.083830    -2.703122    -2.414319    -2.190656    -2.008002    -1.845106    -1.681533    -1.492750    -1.241018    -0.860002    -0.231252     0.845713     2.678226     5.671955    10.247726    16.679142    25.125711     0.000000     0.000000     0.000000     0.000000     0.000000     0.000000     0.000000     0.000000     0.000000     0.000000     0.000000     0.000000     0.000000     0.000000   -36.265126   -26.546011   -19.653970   -13.573997    -8.587386    -4.892541    -2.386729    -0.796298     0.174714     0.764946     1.137433     1.392418     1.588203     1.759247     1.928840     2.117103     2.345637     2.639718     3.028305     3.541804     4.207538     5.043348     6.050471     7.207431     8.466484
   -4.214849    -7.235389    -6.127604    -5.148515    -4.321773    -3.651951    -3.127586    -2.726476    -2.421328    -2.184236    -1.989110    -1.811632    -1.626371    -1.400348    -1.081809    -0.583121     0.240865     1.609925     3.805922     7.080424    11.402056    15.916612    18.908142     0.000000     0.000000     0.000000     0.000000     0.000000     0.000000     0.000000     0.000000     0.000000     0.000000     0.000000     0.000000     0.000000     0.000000     0.000000   -23.646228   -19.862408   -15.100704   -10.387574    -6.448225    -3.533097    -1.558699    -0.298865     0.482271     0.970697     1.292532     1.526257     1.719712     1.904412     2.105493     2.347800     2.658875     3.069252     3.610126     4.308588     5.181071     6.226480     7.421076     8.716809
   -4.305993    -7.402243    -6.275100    -5.272059    -4.418767    -3.722519    -3.174069    -2.752374    -2.430134    -2.178355    -1.968765    -1.773437    -1.561121    -1.289603    -0.893489    -0.268191     0.744422     2.353102     4.766175     8.050699    11.885937    15.348223    18.802632     0.000000     0.000000     0.000000     0.000000     0.000000     0.000000     0.000000     0.000000     0.000000     0.000000     0.000000     0.000000     0.000000     0.000000     0.000000   -18.487739   -18.045962   -15.231018   -11.399993    -7.651490    -4.577122    -2.332082    -0.817789     0.155488     0.771963     1.172757     1.453313     1.674886     1.878156     2.094176     2.351629     2.680596     3.113161     3.681043     4.410642     5.316437     6.394547     7.618826     8.941365
   -4.383174    -7.550705    -6.412218    -5.391262    -4.515427    -3.794983    -3.223311    -2.780928    -2.440811    -2.172953    -1.946731    -1.730240    -1.486031    -1.162898    -0.684140     0.064665     1.239270     3.012768     5.495816     8.579426    11.729394    13.864859    14.135429     0.000000     0.000000     0.000000     0.000000     0.000000     0.000000     0.000000     0.000000     0.000000     0.000000     0.000000     0.000000     0.000000     0.000000     0.000000   -13.945228   -15.600444   -14.480596   -11.714405    -8.435250    -5.426313    -3.046450    -1.341211    -0.195837     0.548823     1.035188     1.369471     1.624422     1.849820     2.083109     2.357251     2.705077     3.160168     3.754472     4.513224     5.448424     6.553001     7.798354     9.137195
   -4.445618    -7.679268    -6.537644    -5.505141    -4.611148    -3.869072    -3.275269    -2.812206    -2.453431    -2.168050    -1.923034    -1.682376    -1.402574    -1.024620    -0.464110     0.395457     1.695016     3.559869     6.009557     8.826199    11.467690    13.248716    14.170076     0.000000     0.000000     0.000000     0.000000     0.000000     0.000000     0.000000     0.000000     0.000000     0.000000     0.000000     0.000000     0.000000     0.000000    -7.564552   -11.365265   -13.483516   -13.392968   -11.554114    -8.841403    -6.048664    -3.656019    -1.833493    -0.550287     0.311942     0.884246     1.276181     1.568632     1.819429     2.072343     2.364797     2.732471     3.210334     3.830235     4.615772     5.575977     6.700276     7.957661     9.301993
   -4.492868    -7.786792    -6.650220    -5.612726    -4.705259    -3.944421    -3.329822    -2.846233    -2.468086    -2.163787    -1.897999    -1.630765    -1.313164    -0.880223    -0.243850     0.707768     2.092901     3.986995     6.336022     8.861306    11.047410    12.340163    12.530264     0.000000     0.000000     0.000000     0.000000     0.000000     0.000000     0.000000     0.000000     0.000000     0.000000     0.000000     0.000000     0.000000     0.000000    -6.066022    -9.524464   -11.756260   -12.250905   -11.120365    -8.955283    -6.454940    -4.140558    -2.269758    -0.888939     0.072735     0.725745     1.175988     1.508488     1.787339     2.062059     2.374420     2.762892     3.263639     3.908056     4.717639     5.698028     6.834945     8.095136     9.434163
   -4.524783    -7.872520    -6.748967    -5.713078    -4.797036    -4.020584    -3.386771    -2.882994    -2.484889    -2.160433    -1.872225    -1.576782    -1.220751    -0.735321    -0.032475     0.989898     2.423713     4.298097     6.502794     8.723548    10.458863    11.150909    10.253379     6.709329     0.000000     0.000000     0.000000     0.000000     0.000000     0.000000     0.000000     0.000000     0.000000     0.000000     0.000000     0.000000     0.000000    -4.732668    -8.121506   -10.362802   -11.179683   -10.555666    -8.865155    -6.677772    -4.499305    -2.636563    -1.197662    -0.158473     0.565873     1.072108     1.445490     1.754221     2.052587     2.386312     2.796418     3.319984     3.987556     4.818098     5.813518     6.955754     8.209589     9.532842
   -4.541521    -7.936084    -6.833107    -5.805312    -4.885716    -4.097033    -3.445843    -2.922434    -2.503980    -2.158369    -1.846527    -1.522075    -1.128418    -0.595022     0.162962     1.234804     2.685624     4.504901     6.543148     8.474324     9.838628    10.185365     9.261447     7.305011     5.648825     0.000000     0.000000     0.000000     0.000000     0.000000     0.000000     0.000000     0.000000     0.000000     0.000000     0.000000    -1.002454    -4.350551    -7.222009    -9.290612   -10.238571    -9.952809    -8.645756    -6.756756    -4.743478    -2.929911    -1.467621    -0.373499     0.410371     0.967959     1.381464     1.720995     2.044391     2.400696     2.833087     3.379181     4.068261     4.916361     5.921422     7.061657     8.300272     9.597893
   -4.543517    -7.977497    -6.902076    -5.888620    -4.970516    -4.173175    -3.506695    -2.964460    -2.525514    -2.158055    -1.821846    -1.468376    -1.039058    -0.463527     0.337640     1.439426     2.881972     4.623249     6.490233     8.164892     9.247615     9.404519     8.539937     6.905848     4.956201     2.009848     0.000000     0.000000     0.000000     0.000000     0.000000     0.000000     0.000000     0.000000     0.000000     0.473049    -1.787525    -4.307156    -6.661554    -8.483755    -9.441957    -9.365900    -8.353496    -6.729770    -4.890025    -3.152403    -1.694672    -0.566653     0.264019     0.866789     1.318349     1.688731     2.038029     2.417819     2.872897     3.440963     4.149605     5.011592     6.020773     7.151830     8.366875     9.629852
   -4.531448    -7.997127    -6.955536    -5.962293    -5.050658    -4.248364    -3.568916    -3.008931    -2.549637    -2.159986    -1.799159    -1.417346    -0.955168    -0.343974     0.488798     1.603738     3.019196     4.669959     6.372554     7.830024     8.706345     8.760591     7.969442     6.539409     4.743540     2.671304     0.741405     0.000000     0.000000     0.000000     0.000000     0.000000     0.000000     2.038943     1.113871    -0.501536    -2.346563    -4.357529    -6.300672    -7.875415    -8.779074    -8.821809    -8.027406    -6.628906    -4.957333    -3.310567    -1.878289    -0.734599     0.130420     0.771417     1.258019     1.658550     2.034107     2.437927     2.915797     3.504979     4.230949     5.102935     6.110691     7.225693     8.409512     9.629866
   -4.506189    -7.995667    -6.993372    -6.025740    -5.125385    -4.321917    -3.632039    -3.055658    -2.576474    -2.164645    -1.779399    -1.370461    -0.878738    -0.238454     0.615378     1.729797     3.105184     4.660751     6.212441     7.491036     8.218694     8.221898     7.511629     6.262997     4.700150     2.996517     1.335915    -0.306060    -1.100331    -0.945321    -0.359767     0.314202     0.918840     0.806844    -0.060285    -1.300481    -2.794296    -4.439328    -6.059429    -7.410405    -8.229652    -8.330394    -7.692501    -6.479324    -4.962707    -3.412785    -2.020422    -0.875959     0.011992     0.684098     1.202147     1.631532     2.033226     2.461243     2.961676     3.570807     4.311592     5.189534     6.190408     7.282917     8.428688     9.599598
   -4.468772    -7.974090    -7.015689    -6.078500    -5.193990    -4.393136    -3.695543    -3.104396    -2.606100    -2.172469    -1.763399    -1.328951    -0.811226    -0.148132     0.717609     1.820911     3.148091     4.609207     6.026353     7.160057     7.782026     7.766390     7.141115     6.059948     4.720398     3.299991     1.951609     0.791994     0.081451    -0.145403    -0.084406     0.058813     0.105453    -0.193605    -0.899249    -1.912293    -3.151543    -4.525265    -5.890726    -7.047521    -7.772150    -7.892003    -7.363578    -6.299660    -4.921153    -3.467876    -2.124522    -0.990846    -0.089897     0.606493     1.152131     1.608647     2.035936     2.487942     3.010361     3.637953     4.390794     5.270562     6.259285     7.323419     8.425258     9.541131
   -4.420343    -7.933607    -7.022799    -6.120258    -5.255830    -4.461322    -3.758872    -3.154842    -2.638527    -2.183808    -1.751847    -1.293762    -0.753593    -0.073414     0.796612     1.880991     3.155619     4.526462     5.825900     6.843357     7.391194     7.377023     6.836693     5.906236     4.759233     3.556277     2.426934     1.469486     0.777413     0.351985     0.101268    -0.093835    -0.352422    -0.793502    -1.468276    -2.359872    -3.426912    -4.600226    -5.765015    -6.756737    -7.387119    -7.502274    -7.048505    -6.103113    -4.845002    -3.484233    -2.194779    -1.080406    -0.174742     0.539700     1.109059     1.590711     2.042702     2.518125     3.061607     3.705864     4.467791     5.345244     6.316830     7.347354     8.400375     9.456863
   -4.362120    -7.875615    -7.015202    -6.150846    -5.310349    -4.525799    -3.821438    -3.206637    -2.673692    -2.198911    -1.745264    -1.265561    -0.706356    -0.014126     0.854066     1.914102     3.134638     4.421319     5.618983     6.543607     7.040234     7.039913     6.580855     5.782422     4.794609     3.755370     2.770197     1.908910     1.210445     0.666192     0.225469    -0.180607    -0.623567    -1.168317    -1.852175    -2.680193    -3.632031    -4.657054    -5.663476    -6.516390    -7.058244    -7.154965    -6.750735    -5.898663    -4.744006    -3.469369    -2.235598    -1.146431    -0.242700     0.484321     1.073705     1.578354     2.053871     2.551809     3.115098     3.773938     4.541824     5.412878     6.362713     7.355104     8.355435     9.349407
   -4.295355    -7.801648    -6.993564    -6.170245    -5.357087    -4.585927    -3.882642    -3.259371    -2.711451    -2.217910    -1.743999    -1.244754    -0.669671     0.030322     0.891946     1.924168     3.091044     4.300555     5.410801     6.261343     6.723210     6.743707     6.359904     5.675115     4.817031     3.901502     3.013579     2.203903     1.492625     0.871281     0.310211    -0.230303    -0.791743    -1.411244    -2.113700    -2.907174    -3.780010    -4.693740    -5.574355    -6.311030    -6.772410    -6.843510    -6.471075    -5.692189    -4.625667    -3.429750    -2.251256    -1.191067    -0.294399     0.440551     1.046552     1.572018     2.069665     2.588916     3.170445     3.841540     4.612154     5.472859     6.396762     7.347250     8.292023     9.221498
   -4.221299    -7.713334    -6.958696    -6.178580    -5.395697    -4.641121    -3.941882    -3.312586    -2.751576    -2.240818    -1.748229    -1.231513    -0.643404     0.060798     0.912335     1.914805     3.029766     4.169289     5.204650     5.995918     6.434654     6.479295     6.163623     5.575849     4.823597     4.003462     3.184760     2.406762     1.683477     1.010004     0.369662    -0.259534    -0.900445    -1.573669    -2.294028    -3.066830    -3.882900    -4.711071    -5.490559    -6.129791    -6.519378    -6.561802    -6.208867    -5.487381    -4.495630    -3.370778    -2.245707    -1.216589    -0.330780     0.408262     1.027827     1.571955     2.090167     2.629268     3.227198     3.908015     4.678080     5.524688     6.418970     7.324548     8.211854     9.075908
   -4.141177    -7.612349    -6.911521    -6.176113    -5.425942    -4.690865    -3.998570    -3.365788    -2.793761    -2.267526    -1.757973    -1.225808    -0.627205     0.078334     0.917298     1.889244     2.954849     4.031331     5.002523     5.746094     6.169787     6.239530     5.984660     5.479584     4.814497     4.070022     3.303725     2.548222     1.816112     1.106772     0.412494    -0.277180    -0.973050    -1.684808    -2.419318    -3.177731    -3.950616    -4.711047    -5.407982    -5.965128    -6.291319    -6.304528    -5.962741    -5.286440    -4.358078    -3.296881    -2.222489    -1.225257    -0.352974     0.387085     1.017531     1.578240     2.115329     2.672591     3.284848     3.972703     4.738965     5.567986     6.429485     7.287901     8.116727     8.915383
   -4.056165    -7.500378    -6.853055    -6.163231    -5.447706    -4.734722    -4.052147    -3.418460    -2.837632    -2.297821    -1.773105    -1.227443    -0.620560     0.084048     0.908794     1.850305     2.869564     3.889486     4.805551     5.510412     5.924578     6.018922     5.817858     5.383487     4.791174     4.108523     3.384289     2.647053     1.909744     1.175751     0.443998    -0.287958    -1.022574    -1.761791    -2.506186    -3.252789    -3.990876    -4.696002    -5.324380    -5.811864    -6.082342    -6.067258    -5.731069    -5.090583    -4.216069    -3.211632    -2.184686    -1.219222    -0.362202     0.376473     1.015486     1.590790     2.144976     2.718525     3.342848     4.034959     4.794242     5.602501     6.428603     7.238332     8.008472     8.742577
   -3.967374    -7.379085    -6.784372    -6.140429    -5.460986    -4.772341    -4.102094    -3.470075    -2.882754    -2.331390    -1.793374    -1.236086    -0.622848     0.079084     0.888641     1.800415     2.776538     3.745804     4.614305     5.287405     5.695721     5.813323     5.659668     5.286081     4.755433     4.124735     3.435978     2.715124     1.975988     1.225423     0.467451    -0.294436    -1.056554    -1.815009    -2.565351    -3.300953    -4.009540    -4.668184    -5.238634    -5.666487    -5.888065    -5.846398    -5.512221    -4.900401    -4.071818    -3.117890    -2.134951    -1.200472    -0.359711     0.375764     1.021365     1.609381     2.178819     2.766632     3.400619     4.094166     4.843432     5.628104     6.416749     7.176947     7.888917     8.560015
   -3.875835    -7.250083    -6.706587    -6.108294    -5.465890    -4.803466    -4.147946    -3.520108    -2.928652    -2.367841    -1.818426    -1.251299    -0.633371     0.064567     0.858487     1.741638     2.677862     3.601769     4.429006     5.075713     5.480559     5.619637     5.507687     5.186706     4.709067     4.123098     3.465446     2.760210     2.022166     1.261056     0.484944    -0.298075    -1.079553    -1.851004    -2.603899    -3.328496    -4.011035    -4.629600    -5.150299    -5.526640    -5.705259    -5.639088    -5.304694    -4.716103    -3.926916    -3.017921    -2.075533    -1.170807    -0.346727     0.384214     1.034721     1.633670     2.216472     2.816414     3.457574     4.149752     4.886149     5.644793     6.394462     7.104913     7.759848     8.370057
   -3.782493    -7.114914    -6.620826    -6.067491    -5.462627    -4.827933    -4.189298    -3.568052    -2.974821    -2.406714    -1.847819    -1.272559    -0.651390     0.041587     0.819810     1.675719     2.575197     3.458455     4.249668     4.874130     5.276986     5.435578     5.360318     5.085179     4.653709     4.107033     3.477443     2.787587     2.053087     1.286065     0.497852    -0.299750    -1.094460    -1.874059    -2.626655    -3.339896    -3.998721    -4.581979    -5.059316    -5.390763    -5.531562    -5.443084    -5.107168    -4.537674    -3.782502    -2.913517    -2.008324    -1.131837    -0.324430     0.401039     1.055021     1.663216     2.257468     2.867328     3.513125     4.201199     4.922108     5.652682     6.362380     7.023429     7.622987     8.174880
   -3.688204    -6.975029    -6.528213    -6.018740    -5.451498    -4.845675    -4.225815    -3.613430    -3.020743    -2.447504    -1.881045    -1.299285    -0.676145     0.011174     0.773928     1.604122     2.469862     3.316629     4.076185     4.681620     5.083347     5.259470     5.216519     4.981596     4.590795     4.079199     3.475449     2.800964     2.072044     1.302757     0.507119    -0.300018    -1.103194    -1.887089    -2.637010    -3.338423    -3.975186    -4.526791    -4.965849    -5.257846    -5.365257    -5.256640    -4.918521    -4.364974    -3.639381    -2.806088    -1.934907    -1.084987    -0.293930     0.425430     1.081664     1.697500     2.301276     2.918802     3.566706     4.248057     4.951125     5.651993     6.321215     6.933700     7.479964     7.976461
   -3.593734    -6.831782    -6.429845    -5.962805    -5.432886    -4.856712    -4.257236    -3.655803    -3.065902    -2.489673    -1.917550    -1.330856    -0.706868    -0.025698     0.722005     1.528079     2.362898     3.176840     3.908391     4.497310     4.898354     5.090090     5.075631     4.876203     4.521575     4.041697     3.462081     2.803041     2.081382     1.312759     0.513411    -0.299249    -1.107085    -1.892161    -2.637425    -3.326527    -3.942452    -4.465286    -4.870182    -5.127254    -5.205098    -5.078407    -4.737815    -4.197805    -3.498126    -2.696745    -1.856604    -1.031509    -0.256267     0.456579     1.114000     1.735944     2.347321     2.970254     3.617783     4.289952     4.973117     5.643045     6.271739     6.836920     7.332309     7.776578
   -3.499757    -6.686415    -6.326784    -5.900469    -5.407239    -4.861151    -4.283377    -3.694786    -3.109797    -2.532670    -1.956746    -1.366621    -0.742800    -0.068122     0.665072     1.448623     2.255134     3.039479     3.746091     4.320470     4.721003     4.926552     4.937257     4.769325     4.447128     3.996213     3.439357     2.795847     2.082834     1.317259     0.517222    -0.297700    -1.107092    -1.890788    -2.629742    -3.306088    -3.902128    -4.398525    -4.772656    -4.998607    -5.050192    -4.907346    -4.564276    -4.035947    -3.359135    -2.586364    -1.774517    -0.972507    -0.212408     0.493682     1.151351     1.777929     2.395002     3.021107     3.665868     4.326588     4.988096     5.626243     6.214761     6.734251     7.181432     7.576804
   -3.406860    -6.540060    -6.220041    -5.832529    -5.375058    -4.859175    -4.304131    -3.730047    -3.151956    -2.575944    -1.998033    -1.405923    -0.783193    -0.115253     0.604040     1.366625     2.147228     2.904817     3.589084     4.150494     4.550513     4.768214     4.801178     4.661321     4.368392     3.944123     3.408872     2.780952     2.077722     1.317161     0.518927    -0.295559    -1.103931    -1.884117    -2.615376    -3.278584    -3.855521    -4.327420    -4.673635    -4.871696    -4.899897    -4.742655    -4.397266    -3.879177    -3.222685    -2.475634    -1.689568    -0.908946    -0.163249     0.535956     1.193024     1.822811     2.443707     3.070804     3.710526     4.357753     4.996165     5.602059     6.151115     6.626807     7.028627     7.378518
   -3.315549    -6.393733    -6.110568    -5.759774    -5.336888    -4.851034    -4.319463    -3.761318    -3.191947    -2.618959    -2.040809    -1.448102    -0.827325    -0.166303     0.539719     1.282819     2.039706     2.773044     3.437173     3.986880     4.386274     4.614612     4.667289     4.552556     4.286179     3.886568     3.371916     2.759605     2.067086     1.313171     0.518825    -0.292965    -1.098157    -1.873043    -2.595446    -3.245200    -3.803701    -4.252752    -4.573483    -4.746431    -4.753753    -4.583714    -4.236263    -3.727284    -3.088965    -2.365104    -1.602529    -0.841681    -0.109616     0.582639     1.238320     1.869940     2.492831     3.118820     3.751386     4.383315     4.997510     5.571021     6.081638     6.515649     6.875061     7.182911
   -3.226251    -6.248340    -5.999252    -5.682978    -5.293299    -4.837040    -4.329410    -3.788396    -3.229381    -2.661205    -2.084484    -1.492510    -0.874500    -0.220542     0.472829     1.197832     1.932992     2.644289     3.290173     3.829206     4.227807     4.465410     4.535563     4.443383     4.201199     3.824505     3.329550     2.732819     2.051765     1.305859     0.517155    -0.290024    -1.090204    -1.858280    -2.570855    -3.206909    -3.747567    -4.175202    -4.472550    -4.622793    -4.611435    -4.430044    -4.080837    -3.580068    -2.958103    -2.255210    -1.514054    -0.771463    -0.052277     0.632998     1.286548     1.918668     2.541787     3.164675     3.788143     4.403225     4.992388     5.533701     6.007160     6.401767     6.721776     6.990997
   -3.139324    -6.104675    -5.886908    -5.602891    -5.244880    -4.817550    -4.334076    -3.811143    -3.263925    -2.702207    -2.128493    -1.538522    -0.924051    -0.277292     0.404013     1.112200     1.827429     2.518637     3.147907     3.677120     4.074727     4.320362     4.406020     4.334139     4.114072     3.758747     3.282660     2.701435     2.032452     1.295695     0.514120    -0.286819    -1.080427    -1.840409    -2.542344    -3.164515    -3.687874    -4.095360    -4.371165    -4.500811    -4.472709    -4.281268    -3.930632    -3.437348    -2.830180    -2.146301    -1.424695    -0.698964     0.008059     0.686329     1.337034     1.968366     2.590021     3.207942     3.820565     4.417507     4.981117     5.490696     5.928492     6.286081     6.569696     6.803628
   -3.055057    -5.963427    -5.774281    -5.520225    -5.192222    -4.792961    -4.333622    -3.829484    -3.295304    -2.741538    -2.172301    -1.585538    -0.975348    -0.335924     0.333850     1.026387     1.723297     2.396143     3.010216     3.530323     3.926728     4.179287     4.278705     4.225130     4.025337     3.689991     3.231997     2.666161     2.009728     1.283072     0.509890    -0.283415    -1.069116    -1.819914    -2.510534    -3.118699    -3.625269    -4.013741    -4.269634    -4.380542    -4.337410    -4.137085    -3.785349    -3.298957    -2.705247    -2.038660    -1.334928    -0.624781     0.070736     0.741964     1.389129     2.018433     2.637019     3.248249     3.848488     4.426257     4.964067     5.442620     5.846414     6.169433     6.419626     6.621504
   -2.973682    -5.825187    -5.662040    -5.435654    -5.135915    -4.763699    -4.328258    -3.843406    -3.323299    -2.778815    -2.215414    -1.632995    -1.027799    -0.395858     0.262860     0.940797     1.620829     2.276837     2.876948     3.388558     3.783555     4.042048     4.153677     4.116639     3.935470     3.618836     3.178203     2.627599     1.984088     1.268326     0.504613    -0.279864    -1.056515    -1.797203    -2.475951    -3.070039    -3.560307    -3.930795    -4.168235    -4.262056    -4.205414    -3.997256    -3.644735    -3.164744    -2.583332    -1.932521    -1.245166    -0.549453     0.135145     0.799270     1.442214     2.068303     2.682316     3.285290     3.871818     4.429632     4.941650     5.390092     5.761669     6.052588     6.272258     6.445189
   -2.895376    -5.690451    -5.550784    -5.349807    -5.076533    -4.730207    -4.318241    -3.852952    -3.347752    -2.813715    -2.257384    -1.680372    -1.080852    -0.456558     0.191516     0.855785     1.520219     2.160738     2.747968     3.251602     3.644994     3.908537     4.030999     4.008917     3.844884     3.545801     3.121834     2.586271     1.955960     1.251751     0.498419    -0.276207    -1.042829    -1.772623    -2.439043    -3.019034    -3.493469    -3.846918    -4.067217    -4.145427    -4.076632    -3.861580    -3.508574    -3.034570    -2.464447    -1.828077    -1.155768    -0.473466     0.200723     0.857655     1.495711     2.117455     2.725503     3.318820     3.890527     4.427843     4.914303     5.333723     5.674953     5.936231     6.128182     6.275123
   -2.820270    -5.559632    -5.441037    -5.263263    -5.014633    -4.692937    -4.303860    -3.858217    -3.368562    -2.845965    -2.297814    -1.727189    -1.133996    -0.517530     0.120243     0.771663     1.421633     2.047851     2.623148     3.119257     3.510862     3.778665     3.910730     3.902185     3.753941     3.471340     3.063371     2.542627     1.925715     1.233601     0.491424    -0.272477    -1.028234    -1.746473    -2.400198    -2.966115    -3.425173    -3.762455    -3.966804    -4.030729    -3.950994    -3.729890    -3.376678    -2.908311    -2.348596    -1.725490    -1.067051    -0.397261     0.266951     0.916567     1.549081     2.165419     2.766226     3.348661     3.904646     4.421149     4.882486     5.274111     5.586916     5.820970     5.987889     6.111636
   -2.748450    -5.433060    -5.333258    -5.176552    -4.950743    -4.652346    -4.285432    -3.859341    -3.385683    -2.875353    -2.336357    -1.773017    -1.186768    -0.578326     0.049427     0.688711     1.325211     1.938175     2.502371     2.991348     3.381001     3.652356     3.792923     3.796638     3.662957     3.395845     3.003234     2.497064     1.893680     1.214101     0.483730    -0.268702    -1.012883    -1.719012    -2.359755    -2.911656    -3.355782    -3.677709    -3.867192    -3.918027    -3.828441    -3.602044    -3.248881    -2.785851    -2.235776    -1.624899    -0.979298    -0.321237     0.333350     0.975497     1.601836     2.211775     2.804194     3.374693     3.914264     4.409845     4.846667     5.211831     5.498155     5.707339     5.851783     5.954962
   -2.679967    -5.310995    -5.227839    -5.090151    -4.885364    -4.608882    -4.263292    -3.856502    -3.399119    -2.901718    -2.372723    -1.817476    -1.238748    -0.638537    -0.020583     0.607176     1.231076     1.831704     2.385529     2.867717     3.255266     3.529542     3.677623     3.692444     3.572204     3.319661     2.941791     2.449928     1.860144     1.193450     0.475430    -0.264902    -0.996907    -1.690467    -2.318009    -2.855985    -3.285615    -3.592942    -3.768554    -3.807381    -3.708924    -3.477914    -3.125035    -2.667086    -2.125977    -1.526426    -0.892761    -0.245758     0.399484     1.033981     1.653534     2.256161     2.839174     3.396857     3.919516     4.394253     4.807317     5.147432     5.409212     5.595796     5.720182     5.805249
   -2.614842    -5.193633    -5.125110    -5.004487    -4.818961    -4.562984    -4.237789    -3.849910    -3.408920    -2.924955    -2.406673    -1.860236    -1.289563    -0.697797    -0.089475     0.527280     1.139333     1.728428     2.272523     2.748220     3.133526     3.410157     3.564864     3.589746     3.481920     3.243085     2.879365     2.401527     1.825363     1.171829     0.466608    -0.261096    -0.980421    -1.661037    -2.275218    -2.799390    -3.214949    -3.508386    -3.671039    -3.698842    -3.592398    -3.357386    -3.005008    -2.551918    -2.019191    -1.430176    -0.807667    -0.171153     0.464956     1.091599     1.703786     2.298270     2.870991     3.415147     3.920579     4.374718     4.764899     5.081428     5.320576     5.486736     5.593333     5.662569
   -2.553064    -5.081109    -5.025345    -4.919937    -4.751965    -4.515074    -4.209276    -3.839801    -3.415178    -2.945005    -2.438022    -1.901018    -1.338888    -0.755781    -0.156970     0.449217     1.050075     1.628334     2.163257     2.632724     3.015661     3.294139     3.454672     3.488663     3.392308     3.166380     2.816239     2.352132     1.789563     1.149395     0.457339    -0.257298    -0.963527    -1.630897    -2.231610    -2.742123    -3.144027    -3.424239    -3.574774    -3.592449    -3.478817    -3.240358    -2.888677    -2.440260    -1.915404    -1.336242    -0.724218    -0.097718     0.529409     1.147978     1.752254     2.337852     2.899526     3.429605     3.917664     4.351596     4.719866     5.014300     5.232683     5.380486     5.471416     5.526931
   -2.494601    -4.973508    -4.928764    -4.836830    -4.684767    -4.465553    -4.178105    -3.826429    -3.418016    -2.961857    -2.466632    -1.939593    -1.386440    -0.812204    -0.222822     0.373162     0.963380     1.531407     2.057645     2.521106     2.901558     3.181425     3.347059     3.389296     3.303544     3.089772     2.752663     2.301983     1.752949     1.126292     0.447694    -0.253519    -0.946313    -1.600202    -2.187388    -2.684406    -3.073062    -3.340675    -3.479868    -3.488232    -3.368138    -3.126732    -2.775931    -2.332028    -1.814605    -1.244706    -0.642597    -0.025720     0.592524     1.202792     1.798652     2.374709     2.924712     3.440319     3.911008     4.325250     4.672653     4.946490     5.145916     5.277317     5.354552     5.398289
   -2.439401    -4.870869    -4.835539    -4.755447    -4.617723    -4.414799    -4.144622    -3.810062    -3.417590    -2.975538    -2.492414    -1.975780    -1.431986    -0.866820    -0.286815     0.299264     0.879315     1.437631     1.955604     2.413252     2.791108     3.071950     3.242031     3.291725     3.215776     3.013458     2.688856     2.251292     1.715700     1.102649     0.437735    -0.249767    -0.928857    -1.569090    -2.142729    -2.626434    -3.002239    -3.257841    -3.386411    -3.386214    -3.260316    -3.016418    -2.666668    -2.227148    -1.716780    -1.155639    -0.562964     0.044605     0.654021     1.255759     1.842744     2.408696     2.946529     3.447409     3.900871     4.296042     4.623674     4.878400     5.060607     5.177443     5.242809     5.276552
   -2.387395    -4.773191    -4.745799    -4.676028    -4.551150    -4.363164    -4.109164    -3.790973    -3.414077    -2.986112    -2.515320    -2.009441    -1.475333    -0.919420    -0.348765     0.227652     0.797936     1.346985     1.857054     2.309053     2.684210     2.965651     3.139584     3.196014     3.129131     2.937610     2.625010     2.200249     1.677979     1.078583     0.427518    -0.246050    -0.911229    -1.537680    -2.097790    -2.568378    -2.931719    -3.175867    -3.294479    -3.286406    -3.155305    -2.909330    -2.560791    -2.125546    -1.621913    -1.069103    -0.485461     0.113051     0.713659     1.306643     1.884343     2.439716     2.965000     3.451030     3.887524     4.264328     4.573318     4.810395     4.977041     5.081030     5.136210     5.161588
   -2.338501    -4.680440    -4.659632    -4.598770    -4.485328    -4.310973    -4.072054    -3.769439    -3.407672    -2.993672    -2.535343    -2.040483    -1.516329    -0.969834    -0.408517     0.158435     0.719286     1.259448     1.761920     2.208405     2.580764     2.862462     3.039705     3.102213     3.043714     2.862376     2.561295     2.149020     1.639931     1.054196     0.417097    -0.242372    -0.893489    -1.506081    -2.052710    -2.510390    -2.861644    -3.094861    -3.204132    -3.188814    -3.053059    -2.805385    -2.458208    -2.027157    -1.529988    -0.985150    -0.410210     0.179440     0.771233     1.355249     1.923308     2.467717     2.980185     3.451360     3.871248     4.230455     4.521948     4.742800     4.895458     4.988200     5.034737     5.053235
   -2.292625    -4.592550    -4.577091    -4.523834    -4.420503    -4.258520    -4.033599    -3.745736    -3.398582    -2.998339    -2.552508    -2.068848    -1.554863    -1.017924    -0.465946     0.091700     0.643399     1.174991     1.670128     2.111210     2.480675     2.762316     2.942376     3.010358     2.959613     2.787881     2.497857     2.097756     1.601685     1.029584     0.406518    -0.238739    -0.875691    -1.474389    -2.007612    -2.452601    -2.792134    -3.014915    -3.115418    -3.093436    -2.953529    -2.704504    -2.358835    -1.931915    -1.440988    -0.903822    -0.337315     0.243620     0.826573     1.401425     1.959538     2.492684     2.992175     3.448597     3.852326     4.194755     4.469897     4.675900     4.816057     4.899032     4.938341     4.951303
   -2.249664    -4.509432    -4.498198    -4.451346    -4.356885    -4.206076    -3.994086    -3.720132    -3.387023    -3.000251    -2.566870    -2.094517    -1.590857    -1.063589    -0.520951     0.027517     0.570294     1.093586     1.581606     2.017373     2.383850     2.665146     2.847572     2.920472     2.876899     2.714235     2.434827     2.046585     1.563355     1.004831     0.395825    -0.235153    -0.857882    -1.442686    -1.962604    -2.395128    -2.723296    -2.936107    -3.028376    -3.000262    -2.856665    -2.606610    -2.262590    -1.839757    -1.354889    -0.825152    -0.266862     0.305469     0.879542     1.445056     1.992976     2.514641     3.001089     3.442950     3.831040     4.157544     4.417471     4.609948     4.738996     4.813574     4.846940     4.855583
   -2.209511    -4.430975    -4.422949    -4.381398    -4.294654    -4.153878    -3.953784    -3.692887    -3.373216    -2.999565    -2.578511    -2.117499    -1.624268    -1.106755    -0.573460    -0.034065     0.499982     1.015198     1.496282     1.926802     2.290198     2.570884     2.755261     2.832572     2.795633     2.641530     2.372316     1.995625     1.525046     0.980012     0.385056    -0.231616    -0.840105    -1.411048    -1.917782    -2.338072    -2.655219    -2.858501    -2.943032    -2.909280    -2.762417    -2.511630    -2.169393    -1.750624    -1.271670    -0.749163    -0.198917     0.364888     0.930039     1.486063     2.023596     2.533641     3.007067     3.434640     3.807666     4.119119     4.364945     4.545157     4.664400     4.731838     4.760430     4.765850
   -2.172052    -4.357052    -4.351313    -4.314058    -4.233959    -4.102141    -3.912939    -3.664250    -3.357380    -2.996446    -2.587532    -2.137833    -1.655083    -1.147379    -0.623423    -0.093014     0.432462     0.939787     1.414085     1.839407     2.199630     2.479460     2.665410     2.746663     2.715858     2.569845     2.310423     1.944978     1.486848     0.955195     0.374248    -0.228130    -0.822395    -1.379541    -1.873230    -2.281520    -2.587982    -2.782151    -2.859406    -2.820471    -2.670732    -2.419489    -2.079168    -1.664454    -1.191300    -0.675866    -0.133532     0.421804     0.977988     1.524400     2.051407     2.549763     3.010266     3.423892     3.782472     4.079756     4.312567     4.481712     4.592362     4.653811     4.678688     4.681867
   -2.137169    -4.287520    -4.283242    -4.249366    -4.174923    -4.051050    -3.871778    -3.634459    -3.339732    -2.991071    -2.594051    -2.155578    -1.683313    -1.185443    -0.670815    -0.149316     0.367722     0.867310     1.334942     1.755101     2.112059     2.390805     2.577978     2.662743     2.637611     2.499245     2.249231     1.894733     1.448842     0.930442     0.363432    -0.224694    -0.804786    -1.348223    -1.829022    -2.225550    -2.521650    -2.707099    -2.777508    -2.733812    -2.581559    -2.330117    -1.991842    -1.581189    -1.113750    -0.605264    -0.070738     0.476167     1.023345     1.560051     2.076443     2.563109     3.010855     3.410931     3.755716     4.039712     4.260557     4.419764     4.522945     4.579458     4.601571     4.603390
   -2.104744    -4.222226    -4.218669    -4.187340    -4.117641    -4.000767    -3.830506    -3.603734    -3.320485    -2.983618    -2.598201    -2.170815    -1.708994    -1.220952    -0.715630    -0.202974     0.305738     0.797717     1.258780     1.673797     2.027400     2.304849     2.492924     2.580804     2.560918     2.429785     2.188815     1.844969     1.411101     0.905806     0.352636    -0.221310    -0.787305    -1.317145    -1.785221    -2.170228    -2.456278    -2.633381    -2.697346    -2.649278    -2.494845    -2.243444    -1.907342    -1.500768    -1.038981    -0.537350    -0.010554     0.527948     1.066089     1.593026     2.098763     2.573796     3.009011     3.395979     3.727641     3.999220     4.209106     4.359438     4.456188     4.508721     4.528927     4.530168
   -2.074657    -4.161010    -4.157511    -4.127978    -4.062188    -3.951429    -3.789305    -3.572282    -3.299843    -2.974267    -2.600123    -2.183641    -1.732182    -1.253933    -0.757881    -0.254003     0.246478     0.730953     1.185525     1.595408     1.945568     2.221522     2.410203     2.500833     2.485797     2.361509     2.129235     1.795754     1.373687     0.881335     0.341888    -0.217977    -0.769978    -1.286350    -1.741885    -2.115612    -2.391915    -2.561022    -2.618917    -2.566839    -2.410535    -2.159402    -1.825596    -1.423129    -0.966953    -0.472106     0.047021     0.577139     1.106223     1.623357     2.118446     2.581958     3.004918     3.379256     3.698476     3.958492     4.158382     4.300833     4.392106     4.441526     4.460592     4.461949
   -2.046789    -4.103704    -4.099676    -4.071261    -4.008617    -3.903152    -3.748341    -3.540294    -3.278001    -2.963198    -2.599964    -2.194164    -1.752948    -1.284430    -0.797598    -0.302434     0.189901     0.666958     1.115100     1.519850     1.866479     2.140754     2.329769     2.422812     2.412259     2.294453     2.070546     1.747148     1.336658     0.857073     0.331209    -0.214694    -0.752826    -1.255879    -1.699061    -2.061748    -2.328598    -2.490042    -2.542217    -2.486465    -2.328577    -2.077921    -1.746534    -1.348210    -0.897621    -0.409505     0.101997     0.623751     1.143770     1.651099     2.135589     2.587737     2.998759     3.360971     3.668436     3.917720     4.108528     4.244024     4.330696     4.377786     4.396394     4.398479
   -2.021021    -4.050138    -4.045060    -4.017156    -3.956961    -3.856033    -3.707757    -3.507945    -3.255144    -2.950587    -2.597876    -2.202503    -1.771380    -1.312503    -0.834827    -0.348311     0.135954     0.605670     1.047429     1.447038     1.790051     2.062475     2.251572     2.346719     2.340308     2.228646     2.012790     1.699203     1.300061     0.833058     0.320622    -0.211462    -0.735867    -1.225765    -1.656793    -2.008681    -2.266359    -2.420455    -2.467237    -2.408121    -2.248916    -1.998936    -1.670085    -1.275948    -0.830934    -0.349512     0.154401     0.667810     1.178773     1.676322     2.150299     2.591282     2.990718     3.341326     3.637718     3.877073     4.059665     4.189067     4.271937     4.317401     4.336158     4.339509
   -1.997235    -4.000137    -3.993553    -3.965617    -3.907240    -3.810149    -3.667678    -3.475394    -3.231446    -2.936603    -2.594011    -2.208784    -1.787573    -1.338225    -0.869626    -0.391686     0.084579     0.547017     0.982433     1.376888     1.716203     1.986616     2.175563     2.272528     2.269946     2.164109     1.956006     1.651962     1.263939     0.809322     0.310144    -0.208278    -0.719117    -1.196037    -1.615114    -1.956443    -2.205223    -2.352269    -2.393964    -2.331774    -2.171498    -1.922380    -1.596179    -1.206277    -0.766837    -0.292083     0.204270     0.709357     1.211288     1.699109     2.162695     2.592748     2.980975     3.320513     3.606506     3.836704     4.011893     4.135996     4.215793     4.260263     4.279703     4.284790
   -1.975319    -3.953528    -3.945037    -3.916586    -3.859456    -3.765560    -3.628215    -3.442784    -3.207070    -2.921412    -2.588521    -2.213138    -1.801634    -1.361681    -0.902065    -0.432625     0.035711     0.490928     0.920030     1.309316     1.644854     1.913108     2.101691     2.200210     2.201165     2.100858     1.900223     1.605464     1.228328     0.785895     0.299791    -0.205142    -0.702590    -1.166720    -1.574058    -1.905063    -2.145209    -2.285489    -2.322381    -2.257385    -2.096270    -1.848186    -1.524747    -1.139130    -0.705271    -0.237166     0.251653     0.748445     1.241385     1.719556     2.172905     2.592289     2.969707     3.298712     3.574964     3.796744     3.965293     4.084832     4.162216     4.206256     4.226849     4.234078
   -1.955158    -3.910137    -3.899391    -3.869998    -3.813602    -3.722311    -3.589458    -3.410244    -3.182165    -2.905169    -2.581557    -2.215698    -1.813675    -1.382963    -0.932221    -0.471200    -0.010724     0.437326     0.860139     1.244237     1.575924     1.841880     2.029904     2.129736     2.133959     2.038902     1.845466     1.559739     1.193262     0.762803     0.289578    -0.202052    -0.686298    -1.137835    -1.533648    -1.854566    -2.086333    -2.220114    -2.252471    -2.184919    -2.023176    -1.776291    -1.455718    -1.074440    -0.646173    -0.184704     0.296608     0.785140     1.269145     1.737768     2.181058     2.590062     2.957081     3.276092     3.543244     3.757307     3.919930     4.035580     4.111147     4.155258     4.177415     4.187137
   -1.936645    -3.869791    -3.856492    -3.825781    -3.769657    -3.680435    -3.551487    -3.377889    -3.156870    -2.888023    -2.573262    -2.216596    -1.823812    -1.402171    -0.960183    -0.507488    -0.054804     0.386130     0.802676     1.181569     1.509334     1.772867     1.960151     2.061073     2.068314     1.978248     1.791753     1.514813     1.158765     0.740066     0.279518    -0.199008    -0.670250    -1.109401    -1.493906    -1.804970    -2.028604    -2.156139    -2.184213    -2.114335    -1.952164    -1.706628    -1.389023    -1.012136    -0.589475    -0.134631     0.339200     0.819517     1.294658     1.753856     2.187289     2.586217     2.943261     3.252810     3.511480     3.718493     3.875854     3.988231     4.062520     4.107145     4.131223     4.143735
   -1.919674    -3.832322    -3.816214    -3.783856    -3.727592    -3.639951    -3.514366    -3.345819    -3.131311    -2.870114    -2.563779    -2.215966    -1.832165    -1.419408    -0.986041    -0.541576    -0.096609     0.337257     0.747559     1.121228     1.445006     1.706000     1.892379     1.994187     2.004216     1.918898     1.739099     1.470709     1.124862     0.717703     0.269622    -0.196008    -0.654454    -1.081431    -1.454850    -1.756290    -1.972029    -2.093560    -2.117583    -2.045596    -1.883179    -1.639135    -1.324592    -0.952147    -0.535109    -0.086879     0.379502     0.851656     1.318021     1.767937     2.191734     2.580906     2.928400     3.229011     3.479794     3.680384     3.833099     3.942768     4.016261     4.061790     4.088094     4.103649
   -1.904142    -3.797563    -3.778431    -3.744141    -3.687370    -3.600867    -3.478146    -3.314122    -3.105603    -2.851571    -2.553241    -2.213938    -1.838854    -1.434784    -1.009893    -0.573552    -0.136226     0.290624     0.694701     1.063132     1.382865     1.641212     1.826536     1.929042     1.941646     1.860848     1.687515     1.427442     1.091570     0.695731     0.259897    -0.193051    -0.638917    -1.053938    -1.416493    -1.708535    -1.916611    -2.032365    -2.052558    -1.978661    -1.816168    -1.573747    -1.262356    -0.894402    -0.483000    -0.041373     0.417593     0.881646     1.339335     1.780127     2.194525     2.574271     2.912642     3.204826     3.448293     3.643049     3.791688     3.899162     3.972291     4.019065     4.047856     4.066661
   -1.889953    -3.765352    -3.743018    -3.706550    -3.648949    -3.563185    -3.442868    -3.282875    -3.079849    -2.832516    -2.541778    -2.210638    -1.843997    -1.448406    -1.031838    -0.603508    -0.173743     0.246143     0.644020     1.007199     1.322833     1.578438     1.762570     1.865604     1.880586     1.804095     1.637005     1.385027     1.058905     0.674162     0.250354    -0.190136    -0.623644    -1.026932    -1.378846    -1.661714    -1.862348    -1.972544    -1.989112    -1.913491    -1.751078    -1.510400    -1.202244    -0.838826    -0.433074     0.001964     0.453556     0.909579     1.358707     1.790548     2.195796     2.566452     2.896123     3.180377     3.417070     3.606546     3.751635     3.857378     3.930526     3.978842     4.010339     4.032563
   -1.877010    -3.735532    -3.709851    -3.670995    -3.612279    -3.526896    -3.408563    -3.252143    -3.054144    -2.813060    -2.529509    -2.206189    -1.847713    -1.460385    -1.051978    -0.631540    -0.209250     0.203728     0.595428     0.953348     1.264836     1.517613     1.700430     1.803835     1.821013     1.748630     1.587573     1.343471     1.026878     0.653007     0.240998    -0.187261    -0.608638    -1.000420    -1.341916    -1.615831    -1.809238    -1.914082    -1.927218    -1.850044    -1.687857    -1.449034    -1.144188    -0.785348    -0.385255     0.043213     0.487478     0.935551     1.376242     1.799318     2.195676     2.557582     2.878971     3.155774     3.386208     3.570921     3.712941     3.817374     3.890881     3.940993     3.975378     4.001157
   -1.865225    -3.707950    -3.678807    -3.637387    -3.577308    -3.491984    -3.375254    -3.221981    -3.028568    -2.793308    -2.516551    -2.200709    -1.850117    -1.470831    -1.070415    -0.657743    -0.242838     0.163291     0.548843     0.901499     1.208801     1.458674     1.640064     1.743697     1.762904     1.694443     1.539218     1.302783     0.995499     0.632274     0.231834    -0.184425    -0.593903    -0.974406    -1.305709    -1.570888    -1.757276    -1.856964    -1.866848    -1.788282    -1.626452    -1.389586    -1.088118    -0.733892    -0.339465     0.082457     0.519447     0.959660     1.392051     1.806556     2.194288     2.547785     2.861301     3.131116     3.355777     3.536207     3.675602     3.779103     3.853267     3.905393     3.942813     3.972251
   -1.854511    -3.682460    -3.649766    -3.605637    -3.543979    -3.458429    -3.342952    -3.192437    -3.003198    -2.773351    -2.503009    -2.194310    -1.851321    -1.479851    -1.087251    -0.682214    -0.274599     0.124744     0.504181     0.851572     1.154657     1.401558     1.581421     1.685154     1.706236     1.641522     1.491939     1.262965     0.964774     0.611970     0.222867    -0.181627    -0.579441    -0.948895    -1.270227    -1.526882    -1.706453    -1.801172    -1.807974    -1.728163    -1.566812    -1.331995    -1.033967    -0.684385    -0.295625     0.119778     0.549553     0.982004     1.406240     1.812378     2.191755     2.537180     2.843222     3.106490     3.325839     3.502432     3.639605     3.742513     3.817595     3.871918     3.912492     3.945662
   -1.844785    -3.658919    -3.622612    -3.575656    -3.512235    -3.426204    -3.311667    -3.163547    -2.978096    -2.753276    -2.488982    -2.187099    -1.851433    -1.487551    -1.102587    -0.705049    -0.304624     0.088000     0.461358     0.803492     1.102332     1.346205     1.524452     1.628167     1.650982     1.589852     1.445729     1.224017     0.934707     0.592099     0.214101    -0.178866    -0.565252    -0.923889    -1.235471    -1.483813    -1.656761    -1.746689    -1.750566    -1.669646    -1.508886    -1.276202    -0.981668    -0.636755    -0.253656     0.155262     0.577889     1.002682     1.418915     1.816896     2.188190     2.525878     2.824834     3.081977     3.296444     3.469613     3.604932     3.707549     3.783776     3.840447     3.884264     3.921216
   -1.835970    -3.637192    -3.597231    -3.547355    -3.482014    -3.395281    -3.281399    -3.135342    -2.953319    -2.733161    -2.474564    -2.179177    -1.850557    -1.494033    -1.116523    -0.726342    -0.333003     0.052973     0.420294     0.757181     1.051759     1.292554     1.469108     1.572700     1.597118     1.539418     1.400581     1.185940     0.905301     0.572666     0.205538    -0.176141    -0.551336    -0.899387    -1.201441    -1.441674    -1.608187    -1.693494    -1.694596    -1.612693    -1.452625    -1.222146    -0.931153    -0.590927    -0.213481     0.188993     0.604544     1.021792     1.430183     1.820220     2.183703     2.513983     2.806226     3.057645     3.267636     3.437761     3.571559     3.674154     3.751722     3.810865     3.857988     3.898749
   -1.827992    -3.617149    -3.573513    -3.520647    -3.453256    -3.365624    -3.252142    -3.107846    -2.928917    -2.713075    -2.459840    -2.170639    -1.848793    -1.499397    -1.129156    -0.746187    -0.359826     0.019579     0.380908     0.712566     1.002870     1.240546     1.415339     1.518714     1.544615     1.490203     1.356486     1.148728     0.876555     0.553670     0.197179    -0.173451    -0.537693    -0.875389    -1.168133    -1.400459    -1.560720    -1.641567    -1.640033    -1.557263    -1.397978    -1.169771    -0.882357    -0.546830    -0.175020     0.221055     0.629610     1.039432     1.440145     1.822456     2.178398     2.501590     2.787481     3.033557     3.239448     3.406881     3.539460     3.642270     3.721343     3.783057     3.833529     3.878103
   -1.820780    -3.598665    -3.551352    -3.495447    -3.425898    -3.337199    -3.223889    -3.081076    -2.904931    -2.693081    -2.444886    -2.161572    -1.846233    -1.503739    -1.140579    -0.764674    -0.385179    -0.012265     0.343124     0.669575     0.955600     1.190126     1.363099     1.466172     1.493446     1.442188     1.313433     1.112378     0.848468     0.535113     0.189026    -0.170794    -0.524322    -0.851894    -1.135543    -1.360160    -1.514345    -1.590886    -1.586847    -1.503317    -1.344897    -1.119020    -0.835216    -0.504393    -0.138197     0.251530     0.653175     1.055695     1.448899     1.823702     2.172373     2.488790     2.768674     3.009766     3.211909     3.376971     3.508602     3.611835     3.692555     3.756912     3.810755     3.859132
   -1.814268    -3.581623    -3.530647    -3.471672    -3.399880    -3.309968    -3.196626    -3.055045    -2.881396    -2.673234    -2.429776    -2.152060    -1.842968    -1.507150    -1.150884    -0.781893    -0.409147    -0.042639     0.306864     0.628137     0.909885     1.141238     1.312341     1.415037     1.443585     1.395354     1.271411     1.076882     0.821036     0.516993     0.181078    -0.168170    -0.511222    -0.828898    -1.103665    -1.320767    -1.469048    -1.541430    -1.535008    -1.450816    -1.293334    -1.069835    -0.789667    -0.463547    -0.102936     0.280501     0.675326     1.070673     1.456541     1.824054     2.165718     2.475664     2.749870     2.986318     3.185040     3.348025     3.478953     3.582791     3.665271     3.732327     3.789543     3.841695
   -1.808393    -3.565911    -3.511299    -3.449240    -3.375138    -3.283890    -3.170337    -3.029760    -2.858344    -2.653583    -2.414573    -2.142179    -1.839080    -1.509716    -1.160157    -0.797928    -0.431813    -0.071624     0.272055     0.588184     0.865664     1.093827     1.263020     1.365273     1.395002     1.349682     1.230405     1.042232     0.794255     0.499310     0.173337    -0.165578    -0.498390    -0.806396    -1.072494    -1.282270    -1.424812    -1.493175    -1.484486    -1.399722    -1.243244    -1.022165    -0.745648    -0.424223    -0.069164     0.308047     0.696148     1.084456     1.463162     1.823604     2.158520     2.462288     2.731132     2.963253     3.158858     3.320034     3.450476     3.555075     3.639411     3.709199     3.769777     3.825661
   -1.803098    -3.551422    -3.493214    -3.428073    -3.351613    -3.258925    -3.145003    -3.005223    -2.835797    -2.634173    -2.399338    -2.132000    -1.834648    -1.511521    -1.168482    -0.812863    -0.453256    -0.099293     0.238626     0.549651     0.822878     1.047842     1.215091     1.316843     1.347670     1.305149     1.190400     1.008419     0.768120     0.482059     0.165799    -0.163017    -0.485823    -0.784386    -1.042021    -1.244657    -1.381620    -1.446099    -1.435249    -1.349996    -1.194580    -0.975954    -0.703099    -0.386356    -0.036808     0.334245     0.715723     1.097128     1.468849     1.822436     2.150858     2.448730     2.712511     2.940605     3.133373     3.292984     3.423134     3.528629     3.614893     3.687432     3.751344     3.810906
   -1.798326    -3.538056    -3.476305    -3.408095    -3.329245    -3.235031    -3.120603    -2.981436    -2.813776    -2.615041    -2.384124    -2.121588    -1.829746    -1.512641    -1.175939    -0.826775    -0.473554    -0.125721     0.206508     0.512473     0.781469     1.003232     1.168512     1.269712     1.301560     1.261735     1.151383     0.975431     0.742623     0.465236     0.158465    -0.160486    -0.473520    -0.762860    -1.012238    -1.207915    -1.339456    -1.400178    -1.387269    -1.301601    -1.147298    -0.931152    -0.661963    -0.349880    -0.005797     0.359172     0.734132     1.108774     1.473685     1.820631     2.142805     2.435054     2.694055     2.918402     3.108592     3.266859     3.396887     3.503393     3.591640     3.666933     3.734140     3.797314
   -1.794027    -3.525718    -3.460485    -3.389234    -3.307975    -3.212168    -3.097114    -2.958393    -2.792296    -2.596220    -2.368978    -2.111003    -1.824442    -1.513151    -1.182604    -0.839741    -0.492779    -0.150978     0.175634     0.476590     0.741381     0.959948     1.123239     1.223845     1.256645     1.219418     1.113336     0.943258     0.717758     0.448839     0.151333    -0.157985    -0.461475    -0.741814    -0.983136    -1.172032    -1.298300    -1.355388    -1.340515    -1.254500    -1.101353    -0.887708    -0.622181    -0.314733     0.023936     0.382899     0.751449     1.119470     1.477749     1.818264     2.134430     2.421316     2.675806     2.896668     3.084517     3.241641     3.371698     3.479308     3.569578     3.647613     3.718066     3.784776
   -1.790151    -3.514320    -3.445675    -3.371419    -3.287746    -3.190293    -3.074512    -2.936089    -2.771368    -2.577739    -2.353944    -2.100300    -1.818799    -1.513119    -1.188546    -0.851832    -0.511003    -0.175132     0.145942     0.441942     0.702561     0.917942     1.079232     1.179207     1.212896     1.178175     1.076242     0.911887     0.693515     0.432861     0.144399    -0.155513    -0.449687    -0.721240    -0.954704    -1.136993    -1.258135    -1.311705    -1.294957    -1.208658    -1.056705    -0.845573    -0.583701    -0.280854     0.052457     0.405496     0.767749     1.129292     1.481114     1.815405     2.125795     2.407567     2.657800     2.875421     3.061148     3.217308     3.347525     3.456317     3.548635     3.629389     3.703028     3.773192
   -1.786655    -3.503776    -3.431797    -3.354583    -3.268503    -3.169365    -3.052769    -2.914514    -2.751002    -2.559621    -2.339060    -2.089528    -1.812875    -1.512610    -1.193835    -0.863116    -0.528291    -0.198246     0.117369     0.408473     0.664958     0.877168     1.036452     1.135764     1.170285     1.137985     1.040084     0.881304     0.669885     0.417297     0.137663    -0.153069    -0.438151    -0.701132    -0.926932    -1.102784    -1.218941    -1.269106    -1.250566    -1.164039    -1.013310    -0.804701    -0.546467    -0.248185     0.079828     0.427032     0.783102     1.138310     1.483850     1.812118     2.116957     2.393854     2.640070     2.854675     3.038481     3.193838     3.324328     3.434366     3.528742     3.612183     3.688939     3.762467
   -1.783495    -3.494009    -3.418780    -3.338663    -3.250193    -3.149342    -3.031861    -2.893658    -2.731200    -2.541886    -2.324359    -2.078734    -1.806725    -1.511683    -1.198533    -0.873657    -0.544708    -0.220383     0.089857     0.376128     0.628521     0.837583     0.994859     1.093484     1.128784     1.098825     1.004844     0.851497     0.646859     0.402140     0.131121    -0.150654    -0.426864    -0.681482    -0.899810    -1.069390    -1.180699    -1.227567    -1.207312    -1.120609    -0.971130    -0.765044    -0.510430    -0.216670     0.106112     0.447569     0.797573     1.146593     1.486023     1.808466     2.107970     2.380219     2.622642     2.834442     3.016509     3.171207     3.302069     3.413399     3.509834     3.595918     3.675717     3.752514
   -1.780634    -3.484946    -3.406556    -3.323598    -3.232763    -3.130186    -3.011760    -2.873508    -2.711967    -2.524552    -2.309872    -2.067957    -1.800399    -1.510394    -1.202700    -0.883517    -0.560314    -0.241602     0.063352     0.344856     0.593204     0.799144     0.954416     1.052334     1.088367     1.060671     0.970503     0.822451     0.624427     0.387385     0.124770    -0.148265    -0.415821    -0.662283    -0.873325    -1.036796    -1.143390    -1.187063    -1.165167    -1.078333    -0.930124    -0.726560    -0.475539    -0.186255     0.131365     0.467169     0.811226     1.154202     1.487692     1.804502     2.098881     2.366696     2.605539     2.814730     2.995224     3.149392     3.280708     3.393364     3.491847     3.580524     3.663284     3.743250
   -1.778036    -3.476517    -3.395060    -3.309329    -3.216165    -3.111856    -2.992439    -2.854050    -2.693301    -2.507632    -2.295624    -2.057234    -1.793941    -1.508795    -1.206390    -0.892752    -0.575167    -0.261957     0.037799     0.314607     0.558961     0.761809     0.915086     1.012282     1.049006     1.023502     0.937044     0.794152     0.602577     0.373023     0.118607    -0.145903    -0.405018    -0.643527    -0.847467    -1.004986    -1.106994    -1.147570    -1.124103    -1.037178    -0.890256    -0.689205    -0.441748    -0.156888     0.155643     0.485891     0.824121     1.161197     1.488915     1.800280     2.089734     2.353321     2.588781     2.795543     2.974616     3.128366     3.260205     3.374211     3.474721     3.565934     3.651570     3.734600
   -1.775667    -3.468659    -3.384233    -3.295802    -3.200350    -3.094313    -2.973869    -2.835269    -2.675201    -2.491136    -2.281638    -2.046599    -1.787392    -1.506933    -1.209656    -0.901416    -0.589319    -0.281502     0.013148     0.285334     0.525748     0.725539     0.876834     0.973297     1.010674     0.987294     0.904447     0.766584     0.581299     0.359048     0.112629    -0.143567    -0.394451    -0.625205    -0.822223    -0.973944    -1.071491    -1.109065    -1.084091    -0.997112    -0.851487    -0.652937    -0.409010    -0.128520     0.178999     0.503790     0.836313     1.167633     1.489744     1.795846     2.080567     2.340120     2.572384     2.776884     2.954673     3.108104     3.240522     3.355892     3.458402     3.552087     3.640507     3.726495
   -1.773497    -3.461314    -3.374018    -3.282964    -3.185272    -3.077521    -2.956024    -2.817148    -2.657662    -2.475073    -2.267934    -2.036081    -1.780791    -1.504851    -1.212545    -0.909559    -0.602822    -0.300286    -0.010647     0.256992     0.493523     0.690296     0.839627     0.935349     0.973345     0.952025     0.872693     0.739733     0.560581     0.345453     0.106832    -0.141257    -0.384116    -0.607309    -0.797580    -0.943655    -1.036862    -1.071525    -1.045104    -0.958104    -0.813783    -0.617718    -0.377282    -0.101102     0.201484     0.520917     0.847857     1.173564     1.490229     1.791243     2.071415     2.327119     2.556361     2.758753     2.935381     3.088580     3.221624     3.338360     3.442833     3.538922     3.630034     3.718871
   -1.771498    -3.454425    -3.364361    -3.270767    -3.170888    -3.061442    -2.938875    -2.799671    -2.640678    -2.459446    -2.254526    -2.025705    -1.774171    -1.502591    -1.215102    -0.917228    -0.615723    -0.318356    -0.033634     0.229537     0.462248     0.656043     0.803430     0.898408     0.936992     0.917672     0.841764     0.713583     0.540411     0.332229     0.101212    -0.138973    -0.374007    -0.589831    -0.773528    -0.914102    -1.003086    -1.034925    -1.007115    -0.920122    -0.777109    -0.583508    -0.346522    -0.074590     0.223146     0.537323     0.858801     1.179037     1.490414     1.786511     2.062311     2.314340     2.540723     2.741146     2.916725     3.069768     3.203472     3.321571     3.427966     3.526385     3.620092     3.711668
   -1.769644    -3.447942    -3.355215    -3.259164    -3.157156    -3.046041    -2.922397    -2.782819    -2.624242    -2.444261    -2.241430    -2.015495    -1.767563    -1.500188    -1.217368    -0.924466    -0.628067    -0.335757    -0.055854     0.202930     0.431883     0.622745     0.768212     0.862445     0.901590     0.884214     0.811641     0.688119     0.520779     0.319370     0.095766    -0.136713    -0.364121    -0.572763    -0.750052    -0.885269    -0.970145    -0.999243    -0.970097    -0.883137    -0.741431    -0.550270    -0.316690    -0.048941     0.244028     0.553055     0.869193     1.184096     1.490340     1.781686     2.053283     2.301801     2.525476     2.724062     2.898692     3.051642     3.186032     3.305481     3.413751     3.514425     3.610630     3.704833
   -1.767911    -3.441819    -3.346532    -3.248111    -3.144036    -3.031284    -2.906561    -2.766575    -2.608345    -2.429519    -2.228656    -2.005469    -1.760994    -1.497676    -1.219379    -0.931314    -0.639895    -0.352529    -0.077348     0.177131     0.402391     0.590369     0.733941     0.827433     0.867115     0.851627     0.782304     0.663325     0.501671     0.306866     0.090489    -0.134479    -0.354453    -0.556095    -0.727142    -0.857140    -0.938019    -0.964456    -0.934024    -0.847120    -0.706716    -0.517970    -0.287747    -0.024114     0.264176     0.568155     0.879076     1.188785     1.490047     1.776800     2.044355     2.289518     2.510627     2.707494     2.881263     3.034176     3.169270     3.290050     3.400143     3.502993     3.601597     3.698317
   -1.766279    -3.436011    -3.338271    -3.237568    -3.131491    -3.017139    -2.891343    -2.750920    -2.592979    -2.415218    -2.216212    -1.995647    -1.754490    -1.495086    -1.221172    -0.937809    -0.651246    -0.368713    -0.098154     0.152104     0.373740     0.558882     0.700589     0.793344     0.833540     0.819891     0.753735     0.639185     0.483077     0.294710     0.085379    -0.132268    -0.344998    -0.539819    -0.704783    -0.829699    -0.906687    -0.930541    -0.898871    -0.812041    -0.672934    -0.486572    -0.259657    -0.000069     0.283628     0.582666     0.888490     1.193142     1.489568     1.771882     2.035549     2.277505     2.496178     2.691435     2.864424     3.017344     3.153153     3.275239     3.387101     3.492046     3.592949     3.692073
   -1.764727    -3.430481    -3.330392    -3.227496    -3.119484    -3.003574    -2.876715    -2.735836    -2.578132    -2.401358    -2.204107    -1.986041    -1.748070    -1.492445    -1.222778    -0.943986    -0.662156    -0.384343    -0.118308     0.127813     0.345894     0.528253     0.668125     0.760151     0.800843     0.788983     0.725915     0.615685     0.464984     0.282894     0.080430    -0.130082    -0.335752    -0.523927    -0.682965    -0.802930    -0.876132    -0.897477    -0.864612    -0.777874    -0.640055    -0.456045    -0.232384     0.023229     0.302424     0.596626     0.897475     1.197202     1.488936     1.766959     2.026885     2.265771     2.482132     2.675878     2.848157     3.001123     3.137648     3.261012     3.374583     3.481541     3.584643     3.686063
   -1.763240    -3.425191    -3.322857    -3.217859    -3.107982    -2.990559    -2.862654    -2.721305    -2.563794    -2.387935    -2.192343    -1.976666    -1.741756    -1.489778    -1.224226    -0.949877    -0.672659    -0.399456    -0.137845     0.104227     0.318824     0.498451     0.636522     0.727829     0.768999     0.758882     0.698826     0.592809     0.447380     0.271409     0.075639    -0.127919    -0.326710    -0.508409    -0.661674    -0.776818    -0.846334    -0.865241    -0.831224    -0.744591    -0.608048    -0.426357    -0.205895     0.045817     0.320599     0.610071     0.906065     1.200998     1.488180     1.762054     2.018380     2.254326     2.468488     2.660814     2.832445     2.985486     3.122727     3.247334     3.362554     3.471440     3.576642     3.680247
   -1.761800    -3.420108    -3.315634    -3.208623    -3.096953    -2.978064    -2.849134    -2.707307    -2.549952    -2.374945    -2.180926    -1.967530    -1.735564    -1.487107    -1.225543    -0.955512    -0.682787    -0.414083    -0.156796     0.081313     0.292497     0.469449     0.605753     0.696351     0.737985     0.729567     0.672449     0.570541     0.430254     0.260248     0.071002    -0.125780    -0.317869    -0.493257    -0.640898    -0.751345    -0.817274    -0.833812    -0.798683    -0.712166    -0.576886    -0.397477    -0.180158     0.067727     0.338188     0.623035     0.914292     1.204561     1.487325     1.757189     2.010047     2.243176     2.455246     2.646233     2.817270     2.970410     3.108358     3.234172     3.350976     3.461708     3.568911     3.674594
   -1.760393    -3.415203    -3.308691    -3.199756    -3.086366    -2.966062    -2.836132    -2.693824    -2.536596    -2.362383    -2.169856    -1.958643    -1.729507    -1.484451    -1.226752    -0.960917    -0.692568    -0.428253    -0.175191     0.059042     0.266887     0.441218     0.575791     0.665694     0.707779     0.701018     0.646766     0.548867     0.413593     0.249402     0.066515    -0.123664    -0.309222    -0.478464    -0.620625    -0.726498    -0.788934    -0.803169    -0.766964    -0.680574    -0.546542    -0.369377    -0.155143     0.088992     0.355223     0.635550     0.922187     1.207918     1.486397     1.752381     2.001898     2.232327     2.442401     2.632125     2.802615     2.955872     3.094514     3.221494     3.339819     3.452312     3.561419     3.669073
   -1.759008    -3.410447    -3.301998    -3.191231    -3.076193    -2.954527    -2.823625    -2.680838    -2.523711    -2.350242    -2.159134    -1.950012    -1.723600    -1.481830    -1.227875    -0.966117    -0.702028    -0.441995    -0.193059     0.037385     0.241965     0.413733     0.546612     0.635834     0.678357     0.673215     0.621760     0.527770     0.397385     0.238864     0.062174    -0.121572    -0.300766    -0.464019    -0.600842    -0.702260    -0.761296    -0.773291    -0.736046    -0.649790    -0.516989    -0.342028    -0.130821     0.109640     0.371732     0.647646     0.929779     1.211095     1.485416     1.747648     1.993945     2.221782     2.429951     2.618479     2.788463     2.941848     3.081169     3.209272     3.329051     3.443221     3.554135     3.663658
   -1.757633    -3.405817    -3.295530    -3.183019    -3.066407    -2.943433    -2.811591    -2.668331    -2.511285    -2.338515    -2.148758    -1.941641    -1.717853    -1.479257    -1.228932    -0.971135    -0.711194    -0.455334    -0.210426     0.016318     0.217705     0.386967     0.518191     0.606748     0.649700     0.646137     0.597412     0.507237     0.381620     0.228626     0.057975    -0.119502    -0.292497    -0.449916    -0.581539    -0.678617    -0.734341    -0.744158    -0.705906    -0.619791    -0.488201    -0.315404    -0.107163     0.129700     0.387746     0.659349     0.937093     1.214115     1.484401     1.743004     1.986196     2.211542     2.417890     2.605284     2.774796     2.928317     3.068296     3.197477     3.318644     3.434408     3.547034     3.658323
   -1.756257    -3.401291    -3.289263    -3.175095    -3.056983    -2.932756    -2.800008    -2.656285    -2.499305    -2.327195    -2.138728    -1.933534    -1.712274    -1.476748    -1.229941    -0.975991    -0.720087    -0.468295    -0.227317    -0.004187     0.194083     0.360897     0.490504     0.578412     0.621784     0.619765     0.573706     0.487253     0.366286     0.218679     0.053914    -0.117454    -0.284410    -0.436145    -0.562702    -0.655553    -0.708053    -0.715750    -0.676522    -0.590552    -0.460154    -0.289480    -0.084144     0.149199     0.403290     0.670687     0.944152     1.216999     1.483370     1.738460     1.978656     2.201608     2.406214     2.592527     2.761597     2.915257     3.055871     3.186083     3.308571     3.425848     3.540093     3.653049
   -1.754874    -3.396848    -3.283175    -3.167436    -3.047898    -2.922474    -2.788855    -2.644682    -2.487758    -2.316273    -2.129039    -1.925694    -1.706871    -1.474314    -1.230918    -0.980705    -0.728729    -0.480901    -0.243756    -0.024152     0.171074     0.335500     0.463529     0.550806     0.594591     0.594081     0.550623     0.467803     0.351370     0.209016     0.049987    -0.115429    -0.276500    -0.422698    -0.544321    -0.633054    -0.682413    -0.688047    -0.647873    -0.562052    -0.432825    -0.264231    -0.061739     0.168162     0.418390     0.681681     0.950979     1.219765     1.482339     1.734028     1.971333     2.191981     2.394914     2.580197     2.748850     2.902648     3.043871     3.175065     3.298809     3.417516     3.533289     3.647816
   -1.753474    -3.392470    -3.277244    -3.160019    -3.039127    -2.912564    -2.778113    -2.633506    -2.476630    -2.305741    -2.119688    -1.918121    -1.701651    -1.471966    -1.231876    -0.985294    -0.737140    -0.493173    -0.259763    -0.043600     0.148657     0.310752     0.437244     0.523907     0.568098     0.569064     0.528149     0.448873     0.336863     0.199630     0.046190    -0.113426    -0.268765    -0.409568    -0.526384    -0.611105    -0.657405    -0.661032    -0.619939    -0.534268    -0.406191    -0.239633    -0.039923     0.186613     0.433067     0.692356     0.957595     1.222432     1.481320     1.729717     1.964228     2.182657     2.383986     2.568282     2.736538     2.890469     3.032273     3.164401     3.289333     3.409392     3.526605     3.642609
   -1.752052    -3.388143    -3.271454    -3.152827    -3.030652    -2.903007    -2.767762    -2.622740    -2.465909    -2.295588    -2.110671    -1.910817    -1.696618    -1.469712    -1.232828    -0.989773    -0.745336    -0.505129    -0.275361    -0.062551     0.126809     0.286632     0.411628     0.497696     0.542288     0.544698     0.506266     0.430449     0.322753     0.190512     0.042521    -0.111445    -0.261199    -0.396747    -0.508879    -0.589692    -0.633013    -0.634685    -0.592699    -0.507180    -0.380229    -0.215665    -0.018674     0.204575     0.447346     0.702730     0.964016     1.225016     1.480326     1.725535     1.957347     2.173635     2.373420     2.556769     2.724645     2.878701     3.021057     3.154069     3.280123     3.401455     3.520022     3.637412
   -1.750602    -3.383851    -3.265788    -3.145838    -3.022453    -2.893783    -2.757784    -2.612368    -2.455580    -2.285807    -2.101982    -1.903779    -1.691775    -1.467559    -1.233786    -0.994157    -0.753335    -0.516788    -0.290568    -0.081028     0.105510     0.263120     0.386659     0.472152     0.517140     0.520964     0.484957     0.412517     0.309029     0.181655     0.038974    -0.109486    -0.253799    -0.384227    -0.491796    -0.568801    -0.609219    -0.608988    -0.566135    -0.480766    -0.354919    -0.192303     0.002029     0.222068     0.461245     0.712823     0.970262     1.227529     1.479367     1.721487     1.950688     2.164912     2.363208     2.545646     2.713154     2.867326     3.010202     3.144049     3.271160     3.393689     3.513526     3.632214
   -1.749120    -3.379583    -3.260231    -3.139038    -3.014511    -2.884873    -2.748162    -2.602373    -2.445631    -2.276387    -2.093615    -1.897007    -1.687125    -1.465516    -1.234758    -0.998457    -0.761151    -0.528167    -0.305403    -0.099047     0.084741     0.240196     0.362319     0.447256     0.492636     0.497844     0.464209     0.395064     0.295681     0.173052     0.035546    -0.107549    -0.246560    -0.372001    -0.475124    -0.548419    -0.586008    -0.583923    -0.540226    -0.455008    -0.330239    -0.169528     0.022208     0.239113     0.474784     0.722654     0.976346     1.229985     1.478453     1.717579     1.944255     2.156483     2.353344     2.534901     2.702051     2.856326     2.999690     3.134321     3.262426     3.386077     3.507102     3.627003
   -1.747602    -3.375327    -3.254768    -3.132410    -3.006810    -2.876260    -2.738878    -2.592741    -2.436049    -2.267318    -2.085565    -1.890498    -1.682670    -1.463585    -1.235755    -1.002685    -0.768798    -0.539282    -0.319882    -0.116628     0.064483     0.217840     0.338587     0.422989     0.468758     0.475322     0.444004     0.378077     0.282698     0.164696     0.032234    -0.105633    -0.239479    -0.360060    -0.458852    -0.528532    -0.563365    -0.559473    -0.514955    -0.429885    -0.306171    -0.147320     0.041881     0.255728     0.487981     0.732237     0.982283     1.232395     1.477591     1.713814     1.938046     2.148344     2.343817     2.524522     2.691319     2.845684     2.989503     3.124869     3.253903     3.378605     3.500740     3.621772
   -1.746044    -3.371076    -3.249389    -3.125939    -2.999333    -2.867928    -2.729916    -2.583456    -2.426822    -2.258590    -2.077823    -1.884249    -1.678409    -1.461772    -1.236782    -1.006852    -0.776288    -0.550146    -0.334021    -0.133787     0.044718     0.196035     0.315447     0.399333     0.445488     0.453382     0.424328     0.361543     0.270071     0.156580     0.029034    -0.103738    -0.232551    -0.348398    -0.442969    -0.509127    -0.541275    -0.535621    -0.490304    -0.405379    -0.282695    -0.125660     0.061068     0.271933     0.500852     0.741589     0.988085     1.234769     1.476788     1.710197     1.932059     2.140490     2.334618     2.514496     2.680945     2.835384     2.979623     3.115674     3.245578     3.371259     3.494428     3.616512
   -1.744444    -3.366820    -3.244083    -3.119614    -2.992067    -2.859861    -2.721262    -2.574504    -2.417935    -2.250193    -2.070385    -1.878256    -1.674344    -1.460080    -1.237846    -1.010966    -0.783634    -0.560774    -0.347835    -0.150540     0.025429     0.174763     0.292879     0.376270     0.422809     0.432006     0.405167     0.345450     0.257788     0.148696     0.025943    -0.101864    -0.225774    -0.337007    -0.427467    -0.490191    -0.519721    -0.512352    -0.466254    -0.381472    -0.259793    -0.104529     0.079787     0.287743     0.513414     0.750722     0.993766     1.237116     1.476050     1.706728     1.926294     2.132915     2.325740     2.504811     2.670915     2.825410     2.970035     3.106723     3.237435     3.364028     3.488158     3.611218
   -1.742801    -3.362553    -3.238839    -3.113422    -2.984997    -2.852044    -2.712900    -2.565871    -2.409377    -2.242118    -2.063241    -1.872515    -1.670472    -1.458510    -1.238952    -1.015036    -0.790845    -0.571177    -0.361339    -0.166903     0.006600     0.154007     0.270867     0.353782     0.400704     0.411179     0.386506     0.329784     0.245842     0.141039     0.022958    -0.100012    -0.219143    -0.325882    -0.412334    -0.471713    -0.498691    -0.489648    -0.442790    -0.358145    -0.237447    -0.083910     0.098054     0.303175     0.525681     0.759651     0.999334     1.239443     1.475381     1.703409     1.920749     2.125614     2.317173     2.495456     2.661214     2.815747     2.960724     3.098000     3.229462     3.356901     3.481921     3.605885
   -1.741113    -3.358269    -3.233650    -3.107352    -2.978111    -2.844465    -2.704816    -2.557543    -2.401137    -2.234353    -2.056384    -1.867021    -1.666792    -1.457066    -1.240106    -1.019068    -0.797932    -0.581367    -0.374545    -0.182890    -0.011785     0.133750     0.249394     0.331854     0.379156     0.390885     0.368330     0.314534     0.234221     0.133602     0.020074    -0.098180    -0.212656    -0.315013    -0.397561    -0.453679    -0.478169    -0.467494    -0.419894    -0.335384    -0.215640    -0.063786     0.115885     0.318243     0.537667     0.768386     1.004800     1.241759     1.474785     1.700240     1.915419     2.118580     2.308907     2.486419     2.651828     2.806381     2.951675     3.089493     3.221648     3.349868     3.475711     3.600509
   -1.739379    -3.353965    -3.228508    -3.101394    -2.971398    -2.837109    -2.696997    -2.549509    -2.393201    -2.226889    -2.049807    -1.861770    -1.663303    -1.455746    -1.241310    -1.023070    -0.804901    -0.591355    -0.387466    -0.198515    -0.029740     0.113978     0.228444     0.310468     0.358151     0.371110     0.350627     0.299689     0.222916     0.126378     0.017289    -0.096369    -0.206307    -0.304396    -0.383138    -0.436078    -0.458143    -0.445876    -0.397550    -0.313170    -0.194355    -0.044142     0.133296     0.332963     0.549384     0.776939     1.010173     1.244068     1.474265     1.697221     1.910302     2.111806     2.300934     2.477688     2.642746     2.797299     2.942876     3.081188     3.213981     3.342922     3.469523     3.595088
   -1.737599    -3.349635    -3.223407    -3.095539    -2.964845    -2.829965    -2.689430    -2.541754    -2.385559    -2.219715    -2.043502    -1.856755    -1.660000    -1.454552    -1.242568    -1.027046    -0.811763    -0.601150    -0.400113    -0.213791    -0.047280     0.094675     0.208001     0.289610     0.337672     0.351839     0.333383     0.285236     0.211920     0.119360     0.014601    -0.094579    -0.200094    -0.294024    -0.369057    -0.418898    -0.438598    -0.424778    -0.375744    -0.291487    -0.173577    -0.024961     0.150301     0.347347     0.560845     0.785321     1.015460     1.246376     1.473824     1.694352     1.905394     2.105287     2.293243     2.469253     2.633955     2.788487     2.934313     3.073075     3.206452     3.336055     3.463351     3.589619
   -1.735774    -3.345277    -3.218340    -3.089780    -2.958444    -2.823022    -2.682104    -2.534268    -2.378199    -2.212823    -2.037461    -1.851972    -1.656883    -1.453484    -1.243882    -1.031001    -0.818522    -0.610763    -0.412498    -0.228730    -0.064419     0.075826     0.188051     0.269264     0.317705     0.333058     0.316586     0.271166     0.201222     0.112544     0.012004    -0.092809    -0.194015    -0.283890    -0.355307    -0.402128    -0.419522    -0.404186    -0.354459    -0.270321    -0.153290    -0.006229     0.166915     0.361409     0.572061     0.793539     1.020668     1.248688     1.473463     1.691632     1.900690     2.099015     2.285827     2.461102     2.625443     2.779933     2.925974     3.065142     3.199052     3.329259     3.457191     3.584101
   -1.733903    -3.340889    -3.213304    -3.084109    -2.952185    -2.816269    -2.675007    -2.527038    -2.371110    -2.206201    -2.031676    -1.847415    -1.653947    -1.452539    -1.245253    -1.034939    -0.825187    -0.620200    -0.424629    -0.243344    -0.081168     0.057418     0.168578     0.249415     0.298235     0.314753     0.300221     0.257466     0.190814     0.105923     0.009498    -0.091059    -0.188064    -0.273988    -0.341881    -0.385757    -0.400901    -0.384086    -0.333681    -0.249657    -0.133480     0.012069     0.183151     0.375160     0.583042     0.801603     1.025803     1.251006     1.473183     1.689058     1.896187     2.092983     2.278676     2.453225     2.617198     2.771625     2.917849     3.057380     3.191772     3.322530     3.451041     3.578535
   -1.731986    -3.336469    -3.208293    -3.078519    -2.946059    -2.809695    -2.668127    -2.520054    -2.364281    -2.199842    -2.026138    -1.843077    -1.651188    -1.451718    -1.246682    -1.038865    -0.831762    -0.629470    -0.436518    -0.257645    -0.097541     0.039438     0.149569     0.230049     0.279248     0.296910     0.284278     0.244126     0.180688     0.099491     0.007078    -0.089329    -0.182240    -0.264312    -0.328770    -0.369775    -0.382724    -0.364464    -0.313396    -0.229479    -0.114132     0.029946     0.199021     0.388612     0.593797     0.809521     1.030872     1.253335     1.472985     1.686628     1.891879     2.087184     2.271780     2.445611     2.609209     2.763553     2.909927     3.049779     3.184606     3.315862     3.444897     3.572920
   -1.730026    -3.332016    -3.203304    -3.073005    -2.940059    -2.803292    -2.661455    -2.513305    -2.357703    -2.193734    -2.020841    -1.838952    -1.648602    -1.451018    -1.248172    -1.042780    -0.838252    -0.638580    -0.448172    -0.271641    -0.113549     0.021872     0.131010     0.211152     0.260730     0.279516     0.268744     0.231136     0.170836     0.093242     0.004743    -0.087619    -0.176538    -0.254856    -0.315965    -0.354169    -0.364978    -0.345307    -0.293590    -0.209774    -0.095233     0.047415     0.214537     0.401775     0.604337     0.817299     1.035879     1.255677     1.472869     1.684340     1.887762     2.081612     2.265132     2.438251     2.601465     2.755706     2.902199     3.042332     3.177547     3.309251     3.438759     3.567258
   -1.728023    -3.327531    -3.198335    -3.067560    -2.934178    -2.797050    -2.654981    -2.506780    -2.351365    -2.187869    -2.015775    -1.835035    -1.646186    -1.450437    -1.249721    -1.046688    -0.844663    -0.647537    -0.459601    -0.285345    -0.129204     0.004708     0.112888     0.192710     0.242667     0.262559     0.253608     0.218486     0.161249     0.087171     0.002488    -0.085929    -0.170957    -0.245614    -0.303458    -0.338932    -0.347651    -0.326603    -0.274249    -0.190529    -0.076768     0.064489     0.229712     0.414661     0.614670     0.824945     1.040829     1.258034     1.472834     1.682191     1.883831     2.076258     2.258722     2.431135     2.593957     2.748074     2.894654     3.035029     3.170589     3.302694     3.432624     3.561549
   -1.725978    -3.323013    -3.193383    -3.062182    -2.928408    -2.790962    -2.648695    -2.500471    -2.345257    -2.182239    -2.010934    -1.831318    -1.643934    -1.449974    -1.251329    -1.050590    -0.850999    -0.656347    -0.470812    -0.298764    -0.144517    -0.012066     0.095191     0.174712     0.225048     0.246026     0.238858     0.206166     0.151921     0.081274     0.000313    -0.084259    -0.165493    -0.236582    -0.291242    -0.324052    -0.330733    -0.308339    -0.255361    -0.171730    -0.058726     0.081179     0.244557     0.427278     0.624804     0.832465     1.045725     1.260408     1.472881     1.680179     1.880080     2.071117     2.252543     2.424253     2.586675     2.740646     2.887284     3.027865     3.163726     3.296186     3.426492     3.555795
   -1.723894    -3.318462    -3.188445    -3.056865    -2.922744    -2.785020    -2.642590    -2.494367    -2.339371    -2.176833    -2.006308    -1.827796    -1.641842    -1.449625    -1.252996    -1.054488    -0.857263    -0.665015    -0.481813    -0.311909    -0.159498    -0.028461     0.077906     0.157143     0.207859     0.229906     0.224483     0.194167     0.142843     0.075543    -0.001787    -0.082608    -0.160143    -0.227753    -0.279308    -0.309520    -0.314211    -0.290502    -0.236913    -0.153364    -0.041095     0.097499     0.259081     0.439636     0.634746     0.839864     1.050572     1.262800     1.473007     1.678299     1.876504     2.066180     2.246585     2.417596     2.579609     2.733415     2.880082     3.020832     3.156954     3.289725     3.420362     3.549999
   -1.721771    -3.313879    -3.183521    -3.051606    -2.917180    -2.779217    -2.636656    -2.488460    -2.333697    -2.171644    -2.001892    -1.824462    -1.639907    -1.449388    -1.254722    -1.058384    -0.863459    -0.673547    -0.492611    -0.324788    -0.174157    -0.044488     0.061021     0.139992     0.191089     0.214186     0.210473     0.182480     0.134007     0.069976    -0.003813    -0.080977    -0.154905    -0.219121    -0.267649    -0.295327    -0.298076    -0.273082    -0.218892    -0.135419    -0.023861     0.113458     0.273294     0.451743     0.644503     0.847147     1.055371     1.265211     1.473211     1.676549     1.873098     2.061442     2.240841     2.411155     2.572750     2.726372     2.873039     3.013923     3.150267     3.283308     3.414235     3.544162
   -1.719611    -3.309266    -3.178609    -3.046401    -2.911710    -2.773545    -2.630885    -2.482740    -2.328227    -2.166663    -1.997676    -1.821310    -1.638121    -1.449259    -1.256505    -1.062278    -0.869590    -0.681948    -0.503212    -0.337409    -0.188504    -0.060158     0.044525     0.123247     0.174725     0.198855     0.196817     0.171095     0.125408     0.064566    -0.005768    -0.079364    -0.149775    -0.210683    -0.256257    -0.281463    -0.282316    -0.256066    -0.201287    -0.117884    -0.007013     0.129068     0.287208     0.463608     0.654082     0.854319     1.060127     1.267641     1.473493     1.674925     1.869857     2.056895     2.235302     2.404923     2.566089     2.719509     2.866148     3.007135     3.143663     3.276935     3.408110     3.538287
   -1.717416    -3.304624    -3.173709    -3.041248    -2.906331    -2.767999    -2.625271    -2.477201    -2.322951    -2.161882    -1.993654    -1.818333    -1.636482    -1.449236    -1.258344    -1.066172    -0.875658    -0.690222    -0.513623    -0.349780    -0.202547    -0.075482     0.028407     0.106897     0.158755     0.183902     0.183506     0.160004     0.117038     0.059309    -0.007654    -0.077771    -0.144751    -0.202433    -0.245127    -0.267919    -0.266921    -0.239443    -0.184086    -0.100746     0.009458     0.144338     0.300830     0.475239     0.663489     0.861385     1.064841     1.270092     1.473850     1.673424     1.866775     2.052533     2.229961     2.398890     2.559620     2.712817     2.859404     3.000460     3.137138     3.270603     3.401988     3.532377
   -1.715189    -3.299954    -3.168820    -3.036143    -2.901038    -2.762573    -2.619807    -2.471835    -2.317863    -2.157293    -1.989818    -1.815526    -1.634984    -1.449316    -1.260238    -1.070065    -0.881665    -0.698373    -0.523850    -0.361908    -0.216297    -0.090469     0.012656     0.090930     0.143170     0.169316     0.170528     0.149198     0.108891     0.054200    -0.009473    -0.076197    -0.139831    -0.194365    -0.234249    -0.254687    -0.251882    -0.223203    -0.167278    -0.083995     0.025566     0.159280     0.314170     0.486642     0.672731     0.868348     1.069516     1.272562     1.474281     1.672041     1.863846     2.048348     2.224811     2.393049     2.553333     2.706290     2.852799     2.993894     3.130688     3.264311     3.395871     3.526435
   -1.712930    -3.295259    -3.163941    -3.031086    -2.895827    -2.757262    -2.614485    -2.466633    -2.312954    -2.152889    -1.986162    -1.812882    -1.633622    -1.449494    -1.262185    -1.073958    -0.887614    -0.706406    -0.533898    -0.373801    -0.229760    -0.105130    -0.002738     0.075336     0.127957     0.155088     0.157876     0.138669     0.100959     0.049234    -0.011229    -0.074641    -0.135012    -0.186476    -0.223619    -0.241759    -0.237189    -0.207335    -0.150851    -0.067620     0.041319     0.173901     0.327236     0.497826     0.681811     0.875212     1.074152     1.275052     1.474783     1.670773     1.861067     2.044335     2.219844     2.387391     2.547221     2.699921     2.846327     2.987433     3.124311     3.258058     3.389758     3.520463
   -1.710643    -3.290540    -3.159073    -3.026074    -2.890694    -2.752060    -2.609299    -2.461589    -2.308217    -2.148661    -1.982678    -1.810395    -1.632392    -1.449768    -1.264182    -1.077850    -0.893507    -0.714323    -0.543772    -0.385465    -0.242946    -0.119472    -0.017785     0.060103     0.113107     0.141207     0.145539     0.128410     0.093237     0.044409    -0.012922    -0.073104    -0.130291    -0.178761    -0.213229    -0.229127    -0.222832    -0.191829    -0.134797    -0.051609     0.056727     0.188213     0.340036     0.508796     0.690736     0.881981     1.078752     1.277561     1.475353     1.669615     1.858430     2.040487     2.215053     2.381911     2.541277     2.693703     2.839984     2.981073     3.118004     3.251843     3.383651     3.514466
   -1.708328    -3.285800    -3.154216    -3.021105    -2.885636    -2.746962    -2.604244    -2.456697    -2.303645    -2.144604    -1.979360    -1.808059    -1.631287    -1.450135    -1.266230    -1.081742    -0.899345    -0.722129    -0.553478    -0.396907    -0.255862    -0.133505    -0.032496     0.045223     0.098609     0.127663     0.133508     0.118412     0.085718     0.039718    -0.014555    -0.071585    -0.125666    -0.171215    -0.203073    -0.216781    -0.208802    -0.176676    -0.119103    -0.035954     0.071801     0.202223     0.352578     0.519559     0.699510     0.888657     1.083318     1.280089     1.475991     1.668565     1.855931     2.036797     2.210431     2.376601     2.535495     2.687630     2.833765     2.974810     3.111765     3.245666     3.377552     3.508445
   -1.705989    -3.281040    -3.149371    -3.016179    -2.880651    -2.741965    -2.599315    -2.451949    -2.299231    -2.140710    -1.976201    -1.805868    -1.630305    -1.450590    -1.268324    -1.085634    -0.905129    -0.729826    -0.563021    -0.408134    -0.268515    -0.147238    -0.046878     0.030685     0.084454     0.114446     0.121776     0.108668     0.078397     0.035159    -0.016131    -0.070085    -0.121135    -0.163833    -0.193144    -0.204716    -0.195091    -0.161865    -0.103761    -0.020644     0.086550     0.215939     0.364869     0.530122     0.708138     0.895243     1.087848     1.282636     1.476694     1.667618     1.853566     2.033261     2.205972     2.371453     2.529867     2.681697     2.827663     2.968640     3.105592     3.239527     3.371462     3.502406
   -1.703627    -3.276262    -3.144537    -3.011293    -2.875735    -2.737064    -2.594505    -2.447340    -2.294968    -2.136972    -1.973194    -1.803818    -1.629440    -1.451130    -1.270464    -1.089524    -0.910861    -0.737417    -0.572404    -0.419150    -0.280914    -0.160679    -0.060943     0.016480     0.070631     0.101548     0.110333     0.099170     0.071268     0.030727    -0.017650    -0.068603    -0.116696    -0.156612    -0.183438    -0.192922    -0.181690    -0.147387    -0.088761    -0.005670     0.100983     0.229371     0.376917     0.540489     0.716624     0.901742     1.092346     1.285199     1.477458     1.666771     1.851328     2.029871     2.201669     2.366463     2.524388     2.675898     2.821676     2.962560     3.099484     3.233426     3.365382     3.496349
   -1.701244    -3.271471    -3.139716    -3.006448    -2.870886    -2.732256    -2.589809    -2.442864    -2.290851    -2.133385    -1.970334    -1.801901    -1.628686    -1.451752    -1.272648    -1.093413    -0.916542    -0.744904    -0.581631    -0.429962    -0.293064    -0.173835    -0.074697     0.002598     0.057133     0.088960     0.099171     0.089912     0.064324     0.026418    -0.019115    -0.067138    -0.112346    -0.149547    -0.173947    -0.181394    -0.168590    -0.133233    -0.074093     0.008977     0.115108     0.242527     0.388728     0.550667     0.724972     0.908156     1.096812     1.287779     1.478282     1.666019     1.849213     2.026623     2.197517     2.361622     2.519052     2.670228     2.815798     2.956568     3.093438     3.227362     3.359314     3.490280
   -1.698842    -3.266666    -3.134908    -3.001641    -2.866101    -2.727536    -2.585224    -2.438515    -2.286872    -2.129941    -1.967615    -1.800112    -1.628041    -1.452452    -1.274872    -1.097299    -0.922172    -0.752292    -0.590708    -0.440575    -0.304973    -0.186716    -0.088150    -0.010970     0.043949     0.076672     0.088282     0.080887     0.057561     0.022228    -0.020528    -0.065692    -0.108083    -0.142635    -0.164666    -0.170123    -0.155784    -0.119395    -0.059749     0.023307     0.128933     0.255413     0.400309     0.560661     0.733186     0.914488     1.101245     1.290374     1.479163     1.665359     1.847216     2.023510     2.193509     2.356926     2.513853     2.664681     2.810027     2.950661     3.087454     3.221335     3.353260     3.484200
   -1.696423    -3.261852    -3.130114    -2.996873    -2.861380    -2.722902    -2.580745    -2.434288    -2.283027    -2.126634    -1.965030    -1.798447    -1.627498    -1.453227    -1.277135    -1.101183    -0.927753    -0.759580    -0.599637    -0.450995    -0.316647    -0.199327    -0.101309    -0.024231     0.031070     0.064677     0.077659     0.072088     0.050974     0.018155    -0.021890    -0.064263    -0.103905    -0.135871    -0.155590    -0.159104    -0.143263    -0.105863    -0.045720     0.037328     0.142468     0.268036     0.411666     0.570475     0.741269     0.920739     1.105647     1.292983     1.480099     1.664786     1.845333     2.020527     2.189639     2.352369     2.508786     2.659254     2.804357     2.944835     3.081531     3.215347     3.347221     3.478114
   -1.693989    -3.257030    -3.125336    -2.992144    -2.856719    -2.718350    -2.576368    -2.430179    -2.279309    -2.123460    -1.962574    -1.796899    -1.627054    -1.454073    -1.279435    -1.105062    -0.933285    -0.766772    -0.608423    -0.461226    -0.328093    -0.211677    -0.114184    -0.037195     0.018490     0.052966     0.067294     0.063508     0.044557     0.014194    -0.023203    -0.062851    -0.099810    -0.129252    -0.146713    -0.148329    -0.131020    -0.092631    -0.031996     0.051047     0.155720     0.280406     0.422805     0.580114     0.749225     0.926912     1.110017     1.295606     1.481086     1.664298     1.843558     2.017670     2.185902     2.347945     2.503846     2.653942     2.798786     2.939090     3.075667     3.209397     3.341200     3.472024
   -1.691542    -3.252203    -3.120573    -2.987452    -2.852117    -2.713877    -2.572088    -2.426183    -2.275715    -2.120413    -1.960242    -1.795465    -1.626704    -1.454987    -1.281769    -1.108936    -0.938768    -0.773870    -0.617069    -0.471273    -0.339315    -0.223772    -0.126781    -0.049870     0.006198     0.041532     0.057180     0.055141     0.038305     0.010342    -0.024470    -0.061457    -0.095797    -0.122774    -0.138031    -0.137791    -0.119048    -0.079689    -0.018571     0.064475     0.168696     0.292527     0.433731     0.589584     0.757057     0.933007     1.114357     1.298240     1.482123     1.663891     1.841888     2.014932     2.182293     2.343649     2.499029     2.648741     2.793311     2.933422     3.069861     3.203485     3.335198     3.465934
   -1.689084    -3.247373    -3.115828    -2.982797    -2.847573    -2.709482    -2.567902    -2.422294    -2.272237    -2.117487    -1.958028    -1.794138    -1.626444    -1.455965    -1.284135    -1.112805    -0.944204    -0.780876    -0.625577    -0.481140    -0.350320    -0.235619    -0.139108    -0.062262    -0.005812     0.030366     0.047310     0.046982     0.032214     0.006596    -0.025690    -0.060080    -0.091862    -0.116433    -0.129537    -0.127486    -0.107339    -0.067030    -0.005436     0.077617     0.181404     0.304406     0.444452     0.598888     0.764767     0.939027     1.118666     1.300885     1.483207     1.663560     1.840317     2.012309     2.178806     2.339477     2.494328     2.643646     2.787928     2.927830     3.064113     3.197613     3.329216     3.459846
   -1.686616    -3.242543    -3.111101    -2.978180    -2.843085    -2.705161    -2.563807    -2.418509    -2.268873    -2.114677    -1.955927    -1.792915    -1.626271    -1.457005    -1.286532    -1.116666    -0.949591    -0.787791    -0.633952    -0.490833    -0.361114    -0.247225    -0.151172    -0.074381    -0.017548     0.019461     0.037676     0.039024     0.026278     0.002952    -0.026867    -0.058719    -0.088005    -0.110226    -0.121227    -0.117406    -0.095886    -0.054647     0.007417     0.090482     0.193851     0.316051     0.454971     0.608030     0.772359     0.944973     1.122944     1.303539     1.484336     1.663304     1.838842     2.009796     2.175437     2.335422     2.489741     2.638654     2.782636     2.922312     3.058421     3.191780     3.323256     3.453763
   -1.684141    -3.237714    -3.106393    -2.973600    -2.838653    -2.700912    -2.559799    -2.414824    -2.265616    -2.111978    -1.953935    -1.791790    -1.626179    -1.458103    -1.288956    -1.120520    -0.954932    -0.794617    -0.642196    -0.500356    -0.371702    -0.258595    -0.162981    -0.086234    -0.029019     0.008811     0.028273     0.031261     0.020494    -0.000592    -0.028001    -0.057376    -0.084223    -0.104150    -0.113097    -0.107545    -0.084683    -0.042531     0.019995     0.103077     0.206044     0.327466     0.465293     0.617015     0.779835     0.950846     1.127191     1.306201     1.485507     1.663117     1.837459     2.007390     2.172181     2.331481     2.485262     2.633763     2.777430     2.916866     3.052787     3.185987     3.317321     3.447689
   -1.681660    -3.232889    -3.101706    -2.969057    -2.834274    -2.696732    -2.555876    -2.411234    -2.262463    -2.109386    -1.952046    -1.790760    -1.626165    -1.459255    -1.291406    -1.124366    -0.960225    -0.801355    -0.650312    -0.509711    -0.382089    -0.269736    -0.174540    -0.097826    -0.040230    -0.001593     0.019094     0.023689     0.014857    -0.004040    -0.029095    -0.056049    -0.080514    -0.098200    -0.105141    -0.097898    -0.073723    -0.030677     0.032305     0.115410     0.217989     0.338659     0.475425     0.625846     0.787198     0.956648     1.131407     1.308870     1.486717     1.662998     1.836163     2.005084     2.169034     2.327650     2.480889     2.628967     2.772308     2.911491     3.047208     3.180235     3.311411     3.441625
   -1.679174    -3.228071    -3.097040    -2.964552    -2.829947    -2.692621    -2.552033    -2.407737    -2.259410    -2.106896    -1.950256    -1.789819    -1.626225    -1.460460    -1.293880    -1.128201    -0.965472    -0.808008    -0.658302    -0.518904    -0.392280    -0.280654    -0.185856    -0.109167    -0.051190    -0.011756     0.010132     0.016301     0.009362    -0.007394    -0.030148    -0.054739    -0.076878    -0.092375    -0.097356    -0.088460    -0.063000    -0.019077     0.044355     0.127486     0.229694     0.349634     0.485371     0.634527     0.794451     0.962380     1.135593     1.311544     1.487965     1.662942     1.834951     2.002876     2.165990     2.323924     2.476617     2.624265     2.767270     2.906186     3.041685     3.174525     3.305528     3.435575
   -1.676686    -3.223260    -3.092397    -2.960083    -2.825673    -2.688575    -2.548270    -2.404329    -2.256452    -2.104503    -1.948562    -1.788965    -1.626355    -1.461713    -1.296375    -1.132026    -0.970672    -0.814576    -0.666170    -0.527938    -0.402279    -0.291355    -0.196937    -0.120261    -0.061904    -0.021685     0.001382     0.009093     0.004006    -0.010658    -0.031163    -0.053445    -0.073311    -0.086670    -0.089736    -0.079224    -0.052507    -0.007725     0.056151     0.139313     0.241163     0.360397     0.495134     0.643061     0.801595     0.968042     1.139747     1.314222     1.489248     1.662946     1.833819     2.000761     2.163047     2.320299     2.472442     2.619653     2.762311     2.900948     3.036217     3.168856     3.299674     3.429541
   -1.674196    -3.218461    -3.087777    -2.955652    -2.821450    -2.684594    -2.544582    -2.401006    -2.253586    -2.102205    -1.946958    -1.788192    -1.626552    -1.463012    -1.298889    -1.135838    -0.975825    -0.821060    -0.673918    -0.536817    -0.412092    -0.301843    -0.207787    -0.131117    -0.072380    -0.031387    -0.007163     0.002058    -0.001215    -0.013833    -0.032142    -0.052166    -0.069814    -0.081084    -0.082278    -0.070186    -0.042238     0.003386     0.067699     0.150897     0.252403     0.370954     0.504721     0.651453     0.808633     0.973636     1.143870     1.316903     1.490564     1.663008     1.832763     1.998734     2.160199     2.316771     2.468362     2.615129     2.757430     2.895777     3.030803     3.163230     3.293851     3.423525
   -1.671707    -3.213673    -3.083182    -2.951258    -2.817276    -2.680675    -2.540967    -2.397765    -2.250808    -2.099996    -1.945440    -1.787497    -1.626813    -1.464355    -1.301421    -1.139638    -0.980932    -0.827463    -0.681548    -0.545544    -0.421723    -0.312124    -0.218413    -0.141739    -0.082624    -0.040868    -0.015508    -0.004806    -0.006306    -0.016923    -0.033084    -0.050904    -0.066383    -0.075612    -0.074977    -0.061340    -0.032188     0.014263     0.079007     0.162245     0.263420     0.381309     0.514134     0.659704     0.815567     0.979163     1.147961     1.319586     1.491910     1.663125     1.831780     1.996794     2.157444     2.313338     2.464373     2.610689     2.752625     2.890672     3.025444     3.157646     3.288060     3.417531
   -1.669219    -3.208900    -3.078613    -2.946902    -2.813153    -2.676816    -2.537424    -2.394604    -2.248114    -2.097874    -1.944005    -1.786876    -1.627134    -1.465737    -1.303968    -1.143424    -0.985992    -0.833784    -0.689062    -0.554123    -0.431176    -0.322204    -0.228820    -0.152134    -0.092641    -0.050134    -0.023658    -0.011506    -0.011270    -0.019930    -0.033992    -0.049658    -0.063017    -0.070252    -0.067829    -0.052682    -0.022351     0.024910     0.090080     0.173361     0.274220     0.391468     0.523378     0.667818     0.822399     0.984623     1.152021     1.322269     1.493285     1.663293     1.830866     1.994935     2.154777     2.309994     2.460471     2.606332     2.747894     2.885632     3.020140     3.152107     3.282301     3.411559
   -1.666734    -3.204143    -3.074071    -2.942584    -2.809078    -2.673018    -2.533949    -2.391519    -2.245502    -2.095833    -1.942649    -1.786326    -1.627511    -1.467157    -1.306529    -1.147196    -0.991005    -0.840026    -0.696463    -0.562556    -0.440456    -0.332088    -0.239015    -0.162309    -0.102439    -0.059191    -0.031619    -0.018046    -0.016111    -0.022857    -0.034867    -0.048427    -0.059716    -0.065001    -0.060831    -0.044207    -0.012721     0.035335     0.100925     0.184254     0.284808     0.401435     0.532457     0.675798     0.829130     0.990018     1.156048     1.324951     1.494686     1.663511     1.830019     1.993154     2.152195     2.306738     2.456655     2.602054     2.743236     2.880655     3.014889     3.146612     3.276578     3.405613
   -1.664254    -3.199404    -3.069556    -2.938303    -2.805051    -2.669277    -2.530541    -2.388508    -2.242967    -2.093872    -1.941369    -1.785842    -1.627943    -1.468613    -1.309101    -1.150951    -0.995973    -0.846189    -0.703753    -0.570848    -0.449566    -0.341779    -0.249002    -0.172268    -0.112023    -0.068044    -0.039396    -0.024430    -0.020832    -0.025706    -0.035710    -0.047212    -0.056477    -0.059857    -0.053979    -0.035909    -0.003294     0.045543     0.111547     0.194927     0.295188     0.411216     0.541375     0.683648     0.835764     0.995348     1.160044     1.327631     1.496111     1.663774     1.829235     1.991448     2.149695     2.303566     2.452921     2.597854     2.738648     2.875741     3.009692     3.141161     3.270890     3.399694
   -1.661778    -3.194685    -3.065070    -2.934061    -2.801072    -2.665593    -2.527198    -2.385568    -2.240508    -2.091986    -1.940161    -1.785423    -1.628425    -1.470101    -1.311683    -1.154689    -1.000894    -0.852274    -0.710933    -0.579000    -0.458511    -0.351283    -0.258786    -0.182018    -0.121399    -0.076699    -0.046994    -0.030663    -0.025436    -0.028479    -0.036521    -0.046012    -0.053299    -0.054817    -0.047268    -0.027785     0.005937     0.055539     0.121952     0.205386     0.305368     0.420813     0.550136     0.691369     0.842301     1.000613     1.164007     1.330307     1.497559     1.664082     1.828512     1.989814     2.147273     2.300474     2.449267     2.593730     2.734130     2.870889     3.004549     3.135756     3.265239     3.393804
   -1.659310    -3.189987    -3.060614    -2.929857    -2.797140    -2.661964    -2.523918    -2.382697    -2.238121    -2.090172    -1.939021    -1.785065    -1.628954    -1.471619    -1.314274    -1.158410    -1.005768    -0.858282    -0.718007    -0.587016    -0.467294    -0.360605    -0.268374    -0.191563    -0.130571    -0.085161    -0.054418    -0.036749    -0.029928    -0.031179    -0.037303    -0.044827    -0.050180    -0.049878    -0.040696    -0.019830     0.014976     0.065329     0.132146     0.215638     0.315350     0.430233     0.558742     0.698964     0.848743     1.005816     1.167937     1.332980     1.499027     1.664430     1.827845     1.988248     2.144926     2.297460     2.445689     2.589679     2.729680     2.866097     2.999459     3.130396     3.259626     3.387944
   -1.656849    -3.185311    -3.056189    -2.925691    -2.793254    -2.658389    -2.520700    -2.379892    -2.235804    -2.088428    -1.937947    -1.784764    -1.629529    -1.473165    -1.316871    -1.162112    -1.010596    -0.864215    -0.724975    -0.594899    -0.475918    -0.369748    -0.277769    -0.200909    -0.139546    -0.093435    -0.061673    -0.042692    -0.034309    -0.033808    -0.038056    -0.043656    -0.047120    -0.045038    -0.034259    -0.012039     0.023827     0.074918     0.142133     0.225686     0.325141     0.439478     0.567198     0.706436     0.855091     1.010956     1.171834     1.335646     1.500514     1.664818     1.827234     1.986748     2.142652     2.294521     2.442187     2.585699     2.725296     2.861365     2.994422     3.125083     3.254053     3.382118
   -1.654397    -3.180660    -3.051794    -2.921564    -2.789414    -2.654868    -2.517540    -2.377152    -2.233553    -2.086751    -1.936936    -1.784517    -1.630147    -1.474737    -1.319473    -1.165795    -1.015378    -0.870073    -0.731840    -0.602652    -0.484388    -0.378718    -0.286977    -0.210061    -0.148328    -0.101527    -0.068763    -0.048495    -0.038584    -0.036368    -0.038780    -0.042501    -0.044116    -0.040295    -0.027954    -0.004409     0.032497     0.084311     0.151919     0.235537     0.334744     0.448554     0.575507     0.713788     0.861349     1.016034     1.175698     1.338306     1.502018     1.665242     1.826674     1.985311     2.140448     2.291655     2.438756     2.581789     2.720977     2.856693     2.989439     3.119816     3.248521     3.376326
   -1.651954    -3.176035    -3.047432    -2.917477    -2.785621    -2.651399    -2.514439    -2.374474    -2.231367    -2.085137    -1.935985    -1.784323    -1.630804    -1.476333    -1.322078    -1.169457    -1.020113    -0.875856    -0.738603    -0.610276    -0.492707    -0.387517    -0.296002    -0.219025    -0.156923    -0.109441    -0.075692    -0.054164    -0.042756    -0.038860    -0.039478    -0.041360    -0.041169    -0.035646    -0.021776     0.003064     0.040989     0.093514     0.161510     0.245194     0.344165     0.457464     0.583672     0.721022     0.867516     1.021050     1.179528     1.340959     1.503537     1.665700     1.826163     1.983934     2.138310     2.288860     2.435396     2.577947     2.716721     2.852080     2.984508     3.114597     3.243029     3.370570
   -1.649523    -3.171437    -3.043103    -2.913428    -2.781872    -2.647981    -2.511393    -2.371855    -2.229243    -2.083584    -1.935090    -1.784178    -1.631498    -1.477950    -1.324685    -1.173099    -1.024801    -0.881567    -0.745266    -0.617776    -0.500879    -0.396151    -0.304848    -0.227804    -0.165335    -0.117181    -0.082466    -0.059701    -0.046826    -0.041288    -0.040150    -0.040234    -0.038275    -0.031088    -0.015724     0.010385     0.049307     0.102530     0.170908     0.254663     0.353407     0.466211     0.591696     0.728140     0.873594     1.026005     1.183324     1.343603     1.505070     1.666191     1.825700     1.982615     2.136237     2.286131     2.432103     2.574170     2.712528     2.847524     2.979630     3.109425     3.237580     3.364851
   -1.647102    -3.166867    -3.038808    -2.909418    -2.778168    -2.644613    -2.508403    -2.369296    -2.227178    -2.082090    -1.934250    -1.784079    -1.632228    -1.479586    -1.327292    -1.176718    -1.029443    -0.887205    -0.751831    -0.625152    -0.508905    -0.404622    -0.313520    -0.236403    -0.173569    -0.124753    -0.089088    -0.065110    -0.050799    -0.043652    -0.040796    -0.039121    -0.035435    -0.026620    -0.009794     0.017556     0.057457     0.111364     0.180121     0.263948     0.362475     0.474800     0.599583     0.735144     0.879585     1.030901     1.187087     1.346237     1.506615     1.666712     1.825281     1.981351     2.134226     2.283468     2.428877     2.570459     2.708397     2.843026     2.974805     3.104301     3.232174     3.359170
   -1.644695    -3.162326    -3.034546    -2.905448    -2.774509    -2.641295    -2.505466    -2.366792    -2.225171    -2.080652    -1.933462    -1.784025    -1.632990    -1.481240    -1.329898    -1.180315    -1.034039    -0.892771    -0.758299    -0.632408    -0.516791    -0.412935    -0.322022    -0.244827    -0.181630    -0.132161    -0.095562    -0.070394    -0.054676    -0.045955    -0.041418    -0.038023    -0.032646    -0.022240    -0.003983     0.024583     0.065442     0.120021     0.189151     0.273053     0.371372     0.483234     0.607334     0.742037     0.885490     1.035736     1.190816     1.348861     1.508171     1.667262     1.824905     1.980140     2.132274     2.280868     2.425715     2.566810     2.704326     2.838584     2.970032     3.099225     3.226812     3.353529
   -1.642300    -3.157816    -3.030320    -2.901517    -2.770894    -2.638025    -2.502581    -2.364343    -2.223219    -2.079268    -1.932723    -1.784012    -1.633783    -1.482910    -1.332502    -1.183888    -1.038588    -0.898267    -0.764672    -0.639546    -0.524538    -0.421093    -0.330359    -0.253080    -0.189522    -0.139408    -0.101892    -0.075558    -0.058461    -0.048199    -0.042017    -0.036939    -0.029909    -0.017945     0.001712     0.031468     0.073266     0.128506     0.198004     0.281984     0.380104     0.491517     0.614954     0.748821     0.891311     1.040512     1.194510     1.351474     1.509735     1.667837     1.824568     1.978979     2.130380     2.278329     2.422615     2.563222     2.700314     2.834198     2.965311     3.094197     3.221494     3.347930
   -1.639919    -3.153337    -3.026129    -2.897626    -2.767322    -2.634803    -2.499748    -2.361947    -2.221321    -2.077936    -1.932031    -1.784039    -1.634604    -1.484594    -1.335103    -1.187437    -1.043090    -0.903693    -0.770951    -0.646569    -0.532149    -0.429100    -0.338533    -0.261167    -0.197249    -0.146500    -0.108082    -0.080603    -0.062155    -0.050384    -0.042593    -0.035868    -0.027221    -0.013733     0.007294     0.038215     0.080934     0.136822     0.206684     0.290743     0.388673     0.499652     0.622444     0.755497     0.897049     1.045230     1.198169     1.354074     1.511308     1.668438     1.824270     1.977866     2.128540     2.275850     2.419575     2.559695     2.696360     2.829868     2.960643     3.089218     3.216222     3.342372
   -1.637553    -3.148891    -3.021974    -2.893774    -2.763794    -2.631627    -2.496963    -2.359603    -2.219474    -2.076653    -1.931385    -1.784103    -1.635452    -1.486290    -1.337698    -1.190962    -1.047546    -0.909049    -0.777139    -0.653477    -0.539628    -0.436960    -0.346550    -0.269091    -0.204816    -0.153440    -0.114136    -0.085534    -0.065763    -0.052514    -0.043147    -0.034812    -0.024581    -0.009603     0.012765     0.044828     0.088448     0.144974     0.215195     0.299336     0.397084     0.507641     0.629807     0.762068     0.902704     1.049890     1.201794     1.356662     1.512887     1.669061     1.824009     1.976800     2.126754     2.273427     2.416594     2.556226     2.692463     2.825592     2.956026     3.084288     3.210996     3.336858
   -1.635202    -3.144479    -3.017856    -2.889962    -2.760309    -2.628498    -2.494228    -2.357308    -2.217677    -2.075418    -1.930781    -1.784203    -1.636324    -1.487997    -1.340288    -1.194461    -1.051956    -0.914337    -0.783236    -0.660274    -0.546977    -0.444675    -0.354412    -0.276857    -0.212226    -0.160232    -0.120057    -0.090354    -0.069285    -0.054589    -0.043681    -0.033768    -0.021989    -0.005552     0.018129     0.051309     0.095814     0.152966     0.223541     0.307765     0.405339     0.515490     0.637047     0.768536     0.908279     1.054492     1.205384     1.359235     1.514471     1.669706     1.823781     1.975778     2.125019     2.271060     2.413671     2.552815     2.688622     2.821370     2.951461     3.079407     3.205816     3.331387
   -1.632867    -3.140100    -3.013775    -2.886191    -2.756867    -2.625414    -2.491539    -2.355062    -2.215928    -2.074228    -1.930218    -1.784336    -1.637220    -1.489714    -1.342870    -1.197935    -1.056319    -0.919556    -0.789243    -0.666962    -0.554199    -0.452248    -0.362123    -0.284467    -0.219483    -0.166880    -0.125849    -0.095065    -0.072724    -0.056611    -0.044193    -0.032738    -0.019444    -0.001579     0.023387     0.057662     0.103034     0.160801     0.231725     0.316036     0.413444     0.523199     0.644165     0.774902     0.913774     1.059037     1.208938     1.361795     1.516059     1.670371     1.823586     1.974798     2.123333     2.268746     2.410803     2.549459     2.684837     2.817202     2.946948     3.074576     3.200684     3.325961
   -1.630549    -3.135757    -3.009731    -2.882459    -2.753468    -2.622375    -2.488898    -2.352863    -2.214225    -2.073082    -1.929694    -1.784500    -1.638136    -1.491438    -1.345445    -1.201382    -1.060636    -0.924709    -0.795163    -0.673542    -0.561296    -0.459684    -0.369688    -0.291927    -0.226592    -0.173388    -0.131515    -0.099670    -0.076083    -0.058582    -0.044686    -0.031720    -0.016943     0.002319     0.028542     0.063890     0.110113     0.168483     0.239753     0.324150     0.421400     0.530773     0.651164     0.781169     0.919191     1.063525     1.212458     1.364339     1.517650     1.671053     1.823422     1.973859     2.121694     2.266484     2.407989     2.546159     2.681106     2.813087     2.942486     3.069793     3.195598     3.320581
   -1.628247    -3.131450    -3.005725    -2.878767    -2.750110    -2.619380    -2.486301    -2.350710    -2.212568    -2.071978    -1.929207    -1.784694    -1.639071    -1.493169    -1.348010    -1.204802    -1.064906    -0.929795    -0.800996    -0.680017    -0.568272    -0.466985    -0.377108    -0.299240    -0.233555    -0.179759    -0.137058    -0.104172    -0.079364    -0.060503    -0.045160    -0.030716    -0.014488     0.006142     0.033598     0.069996     0.117052     0.176016     0.247627     0.332113     0.429211     0.538215     0.658046     0.787338     0.924530     1.067958     1.215942     1.366867     1.519243     1.671753     1.823288     1.972958     2.120101     2.264272     2.405228     2.542912     2.677428     2.809025     2.938075     3.065060     3.190561     3.315247
   -1.625963    -3.127179    -3.001757    -2.875115    -2.746794    -2.616428    -2.483749    -2.348601    -2.210953    -2.070915    -1.928755    -1.784916    -1.640025    -1.494904    -1.350565    -1.208195    -1.069131    -0.934816    -0.806744    -0.686389    -0.575128    -0.474153    -0.384388    -0.306408    -0.240377    -0.185996    -0.142482    -0.108575    -0.082568    -0.062375    -0.045616    -0.029725    -0.012075     0.009894     0.038555     0.075982     0.123857     0.183403     0.255351     0.339928     0.436881     0.545526     0.664813     0.793411     0.929793     1.072335     1.219391     1.369379     1.520836     1.672468     1.823181     1.972095     2.118553     2.262109     2.402519     2.539718     2.673803     2.805014     2.933715     3.060377     3.185572     3.309960
   -1.623697    -3.122945    -2.997828    -2.871503    -2.743520    -2.613519    -2.481240    -2.346535    -2.209380    -2.069890    -1.928337    -1.785164    -1.640995    -1.496644    -1.353109    -1.211560    -1.073309    -0.939771    -0.812407    -0.692659    -0.581867    -0.481192    -0.391530    -0.313437    -0.247061    -0.192103    -0.147789    -0.112879    -0.085699    -0.064201    -0.046054    -0.028746    -0.009706     0.013574     0.043417     0.081853     0.130529     0.190649     0.262929     0.347597     0.444413     0.552711     0.671469     0.799389     0.934982     1.076656     1.222805     1.371875     1.522430     1.673198     1.823099     1.971267     2.117046     2.259993     2.399859     2.536575     2.670230     2.801055     2.929405     3.055743     3.180631     3.304721
   -1.621449    -3.118748    -2.993937    -2.867931    -2.740286    -2.610651    -2.478774    -2.344512    -2.207848    -2.068903    -1.927951    -1.785436    -1.641980    -1.498386    -1.355642    -1.214897    -1.077442    -0.944662    -0.817989    -0.698829    -0.588491    -0.488105    -0.398539    -0.320328    -0.253610    -0.198084    -0.152983    -0.117089    -0.088757    -0.065981    -0.046474    -0.027779    -0.007377     0.017186     0.048185     0.087609     0.137073     0.197756     0.270364     0.355125     0.451809     0.559771     0.678015     0.805274     0.940096     1.080923     1.226183     1.374352     1.524022     1.673940     1.823043     1.970473     2.115581     2.257923     2.397249     2.533483     2.666708     2.797147     2.925146     3.051159     3.175739     3.299530
   -1.619219    -3.114590    -2.990085    -2.864399    -2.737094    -2.607826    -2.476349    -2.342529    -2.206355    -2.067951    -1.927596    -1.785732    -1.642978    -1.500130    -1.358162    -1.218206    -1.081528    -0.949489    -0.823488    -0.704901    -0.595003    -0.494894    -0.405416    -0.327085    -0.260028    -0.203940    -0.158067    -0.121207    -0.091745    -0.067716    -0.046879    -0.026825    -0.005090     0.020730     0.052863     0.093255     0.143491     0.204727     0.277658     0.362514     0.459073     0.566708     0.684452     0.811069     0.945137     1.085136     1.229526     1.376812     1.525612     1.674694     1.823010     1.969712     2.114155     2.255898     2.394686     2.530440     2.663236     2.793290     2.920937     3.046625     3.170896     3.294387
   -1.617009    -3.110471    -2.986273    -2.860907    -2.733942    -2.605041    -2.473965    -2.340587    -2.204899    -2.067034    -1.927270    -1.786050    -1.643988    -1.501874    -1.360668    -1.221485    -1.085569    -0.954253    -0.828908    -0.710877    -0.601405    -0.501562    -0.412165    -0.333712    -0.266318    -0.209677    -0.163043    -0.125234    -0.094666    -0.069408    -0.047267    -0.025883    -0.002842     0.024209     0.057451     0.098793     0.149786     0.211566     0.284817     0.369768     0.466207     0.573527     0.690784     0.816773     0.950106     1.089296     1.232833     1.379253     1.527199     1.675459     1.822999     1.968982     2.112767     2.253915     2.392169     2.527446     2.659814     2.789482     2.916778     3.042140     3.166102     3.289293
   -1.614818    -3.106390    -2.982500    -2.857455    -2.730830    -2.602296    -2.471621    -2.338683    -2.203481    -2.066149    -1.926971    -1.786388    -1.645010    -1.503618    -1.363161    -1.224735    -1.089564    -0.958955    -0.834248    -0.716758    -0.607698    -0.508111    -0.418789    -0.340211    -0.272482    -0.215295    -0.167913    -0.129173    -0.097519    -0.071058    -0.047640    -0.024953    -0.000634     0.027623     0.061953     0.104225     0.155961     0.218275     0.291842     0.376889     0.473215     0.580229     0.697013     0.822390     0.955004     1.093402     1.236104     1.381676     1.528783     1.676234     1.823009     1.968281     2.111416     2.251975     2.389698     2.524499     2.656441     2.785723     2.912668     3.037704     3.161358     3.284248
   -1.612647    -3.102349    -2.978766    -2.854042    -2.727759    -2.599592    -2.469316    -2.336817    -2.202098    -2.065297    -1.926699    -1.786745    -1.646041    -1.505361    -1.365639    -1.227956    -1.093514    -0.963594    -0.839511    -0.722546    -0.613886    -0.514544    -0.425290    -0.346585    -0.278524    -0.220799    -0.172682    -0.133028    -0.100308    -0.072668    -0.047998    -0.024035     0.001537     0.030974     0.066369     0.109554     0.162019     0.224858     0.298737     0.383881     0.480098     0.586816     0.703139     0.827919     0.959833     1.097456     1.239340     1.384079     1.530362     1.677017     1.823039     1.967609     2.110101     2.250075     2.387272     2.521599     2.653115     2.782014     2.908607     3.033318     3.156663     3.279253
   -1.610495    -3.098347    -2.975073    -2.850669    -2.724726    -2.596926    -2.467050    -2.334988    -2.200749    -2.064475    -1.926451    -1.787119    -1.647081    -1.507100    -1.368101    -1.231147    -1.097418    -0.968173    -0.844696    -0.728243    -0.619970    -0.520864    -0.431671    -0.352837    -0.284447    -0.226191    -0.177351    -0.136798    -0.103034    -0.074237    -0.048342    -0.023129     0.003670     0.034264     0.070703     0.114782     0.167962     0.231318     0.305504     0.390746     0.486860     0.593291     0.709165     0.833364     0.964592     1.101457     1.242541     1.386463     1.531936     1.677808     1.823087     1.966965     2.108820     2.248214     2.384888     2.518745     2.649837     2.778352     2.904596     3.028981     3.152018     3.274308
   -1.608364    -3.094385    -2.971418    -2.847336    -2.721733    -2.594300    -2.464822    -2.333195    -2.199433    -2.063682    -1.926228    -1.787511    -1.648128    -1.508837    -1.370547    -1.234308    -1.101278    -0.972691    -0.849806    -0.733850    -0.625952    -0.527072    -0.437936    -0.358970    -0.290253    -0.231474    -0.181922    -0.140488    -0.105699    -0.075769    -0.048671    -0.022234     0.005766     0.037493     0.074956     0.119911     0.173793     0.237657     0.312146     0.397487     0.493503     0.599655     0.715094     0.838725     0.969283     1.105407     1.245706     1.388826     1.533505     1.678605     1.823152     1.966347     2.107572     2.246392     2.382547     2.515936     2.646606     2.774739     2.900633     3.024693     3.147422     3.269413
   -1.606252    -3.090464    -2.967804    -2.844042    -2.718779    -2.591711    -2.462630    -2.331437    -2.198150    -2.062917    -1.926027    -1.787918    -1.649182    -1.510569    -1.372977    -1.237439    -1.105093    -0.977149    -0.854842    -0.739369    -0.631834    -0.533171    -0.444085    -0.364987    -0.295946    -0.236651    -0.186398    -0.144099    -0.108304    -0.077262    -0.048988    -0.021350     0.007827     0.040664     0.079129     0.124944     0.179515     0.243878     0.318667     0.404107     0.500030     0.605912     0.720926     0.844003     0.973907     1.109305     1.248835     1.391170     1.535066     1.679408     1.823234     1.965754     2.106356     2.244608     2.380247     2.513170     2.643421     2.771173     2.896718     3.020454     3.142876     3.264568
   -1.604162    -3.086582    -2.964230    -2.840787    -2.715864    -2.589160    -2.460475    -2.329713    -2.196898    -2.062180    -1.925848    -1.788339    -1.650242    -1.512297    -1.375390    -1.240539    -1.108862    -0.981548    -0.859804    -0.744802    -0.637618    -0.539163    -0.450122    -0.370890    -0.301527    -0.241723    -0.190783    -0.147633    -0.110852    -0.078720    -0.049291    -0.020478     0.009852     0.043778     0.083225     0.129883     0.185131     0.249985     0.325069     0.410608     0.506443     0.612064     0.726664     0.849200     0.978465     1.113153     1.251930     1.393493     1.536621     1.680217     1.823332     1.965185     2.105171     2.242859     2.377987     2.510448     2.640281     2.767654     2.892851     3.016264     3.138379     3.259773
   -1.602092    -3.082742    -2.960695    -2.837571    -2.712986    -2.586646    -2.458355    -2.328023    -2.195676    -2.061469    -1.925690    -1.788774    -1.651306    -1.514018    -1.377786    -1.243609    -1.112588    -0.985888    -0.864693    -0.750149    -0.643306    -0.545051    -0.456050    -0.376682    -0.307000    -0.246694    -0.195076    -0.151091    -0.113342    -0.080142    -0.049582    -0.019617     0.011844     0.046835     0.087245     0.134730     0.190641     0.255978     0.331354     0.416994     0.512744     0.618111     0.732308     0.854318     0.982958     1.116951     1.254989     1.395795     1.538168     1.681030     1.823443     1.964639     2.104016     2.241146     2.375767     2.507769     2.637186     2.764181     2.889032     3.012123     3.133932     3.255029
   -1.600042    -3.078942    -2.957200    -2.834395    -2.710147    -2.584169    -2.456270    -2.326365    -2.194484    -2.060782    -1.925551    -1.789222    -1.652374    -1.515734    -1.380163    -1.246648    -1.116269    -0.990170    -0.869511    -0.755412    -0.648899    -0.550837    -0.461870    -0.382365    -0.312368    -0.251566    -0.199282    -0.154477    -0.115778    -0.081530    -0.049861    -0.018767     0.013801     0.049837     0.091192     0.139487     0.196050     0.261861     0.337525     0.423265     0.518936     0.624057     0.737862     0.859357     0.987386     1.120698     1.258013     1.398075     1.539708     1.681846     1.823569     1.964115     2.102890     2.239468     2.373585     2.505131     2.634135     2.760754     2.885260     3.008030     3.129535     3.250335
   -1.598014    -3.075182    -2.953745    -2.831257    -2.707345    -2.581728    -2.454220    -2.324739    -2.193320    -2.060120    -1.925430    -1.789681    -1.653446    -1.517442    -1.382523    -1.249656    -1.119906    -0.994395    -0.874258    -0.760593    -0.654400    -0.556522    -0.467585    -0.387942    -0.317631    -0.256341    -0.203402    -0.157791    -0.118160    -0.082884    -0.050128    -0.017927     0.015726     0.052786     0.095066     0.144156     0.201359     0.267637     0.343585     0.429426     0.525021     0.629904     0.743327     0.864319     0.991751     1.124397     1.261002     1.400335     1.541238     1.682665     1.823707     1.963612     2.101792     2.237823     2.371442     2.502535     2.631128     2.757373     2.881535     3.003985     3.125187     3.245692
   -1.596007    -3.071464    -2.950330    -2.828157    -2.704581    -2.579323    -2.452203    -2.323144    -2.192184    -2.059482    -1.925328    -1.790150    -1.654519    -1.519143    -1.384863    -1.252633    -1.123500    -0.998563    -0.878936    -0.765693    -0.659809    -0.562108    -0.473197    -0.393415    -0.322794    -0.261022    -0.207438    -0.161035    -0.120489    -0.084206    -0.050384    -0.017099     0.017618     0.055681     0.098869     0.148740     0.206571     0.273307     0.349536     0.435478     0.531001     0.635653     0.748703     0.869205     0.996052     1.128046     1.263956     1.402573     1.542760     1.683486     1.823857     1.963129     2.100721     2.236210     2.369335     2.499978     2.628163     2.754036     2.877857     2.999988     3.120888     3.241099
   -1.594020    -3.067787    -2.946954    -2.825096    -2.701853    -2.576953    -2.450219    -2.321580    -2.191075    -2.058865    -1.925242    -1.790630    -1.655594    -1.520836    -1.387184    -1.255580    -1.127050    -1.002675    -0.883546    -0.770713    -0.665130    -0.567599    -0.478708    -0.398787    -0.327857    -0.265610    -0.211392    -0.164212    -0.122768    -0.085496    -0.050629    -0.016281     0.019479     0.058526     0.102603     0.153239     0.211687     0.278875     0.355380     0.441423     0.536878     0.641306     0.753994     0.874016     1.000293     1.131648     1.266875     1.404789     1.544272     1.684309     1.824018     1.962666     2.099676     2.234629     2.367264     2.497462     2.625241     2.750744     2.874224     2.996039     3.116638     3.236557
   -1.592055    -3.064150    -2.943618    -2.822073    -2.699162    -2.574617    -2.448268    -2.320045    -2.189992    -2.058271    -1.925172    -1.791118    -1.656670    -1.522520    -1.389486    -1.258495    -1.130557    -1.006732    -0.888088    -0.775654    -0.670363    -0.572994    -0.484121    -0.404059    -0.332824    -0.270109    -0.215267    -0.167322    -0.124997    -0.086755    -0.050864    -0.015473     0.021308     0.061320     0.106270     0.157657     0.216710     0.284341     0.361120     0.447264     0.542655     0.646865     0.759199     0.878754     1.004472     1.135201     1.269760     1.406984     1.545774     1.685133     1.824190     1.962221     2.098656     2.233080     2.365228     2.494984     2.622360     2.747495     2.870638     2.992137     3.112437     3.232065
   -1.590111    -3.060554    -2.940321    -2.819088    -2.696507    -2.572316    -2.446349    -2.318540    -2.188934    -2.057697    -1.925117    -1.791615    -1.657746    -1.524195    -1.391769    -1.261380    -1.134021    -1.010733    -0.892564    -0.780519    -0.675510    -0.578297    -0.489437    -0.409234    -0.337697    -0.274520    -0.219064    -0.170368    -0.127178    -0.087984    -0.051089    -0.014676     0.023108     0.064065     0.109870     0.161994     0.221642     0.289709     0.366757     0.453003     0.548333     0.652331     0.764322     0.883420     1.008591     1.138708     1.272611     1.409157     1.547266     1.685957     1.824372     1.961795     2.097661     2.231560     2.363228     2.492544     2.619521     2.744291     2.867097     2.988283     3.108284     3.227623
   -1.588189    -3.056999    -2.937063    -2.816141    -2.693888    -2.570049    -2.444461    -2.317062    -2.187902    -2.057143    -1.925076    -1.792119    -1.658821    -1.525860    -1.394031    -1.264233    -1.137442    -1.014680    -0.896974    -0.785308    -0.680573    -0.583509    -0.494659    -0.414313    -0.342477    -0.278844    -0.222784    -0.173351    -0.129311    -0.089184    -0.051304    -0.013888     0.024877     0.066761     0.113406     0.166253     0.226484     0.294981     0.372295     0.458642     0.553914     0.657708     0.769363     0.888014     1.012650     1.142167     1.275427     1.411307     1.548748     1.686781     1.824562     1.961385     2.096690     2.230069     2.361261     2.490142     2.616722     2.741129     2.863601     2.984475     3.104180     3.223231
   -1.586287    -3.053485    -2.933845    -2.813231    -2.691305    -2.567815    -2.442604    -2.315613    -2.186893    -2.056608    -1.925049    -1.792630    -1.659896    -1.527515    -1.396273    -1.267055    -1.140821    -1.018573    -0.901319    -0.790022    -0.685553    -0.588633    -0.499788    -0.419300    -0.347168    -0.283085    -0.226430    -0.176273    -0.131399    -0.090356    -0.051509    -0.013111     0.026617     0.069411     0.116878     0.170434     0.231239     0.300158     0.377735     0.464183     0.559401     0.662995     0.774323     0.892539     1.016651     1.145580     1.278209     1.413436     1.550218     1.687604     1.824761     1.960992     2.095742     2.228608     2.359327     2.487777     2.613963     2.738009     2.860149     2.980714     3.100125     3.218890
   -1.584407    -3.050012    -2.930665    -2.810358    -2.688756    -2.565614    -2.440777    -2.314191    -2.185907    -2.056092    -1.925035    -1.793147    -1.660968    -1.529160    -1.398495    -1.269847    -1.144158    -1.022414    -0.905601    -0.794664    -0.690451    -0.593668    -0.504826    -0.424195    -0.351770    -0.287244    -0.230004    -0.179134    -0.133442    -0.091500    -0.051705    -0.012344     0.028329     0.072014     0.120289     0.174541     0.235909     0.305243     0.383078     0.469628     0.564794     0.668196     0.779204     0.896994     1.020595     1.148947     1.280957     1.415542     1.551677     1.688426     1.824968     1.960614     2.094817     2.227174     2.357426     2.485448     2.611243     2.734932     2.856742     2.976999     3.096117     3.214598
   -1.582547    -3.046579    -2.927525    -2.807522    -2.686243    -2.563446    -2.438980    -2.312795    -2.184944    -2.055594    -1.925033    -1.793670    -1.662039    -1.530793    -1.400697    -1.272607    -1.147453    -1.026201    -0.909820    -0.799232    -0.695269    -0.598619    -0.509776    -0.429001    -0.356285    -0.291323    -0.233508    -0.181937    -0.135441    -0.092617    -0.051893    -0.011586     0.030013     0.074572     0.123639     0.178574     0.240496     0.310238     0.388328     0.474979     0.570097     0.673311     0.784009     0.901382     1.024481     1.152269     1.283671     1.417626     1.553125     1.689247     1.825182     1.960251     2.093913     2.225767     2.355556     2.483154     2.608562     2.731896     2.853378     2.973329     3.092157     3.210356
   -1.580709    -3.043187    -2.924423    -2.804723    -2.683764    -2.561309    -2.437213    -2.311425    -2.184003    -2.055114    -1.925043    -1.794198    -1.663107    -1.532415    -1.402877    -1.275336    -1.150707    -1.029937    -0.913977    -0.803730    -0.700009    -0.603485    -0.514638    -0.433721    -0.360717    -0.295323    -0.236942    -0.184684    -0.137398    -0.093708    -0.052071    -0.010839     0.031669     0.077086     0.126930     0.182535     0.245000     0.315144     0.393487     0.480238     0.575310     0.678342     0.788736     0.905703     1.028312     1.155546     1.286352     1.419688     1.554561     1.690066     1.825403     1.959903     2.093029     2.224387     2.353718     2.480896     2.605920     2.728901     2.850058     2.969706     3.088245     3.206163
   -1.578893    -3.039835    -2.921359    -2.801959    -2.681319    -2.559205    -2.435474    -2.310081    -2.183083    -2.054649    -1.925064    -1.794731    -1.664172    -1.534026    -1.405037    -1.278035    -1.153919    -1.033622    -0.918073    -0.808159    -0.704672    -0.608268    -0.519416    -0.438354    -0.365065    -0.299247    -0.240308    -0.187374    -0.139313    -0.094774    -0.052242    -0.010100     0.033298     0.079556     0.130162     0.186426     0.249425     0.319964     0.398555     0.485406     0.580436     0.683291     0.793389     0.909958     1.032086     1.158778     1.289000     1.421727     1.555986     1.690882     1.825631     1.959569     2.092167     2.223033     2.351911     2.478673     2.603315     2.725947     2.846781     2.966127     3.084380     3.202019
   -1.577097    -3.036523    -2.918333    -2.799232    -2.678908    -2.557131    -2.433763    -2.308761    -2.182184    -2.054201    -1.925095    -1.795267    -1.665233    -1.535625    -1.407175    -1.280703    -1.157091    -1.037255    -0.922109    -0.812518    -0.709260    -0.612971    -0.524109    -0.442904    -0.369334    -0.303096    -0.243609    -0.190010    -0.141187    -0.095815    -0.052405    -0.009371     0.034901     0.081984     0.133338     0.190248     0.253771     0.324699     0.403535     0.490486     0.585475     0.688159     0.797969     0.914148     1.035807     1.161967     1.291615     1.423744     1.557398     1.691696     1.825864     1.959247     2.091324     2.221704     2.350133     2.476483     2.600747     2.723033     2.843547     2.962593     3.080562     3.197924
   -1.575322    -3.033251    -2.915346    -2.796541    -2.676530    -2.555088    -2.432080    -2.307466    -2.181306    -2.053769    -1.925137    -1.795806    -1.666291    -1.537212    -1.409292    -1.283340    -1.160222    -1.040839    -0.926085    -0.816810    -0.713772    -0.617595    -0.528721    -0.447373    -0.373523    -0.306872    -0.246845    -0.192593    -0.143023    -0.096832    -0.052560    -0.008652     0.036478     0.084371     0.136459     0.194002     0.258040     0.329350     0.408428     0.495480     0.590431     0.692948     0.802476     0.918275     1.039473     1.165112     1.294197     1.425739     1.558798     1.692506     1.826102     1.958939     2.090500     2.220400     2.348385     2.474326     2.598217     2.720158     2.840354     2.959104     3.076790     3.193878
   -1.573568    -3.030019    -2.912396    -2.793885    -2.674185    -2.553076    -2.430425    -2.306195    -2.180447    -2.053351    -1.925187    -1.796349    -1.667344    -1.538786    -1.411389    -1.285947    -1.163314    -1.044373    -0.930003    -0.821035    -0.718212    -0.622141    -0.533252    -0.451761    -0.377635    -0.310577    -0.250018    -0.195124    -0.144819    -0.097825    -0.052708    -0.007941     0.038029     0.086716     0.139524     0.197691     0.262235     0.333921     0.413237     0.500388     0.595303     0.697659     0.806912     0.922339     1.043086     1.168214     1.296746     1.427712     1.560185     1.693313     1.826345     1.958643     2.089695     2.219120     2.346665     2.472203     2.595722     2.717323     2.837204     2.955659     3.073065     3.189881
   -1.571835    -3.026827    -2.909483    -2.791265    -2.671873    -2.551093    -2.428796    -2.304947    -2.179607    -2.052948    -1.925247    -1.796894    -1.668392    -1.540347    -1.413463    -1.288523    -1.166365    -1.047858    -0.933863    -0.825195    -0.722580    -0.626611    -0.537705    -0.456071    -0.381671    -0.314212    -0.253130    -0.197604    -0.146578    -0.098795    -0.052849    -0.007240     0.039556     0.089022     0.142537     0.201314     0.266356     0.338412     0.417963     0.505213     0.600095     0.702293     0.811278     0.926341     1.046647     1.171274     1.299263     1.429662     1.561559     1.694117     1.826593     1.958358     2.088908     2.217864     2.344974     2.470112     2.593264     2.714526     2.834095     2.952257     3.069385     3.185931
   -1.570123    -3.023674    -2.906608    -2.788679    -2.669594    -2.549141    -2.427194    -2.303721    -2.178787    -2.052559    -1.925315    -1.797441    -1.669435    -1.541896    -1.415517    -1.291069    -1.169377    -1.051295    -0.937667    -0.829291    -0.726878    -0.631005    -0.542081    -0.460303    -0.385634    -0.317778    -0.256181    -0.200035    -0.148301    -0.099744    -0.052982    -0.006547     0.041058     0.091289     0.145497     0.204875     0.270405     0.342825     0.422608     0.509957     0.604807     0.706853     0.815575     0.930283     1.050156     1.174291     1.301748     1.431590     1.562921     1.694916     1.826844     1.958085     2.088138     2.216630     2.343311     2.468052     2.590840     2.711768     2.831026     2.948899     3.065752     3.182029
   -1.568432    -3.020560    -2.903769    -2.786127    -2.667346    -2.547217    -2.425618    -2.302519    -2.177984    -2.052183    -1.925390    -1.797990    -1.670473    -1.543431    -1.417549    -1.293584    -1.172350    -1.054684    -0.941414    -0.833323    -0.731106    -0.635327    -0.546381    -0.464461    -0.389524    -0.321277    -0.259174    -0.202418    -0.149988    -0.100670    -0.053109    -0.005863     0.042536     0.093517     0.148406     0.208373     0.274383     0.347161     0.427174     0.514620     0.609441     0.711338     0.819805     0.934165     1.053614     1.177267     1.304201     1.433496     1.564270     1.695711     1.827099     1.957822     2.087386     2.215419     2.341675     2.466024     2.588451     2.709047     2.827999     2.945584     3.062163     3.178175
   -1.566761    -3.017485    -2.900967    -2.783610    -2.665130    -2.545322    -2.424068    -2.301338    -2.177199    -2.051820    -1.925474    -1.798540    -1.671505    -1.544953    -1.419559    -1.296070    -1.175284    -1.058025    -0.945106    -0.837293    -0.735266    -0.639576    -0.550607    -0.468545    -0.393343    -0.324711    -0.262109    -0.204754    -0.151639    -0.101575    -0.053230    -0.005188     0.043991     0.095708     0.151266     0.211811     0.278293     0.351423     0.431661     0.519205     0.613999     0.715752     0.823969     0.937988     1.057022     1.180202     1.306623     1.435379     1.565606     1.696502     1.827358     1.957570     2.086649     2.214230     2.340065     2.464026     2.586097     2.706364     2.825011     2.942311     3.058619     3.174368
   -1.565111    -3.014449    -2.898202    -2.781127    -2.662945    -2.543455    -2.422542    -2.300178    -2.176432    -2.051470    -1.925564    -1.799091    -1.672531    -1.546462    -1.421548    -1.298526    -1.178180    -1.061320    -0.948744    -0.841202    -0.739359    -0.643754    -0.554761    -0.472556    -0.397092    -0.328081    -0.264989    -0.207043    -0.153257    -0.102460    -0.053345    -0.004522     0.045422     0.097862     0.154076     0.215190     0.282134     0.355611     0.436072     0.523713     0.618481     0.720094     0.828067     0.941753     1.060380     1.183097     1.309013     1.437241     1.566928     1.697288     1.827619     1.957327     2.085929     2.213062     2.338482     2.462059     2.583776     2.703717     2.822063     2.939081     3.055120     3.170607
   -1.563481    -3.011451    -2.895472    -2.778677    -2.660791    -2.541617    -2.421042    -2.299040    -2.175681    -2.051131    -1.925661    -1.799643    -1.673551    -1.547957    -1.423516    -1.300952    -1.181038    -1.064569    -0.952328    -0.845050    -0.743386    -0.647863    -0.558843    -0.476497    -0.400774    -0.331389    -0.267813    -0.209288    -0.154841    -0.103324    -0.053453    -0.003864     0.046831     0.099980     0.156838     0.218510     0.285910     0.359728     0.440408     0.528145     0.622890     0.724366     0.832101     0.945461     1.063689     1.185951     1.311372     1.439081     1.568238     1.698068     1.827883     1.957094     2.085225     2.211916     2.336924     2.460122     2.581489     2.701107     2.819154     2.935892     3.051665     3.166894
   -1.561871    -3.008491    -2.892779    -2.776261    -2.658667    -2.539806    -2.419565    -2.297922    -2.174947    -2.050805    -1.925764    -1.800195    -1.674565    -1.549439    -1.425462    -1.303348    -1.183859    -1.067773    -0.955859    -0.848839    -0.747349    -0.651903    -0.562855    -0.480368    -0.404390    -0.334635    -0.270584    -0.211488    -0.156393    -0.104169    -0.053556    -0.003214     0.048217     0.102063     0.159553     0.221773     0.289621     0.363774     0.444671     0.532504     0.627226     0.728569     0.836072     0.949113     1.066950     1.188766     1.313701     1.440898     1.569534     1.698844     1.828150     1.956870     2.084536     2.210790     2.335392     2.458213     2.579234     2.698533     2.816284     2.932744     3.048254     3.163226
   -1.560281    -3.005569    -2.890120    -2.773877    -2.656574    -2.538022    -2.418113    -2.296825    -2.174228    -2.050489    -1.925873    -1.800746    -1.675572    -1.550906    -1.427387    -1.305716    -1.186642    -1.070931    -0.959338    -0.852569    -0.751249    -0.655877    -0.566799    -0.484172    -0.407940    -0.337821    -0.273302    -0.213646    -0.157914    -0.104995    -0.053653    -0.002573     0.049582     0.104111     0.162221     0.224980     0.293268     0.367751     0.448861     0.536789     0.631491     0.732705     0.839981     0.952709     1.070164     1.191541     1.315999     1.442694     1.570817     1.699614     1.828418     1.956655     2.083861     2.209684     2.333884     2.456334     2.577012     2.695995     2.813452     2.929638     3.044886     3.159604
   -1.558712    -3.002685    -2.887497    -2.771526    -2.654511    -2.536265    -2.416684    -2.295747    -2.173526    -2.050185    -1.925988    -1.801298    -1.676572    -1.552360    -1.429290    -1.308054    -1.189388    -1.074045    -0.962765    -0.856242    -0.755085    -0.659785    -0.570676    -0.487909    -0.411427    -0.340949    -0.275969    -0.215762    -0.159403    -0.105803    -0.053745    -0.001940     0.050925     0.106125     0.164845     0.228132     0.296852     0.371660     0.452981     0.541004     0.635686     0.736775     0.843829     0.956251     1.073330     1.194278     1.318267     1.444469     1.572086     1.700379     1.828688     1.956449     2.083201     2.208597     2.332400     2.454483     2.574822     2.693491     2.810658     2.926572     3.041561     3.156027
   -1.557162    -2.999838    -2.884909    -2.769207    -2.652477    -2.534535    -2.415278    -2.294689    -2.172838    -2.049891    -1.926108    -1.801848    -1.677565    -1.553800    -1.431172    -1.310363    -1.192097    -1.077115    -0.966142    -0.859858    -0.758861    -0.663628    -0.574486    -0.491580    -0.414851    -0.344019    -0.278586    -0.217836    -0.160862    -0.106592    -0.053832    -0.001314     0.052247     0.108105     0.167424     0.231231     0.300376     0.375504     0.457032     0.545148     0.639813     0.740780     0.847617     0.959739     1.076451     1.196977     1.320505     1.446222     1.573342     1.701138     1.828960     1.956250     2.082555     2.207530     2.330941     2.452660     2.572663     2.691022     2.807902     2.923546     3.038279     3.152495
   -1.555632    -2.997028    -2.882355    -2.766921    -2.650472    -2.532830    -2.413895    -2.293650    -2.172166    -2.049607    -1.926233    -1.802398    -1.678551    -1.555225    -1.433032    -1.312643    -1.194771    -1.080141    -0.969469    -0.863419    -0.762576    -0.667408    -0.578232    -0.495188    -0.418214    -0.347033    -0.281153    -0.219870    -0.162292    -0.107363    -0.053913    -0.000697     0.053549     0.110054     0.169960     0.234277     0.303840     0.379282     0.461015     0.549224     0.643873     0.744721     0.851345     0.963175     1.079525     1.199637     1.322713     1.447953     1.574585     1.701892     1.829233     1.956059     2.081922     2.206482     2.329505     2.450864     2.570535     2.688588     2.805182     2.920560     3.035038     3.149008
   -1.554121    -2.994254    -2.879835    -2.764665    -2.648496    -2.531152    -2.412535    -2.292629    -2.171507    -2.049333    -1.926362    -1.802947    -1.679529    -1.556637    -1.434872    -1.314895    -1.197408    -1.083125    -0.972746    -0.866924    -0.766232    -0.671126    -0.581915    -0.498733    -0.421517    -0.349992    -0.283673    -0.221866    -0.163692    -0.108118    -0.053990    -0.000088     0.054830     0.111970     0.172453     0.237272     0.307245     0.382996     0.464931     0.553232     0.647867     0.748599     0.855016     0.966559     1.082555     1.202261     1.324892     1.449663     1.575814     1.702639     1.829507     1.955875     2.081303     2.205452     2.328091     2.449095     2.568438     2.686187     2.802500     2.917613     3.031840     3.145565
   -1.552630    -2.991517    -2.877349    -2.762441    -2.646549    -2.529499    -2.411196    -2.291627    -2.170863    -2.049068    -1.926496    -1.803494    -1.680500    -1.558034    -1.436690    -1.317119    -1.200011    -1.086067    -0.975975    -0.870376    -0.769830    -0.674782    -0.585535    -0.502216    -0.424761    -0.352898    -0.286145    -0.223822    -0.165065    -0.108855    -0.054062     0.000514     0.056091     0.113855     0.174905     0.240216     0.310593     0.386648     0.468782     0.557175     0.651796     0.752416     0.858630     0.969891     1.085541     1.204848     1.327042     1.451352     1.577029     1.703380     1.829781     1.955699     2.080696     2.204439     2.326700     2.447353     2.566371     2.683820     2.799853     2.914705     3.028683     3.142166
   -1.551158    -2.988816    -2.874897    -2.760248    -2.644629    -2.527871    -2.409879    -2.290643    -2.170233    -2.048813    -1.926633    -1.804039    -1.681462    -1.559417    -1.438487    -1.319315    -1.202578    -1.088967    -0.979156    -0.873775    -0.773370    -0.678379    -0.589094    -0.505640    -0.427948    -0.355750    -0.288572    -0.225742    -0.166410    -0.109576    -0.054130     0.001108     0.057333     0.115709     0.177316     0.243110     0.313884     0.390239     0.472568     0.561052     0.655661     0.756171     0.862188     0.973173     1.088482     1.207398     1.329164     1.453020     1.578231     1.704115     1.830056     1.955529     2.080102     2.203445     2.325332     2.445637     2.564333     2.681485     2.797243     2.911836     3.025567     3.138810
   -1.549705    -2.986150    -2.872477    -2.758085    -2.642737    -2.526267    -2.408584    -2.289676    -2.169616    -2.048566    -1.926775    -1.804583    -1.682418    -1.560785    -1.440263    -1.321482    -1.205110    -1.091825    -0.982290    -0.877121    -0.776854    -0.681917    -0.592594    -0.509004    -0.431078    -0.358551    -0.290953    -0.227624    -0.167728    -0.110281    -0.054193     0.001695     0.058556     0.117532     0.179686     0.245956     0.317120     0.393769     0.476292     0.564866     0.659464     0.759867     0.865690     0.976405     1.091381     1.209912     1.331256     1.454667     1.579420     1.704843     1.830332     1.955366     2.079520     2.202468     2.323985     2.443947     2.562326     2.679183     2.794668     2.909004     3.022491     3.135497
   -1.548271    -2.983520    -2.870091    -2.755953    -2.640873    -2.524688    -2.407309    -2.288726    -2.169013    -2.048328    -1.926920    -1.805125    -1.683365    -1.562140    -1.442018    -1.323622    -1.207608    -1.094643    -0.985378    -0.880416    -0.780283    -0.685396    -0.596034    -0.512310    -0.434154    -0.361301    -0.293291    -0.229471    -0.169020    -0.110971    -0.054252     0.002274     0.059759     0.119326     0.182017     0.248754     0.320302     0.397241     0.479955     0.568618     0.663206     0.763505     0.869138     0.979589     1.094237     1.212391     1.333321     1.456293     1.580595     1.705565     1.830608     1.955209     2.078950     2.201507     2.322659     2.442282     2.560347     2.676914     2.792128     2.906211     3.019456     3.132227
   -1.546856    -2.980925    -2.867737    -2.753850    -2.639036    -2.523133    -2.406055    -2.287794    -2.168422    -2.048098    -1.927068    -1.805664    -1.684304    -1.563480    -1.443753    -1.325735    -1.210073    -1.097421    -0.988419    -0.883660    -0.783657    -0.688819    -0.599417    -0.515559    -0.437175    -0.364002    -0.295585    -0.231283    -0.170286    -0.111645    -0.054307     0.002845     0.060945     0.121091     0.184310     0.251506     0.323430     0.400655     0.483556     0.572308     0.666887     0.767085     0.872532     0.982724     1.097051     1.214835     1.335358     1.457898     1.581757     1.706281     1.830883     1.955058     2.078391     2.200563     2.321355     2.440642     2.558396     2.674676     2.789622     2.903454     3.016461     3.128999
   -1.545459    -2.978365    -2.865415    -2.751777    -2.637225    -2.521601    -2.404821    -2.286878    -2.167844    -2.047876    -1.927219    -1.806202    -1.685235    -1.564805    -1.445466    -1.327821    -1.212504    -1.100160    -0.991416    -0.886854    -0.786978    -0.692186    -0.602743    -0.518752    -0.440143    -0.366655    -0.297837    -0.233060    -0.171527    -0.112305    -0.054358     0.003410     0.062112     0.122828     0.186565     0.254212     0.326506     0.404012     0.487099     0.575938     0.670509     0.770608     0.875874     0.985812     1.099824     1.217244     1.337367     1.459484     1.582906     1.706990     1.831159     1.954913     2.077844     2.199635     2.320071     2.439027     2.556474     2.672469     2.787151     2.900734     3.013504     3.125812
   -1.544081    -2.975839    -2.863125    -2.749733    -2.635441    -2.520093    -2.403608    -2.285978    -2.167277    -2.047662    -1.927373    -1.806736    -1.686157    -1.566117    -1.447160    -1.329879    -1.214901    -1.102859    -0.994368    -0.889999    -0.790246    -0.695498    -0.606013    -0.521891    -0.443059    -0.369259    -0.300048    -0.234804    -0.172744    -0.112950    -0.054405     0.003967     0.063261     0.124537     0.188783     0.256872     0.329532     0.407314     0.490583     0.579509     0.674073     0.774076     0.879165     0.988854     1.102557     1.219619     1.339349     1.461049     1.584041     1.707692     1.831434     1.954774     2.077307     2.198724     2.318807     2.437435     2.554579     2.670293     2.784713     2.898051     3.010587     3.122667
   -1.542721    -2.973347    -2.860867    -2.747718    -2.633682    -2.518608    -2.402413    -2.285094    -2.166723    -2.047455    -1.927530    -1.807268    -1.687072    -1.567414    -1.448832    -1.331911    -1.217266    -1.105519    -0.997276    -0.893096    -0.793462    -0.698757    -0.609229    -0.524977    -0.445924    -0.371818    -0.302219    -0.236515    -0.173937    -0.113581    -0.054449     0.004518     0.064392     0.126218     0.190964     0.259489     0.332507     0.410560     0.494009     0.583022     0.677579     0.777489     0.882404     0.991849     1.105249     1.221960     1.341304     1.462593     1.585163     1.708388     1.831709     1.954640     2.076781     2.197827     2.317563     2.435868     2.552711     2.668147     2.782309     2.895404     3.007708     3.119563
   -1.541379    -2.970889    -2.858640    -2.745732    -2.631950    -2.517145    -2.401239    -2.284226    -2.166181    -2.047256    -1.927689    -1.807798    -1.687978    -1.568697    -1.450485    -1.333917    -1.219598    -1.108142    -1.000141    -0.896145    -0.796628    -0.701962    -0.612392    -0.528009    -0.448740    -0.374330    -0.304350    -0.238194    -0.175106    -0.114198    -0.054489     0.005061     0.065507     0.127872     0.193109     0.262063     0.335433     0.413754     0.497380     0.586478     0.681030     0.780848     0.885594     0.994799     1.107901     1.224268     1.343232     1.464118     1.586271     1.709077     1.831983     1.954511     2.076266     2.196946     2.316338     2.434324     2.550871     2.666032     2.779938     2.892792     3.004868     3.116500
   -1.540055    -2.968464    -2.856443    -2.743773    -2.630243    -2.515705    -2.400083    -2.283373    -2.165649    -2.047064    -1.927850    -1.808324    -1.688875    -1.569966    -1.452117    -1.335896    -1.221899    -1.110727    -1.002963    -0.899147    -0.799743    -0.705115    -0.615501    -0.530990    -0.451506    -0.376798    -0.306442    -0.239841    -0.176252    -0.114802    -0.054526     0.005597     0.066604     0.129499     0.195220     0.264594     0.338310     0.416895     0.500696     0.589878     0.684425     0.784155     0.888734     0.997705     1.110515     1.226543     1.345134     1.465623     1.587367     1.709759     1.832256     1.954386     2.075761     2.196079     2.315133     2.432803     2.549057     2.663946     2.777599     2.890216     3.002065     3.113477
   -1.538748    -2.966072    -2.854277    -2.741843    -2.628561    -2.514286    -2.398946    -2.282536    -2.165129    -2.046878    -1.928014    -1.808847    -1.689764    -1.571220    -1.453729    -1.337850    -1.224168    -1.113274    -1.005744    -0.902103    -0.802809    -0.708217    -0.618559    -0.533921    -0.454224    -0.379223    -0.308496    -0.241458    -0.177376    -0.115393    -0.054560     0.006127     0.067685     0.131101     0.197296     0.267083     0.341140     0.419984     0.503957     0.593223     0.687766     0.787409     0.891825     1.000567     1.113090     1.228786     1.347010     1.467109     1.588449     1.710434     1.832529     1.954267     2.075265     2.195228     2.313947     2.431305     2.547269     2.661889     2.775292     2.887674     2.999299     3.110493
   -1.537460    -2.963713    -2.852142    -2.739940    -2.626903    -2.512890    -2.397827    -2.281713    -2.164620    -2.046699    -1.928179    -1.809367    -1.690645    -1.572461    -1.455322    -1.339777    -1.226405    -1.115786    -1.008483    -0.905014    -0.805827    -0.711269    -0.621567    -0.536801    -0.456896    -0.381604    -0.310512    -0.243044    -0.178478    -0.115971    -0.054590     0.006650     0.068749     0.132677     0.199338     0.269532     0.343924     0.423023     0.507166     0.596514     0.691054     0.790613     0.894869     1.003385     1.115627     1.230996     1.348860     1.468575     1.589518     1.711103     1.832800     1.954152     2.074779     2.194390     2.312779     2.429829     2.545507     2.659862     2.773017     2.885167     2.996570     3.107549
   -1.536188    -2.961386    -2.850036    -2.738064    -2.625270    -2.511515    -2.396726    -2.280904    -2.164121    -2.046526    -1.928346    -1.809884    -1.691517    -1.573687    -1.456894    -1.341680    -1.228611    -1.118261    -1.011181    -0.907880    -0.808797    -0.714272    -0.624524    -0.539633    -0.459521    -0.383944    -0.312493    -0.244601    -0.179559    -0.116536    -0.054618     0.007166     0.069797     0.134228     0.201348     0.271941     0.346662     0.426012     0.510322     0.599752     0.694290     0.793766     0.897867     1.006161     1.118127     1.233175     1.350684     1.470022     1.590574     1.711764     1.833070     1.954041     2.074303     2.193567     2.311629     2.428375     2.543770     2.657863     2.770774     2.882693     2.993878     3.104643
   -1.534934    -2.959091    -2.847959    -2.736215    -2.623661    -2.510160    -2.395644    -2.280110    -2.163633    -2.046359    -1.928514    -1.810397    -1.692380    -1.574899    -1.458447    -1.343557    -1.230787    -1.120700    -1.013839    -0.910702    -0.811720    -0.717226    -0.627433    -0.542417    -0.462101    -0.386242    -0.314438    -0.246129    -0.180618    -0.117089    -0.054642     0.007676     0.070829     0.135755     0.203324     0.274310     0.349355     0.428952     0.513427     0.602938     0.697474     0.796870     0.900818     1.008896     1.120590     1.235323     1.352483     1.471450     1.591617     1.712418     1.833340     1.953935     2.073836     2.192757     2.310497     2.426942     2.542059     2.655892     2.768561     2.880254     2.991221     3.101776
   -1.533697    -2.956827    -2.845912    -2.734393    -2.622076    -2.508827    -2.394578    -2.279330    -2.163154    -2.046198    -1.928684    -1.810907    -1.693235    -1.576098    -1.459981    -1.345409    -1.232933    -1.123104    -1.016457    -0.913481    -0.814598    -0.720132    -0.630294    -0.545155    -0.464636    -0.388500    -0.316347    -0.247629    -0.181657    -0.117631    -0.054664     0.008180     0.071846     0.137257     0.205269     0.276641     0.352005     0.431844     0.516482     0.606073     0.700608     0.799925     0.903723     1.011589     1.123016     1.237440     1.354257     1.472858     1.592648     1.713066     1.833607     1.953832     2.073377     2.191960     2.309383     2.425531     2.540372     2.653949     2.766379     2.877847     2.988600     3.098947
   -1.532476    -2.954595    -2.843893    -2.732597    -2.620514    -2.507514    -2.393530    -2.278564    -2.162686    -2.046043    -1.928855    -1.811413    -1.694081    -1.577282    -1.461495    -1.347237    -1.235049    -1.125474    -1.019036    -0.916218    -0.817430    -0.722992    -0.633107    -0.547846    -0.467128    -0.390718    -0.318223    -0.249101    -0.182676    -0.118160    -0.054683     0.008677     0.072848     0.138736     0.207183     0.278934     0.354611     0.434689     0.519487     0.609157     0.703692     0.802932     0.906584     1.014241     1.125407     1.239526     1.356007     1.474249     1.593665     1.713706     1.833874     1.953734     2.072928     2.191177     2.308286     2.424141     2.538709     2.652033     2.764227     2.875473     2.986015     3.096155
   -1.531273    -2.952394    -2.841903    -2.730826    -2.618975    -2.506221    -2.392499    -2.277811    -2.162227    -2.045894    -1.929027    -1.811916    -1.694918    -1.578452    -1.462990    -1.349040    -1.237135    -1.127809    -1.021577    -0.918912    -0.820217    -0.725805    -0.635874    -0.550492    -0.469577    -0.392897    -0.320065    -0.250546    -0.183676    -0.118679    -0.054699     0.009167     0.073834     0.140192     0.209066     0.281190     0.357175     0.437489     0.522444     0.612193     0.706727     0.805893     0.909401     1.016853     1.127763     1.241583     1.357732     1.475620     1.594670     1.714340     1.834139     1.953639     2.072487     2.190407     2.307206     2.422772     2.537071     2.650144     2.762105     2.873132     2.983464     3.093401
   -1.530085    -2.950223    -2.839941    -2.729081    -2.617459    -2.504948    -2.391485    -2.277071    -2.161778    -2.045749    -1.929200    -1.812415    -1.695747    -1.579609    -1.464466    -1.350819    -1.239192    -1.130111    -1.024080    -0.921565    -0.822961    -0.728573    -0.638596    -0.553093    -0.471984    -0.395038    -0.321874    -0.251965    -0.184656    -0.119186    -0.054713     0.009652     0.074806     0.141624     0.210918     0.283409     0.359697     0.440243     0.525354     0.615180     0.709715     0.808807     0.912175     1.019426     1.130084     1.243610     1.359434     1.476974     1.595663     1.714967     1.834402     1.953547     2.072054     2.189649     2.306143     2.421423     2.535456     2.648282     2.760012     2.870822     2.980948     3.090684
   -1.528914    -2.948082    -2.838006    -2.727362    -2.615966    -2.503695    -2.390487    -2.276344    -2.161338    -2.045610    -1.929374    -1.812910    -1.696567    -1.580752    -1.465923    -1.352575    -1.241221    -1.132379    -1.026546    -0.924177    -0.825661    -0.731297    -0.641273    -0.555651    -0.474350    -0.397142    -0.323651    -0.253357    -0.185618    -0.119682    -0.054724     0.010130     0.075763     0.143034     0.212741     0.285593     0.362179     0.442952     0.528216     0.618119     0.712655     0.811676     0.914906     1.021960     1.132370     1.245608     1.361111     1.478309     1.596642     1.715586     1.834663     1.953459     2.071629     2.188904     2.305096     2.420094     2.533864     2.646446     2.757949     2.868544     2.978466     3.088002
   -1.527759    -2.945971    -2.836099    -2.725667    -2.614495    -2.502461    -2.389505    -2.275630    -2.160907    -2.045476    -1.929548    -1.813401    -1.697378    -1.581882    -1.467362    -1.354306    -1.243221    -1.134614    -1.028975    -0.926750    -0.828319    -0.733977    -0.643907    -0.558166    -0.476676    -0.399210    -0.325396    -0.254724    -0.186561    -0.120168    -0.054733     0.010602     0.076706     0.144422     0.214535     0.287741     0.364620     0.445618     0.531033     0.621011     0.715549     0.814500     0.917595     1.024456     1.134623     1.247577     1.362765     1.479626     1.597610     1.716199     1.834923     1.953374     2.071212     2.188171     2.304065     2.418785     2.532296     2.644637     2.755914     2.866298     2.976017     3.085357
   -1.526620    -2.943890    -2.834219    -2.723997    -2.613045    -2.501246    -2.388539    -2.274928    -2.160485    -2.045347    -1.929723    -1.813888    -1.698181    -1.582997    -1.468782    -1.356014    -1.245193    -1.136817    -1.031368    -0.929283    -0.830936    -0.736614    -0.646497    -0.560640    -0.478962    -0.401241    -0.327110    -0.256066    -0.187486    -0.120644    -0.054740     0.011069     0.077635     0.145789     0.216301     0.289855     0.367022     0.448241     0.533805     0.623858     0.718397     0.817281     0.920243     1.026915     1.136843     1.249518     1.364396     1.480925     1.598565     1.716804     1.835181     1.953293     2.070803     2.187450     2.303051     2.417495     2.530750     2.642852     2.753907     2.864082     2.973601     3.082747
   -1.525497    -2.941838    -2.832366    -2.722351    -2.611618    -2.500050    -2.387588    -2.274239    -2.160071    -2.045223    -1.929899    -1.814371    -1.698975    -1.584100    -1.470184    -1.357700    -1.247137    -1.138988    -1.033724    -0.931777    -0.833511    -0.739209    -0.649044    -0.563072    -0.481210    -0.403238    -0.328794    -0.257384    -0.188393    -0.121109    -0.054744     0.011529     0.078550     0.147134     0.218038     0.291935     0.369386     0.450821     0.536532     0.626659     0.721201     0.820018     0.922851     1.029336     1.139029     1.251430     1.366004     1.482207     1.599508     1.717403     1.835438     1.953214     2.070401     2.186741     2.302051     2.416224     2.529226     2.641093     2.751929     2.861896     2.971219     3.080173
   -1.524390    -2.939815    -2.830540    -2.720729    -2.610211    -2.498872    -2.386653    -2.273562    -2.159666    -2.045103    -1.930075    -1.814851    -1.699760    -1.585189    -1.471568    -1.359362    -1.249054    -1.141127    -1.036046    -0.934233    -0.836046    -0.741762    -0.651551    -0.565463    -0.483419    -0.405200    -0.330448    -0.258678    -0.189284    -0.121564    -0.054747     0.011984     0.079452     0.148458     0.219748     0.293982     0.371711     0.453361     0.539216     0.629416     0.723960     0.822713     0.925418     1.031721     1.141184     1.253315     1.367589     1.483472     1.600438     1.717995     1.835692     1.953138     2.070007     2.186043     2.301067     2.414972     2.527724     2.639359     2.749977     2.859741     2.968868     3.077633
   -1.523297    -2.937820    -2.828739    -2.719130    -2.608826    -2.497712    -2.385734    -2.272896    -2.159269    -2.044987    -1.930251    -1.815326    -1.700537    -1.586265    -1.472934    -1.361002    -1.250944    -1.143236    -1.038333    -0.936651    -0.838542    -0.744274    -0.654016    -0.567815    -0.485591    -0.407128    -0.332073    -0.259948    -0.190157    -0.122010    -0.054747     0.012433     0.080340     0.149762     0.221431     0.295996     0.373999     0.455860     0.541857     0.632129     0.726676     0.825366     0.927947     1.034070     1.143306     1.255173     1.369152     1.484719     1.601357     1.718580     1.835945     1.953065     2.069620     2.185357     2.300098     2.413739     2.526244     2.637650     2.748054     2.857615     2.966550     3.075127
   -1.522220    -2.935853    -2.826964    -2.717555    -2.607461    -2.496570    -2.384829    -2.272242    -2.158880    -2.044876    -1.930428    -1.815797    -1.701306    -1.587328    -1.474282    -1.362619    -1.252807    -1.145313    -1.040586    -0.939032    -0.840998    -0.746747    -0.656441    -0.570128    -0.487726    -0.409022    -0.333670    -0.261195    -0.191014    -0.122447    -0.054746     0.012876     0.081215     0.151046     0.223087     0.297977     0.376251     0.458318     0.544456     0.634800     0.729350     0.827977     0.930436     1.036383     1.145397     1.257003     1.370693     1.485949     1.602264     1.719158     1.836195     1.952995     2.069240     2.184682     2.299144     2.412524     2.524786     2.635964     2.746157     2.855519     2.964264     3.072655
   -1.521158    -2.933915    -2.825215    -2.716003    -2.606117    -2.495446    -2.383938    -2.271600    -2.158499    -2.044769    -1.930604    -1.816264    -1.702065    -1.588377    -1.475612    -1.364214    -1.254644    -1.147361    -1.042805    -0.941377    -0.843416    -0.749180    -0.658827    -0.572402    -0.489825    -0.410885    -0.335238    -0.262420    -0.191855    -0.122874    -0.054742     0.013314     0.082077     0.152309     0.224717     0.299928     0.378467     0.460738     0.547013     0.637428     0.731982     0.830549     0.932888     1.038662     1.147458     1.258808     1.372212     1.487163     1.603159     1.719729     1.836443     1.952927     2.068866     2.184017     2.298205     2.411326     2.523348     2.634303     2.744286     2.853452     2.962008     3.070217
   -1.520111    -2.932003    -2.823491    -2.714474    -2.604793    -2.494339    -2.383062    -2.270968    -2.158126    -2.044665    -1.930781    -1.816727    -1.702817    -1.589414    -1.476925    -1.365788    -1.256455    -1.149378    -1.044991    -0.943686    -0.845796    -0.751574    -0.661174    -0.574639    -0.491889    -0.412715    -0.336779    -0.263623    -0.192680    -0.123292    -0.054737     0.013746     0.082927     0.153553     0.226321     0.301847     0.380647     0.463119     0.549531     0.640015     0.734573     0.833080     0.935302     1.040906     1.149487     1.260586     1.373710     1.488359     1.604042     1.720293     1.836690     1.952861     2.068500     2.183363     2.297280     2.410147     2.521932     2.632665     2.742442     2.851413     2.959784     3.067812
   -1.519079    -2.930119    -2.821791    -2.712967    -2.603488    -2.493249    -2.382200    -2.270348    -2.157760    -2.044566    -1.930957    -1.817186    -1.703559    -1.590438    -1.478221    -1.367340    -1.258240    -1.151367    -1.047145    -0.945960    -0.848139    -0.753930    -0.663483    -0.576839    -0.493918    -0.414514    -0.338293    -0.264804    -0.193489    -0.123702    -0.054730     0.014172     0.083764     0.154779     0.227900     0.303736     0.382793     0.465462     0.552008     0.642561     0.737123     0.835573     0.937679     1.043117     1.151487     1.262338     1.375186     1.489540     1.604914     1.720851     1.836934     1.952798     2.068140     2.182720     2.296369     2.408985     2.520535     2.631051     2.740623     2.849402     2.957590     3.065440
   -1.518061    -2.928261    -2.820116    -2.711482    -2.602203    -2.492177    -2.381352    -2.269738    -2.157402    -2.044471    -1.931134    -1.817640    -1.704294    -1.591449    -1.479500    -1.368870    -1.260000    -1.153326    -1.049266    -0.948199    -0.850445    -0.756248    -0.665754    -0.579003    -0.495913    -0.416282    -0.339781    -0.265964    -0.194283    -0.124102    -0.054722     0.014594     0.084589     0.155985     0.229455     0.305595     0.384905     0.467769     0.554446     0.645067     0.739633     0.838027     0.940020     1.045294     1.153457     1.264064     1.376642     1.490704     1.605774     1.721401     1.837176     1.952737     2.067786     2.182087     2.295471     2.407840     2.519159     2.629459     2.738830     2.847419     2.955426     3.063099
   -1.517057    -2.926430    -2.818466    -2.710019    -2.600938    -2.491120    -2.380518    -2.269139    -2.157051    -2.044379    -1.931310    -1.818090    -1.705020    -1.592447    -1.480761    -1.370380    -1.261735    -1.155256    -1.051355    -0.950404    -0.852716    -0.758530    -0.667989    -0.581131    -0.497875    -0.418020    -0.341242    -0.267103    -0.195063    -0.124495    -0.054712     0.015010     0.085401     0.157172     0.230985     0.307425     0.386983     0.470038     0.556846     0.647534     0.742105     0.840443     0.942325     1.047439     1.155398     1.265766     1.378076     1.491852     1.606622     1.721945     1.837415     1.952679     2.067439     2.181464     2.294588     2.406712     2.517803     2.627890     2.737062     2.845464     2.953292     3.060791
   -1.516068    -2.924625    -2.816839    -2.708578    -2.599692    -2.490081    -2.379698    -2.268551    -2.156707    -2.044290    -1.931486    -1.818536    -1.705737    -1.593433    -1.482007    -1.371869    -1.263445    -1.157159    -1.053413    -0.952575    -0.854951    -0.760775    -0.670187    -0.583224    -0.499804    -0.419728    -0.342678    -0.268222    -0.195828    -0.124879    -0.054700     0.015420     0.086202     0.158342     0.232491     0.309226     0.389028     0.472272     0.559207     0.649962     0.744538     0.842822     0.944596     1.049551     1.157310     1.267443     1.379491     1.492984     1.607460     1.722482     1.837653     1.952622     2.067097     2.180851     2.293718     2.405601     2.516466     2.626343     2.735319     2.843536     2.951187     3.058515
   -1.515092    -2.922846    -2.815236    -2.707157    -2.598464    -2.489057    -2.378890    -2.267972    -2.156369    -2.044205    -1.931661    -1.818978    -1.706447    -1.594406    -1.483235    -1.373337    -1.265131    -1.159033    -1.055441    -0.954712    -0.857151    -0.762984    -0.672350    -0.585282    -0.501700    -0.421408    -0.344090    -0.269321    -0.196578    -0.125255    -0.054687     0.015826     0.086991     0.159494     0.233974     0.310998     0.391042     0.474470     0.561532     0.652352     0.746933     0.845164     0.946831     1.051632     1.159194     1.269095     1.380885     1.494100     1.608286     1.723013     1.837888     1.952567     2.066762     2.180247     2.292861     2.404505     2.515149     2.624819     2.733601     2.841635     2.949111     3.056269
   -1.514131    -2.921093    -2.813656    -2.705758    -2.597255    -2.488049    -2.378096    -2.267404    -2.156039    -2.044123    -1.931837    -1.819415    -1.707148    -1.595368    -1.484447    -1.374785    -1.266793    -1.160880    -1.057438    -0.956817    -0.859317    -0.765159    -0.674478    -0.587307    -0.503565    -0.423058    -0.345477    -0.270401    -0.197315    -0.125624    -0.054673     0.016226     0.087768     0.160628     0.235433     0.312743     0.393023     0.476634     0.563820     0.654704     0.749291     0.847470     0.949033     1.053681     1.161049     1.270724     1.382259     1.495201     1.609101     1.723537     1.838121     1.952514     2.066433     2.179653     2.292017     2.403427     2.513851     2.623316     2.731906     2.839760     2.947064     3.054054
   -1.513183    -2.919364    -2.812099    -2.704380    -2.596064    -2.487057    -2.377314    -2.266845    -2.155715    -2.044044    -1.932011    -1.819849    -1.707840    -1.596317    -1.485643    -1.376213    -1.268431    -1.162700    -1.059405    -0.958890    -0.861449    -0.767299    -0.676572    -0.589298    -0.505399    -0.424681    -0.346839    -0.271461    -0.198038    -0.125984    -0.054657     0.016622     0.088534     0.161745     0.236870     0.314460     0.394973     0.478763     0.566072     0.657020     0.751612     0.849741     0.951201     1.055699     1.162878     1.272328     1.383614     1.496286     1.609906     1.724055     1.838352     1.952463     2.066109     2.179069     2.291185     2.402364     2.512571     2.621834     2.730236     2.837911     2.945046     3.051870
   -1.512248    -2.917660    -2.810564    -2.703021    -2.594891    -2.486080    -2.376545    -2.266297    -2.155398    -2.043969    -1.932185    -1.820277    -1.708525    -1.597253    -1.486823    -1.377621    -1.270046    -1.164494    -1.061342    -0.960932    -0.863548    -0.769405    -0.678632    -0.591257    -0.507202    -0.426277    -0.348179    -0.272502    -0.198747    -0.126337    -0.054639     0.017012     0.089289     0.162844     0.238285     0.316151     0.396892     0.480860     0.568289     0.659300     0.753897     0.851977     0.953336     1.057687     1.164679     1.273909     1.384949     1.497356     1.610699     1.724565     1.838580     1.952414     2.065791     2.178494     2.290367     2.401316     2.511310     2.620374     2.728589     2.836088     2.943055     3.049715
   -1.511327    -2.915981    -2.809052    -2.701683    -2.593736    -2.485118    -2.375789    -2.265757    -2.155087    -2.043896    -1.932359    -1.820702    -1.709202    -1.598178    -1.487987    -1.379009    -1.271637    -1.166261    -1.063251    -0.962942    -0.865614    -0.771478    -0.680659    -0.593184    -0.508976    -0.427845    -0.349495    -0.273525    -0.199444    -0.126683    -0.054621     0.017397     0.090033     0.163927     0.239678     0.317814     0.398782     0.482923     0.570471     0.661544     0.756147     0.854178     0.955438     1.059645     1.166453     1.275467     1.386265     1.498412     1.611482     1.725070     1.838806     1.952367     2.065478     2.177927     2.289560     2.400284     2.510067     2.618934     2.726965     2.834291     2.941091     3.047591
   -1.510419    -2.914326    -2.807562    -2.700365    -2.592598    -2.484172    -2.375045    -2.265227    -2.154782    -2.043826    -1.932532    -1.821122    -1.709870    -1.599091    -1.489136    -1.380378    -1.273206    -1.168002    -1.065131    -0.964921    -0.867648    -0.773519    -0.682654    -0.595080    -0.510720    -0.429387    -0.350788    -0.274530    -0.200127    -0.127022    -0.054601     0.017778     0.090766     0.164994     0.241049     0.319452     0.400641     0.484954     0.572619     0.663753     0.758362     0.856346     0.957509     1.061574     1.168201     1.277003     1.387562     1.499452     1.612254     1.725568     1.839030     1.952321     2.065171     2.177370     2.288766     2.399267     2.508842     2.617515     2.725364     2.832519     2.939155     3.045495
   -1.509523    -2.912695    -2.806094    -2.699066    -2.591477    -2.483240    -2.374312    -2.264706    -2.154483    -2.043760    -1.932704    -1.821538    -1.710531    -1.599992    -1.490269    -1.381728    -1.274752    -1.169718    -1.066983    -0.966870    -0.869651    -0.775526    -0.684616    -0.596944    -0.512435    -0.430903    -0.352060    -0.275517    -0.200798    -0.127353    -0.054581     0.018154     0.091489     0.166045     0.242399     0.321065     0.402472     0.486953     0.574733     0.665928     0.760543     0.858480     0.959548     1.063474     1.169924     1.278516     1.388840     1.500478     1.613015     1.726059     1.839252     1.952276     2.064869     2.176821     2.287984     2.398265     2.507635     2.616116     2.723786     2.830771     2.937246     3.043429
   -1.508641    -2.911087    -2.804647    -2.697787    -2.590374    -2.482322    -2.373592    -2.264194    -2.154190    -2.043695    -1.932876    -1.821950    -1.711183    -1.600882    -1.491386    -1.383060    -1.276276    -1.171408    -1.068807    -0.968790    -0.871622    -0.777503    -0.686547    -0.598779    -0.514121    -0.432393    -0.353309    -0.276487    -0.201457    -0.127678    -0.054559     0.018525     0.092201     0.167079     0.243728     0.322652     0.404274     0.488921     0.576815     0.668069     0.762690     0.860582     0.961556     1.065345     1.171620     1.280006     1.390100     1.501489     1.613766     1.726545     1.839471     1.952233     2.064572     2.176281     2.287213     2.397278     2.506445     2.614737     2.722229     2.829048     2.935363     3.041391
   -1.507771    -2.909503    -2.803221    -2.696526    -2.589287    -2.481419    -2.372883    -2.263691    -2.153903    -2.043634    -1.933047    -1.822358    -1.711828    -1.601760    -1.492489    -1.384372    -1.277779    -1.173074    -1.070604    -0.970680    -0.873563    -0.779448    -0.688447    -0.600583    -0.515780    -0.433858    -0.354537    -0.277439    -0.202103    -0.127996    -0.054536     0.018891     0.092902     0.168098     0.245037     0.324215     0.406048     0.490858     0.578863     0.670177     0.764804     0.862652     0.963533     1.067188     1.173292     1.281475     1.391342     1.502487     1.614507     1.727024     1.839687     1.952192     2.064280     2.175750     2.286454     2.396306     2.505273     2.613378     2.720695     2.827349     2.933507     3.039381
   -1.506914    -2.907941    -2.801817    -2.695284    -2.588217    -2.480530    -2.372186    -2.263197    -2.153622    -2.043575    -1.933217    -1.822761    -1.712465    -1.602627    -1.493576    -1.385666    -1.279259    -1.174715    -1.072374    -0.972541    -0.875474    -0.781362    -0.690316    -0.602358    -0.517411    -0.435299    -0.355744    -0.278375    -0.202738    -0.128308    -0.054512     0.019253     0.093594     0.169102     0.246326     0.325753     0.407794     0.492765     0.580881     0.672252     0.766886     0.864689     0.965481     1.069004     1.174938     1.282923     1.392566     1.503470     1.615238     1.727496     1.839902     1.952152     2.063993     2.175226     2.285707     2.395347     2.504117     2.612038     2.719183     2.825674     2.931676     3.037399
   -1.506069    -2.906403    -2.800433    -2.694061    -2.587162    -2.479654    -2.371500    -2.262711    -2.153346    -2.043518    -1.933386    -1.823160    -1.713094    -1.603482    -1.494649    -1.386942    -1.280719    -1.176332    -1.074117    -0.974374    -0.877355    -0.783246    -0.692156    -0.604104    -0.519016    -0.436716    -0.356931    -0.279295    -0.203361    -0.128613    -0.054487     0.019610     0.094276     0.170090     0.247594     0.327268     0.409513     0.494642     0.582866     0.674295     0.768935     0.866696     0.967399     1.070792     1.176560     1.284349     1.393773     1.504439     1.615959     1.727963     1.840114     1.952113     2.063711     2.174711     2.284970     2.394403     2.502978     2.610717     2.717692     2.824022     2.929871     3.035444
   -1.505236    -2.904886    -2.799069    -2.692856    -2.586124    -2.478793    -2.370825    -2.262233    -2.153076    -2.043464    -1.933554    -1.823555    -1.713715    -1.604326    -1.495707    -1.388200    -1.282157    -1.177925    -1.075834    -0.976179    -0.879207    -0.785100    -0.693966    -0.605822    -0.520594    -0.438108    -0.358097    -0.280198    -0.203972    -0.128912    -0.054461     0.019963     0.094947     0.171064     0.248844     0.328759     0.411205     0.496490     0.584821     0.676307     0.770953     0.868672     0.969288     1.072553     1.178158     1.285754     1.394962     1.505394     1.616670     1.728424     1.840323     1.952075     2.063434     2.174203     2.284245     2.393472     2.501855     2.609415     2.716222     2.822394     2.928091     3.033517
   -1.504416    -2.903392    -2.797725    -2.691669    -2.585102    -2.477944    -2.370161    -2.261764    -2.152811    -2.043412    -1.933722    -1.823945    -1.714329    -1.605159    -1.496751    -1.389441    -1.283575    -1.179495    -1.077525    -0.977957    -0.881030    -0.786926    -0.695747    -0.607512    -0.522146    -0.439478    -0.359243    -0.281086    -0.204573    -0.129204    -0.054434     0.020311     0.095610     0.172023     0.250074     0.330227     0.412871     0.498309     0.586746     0.678287     0.772940     0.870618     0.971148     1.074288     1.179733     1.287138     1.396133     1.506336     1.617370     1.728878     1.840530     1.952039     2.063161     2.173704     2.283530     2.392556     2.500749     2.608132     2.714773     2.820788     2.926336     3.031616
   -1.503607    -2.901919    -2.796401    -2.690500    -2.584095    -2.477109    -2.369508    -2.261303    -2.152552    -2.043362    -1.933888    -1.824331    -1.714936    -1.605982    -1.497780    -1.390664    -1.284972    -1.181042    -1.079192    -0.979707    -0.882825    -0.788722    -0.697500    -0.609175    -0.523672    -0.440825    -0.360370    -0.281958    -0.205162    -0.129491    -0.054406     0.020655     0.096262     0.172968     0.251286     0.331673     0.414512     0.500100     0.588640     0.680237     0.774896     0.872534     0.972981     1.075996     1.181284     1.288503     1.397288     1.507265     1.618062     1.729326     1.840735     1.952004     2.062892     2.173212     2.282826     2.391652     2.499659     2.606867     2.713344     2.819205     2.924605     3.029742
   -1.502809    -2.900468    -2.795097    -2.689348    -2.583104    -2.476287    -2.368865    -2.260849    -2.152297    -2.043314    -1.934054    -1.824714    -1.715534    -1.606793    -1.498796    -1.391870    -1.286349    -1.182566    -1.080833    -0.981430    -0.884592    -0.790491    -0.699225    -0.610810    -0.525174    -0.442149    -0.361477    -0.282815    -0.205741    -0.129771    -0.054378     0.020994     0.096905     0.173898     0.252479     0.333096     0.416127     0.501863     0.590506     0.682156     0.776822     0.874420     0.974785     1.077679     1.182811     1.289847     1.398426     1.508180     1.618743     1.729769     1.840938     1.951969     2.062628     2.172728     2.282133     2.390762     2.498584     2.605620     2.711936     2.817644     2.922899     3.027894
   -1.502024    -2.899038    -2.793812    -2.688213    -2.582127    -2.475478    -2.368233    -2.260404    -2.152048    -2.043269    -1.934218    -1.825091    -1.716126    -1.607594    -1.499797    -1.393058    -1.287706    -1.184067    -1.082449    -0.983128    -0.886332    -0.792231    -0.700922    -0.612420    -0.526651    -0.443451    -0.362566    -0.283657    -0.206309    -0.130046    -0.054349     0.021330     0.097539     0.174815     0.253653     0.334497     0.417716     0.503599     0.592342     0.684046     0.778719     0.876279     0.976562     1.079337     1.184317     1.291171     1.399548     1.509082     1.619415     1.730205     1.841138     1.951936     2.062369     2.172251     2.281450     2.389885     2.497525     2.604391     2.710547     2.816106     2.921217     3.026071
   -1.501249    -2.897629    -2.792546    -2.687096    -2.581166    -2.474682    -2.367611    -2.259966    -2.151803    -2.043225    -1.934382    -1.825465    -1.716710    -1.608384    -1.500785    -1.394230    -1.289044    -1.185547    -1.084041    -0.984799    -0.888045    -0.793944    -0.702592    -0.614003    -0.528104    -0.444732    -0.363637    -0.284484    -0.206867    -0.130316    -0.054319     0.021661     0.098164     0.175718     0.254810     0.335877     0.419282     0.505308     0.594150     0.685907     0.780587     0.878108     0.978312     1.080970     1.185799     1.292476     1.400653     1.509972     1.620078     1.730636     1.841335     1.951904     2.062114     2.171782     2.280777     2.389020     2.496481     2.603179     2.709179     2.814589     2.919558     3.024274
   -1.500486    -2.896241    -2.791298    -2.685995    -2.580219    -2.473897    -2.366999    -2.259536    -2.151563    -2.043184    -1.934544    -1.825835    -1.717286    -1.609163    -1.501759    -1.395386    -1.290362    -1.187004    -1.085610    -0.986445    -0.889731    -0.795631    -0.704236    -0.615561    -0.529532    -0.445991    -0.364689    -0.285297    -0.207414    -0.130579    -0.054288     0.021987     0.098780     0.176607     0.255950     0.337235     0.420823     0.506991     0.595930     0.687739     0.782426     0.879910     0.980036     1.082579     1.187260     1.293762     1.401742     1.510848     1.620732     1.731061     1.841531     1.951873     2.061862     2.171319     2.280114     2.388169     2.495453     2.601985     2.707830     2.813093     2.917922     3.022502
   -1.499734    -2.894873    -2.790069    -2.684911    -2.579287    -2.473126    -2.366397    -2.259113    -2.151328    -2.043144    -1.934706    -1.826200    -1.717856    -1.609933    -1.502720    -1.396525    -1.291661    -1.188440    -1.087155    -0.988066    -0.891392    -0.797291    -0.705854    -0.617093    -0.530938    -0.447229    -0.365724    -0.286096    -0.207952    -0.130838    -0.054257     0.022310     0.099387     0.177483     0.257072     0.338573     0.422340     0.508648     0.597683     0.689543     0.784236     0.881684     0.981733     1.084163     1.188699     1.295029     1.402816     1.511712     1.621376     1.731480     1.841724     1.951843     2.061615     2.170864     2.279461     2.387329     2.494439     2.600808     2.706499     2.811618     2.916310     3.020755
   -1.498993    -2.893525    -2.788859    -2.683843    -2.578368    -2.472366    -2.365805    -2.258697    -2.151097    -2.043106    -1.934866    -1.826562    -1.718418    -1.610692    -1.503667    -1.397647    -1.292942    -1.189855    -1.088676    -0.989662    -0.893026    -0.798925    -0.707446    -0.618601    -0.532321    -0.448447    -0.366741    -0.286881    -0.208480    -0.131091    -0.054225     0.022629     0.099986     0.178347     0.258177     0.339890     0.423834     0.510279     0.599409     0.691320     0.786019     0.883432     0.983405     1.085723     1.190116     1.296277     1.403873     1.512564     1.622011     1.731893     1.841914     1.951814     2.061372     2.170416     2.278818     2.386502     2.493440     2.599648     2.705188     2.810165     2.914720     3.019032
   -1.498263    -2.892196    -2.787666    -2.682791    -2.577464    -2.471618    -2.365222    -2.258288    -2.150872    -2.043070    -1.935025    -1.826919    -1.718973    -1.611440    -1.504602    -1.398754    -1.294203    -1.191249    -1.090175    -0.991234    -0.894636    -0.800533    -0.709012    -0.620085    -0.533681    -0.449645    -0.367740    -0.287653    -0.208999    -0.131339    -0.054192     0.022943     0.100576     0.179197     0.259265     0.341187     0.425305     0.511885     0.601108     0.693069     0.787775     0.885153     0.985052     1.087260     1.191513     1.297507     1.404916     1.513404     1.622638     1.732301     1.842102     1.951785     2.061133     2.169974     2.278184     2.385688     2.492455     2.598504     2.703896     2.808732     2.913152     3.017334
   -1.497543    -2.890888    -2.786491    -2.681754    -2.576574    -2.470882    -2.364648    -2.257887    -2.150650    -2.043036    -1.935183    -1.827272    -1.719521    -1.612179    -1.505523    -1.399846    -1.295447    -1.192623    -1.091652    -0.992782    -0.896220    -0.802116    -0.710554    -0.621545    -0.535019    -0.450823    -0.368724    -0.288411    -0.209508    -0.131581    -0.054159     0.023254     0.101157     0.180035     0.260337     0.342464     0.426754     0.513467     0.602781     0.694791     0.789504     0.886847     0.986674     1.088774     1.192889     1.298719     1.405943     1.514231     1.623255     1.732703     1.842288     1.951758     2.060898     2.169539     2.277560     2.384885     2.491485     2.597377     2.702622     2.807319     2.911606     3.015659
   -1.496834    -2.889598    -2.785333    -2.680734    -2.575697    -2.470157    -2.364084    -2.257492    -2.150433    -2.043003    -1.935340    -1.827622    -1.720062    -1.612908    -1.506432    -1.400921    -1.296672    -1.193976    -1.093106    -0.994307    -0.897780    -0.803674    -0.712072    -0.622982    -0.536335    -0.451981    -0.369690    -0.289156    -0.210008    -0.131819    -0.054126     0.023561     0.101730     0.180860     0.261392     0.343722     0.428180     0.515024     0.604429     0.696487     0.791207     0.888516     0.988271     1.090266     1.194244     1.299912     1.406955     1.515046     1.623864     1.733100     1.842472     1.951731     2.060666     2.169111     2.276945     2.384093     2.490528     2.596266     2.701366     2.805926     2.910083     3.014008
   -1.496135    -2.888328    -2.784193    -2.679729    -2.574834    -2.469443    -2.363529    -2.257104    -2.150220    -2.042972    -1.935496    -1.827967    -1.720596    -1.613627    -1.507328    -1.401982    -1.297880    -1.195309    -1.094538    -0.995808    -0.899316    -0.805208    -0.713565    -0.624395    -0.537630    -0.453121    -0.370640    -0.289888    -0.210499    -0.132052    -0.054091     0.023864     0.102295     0.181673     0.262432     0.344961     0.429585     0.516557     0.606051     0.698157     0.792883     0.890160     0.989844     1.091735     1.195579     1.301089     1.407953     1.515850     1.624464     1.733491     1.842653     1.951705     2.060438     2.168689     2.276339     2.383314     2.489586     2.595171     2.700128     2.804553     2.908580     3.012380
   -1.495446    -2.887076    -2.783069    -2.678739    -2.573984    -2.468741    -2.362983    -2.256722    -2.150011    -2.042942    -1.935650    -1.828308    -1.721124    -1.614337    -1.508211    -1.403027    -1.299070    -1.196622    -1.095949    -0.997286    -0.900829    -0.806718    -0.715035    -0.625786    -0.538903    -0.454241    -0.371575    -0.290608    -0.210981    -0.132280    -0.054057     0.024163     0.102852     0.182474     0.263456     0.346180     0.430967     0.518067     0.607648     0.699801     0.794534     0.891778     0.991394     1.093182     1.196894     1.302248     1.408935     1.516642     1.625056     1.733877     1.842832     1.951679     2.060214     2.168274     2.275742     2.382545     2.488656     2.594091     2.698907     2.803199     2.907099     3.010775
   -1.494768    -2.885843    -2.781963    -2.677763    -2.573147    -2.468050    -2.362446    -2.256348    -2.149806    -2.042914    -1.935804    -1.828645    -1.721644    -1.615037    -1.509083    -1.404057    -1.300243    -1.197916    -1.097339    -0.998742    -0.902318    -0.808205    -0.716481    -0.627154    -0.540157    -0.455343    -0.372493    -0.291315    -0.211454    -0.132504    -0.054021     0.024458     0.103401     0.183263     0.264464     0.347381     0.432329     0.519553     0.609221     0.701421     0.796160     0.893372     0.992920     1.094607     1.198190     1.303389     1.409904     1.517423     1.625639     1.734258     1.843009     1.951655     2.059993     2.167865     2.275154     2.381788     2.487741     2.593028     2.697704     2.801865     2.905639     3.009192
   -1.494099    -2.884628    -2.780872    -2.676803    -2.572323    -2.467370    -2.361918    -2.255979    -2.149606    -2.042888    -1.935956    -1.828979    -1.722158    -1.615727    -1.509942    -1.405073    -1.301399    -1.199191    -1.098708    -1.000176    -0.903784    -0.809668    -0.717905    -0.628501    -0.541389    -0.456427    -0.373397    -0.292010    -0.211919    -0.132723    -0.053986     0.024749     0.103943     0.184040     0.265458     0.348564     0.433670     0.521017     0.610770     0.703015     0.797761     0.894942     0.994423     1.096011     1.199466     1.304514     1.410858     1.518193     1.626214     1.734633     1.843183     1.951631     2.059776     2.167462     2.274574     2.381042     2.486839     2.591979     2.696518     2.800549     2.904200     3.007632
   -1.493441    -2.883431    -2.779799    -2.675857    -2.571511    -2.466700    -2.361398    -2.255617    -2.149409    -2.042863    -1.936107    -1.829308    -1.722666    -1.616409    -1.510789    -1.406074    -1.302538    -1.200447    -1.100056    -1.001587    -0.905227    -0.811108    -0.719306    -0.629826    -0.542602    -0.457493    -0.374285    -0.292694    -0.212376    -0.132938    -0.053950     0.025037     0.104476     0.184806     0.266436     0.349729     0.434991     0.522458     0.612295     0.704585     0.799338     0.896488     0.995903     1.097393     1.200723     1.305622     1.411799     1.518951     1.626780     1.735003     1.843356     1.951607     2.059562     2.167065     2.274003     2.380307     2.485949     2.590945     2.695349     2.799252     2.902781     3.006094
   -1.492792    -2.882251    -2.778741    -2.674926    -2.570712    -2.466041    -2.360886    -2.255261    -2.149216    -2.042839    -1.936257    -1.829634    -1.723167    -1.617081    -1.511624    -1.407061    -1.303660    -1.201685    -1.101384    -1.002978    -0.906648    -0.812526    -0.720685    -0.631130    -0.543795    -0.458542    -0.375158    -0.293365    -0.212824    -0.133148    -0.053913     0.025322     0.105002     0.185561     0.267400     0.350876     0.436291     0.523878     0.613796     0.706131     0.800891     0.898011     0.997361     1.098755     1.201962     1.306714     1.412725     1.519698     1.627339     1.735368     1.843526     1.951585     2.059352     2.166674     2.273441     2.379582     2.485073     2.589927     2.694197     2.797974     2.901382     3.004578
   -1.492152    -2.881089    -2.777699    -2.674008    -2.569925    -2.465392    -2.360383    -2.254911    -2.149027    -2.042816    -1.936406    -1.829956    -1.723661    -1.617743    -1.512448    -1.408034    -1.304766    -1.202904    -1.102692    -1.004347    -0.908047    -0.813922    -0.722042    -0.632413    -0.544969    -0.459573    -0.376017    -0.294025    -0.213265    -0.133354    -0.053877     0.025602     0.105521     0.186305     0.268349     0.352006     0.437572     0.525275     0.615275     0.707654     0.802420     0.899510     0.998797     1.100097     1.203182     1.307790     1.413638     1.520435     1.627890     1.735727     1.843693     1.951562     2.059145     2.166289     2.272886     2.378868     2.484209     2.588922     2.693061     2.796714     2.900003     3.003083
   -1.491522    -2.879945    -2.776672    -2.673105    -2.569151    -2.464753    -2.359888    -2.254568    -2.148841    -2.042795    -1.936553    -1.830274    -1.724149    -1.618397    -1.513260    -1.408993    -1.305856    -1.204105    -1.103981    -1.005695    -0.909425    -0.815296    -0.723378    -0.633675    -0.546124    -0.460588    -0.376861    -0.294674    -0.213697    -0.133555    -0.053839     0.025879     0.106032     0.187037     0.269284     0.353119     0.438833     0.526652     0.616731     0.709153     0.803926     0.900987     1.000211     1.101418     1.204384     1.308850     1.414538     1.521160     1.628433     1.736082     1.843859     1.951541     2.058941     2.165910     2.272340     2.378165     2.483358     2.587933     2.691942     2.795472     2.898643     3.001609
   -1.490901    -2.878817    -2.775661    -2.672215    -2.568388    -2.464124    -2.359401    -2.254230    -2.148659    -2.042775    -1.936699    -1.830588    -1.724630    -1.619042    -1.514061    -1.409938    -1.306930    -1.205288    -1.105250    -1.007023    -0.910782    -0.816649    -0.724693    -0.634918    -0.547260    -0.461586    -0.377692    -0.295312    -0.214122    -0.133753    -0.053802     0.026153     0.106536     0.187759     0.270205     0.354215     0.440075     0.528007     0.618165     0.710630     0.805409     0.902441     1.001604     1.102720     1.205568     1.309894     1.415424     1.521876     1.628967     1.736432     1.844022     1.951520     2.058740     2.165536     2.271802     2.377471     2.482519     2.586957     2.690838     2.794247     2.897303     3.000156
   -1.490290    -2.877707    -2.774666    -2.671338    -2.567637    -2.463506    -2.358922    -2.253897    -2.148481    -2.042756    -1.936844    -1.830898    -1.725106    -1.619678    -1.514851    -1.410870    -1.307988    -1.206454    -1.106500    -1.008331    -0.912117    -0.817980    -0.725987    -0.636141    -0.548378    -0.462567    -0.378508    -0.295939    -0.214539    -0.133947    -0.053764     0.026423     0.107033     0.188471     0.271113     0.355294     0.441298     0.529342     0.619578     0.712084     0.806869     0.903874     1.002976     1.104002     1.206734     1.310923     1.416297     1.522580     1.629495     1.736777     1.844183     1.951499     2.058542     2.165168     2.271272     2.376788     2.481692     2.585996     2.689751     2.793040     2.895982     2.998724
   -1.489687    -2.876613    -2.773685    -2.670475    -2.566898    -2.462897    -2.358450    -2.253571    -2.148306    -2.042739    -1.936988    -1.831205    -1.725575    -1.620306    -1.515629    -1.411788    -1.309031    -1.207603    -1.107731    -1.009619    -0.913432    -0.819291    -0.727261    -0.637344    -0.549478    -0.463533    -0.379311    -0.296555    -0.214949    -0.134136    -0.053726     0.026690     0.107523     0.189172     0.272006     0.356357     0.442502     0.530656     0.620968     0.713516     0.808308     0.905285     1.004328     1.105265     1.207883     1.311936     1.417158     1.523275     1.630014     1.737117     1.844342     1.951479     2.058348     2.164806     2.270750     2.376115     2.480877     2.585048     2.688679     2.791851     2.894680     2.997312
   -1.489094    -2.875535    -2.772719    -2.669625    -2.566170    -2.462297    -2.357987    -2.253250    -2.148134    -2.042722    -1.937130    -1.831508    -1.726038    -1.620925    -1.516396    -1.412693    -1.310059    -1.208734    -1.108944    -1.010887    -0.914727    -0.820582    -0.728514    -0.638528    -0.550560    -0.464483    -0.380101    -0.297160    -0.215352    -0.134322    -0.053688     0.026953     0.108006     0.189862     0.272887     0.357405     0.443688     0.531951     0.622338     0.714926     0.809724     0.906674     1.005659     1.106509     1.209015     1.312934     1.418006     1.523959     1.630527     1.737452     1.844499     1.951459     2.058156     2.164449     2.270235     2.375452     2.480074     2.584114     2.687622     2.790678     2.893396     2.995920
   -1.488509    -2.874473    -2.771767    -2.668789    -2.565453    -2.461707    -2.357530    -2.252935    -2.147966    -2.042707    -1.937271    -1.831808    -1.726495    -1.621535    -1.517153    -1.413585    -1.311071    -1.209849    -1.110138    -1.012136    -0.916002    -0.821852    -0.729748    -0.639693    -0.551625    -0.465417    -0.380877    -0.297756    -0.215747    -0.134504    -0.053649     0.027213     0.108482     0.190543     0.273754     0.358436     0.444857     0.533226     0.623686     0.716315     0.811119     0.908042     1.006970     1.107735     1.210130     1.313918     1.418841     1.524634     1.631031     1.737782     1.844654     1.951440     2.057967     2.164097     2.269728     2.374798     2.479282     2.583194     2.686580     2.789522     2.892131     2.994548
   -1.487933    -2.873427    -2.770830    -2.667964    -2.564747    -2.461126    -2.357081    -2.252625    -2.147801    -2.042692    -1.937411    -1.832104    -1.726945    -1.622137    -1.517899    -1.414464    -1.312069    -1.210947    -1.111315    -1.013366    -0.917257    -0.823103    -0.730963    -0.640840    -0.552672    -0.466336    -0.381641    -0.298341    -0.216135    -0.134683    -0.053611     0.027470     0.108952     0.191213     0.274608     0.359452     0.446007     0.534481     0.625015     0.717683     0.812493     0.909390     1.008261     1.108942     1.211228     1.314887     1.419664     1.525298     1.631529     1.738108     1.844806     1.951421     2.057782     2.163750     2.269228     2.374154     2.478502     2.582287     2.685554     2.788383     2.890884     2.993196
   -1.487366    -2.872397    -2.769908    -2.667153    -2.564052    -2.460555    -2.356640    -2.252320    -2.147640    -2.042679    -1.937550    -1.832396    -1.727390    -1.622731    -1.518635    -1.415331    -1.313053    -1.212029    -1.112474    -1.014577    -0.918493    -0.824334    -0.732158    -0.641968    -0.553703    -0.467240    -0.382392    -0.298916    -0.216517    -0.134857    -0.053572     0.027724     0.109414     0.191874     0.275450     0.360452     0.447140     0.535717     0.626323     0.719030     0.813846     0.910718     1.009533     1.110131     1.212310     1.315842     1.420475     1.525953     1.632019     1.738429     1.844957     1.951403     2.057599     2.163409     2.268736     2.373519     2.477734     2.581393     2.684542     2.787260     2.889655     2.991863
   -1.486807    -2.871383    -2.768999    -2.666354    -2.563368    -2.459992    -2.356205    -2.252020    -2.147481    -2.042666    -1.937687    -1.832684    -1.727829    -1.623317    -1.519360    -1.416185    -1.314021    -1.213095    -1.113616    -1.015770    -0.919710    -0.825546    -0.733335    -0.643079    -0.554717    -0.468129    -0.383131    -0.299482    -0.216891    -0.135029    -0.053532     0.027974     0.109871     0.192525     0.276279     0.361437     0.448256     0.536935     0.627611     0.720356     0.815179     0.912025     1.010785     1.111302     1.213376     1.316782     1.421274     1.526598     1.632502     1.738745     1.845105     1.951385     2.057418     2.163073     2.268251     2.372893     2.476976     2.580512     2.683545     2.786153     2.888443     2.990549
   -1.486256    -2.870383    -2.768104    -2.665567    -2.562695    -2.459439    -2.355778    -2.251726    -2.147326    -2.042655    -1.937823    -1.832969    -1.728263    -1.623894    -1.520075    -1.417027    -1.314976    -1.214145    -1.114740    -1.016945    -0.920909    -0.826739    -0.734493    -0.644172    -0.555715    -0.469004    -0.383857    -0.300038    -0.217259    -0.135196    -0.053493     0.028221     0.110321     0.193166     0.277096     0.362408     0.449355     0.538134     0.628879     0.721662     0.816491     0.913313     1.012019     1.112455     1.214426     1.317709     1.422061     1.527234     1.632978     1.739057     1.845252     1.951368     2.057241     2.162741     2.267773     2.372277     2.476230     2.579643     2.682562     2.785062     2.887249     2.989255
   -1.485714    -2.869399    -2.767222    -2.664792    -2.562032    -2.458894    -2.355358    -2.251436    -2.147173    -2.042644    -1.937958    -1.833251    -1.728690    -1.624464    -1.520780    -1.417856    -1.315917    -1.215179    -1.115847    -1.018102    -0.922089    -0.827914    -0.735633    -0.645247    -0.556697    -0.469865    -0.384571    -0.300584    -0.217621    -0.135361    -0.053454     0.028465     0.110764     0.193799     0.277900     0.363364     0.450438     0.539315     0.630129     0.722949     0.817784     0.914581     1.013234     1.113591     1.215460     1.318622     1.422837     1.527860     1.633448     1.739365     1.845396     1.951350     2.057066     2.162415     2.267302     2.371669     2.475494     2.578788     2.681594     2.783987     2.886072     2.987978
   -1.485180    -2.868430    -2.766354    -2.664029    -2.561380    -2.458357    -2.354944    -2.251152    -2.147024    -2.042635    -1.938091    -1.833529    -1.729112    -1.625025    -1.521474    -1.418674    -1.316844    -1.216198    -1.116938    -1.019241    -0.923250    -0.829070    -0.736755    -0.646306    -0.557663    -0.470711    -0.385274    -0.301121    -0.217976    -0.135521    -0.053414     0.028707     0.111201     0.194421     0.278693     0.364306     0.451504     0.540478     0.631359     0.724216     0.819057     0.915830     1.014431     1.114711     1.216479     1.319521     1.423601     1.528478     1.633910     1.739668     1.845538     1.951333     2.056894     2.162093     2.266838     2.371071     2.474769     2.577944     2.680639     2.782928     2.884912     2.986720
   -1.484654    -2.867476    -2.765499    -2.663278    -2.560737    -2.457830    -2.354537    -2.250872    -2.146877    -2.042626    -1.938224    -1.833804    -1.729528    -1.625579    -1.522159    -1.419480    -1.317757    -1.217202    -1.118013    -1.020363    -0.924394    -0.830209    -0.737860    -0.647347    -0.558614    -0.471544    -0.385965    -0.301649    -0.218325    -0.135679    -0.053374     0.028944     0.111633     0.195035     0.279474     0.365233     0.452554     0.541624     0.632571     0.725464     0.820310     0.917060     1.015610     1.115813     1.217483     1.320407     1.424354     1.529086     1.634366     1.739966     1.845678     1.951317     2.056725     2.161776     2.266381     2.370481     2.474055     2.577113     2.679698     2.781883     2.883768     2.985481
   -1.484136    -2.866536    -2.764658    -2.662539    -2.560105    -2.457310    -2.354137    -2.250598    -2.146733    -2.042618    -1.938355    -1.834075    -1.729939    -1.626126    -1.522834    -1.420274    -1.318657    -1.218191    -1.119071    -1.021468    -0.925521    -0.831330    -0.738947    -0.648373    -0.559550    -0.472364    -0.386644    -0.302169    -0.218667    -0.135834    -0.053334     0.029179     0.112058     0.195640     0.280243     0.366147     0.453589     0.542752     0.633765     0.726693     0.821545     0.918272     1.016772     1.116899     1.218471     1.321279     1.425095     1.529685     1.634814     1.740260     1.845817     1.951301     2.056558     2.161464     2.265930     2.369900     2.473351     2.576294     2.678771     2.780854     2.882642     2.984259
   -1.483626    -2.865610    -2.763829    -2.661811    -2.559482    -2.456799    -2.353744    -2.250328    -2.146593    -2.042611    -1.938484    -1.834343    -1.730344    -1.626664    -1.523500    -1.421057    -1.319544    -1.219166    -1.120113    -1.022556    -0.926630    -0.832433    -0.740017    -0.649382    -0.560470    -0.473170    -0.387313    -0.302679    -0.219004    -0.135985    -0.053294     0.029411     0.112477     0.196236     0.281001     0.367047     0.454607     0.543864     0.634940     0.727904     0.822761     0.919465     1.017915     1.117969     1.219445     1.322139     1.425826     1.530275     1.635257     1.740550     1.845953     1.951285     2.056393     2.161156     2.265486     2.369327     2.472657     2.575487     2.677858     2.779840     2.881532     2.983055
   -1.483123    -2.864699    -2.763013    -2.661094    -2.558870    -2.456296    -2.353357    -2.250062    -2.146454    -2.042604    -1.938613    -1.834608    -1.730744    -1.627196    -1.524156    -1.421828    -1.320417    -1.220125    -1.121140    -1.023627    -0.927722    -0.833519    -0.741071    -0.650375    -0.561376    -0.473963    -0.387970    -0.303181    -0.219334    -0.136133    -0.053254     0.029641     0.112890     0.196824     0.281748     0.367934     0.455611     0.544958     0.636098     0.729096     0.823959     0.920641     1.019042     1.119022     1.220405     1.322986     1.426546     1.530857     1.635693     1.740836     1.846087     1.951269     2.056231     2.160853     2.265049     2.368762     2.471973     2.574692     2.676958     2.778841     2.880438     2.981869
   -1.482629    -2.863801    -2.762210    -2.660388    -2.558267    -2.455801    -2.352976    -2.249801    -2.146319    -2.042599    -1.938740    -1.834869    -1.731138    -1.627719    -1.524803    -1.422588    -1.321278    -1.221071    -1.122151    -1.024682    -0.928797    -0.834589    -0.742108    -0.651352    -0.562267    -0.474743    -0.388617    -0.303674    -0.219659    -0.136279    -0.053214     0.029867     0.113298     0.197403     0.282483     0.368807     0.456599     0.546036     0.637238     0.730270     0.825139     0.921798     1.020152     1.120060     1.221349     1.323820     1.427255     1.531430     1.636122     1.741118     1.846220     1.951254     2.056071     2.160555     2.264618     2.368206     2.471300     2.573908     2.676071     2.777856     2.879360     2.980700
   -1.482142    -2.862918    -2.761419    -2.659694    -2.557673    -2.455314    -2.352601    -2.249545    -2.146186    -2.042594    -1.938866    -1.835127    -1.731527    -1.628236    -1.525441    -1.423337    -1.322126    -1.222002    -1.123147    -1.025722    -0.929856    -0.835642    -0.743128    -0.652314    -0.563144    -0.475511    -0.389252    -0.304159    -0.219978    -0.136421    -0.053174     0.030090     0.113700     0.197973     0.283208     0.369667     0.457573     0.547098     0.638361     0.731426     0.826301     0.922938     1.021244     1.121082     1.222280     1.324642     1.427954     1.531995     1.636545     1.741395     1.846350     1.951239     2.055914     2.160261     2.264193     2.367658     2.470636     2.573136     2.675197     2.776886     2.878298     2.979548
   -1.481662    -2.862048    -2.760641    -2.659010    -2.557089    -2.454835    -2.352233    -2.249293    -2.146056    -2.042590    -1.938990    -1.835382    -1.731911    -1.628745    -1.526069    -1.424076    -1.322962    -1.222920    -1.124128    -1.026745    -0.930898    -0.836678    -0.744133    -0.653261    -0.564007    -0.476266    -0.389878    -0.304636    -0.220292    -0.136560    -0.053134     0.030311     0.114096     0.198536     0.283922     0.370514     0.458531     0.548143     0.639467     0.732565     0.827445     0.924061     1.022321     1.122089     1.223197     1.325451     1.428642     1.532551     1.636962     1.741669     1.846479     1.951224     2.055759     2.159971     2.263775     2.367119     2.469982     2.572375     2.674336     2.775930     2.877251     2.978414
   -1.481190    -2.861192    -2.759874    -2.658337    -2.556514    -2.454364    -2.351870    -2.249045    -2.145928    -2.042586    -1.939114    -1.835633    -1.732289    -1.629247    -1.526689    -1.424803    -1.323785    -1.223824    -1.125095    -1.027753    -0.931925    -0.837699    -0.745122    -0.654192    -0.564856    -0.477009    -0.390493    -0.305105    -0.220600    -0.136697    -0.053093     0.030528     0.114486     0.199090     0.284625     0.371349     0.459476     0.549173     0.640556     0.733687     0.828572     0.925167     1.023381     1.123081     1.224100     1.326249     1.429320     1.533099     1.637373     1.741938     1.846606     1.951209     2.055607     2.159685     2.263362     2.366587     2.469338     2.571625     2.673487     2.774989     2.876220     2.977296
   -1.480726    -2.860349    -2.759120    -2.657675    -2.555949    -2.453900    -2.351514    -2.248802    -2.145803    -2.042583    -1.939236    -1.835882    -1.732663    -1.629743    -1.527299    -1.425520    -1.324597    -1.224714    -1.126046    -1.028745    -0.932935    -0.838704    -0.746096    -0.655109    -0.565692    -0.477740    -0.391098    -0.305566    -0.220902    -0.136831    -0.053053     0.030743     0.114871     0.199636     0.285319     0.372172     0.460406     0.550188     0.641629     0.734792     0.829682     0.926257     1.024425     1.124057     1.224990     1.327034     1.429988     1.533639     1.637777     1.742203     1.846731     1.951195     2.055456     2.159404     2.262956     2.366063     2.468703     2.570887     2.672651     2.774061     2.875205     2.976195
   -1.480268    -2.859520    -2.758378    -2.657024    -2.555392    -2.453444    -2.351164    -2.248563    -2.145680    -2.042581    -1.939357    -1.836127    -1.733031    -1.630231    -1.527901    -1.426227    -1.325396    -1.225591    -1.126984    -1.029723    -0.933930    -0.839693    -0.747054    -0.656012    -0.566514    -0.478459    -0.391693    -0.306019    -0.221199    -0.136962    -0.053013     0.030955     0.115251     0.200174     0.286001     0.372982     0.461322     0.551187     0.642686     0.735880     0.830776     0.927330     1.025454     1.125020     1.225866     1.327808     1.430646     1.534170     1.638176     1.742465     1.846854     1.951181     2.055308     2.159127     2.262556     2.365546     2.468077     2.570159     2.671828     2.773147     2.874204     2.975110
   -1.479818    -2.858704    -2.757648    -2.656382    -2.554845    -2.452995    -2.350819    -2.248328    -2.145560    -2.042579    -1.939477    -1.836369    -1.733395    -1.630712    -1.528494    -1.426923    -1.326183    -1.226455    -1.127907    -1.030685    -0.934910    -0.840667    -0.747997    -0.656900    -0.567323    -0.479166    -0.392278    -0.306465    -0.221491    -0.137090    -0.052972     0.031165     0.115626     0.200704     0.286674     0.373779     0.462225     0.552171     0.643727     0.736952     0.831852     0.928387     1.026467     1.125967     1.226729     1.328570     1.431294     1.534694     1.638569     1.742722     1.846975     1.951167     2.055162     2.158853     2.262162     2.365037     2.467461     2.569442     2.671017     2.772247     2.873219     2.974042
   -1.479376    -2.857901    -2.756929    -2.655751    -2.554306    -2.452554    -2.350480    -2.248097    -2.145442    -2.042578    -1.939595    -1.836608    -1.733753    -1.631187    -1.529079    -1.427609    -1.326959    -1.227306    -1.128816    -1.031633    -0.935875    -0.841625    -0.748926    -0.657774    -0.568120    -0.479862    -0.392854    -0.306903    -0.221778    -0.137216    -0.052932     0.031372     0.115995     0.201227     0.287337     0.374565     0.463114     0.553140     0.644752     0.738007     0.832913     0.929427     1.027465     1.126901     1.227579     1.329321     1.431932     1.535210     1.638955     1.742976     1.847094     1.951153     2.055018     2.158584     2.261773     2.364536     2.466854     2.568736     2.670217     2.771360     2.872248     2.972990
   -1.478940    -2.857111    -2.756222    -2.655131    -2.553776    -2.452119    -2.350147    -2.247871    -2.145326    -2.042577    -1.939712    -1.836844    -1.734107    -1.631654    -1.529655    -1.428285    -1.327723    -1.228145    -1.129711    -1.032566    -0.936825    -0.842569    -0.749840    -0.658635    -0.568903    -0.480547    -0.393420    -0.307334    -0.222060    -0.137339    -0.052892     0.031576     0.116359     0.201742     0.287990     0.375340     0.463990     0.554095     0.645761     0.739047     0.833957     0.930453     1.028448     1.127820     1.228417     1.330061     1.432561     1.535718     1.639337     1.743226     1.847212     1.951139     2.054877     2.158319     2.261390     2.364042     2.466256     2.568040     2.669430     2.770487     2.871293     2.971954
   -1.478512    -2.856334    -2.755527    -2.654520    -2.553255    -2.451692    -2.349820    -2.247648    -2.145213    -2.042577    -1.939828    -1.837076    -1.734455    -1.632116    -1.530223    -1.428951    -1.328476    -1.228970    -1.130593    -1.033485    -0.937760    -0.843498    -0.750740    -0.659481    -0.569674    -0.481221    -0.393977    -0.307757    -0.222336    -0.137460    -0.052851     0.031778     0.116718     0.202249     0.288633     0.376103     0.464852     0.555035     0.646756     0.740070     0.834986     0.931462     1.029415     1.128726     1.229241     1.330789     1.433180     1.536219     1.639712     1.743472     1.847328     1.951126     2.054737     2.158058     2.261013     2.363556     2.465667     2.567355     2.668655     2.769627     2.870352     2.970934
   -1.478090    -2.855570    -2.754843    -2.653920    -2.552742    -2.451272    -2.349498    -2.247429    -2.145102    -2.042578    -1.939943    -1.837306    -1.734799    -1.632570    -1.530783    -1.429607    -1.329218    -1.229784    -1.131462    -1.034390    -0.938681    -0.844413    -0.751625    -0.660315    -0.570433    -0.481883    -0.394525    -0.308173    -0.222608    -0.137578    -0.052811     0.031977     0.117072     0.202750     0.289267     0.376854     0.465702     0.555961     0.647735     0.741079     0.835999     0.932457     1.030369     1.129617     1.230054     1.331506     1.433790     1.536712     1.640082     1.743714     1.847442     1.951112     2.054599     2.157801     2.260642     2.363077     2.465087     2.566681     2.667892     2.768780     2.869425     2.969930
   -1.477676    -2.854818    -2.754170    -2.653329    -2.552238    -2.450860    -2.349181    -2.247214    -2.144993    -2.042579    -1.940056    -1.837533    -1.735138    -1.633019    -1.531334    -1.430254    -1.329949    -1.230585    -1.132317    -1.035282    -0.939588    -0.845313    -0.752497    -0.661135    -0.571180    -0.482535    -0.395064    -0.308583    -0.222875    -0.137694    -0.052771     0.032174     0.117421     0.203243     0.289892     0.377594     0.466539     0.556873     0.648699     0.742072     0.836997     0.933436     1.031308     1.130496     1.230854     1.332213     1.434391     1.537198     1.640446     1.743953     1.847554     1.951099     2.054464     2.157547     2.260276     2.362605     2.464516     2.566016     2.667141     2.767946     2.868513     2.968942
   -1.477269    -2.854080    -2.753509    -2.652749    -2.551742    -2.450454    -2.348870    -2.247003    -2.144887    -2.042581    -1.940169    -1.837757    -1.735473    -1.633460    -1.531878    -1.430891    -1.330669    -1.231374    -1.133160    -1.036159    -0.940481    -0.846200    -0.753355    -0.661942    -0.571914    -0.483177    -0.395594    -0.308985    -0.223138    -0.137807    -0.052731     0.032368     0.117765     0.203728     0.290507     0.378323     0.467363     0.557771     0.649649     0.743050     0.837980     0.934400     1.032232     1.131361     1.231642     1.332909     1.434983     1.537676     1.640804     1.744188     1.847664     1.951086     2.054330     2.157298     2.259916     2.362140     2.463953     2.565362     2.666401     2.767126     2.867616     2.967969
   -1.476869    -2.853354    -2.752859    -2.652178    -2.551255    -2.450055    -2.348565    -2.246796    -2.144782    -2.042583    -1.940280    -1.837978    -1.735802    -1.633896    -1.532413    -1.431519    -1.331378    -1.232151    -1.133989    -1.037023    -0.941360    -0.847073    -0.754199    -0.662737    -0.572637    -0.483808    -0.396115    -0.309381    -0.223395    -0.137919    -0.052691     0.032559     0.118104     0.204207     0.291114     0.379042     0.468175     0.558656     0.650585     0.744013     0.838948     0.935350     1.033143     1.132213     1.232418     1.333594     1.435566     1.538148     1.641157     1.744420     1.847773     1.951073     2.054199     2.157052     2.259561     2.361683     2.463399     2.564718     2.665672     2.766318     2.866732     2.967012
   -1.476475    -2.852640    -2.752221    -2.651618    -2.550776    -2.449663    -2.348265    -2.246592    -2.144680    -2.042585    -1.940389    -1.838196    -1.736128    -1.634325    -1.532941    -1.432137    -1.332076    -1.232917    -1.134806    -1.037874    -0.942225    -0.847932    -0.755031    -0.663519    -0.573349    -0.484429    -0.396627    -0.309770    -0.223648    -0.138027    -0.052651     0.032749     0.118439     0.204679     0.291711     0.379749     0.468975     0.559528     0.651506     0.744962     0.839901     0.936286     1.034040     1.133052     1.233182     1.334270     1.436140     1.538612     1.641505     1.744648     1.847880     1.951061     2.054069     2.156809     2.259211     2.361232     2.462853     2.564084     2.664956     2.765523     2.865863     2.966071
   -1.476089    -2.851939    -2.751593    -2.651067    -2.550306    -2.449278    -2.347970    -2.246393    -2.144580    -2.042588    -1.940498    -1.838411    -1.736448    -1.634748    -1.533461    -1.432747    -1.332764    -1.233671    -1.135611    -1.038712    -0.943077    -0.848777    -0.755849    -0.664288    -0.574048    -0.485040    -0.397132    -0.310152    -0.223897    -0.138134    -0.052611     0.032935     0.118769     0.205144     0.292300     0.380446     0.469762     0.560386     0.652414     0.745896     0.840840     0.937207     1.034923     1.133878     1.233935     1.334934     1.436705     1.539068     1.641848     1.744873     1.847986     1.951048     2.053941     2.156571     2.258867     2.360788     2.462316     2.563460     2.664250     2.764741     2.865008     2.965145
   -1.475710    -2.851251    -2.750977    -2.650525    -2.549844    -2.448899    -2.347680    -2.246197    -2.144482    -2.042592    -1.940605    -1.838623    -1.736764    -1.635165    -1.533974    -1.433347    -1.333442    -1.234413    -1.136403    -1.039537    -0.943916    -0.849610    -0.756654    -0.665046    -0.574737    -0.485641    -0.397628    -0.310528    -0.224142    -0.138238    -0.052571     0.033120     0.119094     0.205602     0.292879     0.381133     0.470538     0.561232     0.653308     0.746817     0.841764     0.938114     1.035793     1.134692     1.234676     1.335589     1.437262     1.539518     1.642185     1.745094     1.848090     1.951036     2.053815     2.156335     2.258528     2.360351     2.461788     2.562845     2.663556     2.763972     2.864167     2.964235
   -1.475338    -2.850576    -2.750372    -2.649994    -2.549390    -2.448528    -2.347396    -2.246004    -2.144386    -2.042596    -1.940712    -1.838832    -1.737076    -1.635576    -1.534479    -1.433938    -1.334109    -1.235144    -1.137183    -1.040349    -0.944741    -0.850429    -0.757447    -0.665791    -0.575415    -0.486232    -0.398115    -0.310898    -0.224382    -0.138341    -0.052531     0.033302     0.119415     0.206054     0.293451     0.381809     0.471302     0.562064     0.654188     0.747723     0.842674     0.939008     1.036650     1.135493     1.235406     1.336234     1.437810     1.539961     1.642517     1.745311     1.848192     1.951023     2.053691     2.156104     2.258194     2.359921     2.461267     2.562241     2.662873     2.763215     2.863340     2.963340
   -1.474973    -2.849913    -2.749778    -2.649472    -2.548944    -2.448163    -2.347116    -2.245815    -2.144292    -2.042600    -1.940817    -1.839039    -1.737383    -1.635981    -1.534976    -1.434520    -1.334767    -1.235864    -1.137951    -1.041149    -0.945554    -0.851236    -0.758227    -0.666524    -0.576082    -0.486814    -0.398595    -0.311261    -0.224617    -0.138441    -0.052491     0.033482     0.119731     0.206499     0.294013     0.382476     0.472055     0.562884     0.655055     0.748615     0.843571     0.939888     1.037493     1.136283     1.236125     1.336868     1.438349     1.540398     1.642844     1.745525     1.848292     1.951011     2.053569     2.155876     2.257866     2.359498     2.460755     2.561646     2.662201     2.762471     2.862527     2.962460
   -1.474615    -2.849264    -2.749196    -2.648960    -2.548507    -2.447804    -2.346842    -2.245630    -2.144200    -2.042605    -1.940920    -1.839243    -1.737686    -1.636379    -1.535466    -1.435094    -1.335414    -1.236573    -1.138708    -1.041936    -0.946355    -0.852030    -0.758995    -0.667246    -0.576738    -0.487386    -0.399067    -0.311619    -0.224849    -0.138539    -0.052452     0.033659     0.120042     0.206938     0.294568     0.383132     0.472796     0.563692     0.655909     0.749494     0.844454     0.940754     1.038324     1.137060     1.236832     1.337493     1.438881     1.540827     1.643166     1.745736     1.848391     1.950999     2.053449     2.155651     2.257542     2.359081     2.460251     2.561061     2.661541     2.761740     2.861729     2.961596
   -1.474265    -2.848627    -2.748625    -2.648458    -2.548078    -2.447453    -2.346573    -2.245449    -2.144110    -2.042610    -1.941023    -1.839443    -1.737984    -1.636772    -1.535948    -1.435659    -1.336052    -1.237271    -1.139452    -1.042711    -0.947142    -0.852811    -0.759751    -0.667956    -0.577384    -0.487949    -0.399531    -0.311970    -0.225076    -0.138635    -0.052412     0.033834     0.120350     0.207370     0.295114     0.383778     0.473527     0.564487     0.656749     0.750359     0.845323     0.941607     1.039142     1.137825     1.237529     1.338109     1.439404     1.541250     1.643482     1.745944     1.848488     1.950987     2.053330     2.155430     2.257224     2.358671     2.459756     2.560486     2.660891     2.761021     2.860944     2.960747
   -1.473921    -2.848003    -2.748065    -2.647966    -2.547657    -2.447108    -2.346310    -2.245271    -2.144022    -2.042615    -1.941124    -1.839642    -1.738278    -1.637159    -1.536424    -1.436215    -1.336679    -1.237959    -1.140185    -1.043474    -0.947918    -0.853580    -0.760494    -0.668655    -0.578019    -0.488503    -0.399987    -0.312315    -0.225300    -0.138729    -0.052373     0.034007     0.120653     0.207796     0.295652     0.384415     0.474246     0.565271     0.657577     0.751211     0.846179     0.942447     1.039947     1.138578     1.238215     1.338715     1.439919     1.541666     1.643794     1.746148     1.848584     1.950975     2.053213     2.155212     2.256910     2.358267     2.459268     2.559920     2.660252     2.760314     2.860172     2.959913
   -1.473585    -2.847391    -2.747517    -2.647483    -2.547244    -2.446770    -2.346051    -2.245096    -2.143936    -2.042621    -1.941224    -1.839837    -1.738568    -1.637541    -1.536892    -1.436763    -1.337297    -1.238636    -1.140907    -1.044225    -0.948681    -0.854337    -0.761226    -0.669343    -0.578643    -0.489048    -0.400436    -0.312655    -0.225519    -0.138821    -0.052334     0.034178     0.120951     0.208215     0.296182     0.385042     0.474954     0.566042     0.658392     0.752050     0.847022     0.943274     1.040740     1.139320     1.238891     1.339311     1.440426     1.542076     1.644101     1.746348     1.848678     1.950963     2.053098     2.154998     2.256602     2.357870     2.458788     2.559364     2.659625     2.759620     2.859415     2.959094
   -1.473257    -2.846794    -2.746980    -2.647011    -2.546840    -2.446439    -2.345797    -2.244925    -2.143852    -2.042628    -1.941323    -1.840029    -1.738853    -1.637916    -1.537353    -1.437302    -1.337906    -1.239302    -1.141617    -1.044964    -0.949432    -0.855082    -0.761946    -0.670019    -0.579258    -0.489583    -0.400877    -0.312988    -0.225735    -0.138911    -0.052295     0.034347     0.121246     0.208629     0.296705     0.385660     0.475651     0.566802     0.659195     0.752877     0.847852     0.944089     1.041520     1.140050     1.239556     1.339898     1.440925     1.542479     1.644403     1.746546     1.848770     1.950951     2.052984     2.154787     2.256298     2.357480     2.458317     2.558817     2.659008     2.758938     2.858672     2.958291
   -1.472935    -2.846209    -2.746455    -2.646548    -2.546444    -2.446114    -2.345549    -2.244758    -2.143770    -2.042634    -1.941421    -1.840219    -1.739134    -1.638286    -1.537806    -1.437833    -1.338505    -1.239957    -1.142316    -1.045692    -0.950171    -0.855815    -0.762655    -0.670685    -0.579863    -0.490110    -0.401311    -0.313316    -0.225946    -0.138999    -0.052256     0.034513     0.121536     0.209036     0.297219     0.386268     0.476338     0.567549     0.659985     0.753690     0.848669     0.944890     1.042289     1.140768     1.240210     1.340476     1.441416     1.542875     1.644699     1.746740     1.848861     1.950939     2.052873     2.154579     2.255999     2.357095     2.457853     2.558279     2.658402     2.758268     2.857942     2.957503
   -1.472622    -2.845637    -2.745941    -2.646095    -2.546056    -2.445796    -2.345306    -2.244594    -2.143690    -2.042641    -1.941518    -1.840406    -1.739411    -1.638650    -1.538253    -1.438355    -1.339094    -1.240603    -1.143005    -1.046407    -0.950898    -0.856537    -0.763352    -0.671339    -0.580458    -0.490628    -0.401738    -0.313638    -0.226154    -0.139086    -0.052217     0.034677     0.121822     0.209438     0.297726     0.386867     0.477014     0.568286     0.660763     0.754491     0.849473     0.945679     1.043045     1.141476     1.240854     1.341044     1.441899     1.543266     1.644992     1.746931     1.848950     1.950927     2.052763     2.154375     2.255706     2.356718     2.457397     2.557751     2.657807     2.757610     2.857225     2.956730
   -1.472316    -2.845079    -2.745439    -2.645652    -2.545677    -2.445485    -2.345068    -2.244434    -2.143611    -2.042649    -1.941613    -1.840591    -1.739684    -1.639009    -1.538693    -1.438870    -1.339674    -1.241238    -1.143682    -1.047112    -0.951614    -0.857246    -0.764038    -0.671984    -0.581043    -0.491138    -0.402157    -0.313955    -0.226358    -0.139170    -0.052178     0.034839     0.122104     0.209833     0.298225     0.387457     0.477680     0.569011     0.661529     0.755279     0.850265     0.946456     1.043789     1.142172     1.241488     1.341604     1.442375     1.543650     1.645279     1.747119     1.849037     1.950915     2.052654     2.154174     2.255417     2.356346     2.456949     2.557232     2.657222     2.756965     2.856521     2.955971
   -1.472017    -2.844534    -2.744948    -2.645220    -2.545306    -2.445181    -2.344835    -2.244277    -2.143535    -2.042657    -1.941707    -1.840772    -1.739952    -1.639362    -1.539126    -1.439376    -1.340245    -1.241863    -1.144348    -1.047805    -0.952318    -0.857944    -0.764712    -0.672617    -0.581618    -0.491639    -0.402569    -0.314266    -0.226559    -0.139253    -0.052140     0.034999     0.122383     0.210223     0.298716     0.388038     0.478336     0.569724     0.662283     0.756055     0.851044     0.947221     1.044522     1.142857     1.242112     1.342155     1.442842     1.544027     1.645561     1.747304     1.849123     1.950904     2.052547     2.153976     2.255132     2.355981     2.456509     2.556722     2.656647     2.756330     2.855831     2.955226
   -1.471726    -2.844002    -2.744469    -2.644796    -2.544943    -2.444883    -2.344607    -2.244124    -2.143461    -2.042665    -1.941800    -1.840951    -1.740216    -1.639709    -1.539551    -1.439874    -1.340807    -1.242478    -1.145003    -1.048487    -0.953010    -0.858631    -0.765376    -0.673240    -0.582184    -0.492132    -0.402975    -0.314572    -0.226755    -0.139334    -0.052102     0.035157     0.122656     0.210606     0.299200     0.388610     0.478981     0.570427     0.663026     0.756818     0.851811     0.947973     1.045243     1.143531     1.242726     1.342696     1.443303     1.544399     1.645839     1.747485     1.849207     1.950892     2.052442     2.153781     2.254853     2.355622     2.456075     2.556220     2.656082     2.755706     2.855152     2.954495
   -1.471442    -2.843483    -2.744001    -2.644383    -2.544588    -2.444591    -2.344384    -2.243974    -2.143389    -2.042673    -1.941892    -1.841127    -1.740476    -1.640050    -1.539970    -1.440364    -1.341360    -1.243082    -1.145648    -1.049157    -0.953692    -0.859306    -0.766029    -0.673853    -0.582740    -0.492616    -0.403373    -0.314873    -0.226949    -0.139413    -0.052063     0.035312     0.122926     0.210984     0.299676     0.389173     0.479616     0.571118     0.663756     0.757570     0.852565     0.948713     1.045952     1.144194     1.243329     1.343229     1.443755     1.544764     1.646112     1.747663     1.849290     1.950880     2.052339     2.153590     2.254577     2.355268     2.455649     2.555726     2.655526     2.755092     2.854484     2.953776
   -1.471165    -2.842976    -2.743543    -2.643978    -2.544241    -2.444306    -2.344166    -2.243828    -2.143318    -2.042682    -1.941983    -1.841301    -1.740732    -1.640386    -1.540382    -1.440846    -1.341903    -1.243677    -1.146282    -1.049817    -0.954361    -0.859970    -0.766670    -0.674455    -0.583287    -0.493092    -0.403765    -0.315168    -0.227138    -0.139491    -0.052025     0.035466     0.123193     0.211356     0.300146     0.389727     0.480242     0.571799     0.664475     0.758309     0.853308     0.949441     1.046650     1.144847     1.243923     1.343753     1.444200     1.545123     1.646381     1.747839     1.849371     1.950869     2.052237     2.153401     2.254307     2.354921     2.455230     2.555240     2.654978     2.754487     2.853825     2.953068
   -1.470895    -2.842480    -2.743095    -2.643581    -2.543901    -2.444027    -2.343953    -2.243685    -2.143249    -2.042691    -1.942072    -1.841472    -1.740984    -1.640717    -1.540787    -1.441319    -1.342437    -1.244262    -1.146905    -1.050465    -0.955020    -0.860623    -0.767301    -0.675048    -0.583825    -0.493560    -0.404149    -0.315458    -0.227324    -0.139566    -0.051988     0.035617     0.123455     0.211723     0.300607     0.390273     0.480857     0.572468     0.665182     0.759037     0.854038     0.950157     1.047336     1.145488     1.244507     1.344268     1.444637     1.545476     1.646644     1.748010     1.849451     1.950857     2.052136     2.153215     2.254040     2.354578     2.454816     2.554760     2.654437     2.753888     2.853174     2.952369
   -1.470630    -2.841992    -2.742653    -2.643192    -2.543567    -2.443754    -2.343744    -2.243545    -2.143183    -2.042701    -1.942160    -1.841640    -1.741231    -1.641041    -1.541185    -1.441785    -1.342962    -1.244837    -1.147518    -1.051103    -0.955667    -0.861265    -0.767921    -0.675630    -0.584353    -0.494020    -0.404527    -0.315742    -0.227507    -0.139640    -0.051950     0.035767     0.123713     0.212084     0.301062     0.390809     0.481462     0.573127     0.665877     0.759752     0.854756     0.950862     1.048011     1.146119     1.245081     1.344774     1.445067     1.545822     1.646903     1.748179     1.849529     1.950846     2.052037     2.153033     2.253778     2.354241     2.454408     2.554286     2.653899     2.753292     2.852525     2.951673
   -1.470368    -2.841507    -2.742216    -2.642808    -2.543239    -2.443486    -2.343540    -2.243408    -2.143118    -2.042710    -1.942247    -1.841805    -1.741474    -1.641360    -1.541577    -1.442242    -1.343478    -1.245401    -1.148120    -1.051729    -0.956304    -0.861896    -0.768530    -0.676202    -0.584872    -0.494472    -0.404898    -0.316022    -0.227685    -0.139713    -0.051913     0.035914     0.123967     0.212439     0.301509     0.391337     0.482058     0.573775     0.666562     0.760456     0.855463     0.951554     1.048674     1.146739     1.245644     1.345271     1.445489     1.546163     1.647158     1.748345     1.849606     1.950834     2.051940     2.152853     2.253519     2.353908     2.454004     2.553815     2.653364     2.752695     2.851872     2.950974
   -1.470103    -2.841018    -2.741780    -2.642427    -2.542917    -2.443224    -2.343340    -2.243275    -2.143054    -2.042720    -1.942333    -1.841967    -1.741713    -1.641674    -1.541961    -1.442692    -1.343985    -1.245956    -1.148711    -1.052344    -0.956928    -0.862515    -0.769129    -0.676763    -0.585382    -0.494915    -0.405263    -0.316296    -0.227861    -0.139784    -0.051875     0.036059     0.124217     0.212789     0.301949     0.391857     0.482644     0.574412     0.667234     0.761147     0.856157     0.952235     1.049326     1.147348     1.246199     1.345760     1.445904     1.546497     1.647407     1.748508     1.849681     1.950822     2.051844     2.152676     2.253265     2.353579     2.453605     2.553346     2.652827     2.752090     2.851203     2.950258
   -1.469826    -2.840512    -2.741338    -2.642050    -2.542600    -2.442968    -2.343146    -2.243146    -2.142993    -2.042731    -1.942417    -1.842127    -1.741948    -1.641981    -1.542338    -1.443133    -1.344482    -1.246501    -1.149292    -1.052948    -0.957542    -0.863124    -0.769717    -0.677315    -0.585883    -0.495351    -0.405621    -0.316565    -0.228033    -0.139853    -0.051838     0.036203     0.124464     0.213132     0.302382     0.392368     0.483219     0.575038     0.667895     0.761827     0.856839     0.952904     1.049966     1.147946     1.246743     1.346240     1.446311     1.546825     1.647652     1.748667     1.849754     1.950811     2.051750     2.152502     2.253016     2.353257     2.453212     2.552882     2.652287     2.751470     2.850501     2.949495
   -1.469511    -2.839969    -2.740890    -2.641680    -2.542295    -2.442722    -2.342959    -2.243021    -2.142935    -2.042742    -1.942500    -1.842283    -1.742177    -1.642283    -1.542708    -1.443565    -1.344970    -1.247035    -1.149862    -1.053541    -0.958145    -0.863721    -0.770294    -0.677857    -0.586374    -0.495778    -0.405972    -0.316829    -0.228202    -0.139920    -0.051801     0.036344     0.124706     0.213471     0.302808     0.392870     0.483785     0.575654     0.668545     0.762495     0.857509     0.953560     1.050595     1.148533     1.247277     1.346710     1.446710     1.547147     1.647892     1.748823     1.849826     1.950800     2.051658     2.152334     2.252774     2.352945     2.452830     2.552427     2.651749     2.750829     2.849739     2.948626
   -1.469107    -2.839376    -2.740454    -2.641337    -2.542016    -2.442495    -2.342786    -2.242904    -2.142879    -2.042752    -1.942580    -1.842434    -1.742401    -1.642577    -1.543069    -1.443988    -1.345449    -1.247559    -1.150421    -1.054123    -0.958736    -0.864307    -0.770860    -0.678388    -0.586856    -0.496198    -0.406316    -0.317088    -0.228367    -0.139986    -0.051765     0.036483     0.124945     0.213803     0.303226     0.393363     0.484341     0.576259     0.669183     0.763151     0.858167     0.954205     1.051212     1.149110     1.247800     1.347172     1.447101     1.547461     1.648126     1.748975     1.849895     1.950788     2.051570     2.152172     2.252544     2.352651     2.452473     2.552001     2.651235     2.750185     2.848891     2.947523
   -1.468498    -2.838785    -2.740102    -2.641069    -2.541790    -2.442304    -2.342633    -2.242797    -2.142824    -2.042757    -1.942650    -1.842574    -1.742611    -1.642857    -1.543417    -1.444398    -1.345913    -1.248070    -1.150967    -1.054692    -0.959314    -0.864881    -0.771415    -0.678909    -0.587329    -0.496609    -0.406654    -0.317342    -0.228529    -0.140050    -0.051729     0.036620     0.125180     0.214130     0.303637     0.393848     0.484887     0.576852     0.669809     0.763794     0.858812     0.954837     1.051816     1.149673     1.248311     1.347620     1.447479     1.547763     1.648349     1.749116     1.849957     1.950774     2.051485     2.152023     2.252338     2.352395     2.452169     2.551645     2.650806     2.749617     2.848000     2.945916
   -1.467471    -2.838603    -2.740034    -2.640959    -2.541659    -2.442174    -2.342515    -2.242702    -2.142764    -2.042741    -1.942688    -1.842673    -1.742777    -1.643092    -1.543720    -1.444766    -1.346340    -1.248547    -1.151484    -1.055236    -0.959872    -0.865437    -0.771954    -0.679417    -0.587791    -0.497011    -0.406984    -0.317590    -0.228687    -0.140112    -0.051692     0.036754     0.125410     0.214451     0.304040     0.394323     0.485422     0.577433     0.670420     0.764420     0.859437     0.955445     1.052393     1.150205     1.248787     1.348030     1.447816     1.548023     1.648530     1.749221     1.849990     1.950742     2.051398     2.151892     2.252175     2.352209     2.451967     2.551430     2.650577     2.749353     2.847469     2.943298
   -1.465850    -2.840736    -2.740506    -2.641052    -2.541658    -2.442135    -2.342451    -2.242619    -2.142668    -2.042644    -1.942603    -1.842612    -1.742753    -1.643115    -1.543799    -1.444907    -1.346545    -1.248815    -1.151810    -1.055612    -0.960286    -0.865876    -0.772402    -0.679857    -0.588205    -0.497382    -0.407296    -0.317829    -0.228842    -0.140176    -0.051660     0.036883     0.125632     0.214757     0.304421     0.394764     0.485907     0.577944     0.670940     0.764930     0.859919     0.955885     1.052778     1.150525     1.249036     1.348207     1.447921     1.548063     1.648513     1.749159     1.849896     1.950632     2.051286     2.151791     2.252096     2.352159     2.451948     2.551445     2.650663     2.749738     2.849263     2.939161
   -1.453241    -2.852553    -2.740326    -2.641193    -2.541892    -2.442353    -2.342598    -2.242659    -2.142577    -2.042400    -1.942189    -1.842018    -1.741974    -1.642154    -1.542662    -1.443610    -1.345108    -1.247262    -1.150173    -1.053926    -0.958589    -0.864208    -0.770803    -0.678368    -0.586865    -0.496228    -0.406361    -0.317140    -0.228420    -0.140035    -0.051809     0.036446     0.124913     0.213773     0.303193     0.393321     0.484282     0.576175     0.669069     0.762999     0.857973     0.953966     1.050926     1.148778     1.247428     1.346765     1.446669     1.547016     1.647681     1.748545     1.849496     1.950435     2.051275     2.151947     2.252391     2.352564     2.452427     2.551945     2.651082     2.749859     2.861131     2.914447
