   -1.451419    -2.832590    -2.743878    -2.663762    -2.589839    -2.519352    -2.450346    -2.381660    -2.312657    -2.242986    -2.172417    -2.100755    -2.027788    -1.953273    -1.876928    -1.798438    -1.717453    -1.633604    -1.546511    -1.455799    -1.361114    -1.262148    -1.158653    -1.050472    -0.937553    -0.819971    -0.697938    -0.571811    -0.442086    -0.309388    -0.174453    -0.038096     0.098818     0.235417     0.370850     0.504330     0.635153     0.762730     0.886593     1.006404     1.121954     1.233154     1.340022     1.442668     1.541277     1.636086     1.727374     1.815440     1.900590     1.983129     2.063347     2.141518     2.217897     2.292740     2.366336     2.439092     2.511677     2.585235     2.661624     2.743415     2.832808     2.902839
   -1.453114    -2.844643    -2.774161    -2.708392    -2.650585    -2.599590    -2.553045    -2.508728    -2.464964    -2.420598    -2.374829    -2.327047    -2.276713    -2.223287    -2.166184    -2.104768    -2.038351    -1.966205    -1.887587    -1.801766    -1.708059    -1.605871    -1.494734    -1.374354    -1.244649    -1.105781    -0.958183    -0.802562    -0.639902    -0.471430    -0.298587    -0.122968     0.053744     0.229841     0.403665     0.573672     0.738487     0.896947     1.048127     1.191354     1.326202     1.452483     1.570216     1.679605     1.780995     1.874847     1.961696     2.042126     2.116741     2.186146     2.250937     2.311708     2.369076     2.423744     2.476602     2.528873     2.582255     2.638928     2.701187     2.770166     2.842890     2.906657
   -1.463012    -2.865780    -2.796454    -2.727899    -2.664948    -2.608517    -2.557438    -2.509837    -2.463901    -2.418158    -2.371502    -2.323096    -2.272255    -2.218356    -2.160777    -2.098868    -2.031942    -1.959285    -1.880172    -1.793895    -1.699800    -1.597319    -1.486017    -1.365630    -1.236102    -1.097615    -0.950611    -0.795799    -0.634146    -0.466857    -0.295332    -0.121120     0.054147     0.228815     0.401279     0.570038     0.733753     0.891287     1.041727     1.184403     1.318882     1.444959     1.562636     1.672091     1.773646     1.867737     1.954879     2.035639     2.110611     2.180407     2.245653     2.307012     2.365231     2.421217     2.476137     2.531495     2.589110     2.650844     2.717905     2.789584     2.861598     2.925173
   -1.482892    -2.899480    -2.824638    -2.750132    -2.680942    -2.618681    -2.562749    -2.511483    -2.462972    -2.415496    -2.367672    -2.318430    -2.266922    -2.212422    -2.154256    -2.091748    -2.024211    -1.950939    -1.871229    -1.784398    -1.689824    -1.586977    -1.475459    -1.355041    -1.225701    -1.087646    -0.941332    -0.787468    -0.627006    -0.461121    -0.291168    -0.118641     0.054892     0.227843     0.398667     0.565919     0.728306     0.884718     1.034261     1.176267     1.310295     1.436123     1.553727     1.663258     1.765008     1.859385     1.946880     2.028042     2.103462     2.173763     2.239614     2.301766     2.361109     2.418759     2.476129     2.534949     2.597119     2.664312     2.737219     2.814519     2.891848     2.961378
   -1.512949    -2.947041    -2.861205    -2.777152    -2.699717    -2.630544    -2.569100    -2.513673    -2.462174    -2.412620    -2.363350    -2.313056    -2.260712    -2.205475    -2.146600    -2.083381    -2.015122    -1.941126    -1.860711    -1.773226    -1.678083    -1.574796    -1.463011    -1.342543    -1.213407    -1.075842    -0.930319    -0.777550    -0.618471    -0.454219    -0.286100    -0.115540     0.055965     0.226903     0.395804     0.561289     0.722114     0.877206     1.025693     1.166908     1.300403     1.425935     1.543450     1.653066     1.755043     1.849757     1.937670     2.019317     2.095282     2.166212     2.232828     2.295982     2.356721     2.416373     2.476599     2.539362     2.606725     2.680393     2.760996     2.847174     2.934676     3.015721
   -1.552884    -3.008987    -2.907434    -2.810258    -2.722180    -2.644595    -2.576692    -2.516471    -2.461521    -2.409531    -2.358537    -2.306973    -2.253618    -2.197496    -2.137782    -2.073729    -2.004628    -1.929792    -1.848559    -1.760311    -1.664506    -1.560703    -1.448600    -1.328063    -1.199152    -1.062140    -0.917520    -0.766004    -0.608508    -0.446133    -0.280121    -0.111824     0.057346     0.225967     0.392653     0.556099     0.715122     0.868693     1.015959     1.156262     1.289141     1.414329     1.531742     1.641458     1.743699     1.838805     1.927210     2.009429     2.086048     2.157739     2.225288     2.289658     2.352069     2.414074     2.477611     2.544934     2.618389     2.699937     2.790440     2.888735     2.990616     3.087864
   -1.602340    -3.085397    -2.963934    -2.850211    -2.748965    -2.661236    -2.585733    -2.519957    -2.461033    -2.406231    -2.353228    -2.300169    -2.245621    -2.188458    -2.127764    -2.062745    -1.992673    -1.916868    -1.834693    -1.745569    -1.648999    -1.544599    -1.432126    -1.311502    -1.182839    -1.046451    -0.902854    -0.752761    -0.597069    -0.436828    -0.273216    -0.107498     0.059012     0.224994     0.389157     0.550281     0.707253     0.859091     1.004970     1.144236     1.276417     1.401218     1.518518     1.628354     1.730903     1.826465     1.915444     1.998333     2.075724     2.148317     2.216974     2.282783     2.347150     2.411886     2.479248     2.551866     2.632503     2.723557     2.826302     2.939851     3.059906     3.177438
   -1.661027    -3.176152    -3.030939    -2.897411    -2.780461    -2.680753    -2.596386    -2.524207    -2.460734    -2.402717    -2.347407    -2.292625    -2.236695    -2.178327    -2.116503    -2.050371    -1.979185    -1.902272    -1.819019    -1.728891    -1.631444    -1.526358    -1.413455    -1.292725    -1.164338    -1.028652    -0.886210    -0.737729    -0.584078    -0.426256    -0.265363    -0.102564     0.060937     0.223932     0.385242     0.543745     0.698402     0.848287     0.992604     1.130707     1.262108     1.386482     1.503667     1.613650     1.716562     1.812656     1.902300     1.985970     2.064260     2.137908     2.207856     2.275333     2.341955     2.409826     2.481583     2.560325     2.649357     2.751662     2.869038     3.000888     3.142680     3.284275
   -1.728732    -3.281060    -3.108475    -2.952022    -2.816873    -2.703317    -2.608761    -2.529272    -2.460635    -2.398978    -2.341056    -2.284315    -2.226807    -2.167062    -2.103944    -2.036541    -1.964084    -1.885904    -1.801422    -1.710146    -1.611698    -1.505824    -1.392425    -1.271564    -1.143480    -1.008583    -0.867443    -0.720781    -0.569437    -0.414348    -0.256525    -0.097021     0.063084     0.222715     0.380815     0.536371     0.688432     0.836131     0.978707     1.115518     1.246061     1.369975     1.487051     1.597222     1.700562     1.797276     1.887693     1.972266     2.051595     2.126459     2.197890     2.267274     2.336463     2.407898     2.484662     2.570420     2.669139     2.784502     2.918915     3.072066     3.239071     3.408426
   -1.805292    -3.399893    -3.196443    -3.014051    -2.858261    -2.728997    -2.622907    -2.535172    -2.460733    -2.394996    -2.334148    -2.275205    -2.215918    -2.154613    -2.090026    -2.021178    -1.947274    -1.867653    -1.781767    -1.689182    -1.589585    -1.482806    -1.368831    -1.247810    -1.120056    -0.986039    -0.846366    -0.701755    -0.553014    -0.401012    -0.246654    -0.090868     0.065412     0.221259     0.375755     0.528011     0.677171     0.822438     0.963084     1.098475     1.228087     1.351518     1.468504     1.578917     1.682769     1.780208     1.871520     1.957134     2.037655     2.113907     2.187023     2.258560     2.330640     2.406086     2.488500     2.582206     2.691945     2.822207     2.976078     3.153534     3.349241     3.550117
   -1.890559    -3.532391    -3.294659    -3.083394    -2.904584    -2.757782    -2.638817    -2.541895    -2.461007    -2.390746    -2.326651    -2.265260    -2.203985    -2.140926    -2.074682    -2.004197    -1.928649    -1.847387    -1.759902    -1.665817    -1.564902    -1.457078    -1.342429    -1.221203    -1.093804    -0.960767    -0.822740    -0.680442    -0.534643    -0.386129    -0.235689    -0.084101     0.067868     0.219457     0.369910     0.518474     0.664404     0.806975     0.945498     1.079341     1.207955     1.330893     1.447826     1.558556     1.663024     1.761315     1.853664     1.940475     2.022355     2.100179     2.175189     2.249135     2.324437     2.404352     2.493075     2.595681     2.717795     2.864819     3.040591     3.245394     3.473375     3.709683
   -1.984361    -3.678235    -3.402867    -3.159873    -2.955728    -2.789600    -2.656446    -2.549405    -2.461425    -2.386192    -2.318530    -2.254440    -2.190961    -2.125945    -2.057838    -1.985504    -1.908091    -1.824962    -1.735648    -1.639844    -1.537408    -1.428368    -1.312921    -1.191431    -1.064401    -0.932450    -0.796268    -0.656580    -0.514110    -0.369549    -0.223548    -0.076711     0.070385     0.217176     0.363088     0.507525     0.649863     0.789456     0.925653     1.057826     1.185391     1.307845     1.424784     1.535931     1.641145     1.740439     1.833991     1.922174     2.005599     2.085193     2.162316     2.238931     2.317790     2.402637     2.498331     2.610798     2.746651     2.912312     3.112458     3.347712     3.611659     3.887505
   -2.086473    -3.837020    -3.520741    -3.243245    -3.011523    -2.824339    -2.675717    -2.557646    -2.461941    -2.381297    -2.309747    -2.242706    -2.176800    -2.109610    -2.039418    -1.965000    -1.885475    -1.800218    -1.708810    -1.611026    -1.506826    -1.396359    -1.279956    -1.158113    -1.031454    -0.900693    -0.766576    -0.629836    -0.491142    -0.351078    -0.210127    -0.068693     0.072877     0.214245     0.355048     0.494868     0.633214     0.769527     0.903195     1.033583     1.160066     1.282071     1.399108     1.510804     1.616926     1.717405     1.812355     1.902111     1.987284     2.068858     2.148323     2.227871     2.310623     2.400862     2.504187     2.627470     2.778425     2.964608     3.191630     3.460510     3.764245     4.083939
   -2.196583    -4.008222    -3.647875    -3.333214    -3.071763    -2.861860    -2.696535    -2.566554    -2.462509    -2.376024    -2.300269    -2.230021    -2.161458    -2.091866    -2.019348    -1.942585    -1.860666    -1.772982    -1.679171    -1.579096    -1.472835    -1.360679    -1.243113    -1.120789    -0.994477    -0.865005    -0.733193    -0.599783    -0.465388    -0.330460    -0.195290    -0.060033     0.075234     0.210445     0.345482     0.480129     0.614043     0.746755     0.877690     1.006195     1.131592     1.253219     1.370484     1.482904     1.590139     1.692022     1.788596     1.880152     1.967300     2.051081     2.133125     2.215875     2.302853     2.398937     2.510543     2.645585     2.812997     3.021588     3.278013     3.583755     3.931210     4.299246
   -2.314259    -4.191164    -3.783774    -3.429434    -3.136216    -2.902009    -2.718803    -2.576066    -2.463086    -2.370338    -2.290068    -2.216357    -2.144898    -2.072661    -1.997555    -1.918159    -1.833529    -1.743074    -1.646496    -1.543759    -1.435075    -1.320898    -1.201894    -1.078902    -0.952867    -0.824763    -0.695500    -0.565844    -0.436350    -0.307324    -0.178820    -0.050692     0.077324     0.205495     0.333992     0.462830     0.591826     0.720604     0.848610     0.975165     1.099511     1.220881     1.338559     1.451930     1.560529     1.664082     1.762546     1.856161     1.945536     2.031768     2.116639     2.202860     2.294395     2.396767     2.517289     2.665017     2.850225     3.083102     3.371464     3.717337     4.112522     4.533520
   -2.438926    -4.384991    -3.927842    -3.531513    -3.204634    -2.944636    -2.742430    -2.586126    -2.463640    -2.364222    -2.279128    -2.201695    -2.127096    -2.051957    -1.973978    -1.891630    -1.803930    -1.710309    -1.610538    -1.504692    -1.393137    -1.276512    -1.155696    -1.031747    -0.905821    -0.779066    -0.652519    -0.527000    -0.403040    -0.280820    -0.160135    -0.040425     0.079058     0.199033     0.320031     0.442318     0.565869     0.690378     0.815297     0.939884     1.063282     1.184587     1.302932     1.417547     1.527825     1.633366     1.734031     1.830003     1.921882     2.010831     2.098785     2.188753     2.285168     2.394260     2.524313     2.685633     2.889952     3.148972     3.471790     3.861055     4.307988     4.786618
   -2.569842    -4.588640    -4.079377    -3.639014    -3.276761    -2.989598    -2.767342    -2.596702    -2.464158    -2.357673    -2.267450    -2.186036    -2.108044    -2.029731    -1.948573    -1.862920    -1.771748    -1.674508    -1.571041    -1.461544    -1.346551    -1.226902    -1.103706    -0.978253    -0.851909    -0.726003    -0.601732    -0.480109    -0.361914    -0.247536    -0.136636    -0.027856     0.080660     0.190467     0.302560     0.417398     0.534996     0.655011     0.776816     0.899557     1.022235     1.143780     1.263147     1.379390     1.491737     1.599649     1.702879     1.801546     1.896240     1.988189     2.079498     2.173489     2.275104     2.391334     2.531516     2.707309     2.932024     3.219006     3.578746     4.014600     4.517218     5.058079
   -2.706081    -4.800824    -4.237556    -3.751454    -3.352336    -3.036772    -2.793492    -2.607786    -2.464654    -2.350713    -2.255061    -2.169403    -2.087757    -2.005984    -1.921318    -1.831976    -1.736882    -1.635500    -1.527738    -1.413907    -1.294692    -1.171099    -1.044378    -0.915886    -0.786958    -0.658872    -0.533030    -0.411332    -0.296417    -0.191101    -0.096152    -0.006939     0.083057     0.177577     0.278010     0.384371     0.496008     0.611993     0.731298     0.852816     0.975367     1.097719     1.218652     1.337046     1.451958     1.562705     1.668926     1.770673     1.868526     1.963783     2.058730     2.157024     2.264155     2.387931     2.538822     2.729939     2.976296     3.292997     3.692033     4.177532     4.739586     5.347065
   -2.846528    -5.020024    -4.401437    -3.868304    -3.431101    -3.086058    -2.820868    -2.619409    -2.465175    -2.343395    -2.242012    -2.151844    -2.066277    -1.980749    -1.892226    -1.798776    -1.699254    -1.593113    -1.480291    -1.361140    -1.236340    -1.106746    -0.973134    -0.835899    -0.694949    -0.550277    -0.403656    -0.261114    -0.134561    -0.040532     0.009996     0.041512     0.084870     0.148197     0.230661     0.328390     0.437029     0.552836     0.673131     0.796126     0.920500     1.045056     1.168598     1.289966     1.408128     1.522296     1.632018     1.737285     1.838679     1.937576     2.036457     2.139341     2.252302     2.384022     2.546184     2.753451     3.022644     3.370736     3.811299     4.349273     4.974192     5.652289
   -2.989875    -5.244484    -4.569958    -3.988995    -3.512802    -3.137386    -2.849495    -2.631637    -2.465804    -2.335805    -2.228387    -2.133441    -2.043682    -1.954091    -1.861344    -1.763324    -1.658778    -1.547071    -1.428018    -1.301678    -1.168016    -1.026289    -0.874137    -0.706733    -0.517158    -0.299982    -0.059128     0.183028     0.381641     0.462867     0.337950     0.152975     0.058551     0.047487     0.099549     0.194536     0.315140     0.447595     0.583254     0.718191     0.851272     0.982320     1.111114     1.237139     1.359696     1.478120     1.591989     1.701300     1.806665     1.909562     2.012691     2.120457     2.239561     2.379618     2.553599     2.777808     3.070974     3.452016     3.936136     4.529092     5.219836     5.971971
   -3.134639    -5.472230    -4.741937    -4.112912    -3.597189    -3.190716    -2.879439    -2.644582    -2.466663    -2.328067    -2.214308    -2.114311    -2.020083    -1.926112    -1.828737    -1.725603    -1.615227    -1.496647    -1.369008    -1.230874    -1.078939    -0.905808    -0.697008    -0.428982    -0.072789     0.389977     0.939403     1.498635     1.961886     2.106703     1.276242     0.305862    -0.135029    -0.304293    -0.298488    -0.181471     0.000083     0.204133     0.402629     0.584167     0.748439     0.899413     1.041099     1.176057     1.305451     1.429608     1.548588     1.662622     1.772467     1.879765     1.987475     2.100426     2.225991     2.374775     2.561111     2.803027     3.121231     3.536639     4.066084     4.716098     5.475000     6.303799
   -3.279181    -5.701086    -4.916084    -4.239399    -3.684016    -3.246039    -2.910808    -2.658399    -2.467919    -2.320340    -2.199927    -2.094602    -1.995619    -1.896923    -1.794441    -1.685427    -1.567856    -1.439711    -1.297823    -1.135642    -0.939061    -0.679632    -0.306493     0.255976     1.088440     2.216168     3.522957     4.727211     5.868497     6.957366     3.537455     0.046768    -0.892612    -1.312895    -1.364460    -1.178874    -0.824825    -0.410652    -0.022708     0.301136     0.559947     0.768895     0.944781     1.100080     1.242304     1.375378     1.501235     1.621041     1.736047     1.848226     1.960886     2.079342     2.211695     2.369600     2.568821     2.829177     3.173403     3.624417     4.200630     4.909240     5.737842     6.644923
   -3.421744    -5.928720    -5.091015    -4.367757    -3.773034    -3.303368    -2.943747    -2.673281    -2.469775    -2.312821    -2.185430    -2.074485    -1.970433    -1.866590    -1.758303    -1.642080    -1.514529    -1.370679    -1.200781    -0.983982    -0.676840    -0.195763     0.600952     1.908656     3.900360     6.531625     9.326810    10.659797    12.031061    11.107037     4.070208    -2.275730    -2.720250    -3.537724    -3.681302    -3.459072    -2.766828    -1.870274    -1.019922    -0.336073     0.167045     0.526480     0.789242     0.993119     1.162706     1.312028     1.448475     1.575996     1.697242     1.814958     1.933014     2.057334     2.196821     2.364253     2.576888     2.856386     3.227525     3.715179     4.339210     5.107306     6.006203     6.991969
   -3.560502    -6.152686    -5.265264    -4.497249    -3.863986    -3.362731    -2.978428    -2.689459    -2.472469    -2.305736    -2.171020    -2.054129    -1.944620    -1.835009    -1.719714    -1.593685    -1.450298    -1.277412    -1.049421    -0.711696    -0.153068     0.834117     2.588659     5.546615    10.006150    15.524671    23.466374    29.440197     0.000000     0.000000     0.000000     0.000000     0.000000   -11.071067    -7.643842    -7.931036    -6.741376    -4.918542    -3.130007    -1.686027    -0.649044     0.048014     0.508279     0.821693     1.050479     1.232062     1.386989     1.526110     1.655555     1.779853     1.903926     2.034543     2.181553     2.358943     2.585528     2.884841     3.283679     3.808764     4.481210     5.308935     6.277627     7.341085
   -3.693613    -6.370483    -5.437313    -4.627091    -3.956598    -3.424162    -3.015045    -2.707188    -2.476262    -2.299326    -2.156899    -2.033661    -1.918137    -1.801731    -1.677218    -1.536370    -1.365613    -1.137266    -0.791649    -0.202656     0.880768     2.913146     6.606575    12.841152    22.257230    39.670007     0.000000     0.000000     0.000000     0.000000     0.000000     0.000000     0.000000     0.000000     0.000000   -20.421123   -13.714346   -10.257031    -6.918100    -4.175143    -2.180614    -0.849273    -0.003610     0.528878     0.876605     1.121396     1.310250     1.468514     1.609825     1.742528     1.873585     2.011096     2.166096     2.353918     2.595007     2.914781     3.341987     3.905020     4.625963     5.512622     6.549407     7.688024
   -3.819279    -6.579627    -5.605609    -4.756466    -4.050567    -3.487684    -3.053796    -2.726736    -2.481430    -2.293830    -2.143235    -2.013099    -1.890654    -1.765592    -1.627666    -1.462334    -1.242166    -0.909481    -0.342660     0.702963     2.682008     6.348508    12.767894    23.145087    45.035188     0.000000     0.000000     0.000000     0.000000     0.000000     0.000000     0.000000     0.000000     0.000000     0.000000     0.000000   -21.001099   -17.138867   -12.254161    -7.913414    -4.602295    -2.321939    -0.858704     0.044366     0.601088     0.958888     1.207740     1.398262     1.557880     1.702134     1.841760     1.987048     2.150648     2.349454     2.605634     2.946487     3.402599     4.003793     4.772749     5.716744     6.818630     8.028251
   -3.935813    -6.777714    -5.768603    -4.884517    -4.145554    -3.553297    -3.094868    -2.748369    -2.488240    -2.289465    -2.130126    -1.992299    -1.861515    -1.724846    -1.567137    -1.363830    -1.067102    -0.579802     0.289686     1.894870     4.827366     9.948186    18.244112    33.293349     0.000000     0.000000     0.000000     0.000000     0.000000     0.000000     0.000000     0.000000     0.000000     0.000000     0.000000     0.000000     0.000000   -26.292575   -18.888609   -12.696390    -7.867747    -4.414696    -2.126169    -0.691695     0.182594     0.719556     1.065702     1.308320     1.496365     1.657212     1.807928     1.962333     2.135372     2.345833     2.617741     2.980269     3.465681     4.104914     4.920793     5.919574     7.082255     8.357080
   -4.041696    -6.962495    -5.924772    -5.010357    -4.241170    -3.620957    -3.138422    -2.772333    -2.496938    -2.286404    -2.117577    -1.970926    -1.829692    -1.677088    -1.490581    -1.230987    -0.822099    -0.114709     1.170648     3.520590     7.708240    14.871152    26.870320     0.000000     0.000000     0.000000     0.000000     0.000000     0.000000     0.000000     0.000000     0.000000     0.000000     0.000000     0.000000     0.000000     0.000000   -30.163822   -23.544676   -16.944880   -11.245289    -6.832423    -3.717347    -1.673088    -0.396334     0.385110     0.871149     1.190914     1.421120     1.605750     1.771251     1.936726     2.120364     2.343319     2.631671     3.016448     3.531396     4.208186     5.069260     6.119316     7.337184     8.669836
   -4.135629    -7.131938    -6.072658    -5.133076    -4.336971    -3.690565    -3.184571    -2.798839    -2.507735    -2.284763    -2.105500    -1.948505    -1.794038    -1.620147    -1.394876    -1.062226    -0.519012     0.417123     2.033560     4.683581     8.508669    12.406888    23.770379     0.000000     0.000000     0.000000     0.000000     0.000000     0.000000     0.000000     0.000000     0.000000     0.000000     0.000000     0.000000     0.000000     0.000000   -35.654224   -26.382082   -19.878912   -14.052913    -9.156015    -5.424490    -2.817895    -1.114191    -0.045757     0.617295     1.039994     1.328160     1.545526     1.730672     1.909862     2.105646     2.342149     2.647752     3.055333     3.599882     4.313361     5.217255     6.314128     7.580357     8.962013
   -4.216572    -7.284286    -6.210897    -5.251752    -4.432455    -3.761953    -3.233370    -2.828047    -2.520792    -2.284609    -2.093756    -1.924567    -1.753666    -1.552975    -1.280304    -0.864068    -0.182426     0.955262     2.797997     5.557570     9.169024    13.072627    21.785112     0.000000     0.000000     0.000000     0.000000     0.000000     0.000000     0.000000     0.000000     0.000000     0.000000     0.000000     0.000000     0.000000     0.000000     0.000000   -23.358469   -19.929886   -15.449559   -10.883908    -6.963051    -3.982541    -1.909251    -0.552245     0.307851     0.853824     1.214993     1.474698     1.685150     1.881308     2.091184     2.342521     2.666289     3.097203     3.671228     4.420132     5.363823     6.502164     7.808836     9.229446
   -4.283775    -7.418101    -6.338250    -5.365464    -4.527058    -3.834876    -3.284801    -2.860060    -2.536226    -2.285977    -2.082222    -1.898803    -1.708257    -1.476003    -1.150210    -0.647358     0.162977     1.461933     3.448691     6.244270     9.763644    13.798143    20.845356     0.000000     0.000000     0.000000     0.000000     0.000000     0.000000     0.000000     0.000000     0.000000     0.000000     0.000000     0.000000     0.000000     0.000000     0.000000   -18.154514   -18.016957   -15.475729   -11.821525    -8.133081    -5.027483    -2.702746    -1.097207    -0.042932     0.636226     1.081639     1.392399     1.633957     1.850699     2.076931     2.344606     2.687550     3.142290     3.745458     4.528109     5.507949     6.681608     8.019897     9.468462
   -4.336787    -7.532295    -6.453631    -5.473311    -4.620163    -3.909007    -3.338767    -2.894916    -2.554114    -2.288902    -2.070849    -1.871160    -1.658101    -1.390791    -1.009231    -0.422078     0.502285     1.928813     4.015387     6.833634    10.303478    14.347723    22.345691     0.000000     0.000000     0.000000     0.000000     0.000000     0.000000     0.000000     0.000000     0.000000     0.000000     0.000000     0.000000     0.000000     0.000000     0.000000   -13.636960   -15.528496   -14.652220   -12.069574    -8.877220    -5.865702    -3.426277    -1.639249    -0.414302     0.395834     0.930878     1.299108     1.576931     1.817868     2.062893     2.348562     2.711765     3.190757     3.822508     4.636815     5.648573     6.850712     8.211112     9.676004
   -4.375450    -7.626141    -6.556128    -5.574428    -4.711109    -3.983941    -3.395088    -2.932590    -2.574499    -2.293433    -2.059704    -1.841872    -1.604048    -1.299746    -0.862924    -0.199134     0.815643     2.313268     4.362658     6.798474     8.783829     7.381491    14.267005     0.000000     0.000000     0.000000     0.000000     0.000000     0.000000     0.000000     0.000000     0.000000     0.000000     0.000000     0.000000     0.000000     0.000000    -7.161049   -11.100519   -13.401518   -13.518596   -11.855732    -9.243827    -6.470169    -4.036527    -2.143243    -0.784375     0.144009     0.767708     1.196650     1.514597     1.782956     2.049182     2.354566     2.739121     3.242697     3.902217     4.745676     5.784596     7.007843     8.380415     9.849734
   -4.399888    -7.699279    -6.645020    -5.668008    -4.799203    -4.059198    -3.453509    -2.972994    -2.597399    -2.299657    -2.048982    -1.811443    -1.547385    -1.205793    -0.717084     0.011489     1.088507     2.602290     4.530242     6.564294     7.874891     7.247568     6.271459     0.000000     0.000000     0.000000     0.000000     0.000000     0.000000     0.000000     0.000000     0.000000     0.000000     0.000000     0.000000     0.000000     0.000000    -5.717617    -9.301018   -11.681010   -12.350692   -11.381554    -9.321824    -6.855436    -4.515779    -2.585373    -1.134315    -0.107490     0.598352     1.087894     1.448138     1.746444     2.036056     2.362821     2.769773     3.298117     3.984314     4.854024     5.914902     7.151511     8.526159     9.988085
   -4.410476    -7.751696    -6.719787    -5.753318    -4.883738    -4.134239    -3.513697    -3.015985    -2.622813    -2.307696    -2.038995    -1.780593    -1.489668    -1.111990    -0.576952     0.202471     1.314890     2.805736     4.588543     6.328887     7.444181     7.661669     8.613043    14.202579     0.000000     0.000000     0.000000     0.000000     0.000000     0.000000     0.000000     0.000000     0.000000     0.000000     0.000000     0.000000     0.000000    -4.496211    -7.955992   -10.307923   -11.268863   -10.788266    -9.201118    -7.056728    -4.865435    -2.953437    -1.450413    -0.348282     0.429232     0.976292     1.379235     1.709124     2.023925     2.373572     2.803835     3.356937     4.068421     4.961105     6.038382     7.280417     8.647149    10.090284
   -4.407805    -7.783702    -6.780117    -5.829720    -4.964012    -4.208473    -3.575254    -3.061364    -2.650718    -2.317706    -2.030150    -1.750181    -1.432554    -1.021192    -0.446677     0.369614     1.495459     2.941499     4.589861     6.145465     7.258301     8.006104     9.424392    12.363137    12.965901     0.000000     0.000000     0.000000     0.000000     0.000000     0.000000     0.000000     0.000000     0.000000     0.000000     0.000000    -1.038666    -4.239695    -7.118363    -9.263019   -10.327455   -10.166505    -8.956788    -7.115223    -5.098392    -3.244622    -1.724423    -0.570335     0.266167     0.865413     1.309854     1.672025     2.013329     2.387100     2.841385     3.418988     4.154053     5.066092     6.153954     7.393471     8.742661    10.156328
   -4.392646    -7.795898    -6.825896    -5.896681    -5.039349    -4.281282    -3.637729    -3.108883    -2.681072    -2.329863    -2.022914    -1.721120    -1.377636    -0.935819    -0.329131     0.511374     1.634459     3.026359     4.561478     6.001353     7.139526     8.089746     9.293544    10.538157     9.817082     6.196775     0.000000     0.000000     0.000000     0.000000     0.000000     0.000000     0.000000     0.000000     0.000000     1.016643    -1.596551    -4.186843    -6.585871    -8.477813    -9.534856    -9.567531    -8.644710    -7.069595    -5.232800    -3.462549    -1.952827    -0.768224     0.113901     0.758573     1.242030     1.636302     2.004896     2.403700     2.882451     3.484011     4.240627     5.168107     6.260601     7.489826     8.812441    10.186935
   -4.365905    -7.789132    -6.857207    -5.953787    -5.109114    -4.352030    -3.700626    -3.158250    -2.713808    -2.344344    -2.017768    -1.694309    -1.326334    -0.857735    -0.225983     0.628077     1.737360     3.072954     4.514305     5.872198     7.008946     7.974861     8.868463     9.305140     8.373078     6.101242     3.393102    -0.708337     0.000000     0.000000     0.000000     0.000000     0.000000     1.778719     1.040115    -0.267406    -2.191367    -4.256726    -6.248421    -7.887918    -8.877894    -9.016015    -8.303064    -6.952218    -5.287847    -3.614568    -2.135691    -0.938934    -0.024080     0.658593     1.177689     1.603140     1.999289     2.423666     2.927007     3.551658     4.327475     5.266240     6.357390     7.568890     8.856679    10.183462
   -4.328591    -7.764461    -6.874313    -6.000749    -5.172730    -4.420084    -3.763417    -3.209130    -2.748826    -2.361311    -2.015175    -1.670563    -1.279818    -0.788241    -0.137915     0.721174     1.809548     3.089988     4.451807     5.741077     6.845760     7.747208     8.387275     8.442417     7.503385     5.681935     3.425372     0.900865    -0.806513    -1.611325    -0.799627     0.305282     0.821118     0.688377    -0.082071    -1.211492    -2.701406    -4.371925    -6.031862    -7.440397    -8.335551    -8.520380    -7.956025    -6.788232    -5.281329    -3.709688    -2.275488    -1.081420    -0.145514     0.567687     1.118523     1.573661     1.997153     2.447254     2.974962     3.621498     4.413862     5.359583     6.443503     7.630333     8.875980    10.147807
   -4.281775    -7.723104    -6.877640    -6.037407    -5.229695    -4.484831    -3.825555    -3.261154    -2.785989    -2.380886    -2.015540    -1.650574    -1.238983    -0.728120    -0.064876     0.792673     1.855792     3.083409     4.375219     5.600370     6.653290     7.467976     7.931516     7.815510     6.947988     5.465967     3.693509     1.931972     0.616371    -0.096933    -0.116638     0.096551     0.121958    -0.192833    -0.876392    -1.857648    -3.094479    -4.486316    -5.885907    -7.093882    -7.885679    -8.079962    -7.617654    -6.596104    -5.228529    -3.757187    -2.376105    -1.196109    -0.249215     0.487440     1.065919     1.548858     1.999070     2.474664     3.026150     3.693019     4.499003     5.447249     6.518260     7.674087     8.871315    10.082302
   -4.226558    -7.666400    -6.867757    -6.063727    -5.279592    -4.545693    -3.886486    -3.313918    -2.825116    -2.403145    -2.019195    -1.634890    -1.204451    -0.677725    -0.006321     0.844780     1.880144     3.057492     4.285699     5.448715     6.441551     7.173267     7.523554     7.342651     6.573403     5.354476     3.937009     2.567346     1.466115     0.723672     0.324115     0.073845    -0.232207    -0.710028    -1.403344    -2.303877    -3.384643    -4.580333    -5.778589    -6.817484    -7.508157    -7.689609    -7.295189    -6.388797    -5.141908    -3.765784    -2.442086    -1.284430    -0.334861     0.418856     1.020933     1.529548     2.005522     2.506012     3.080325     3.765643     4.582086     5.528407     6.581134     7.700338     8.843967     9.989599
   -4.164048    -7.595773    -6.845359    -6.079800    -5.322094    -4.602137    -3.945661    -3.366996    -2.865982    -2.428097    -2.026374    -1.623902    -1.176596    -0.637071     0.038600     0.879684     1.886011     3.015565     4.184868     5.287884     6.220209     6.882009     7.164088     6.971933     6.303406     5.286044     4.114336     2.969989     1.983704     1.204700     0.609249     0.104681    -0.413182    -1.017801    -1.747233    -2.610021    -3.592090    -4.647913    -5.690528    -6.588962    -7.186099    -7.342445    -6.991550    -6.175034    -5.031256    -3.743218    -2.478116    -1.348423    -0.402781     0.362438     0.984298     1.516356     2.016864     2.541320     3.137157     3.838733     4.662296     5.602300     6.631767     7.709505     8.795471     9.872561
   -4.095331    -7.512692    -6.811238    -6.085830    -5.356971    -4.653691    -4.002548    -3.419940    -2.908317    -2.455683    -2.037211    -1.617849    -1.155577    -0.605929     0.070902     0.899455     1.876275     2.960395     4.074700     5.120734     5.996520     6.602915     6.846782     6.669613     6.093949     5.230932     4.231111     3.227990     2.308300     1.503137     0.797740     0.145433    -0.507770    -1.204763    -1.971811    -2.818305    -3.735548    -4.689257    -5.610463    -6.392750    -6.906033    -7.031431    -6.707111    -5.960449    -4.904056    -3.696100    -2.488689    -1.390440    -0.453761     0.318282     0.956447     1.509706     2.033313     2.580503     3.196237     3.911611     4.738838     5.668268     6.669972     7.702223     8.727554     9.734167
   -4.021461    -7.418643    -6.766267    -6.082129    -5.384095    -4.699949    -4.056639    -3.472292    -2.951807    -2.485775    -2.051738    -1.616828    -1.141376    -0.583894     0.091670     0.905994     1.853398     2.894379     3.957279     4.950126     5.775257     6.339114     6.563939     6.413564     5.919656     5.176178     4.300475     3.392945     2.516689     1.695847     0.925277     0.182749    -0.558441    -1.320824    -2.119106    -2.958325    -3.830403    -4.707136    -5.532161    -6.218188    -6.657575    -6.750139    -6.440877    -5.748511    -4.765905    -3.629926    -2.477924    -1.412926    -0.488882     0.286168     0.937552     1.509824     2.054940     2.623367     3.257084     3.983574     4.810953     5.725767     6.695736     7.679309     8.642079     9.577423
   -3.943437    -7.315100    -6.711376    -6.069102    -5.403431    -4.740578    -4.107468    -3.523591    -2.996103    -2.518176    -2.069889    -1.620811    -1.133834    -0.570447     0.101995     0.901023     1.819501     2.819619     3.834588     4.778479     5.559255     6.090922     6.308553     6.189234     5.765921     5.116730     4.334175     3.496072     2.651856     1.823360     1.013094     0.213440    -0.585995    -1.393986    -2.215597    -3.050343    -3.888539    -4.705058    -5.452401    -6.058101    -6.432913    -6.493072    -6.191231    -5.541235    -4.620922    -3.549176    -2.449478    -1.418282    -0.509393     0.265638     0.927566     1.516757     2.081678     2.669615     3.319153     4.053910     4.877945     5.774378     6.709210     7.641736     8.540985     9.405286
   -3.862202    -7.203504    -6.647532    -6.047237    -5.415040    -4.775325    -4.154609    -3.573383    -3.040823    -2.552625    -2.091508    -1.629661    -1.132680    -0.565001     0.102938     0.886092     1.776424     2.737954     3.708395     4.607657     5.350013     5.857384     6.074879     5.987032     5.624317     5.051071     4.341174     3.556728     2.738699     1.908382     1.074019     0.237532    -0.600826    -1.440152    -2.277819    -3.108069    -3.918840    -4.686438    -5.369706    -5.907729    -6.226276    -6.255716    -5.956374    -5.339687    -4.472102    -3.457453    -2.406527    -1.408768    -0.516617     0.256072     0.926258     1.530391     2.113325     2.718854     3.381850     4.121917     4.939196     5.813814     6.710702     7.590601     8.426243     9.220605
   -3.778628    -7.085246    -6.575723    -6.017089    -5.419070    -4.804017    -4.197693    -3.621231    -3.085565    -2.588810    -2.116362    -1.643149    -1.137563    -0.566930     0.095508     0.862583     1.725762     2.650979     3.580198     4.439015     5.148184     5.637095     5.858448     5.800616     5.489972     4.979200     4.328013     3.587241     2.792227     1.964321     1.116020     0.255910    -0.608301    -1.468582    -2.316200    -3.140799    -3.927857    -4.654279    -5.283582    -5.763959    -6.033449    -6.034460    -5.734564    -5.144343    -4.321597    -3.357623    -2.351785    -1.386458    -0.511884     0.256739     0.933254     1.550468     2.149564     2.770612     3.444551     4.186925     4.994174     5.843926     6.700659     7.527088     8.299811     9.026079
   -3.693516    -6.961649    -6.496939    -5.979267    -5.415749    -4.826559    -4.236405    -3.666721    -3.129917    -2.626374    -2.144149    -1.660970    -1.148069    -0.575591     0.080655     0.831729     1.668901     2.560059     3.451225     4.273490     4.953919     5.428596     5.655873     5.625778     5.360077     4.901711     4.299431     3.595702     2.821874     1.999486     1.144222     0.269547    -0.611305    -1.484850    -2.337460    -3.154907    -3.920414    -4.611102    -5.194061    -5.624781    -5.851382    -5.826476    -5.524233    -4.955324    -4.170943    -3.251951    -2.287544    -1.353217    -0.496488     0.266841     0.948066     1.576610     2.189974     2.824348     3.506616     4.248304     5.042450     5.864695     6.679654     7.452445     8.163598     8.824219
   -3.607594    -6.833957    -6.412157    -5.934422    -5.405377    -4.842934    -4.270496    -3.709472    -3.173462    -2.664928    -2.174515    -1.682759    -1.163738    -0.590339     0.059261     0.794628     1.607038     2.466350     3.322462     4.111706     4.767094     5.230553     5.464626     5.459717     5.233035     4.819389     4.258894     3.587592     2.833817     2.019266     1.162035     0.279294    -0.611462    -1.492442    -2.346056    -3.154846    -3.900091    -4.558981    -5.101446    -5.488926    -5.677885    -5.629568    -5.324029    -4.772549    -4.021228    -3.142218    -2.215721    -1.310703    -0.471659     0.285544     0.970119     1.608341     2.234049     2.879475     3.567407     4.305487     5.083702     5.876229     6.648357     7.367950     8.019435     8.617331
   -3.521512    -6.703332    -6.322332    -5.883230    -5.388315    -4.853200    -4.299779    -3.749144    -3.215796    -2.704062    -2.207065    -1.708106    -1.184083    -0.610540     0.032146     0.752252     1.541206     2.370820     3.194677     3.954056     4.587449     5.041819     5.282836     5.300564     5.107961     4.733045     4.208986     3.566746     2.832262     2.027303     1.171811     0.285844    -0.609723    -1.493629    -2.345031    -3.143798    -3.869580    -4.499610    -5.006163    -5.355613    -5.511391    -5.442051    -5.132815    -4.595831    -3.873219    -3.029819    -2.137916    -1.260374    -0.438551     0.312002     0.998777     1.645109     2.281223     2.935375     3.626305     4.357976     5.117716     5.878753     6.607524     7.274886     7.869054     8.407501
   -3.435852    -6.570842    -6.228383    -5.826385    -5.364977    -4.857482    -4.324131    -3.785441    -3.256530    -2.743358    -2.241375    -1.736568    -1.208595    -0.635571     0.000066     0.705462     1.472293     2.274271     3.068468     3.800774     4.414669     4.861440     5.109120     5.147067     4.984404     4.643440     4.151674     3.535935     2.820179     2.026158     1.175232     0.289752    -0.606677    -1.489948    -2.336534    -3.124092    -3.830938    -4.434377    -4.908682    -5.224384    -5.350784    -5.262633    -4.949650    -4.424937    -3.727449    -2.915848    -2.055455    -1.203507    -0.398234     0.345373     1.033359     1.686300     2.330879     2.991420     3.682728     4.405352     5.144385     5.872596     6.557973     7.174519     7.714071     8.196593
   -3.351120    -6.437464    -6.131185    -5.764582    -5.335815    -4.855967    -4.343495    -3.818118    -3.295303    -2.782399    -2.277005    -1.767681    -1.236759    -0.664832    -0.036281     0.655026     1.401059     2.177365     2.944288     3.651981     4.248426     4.688634     4.942457     4.998393     4.862164     4.551265     4.088485     3.497225     2.799741     2.017694     1.173535     0.291459    -0.602698    -1.482476    -2.322125    -3.097473    -3.785762    -4.364422    -4.809470    -5.094992    -5.195268    -5.090323    -4.773760    -4.259620    -3.584284    -2.801159    -1.969439    -1.141218    -0.351698     0.384828     1.073159     1.731264     2.382377     3.046987     3.736140     4.447284     5.163708     5.858176     6.500558     7.068082     7.555975     7.986249
   -3.267758    -6.304080    -6.031563    -5.698511    -5.301315    -4.848896    -4.357875    -3.846983    -3.331786    -2.820780    -2.313512    -1.800968    -1.268055    -0.697742    -0.076250     0.601620     1.328157     2.080644     2.822474     3.507718     4.088405     4.522764     4.782087     4.853984     4.741197     4.457136     4.020635     3.452192     2.772583     2.003309     1.167663     0.291324    -0.598033    -1.471999    -2.302973    -3.065280    -3.735317    -4.290690    -4.708974    -4.967325    -5.044281    -4.924364    -4.604514    -4.099634    -3.443971    -2.686422    -1.880781    -1.074479    -0.299851     0.429562     1.117456     1.779323     2.435066     3.101475     3.786064     4.483529     5.175780     5.835988     6.436162     6.956751     7.396118     7.777901
   -3.186142    -6.171478    -5.930287    -5.628846    -5.261981    -4.836556    -4.367330    -3.871895    -3.365691    -2.858116    -2.350454    -1.835955    -1.301969    -0.733743    -0.119248     0.545848     1.254144     1.984549     2.703276     3.367978     3.934311     4.363311     4.627442     4.713468     4.621544     4.361598     3.949106     3.402078     2.739975     1.984087     1.158348     0.289640    -0.592852    -1.459099    -2.279971    -3.028563    -3.680617    -4.213971    -4.607606    -4.841356    -4.897421    -4.764169    -4.441391    -3.944748    -3.306674    -2.572161    -1.790245    -1.004144    -0.243533     0.478796     1.165528     1.829797     2.488304     3.154318     3.832091     4.513931     5.180784     5.806586     6.365668     6.841644     7.235722     7.572773
   -3.106591    -6.040355    -5.828067    -5.556238    -5.218329    -4.819274    -4.371974    -3.892768    -3.396773    -2.894051    -2.387405    -1.872170    -1.337999    -0.772306    -0.164725     0.488248     1.179496     1.889436     2.586872     3.232714     3.785873     4.209847     4.478090     4.576600     4.503295     4.265129     3.874704     3.347874     2.702920     1.960885     1.146179     0.286650    -0.587274    -1.444228    -2.253822    -2.988159    -3.622489    -4.134928    -4.505738    -4.717109    -4.754403    -4.609280    -4.283961    -3.794746    -3.172493    -2.458789    -1.698466    -0.930963    -0.183516     0.531784     1.216664     1.882009     2.541467     3.204997     3.873886     4.538422     5.178982     5.770568     6.289953     6.723802     7.075870     7.371903
   -3.029367    -5.911323    -5.725553    -5.481311    -5.170880    -4.797406    -4.371966    -3.909569    -3.424830    -2.928261    -2.423963    -1.909160    -1.375659    -0.812922    -0.212174     0.429298     1.104624     1.795596     2.473386     3.101857     3.642842     4.062017     4.333697     4.443214     4.386563     4.168150     3.798101     3.290391     2.662234     1.934396     1.131633     0.282560    -0.581383    -1.427738    -2.225089    -2.944749    -3.561616    -4.054123    -4.403707    -4.594638    -4.615019    -4.459334    -4.131866    -3.649427    -3.041484    -2.346632    -1.605984    -0.855597    -0.120510     0.587811     1.270168     1.935302     2.593968     3.253051     3.911186     4.557016     5.170702     5.728563     6.209869     6.604186     6.917515     7.176151
   -2.954682    -5.784907    -5.623335    -5.404650    -5.120147    -4.771328    -4.367509    -3.922312    -3.449710    -2.960462    -2.459749    -1.946489    -1.414481    -0.855115    -0.261126     0.369429     1.029880     1.703262     2.362897     2.975321     3.504988     3.919519     4.193998     4.313197     4.271468     4.071027     3.719862     3.230300     2.618588     1.905193     1.115105     0.277544    -0.575242    -1.409914    -2.194232    -2.898894    -3.498568    -3.972033    -4.301810    -4.474008    -4.479118    -4.314040    -3.984800    -3.508607    -2.913674    -2.235951    -1.513256    -0.778637    -0.055172     0.646199     1.325374     1.989049     2.645262     3.298079     3.943807     4.569802     5.156328     5.681214     6.126237     6.483676     6.761482     6.986216
   -2.882703    -5.661555    -5.521939    -5.326807    -5.066634    -4.741434    -4.358836    -3.931057    -3.471308    -2.990412    -2.494421    -1.983752    -1.454025    -0.898435    -0.311148     0.309027     0.955567     1.612622     2.255454     2.853008     3.372100     3.782094     4.058779     4.186471     4.158124     3.974077     3.640466     3.168164     2.572542     1.873752     1.096930     0.271752    -0.568898    -1.390986    -2.161628    -2.851062    -3.433825    -3.889067    -4.200307    -4.355290    -4.346582    -4.173158    -3.842504    -3.372117    -2.789068    -2.126953    -1.420674    -0.700610     0.011892     0.706310     1.381648     2.042660     2.694857     3.339747     3.971638     4.576935     5.136285     5.629170     6.039834     6.363066     6.608480     6.802652
   -2.813556    -5.541642    -5.421834    -5.248289    -5.010827    -4.708121    -4.346210    -3.935905    -3.489562    -3.017908    -2.527672    -2.020570    -1.493876    -0.942459    -0.361841     0.248437     0.881949     1.523828     2.151078     2.734817     3.243981     3.649511     3.927857     4.062977     4.046641     3.877579     3.560321     3.104461     2.524570     1.840479     1.077391     0.265314    -0.562387    -1.371147    -2.127597    -2.801647    -3.367794    -3.805574    -4.099427    -4.238552    -4.217322    -4.036486    -3.704751    -3.239800    -2.667655    -2.019810    -1.328579    -0.621988     0.080122     0.767545     1.438396     2.095594     2.742317     3.377790     3.994638     4.578629     5.111032     5.573073     5.951389     6.243063     6.459101     6.625885
   -2.747330    -5.425476    -5.323427    -5.169563    -4.953189    -4.671791    -4.329915    -3.936991    -3.504454    -3.042794    -2.559235    -2.056601    -1.533652    -0.986799    -0.412838     0.187974     0.809254     1.437001     2.049773     2.620637     3.120446     3.521567     3.801077     3.942665     3.937112     3.781768     3.479774     3.039595     2.475075     1.805720     1.056733     0.258343    -0.555737    -1.350558    -2.092409    -2.750987    -3.300825    -3.721855    -3.999368    -4.123855    -4.091262    -3.903852    -3.571340    -3.111514    -2.549415    -1.914660    -1.237270    -0.543201     0.149003     0.829347     1.495067     2.147359     2.787269     3.412010     4.012831     4.575149     5.081046     5.513549     5.861578     6.124294     6.313838     6.456222
   -2.684083    -5.313300    -5.227075    -5.091052    -4.894160    -4.632838    -4.310251    -3.934484    -3.516008    -3.064956    -2.588882    -2.091539    -1.573002    -1.031095    -0.463804     0.127917     0.737684     1.352239     1.951526     2.510361     3.001319     3.398074     3.678296     3.825492     3.829617     3.686850     3.399125     2.973917     2.424406     1.769773     1.035166     0.250939    -0.548970    -1.329357    -2.056294    -2.699370    -3.233215    -3.638167    -3.900299    -4.011251    -3.968335    -3.775102    -3.442094    -2.987123    -2.434322    -1.811620    -1.147010    -0.464635     0.218061     0.891203     1.551159     2.197518     2.829401     3.442275     4.026302     4.566798     5.046817     5.451198     5.771023     6.007302     6.173088     6.293870
   -2.623842    -5.205303    -5.133077    -5.013137    -4.834150    -4.591648    -4.287525    -3.928575    -3.524280    -3.084319    -2.616427    -2.125116    -1.611611    -1.075018    -0.514432     0.068521     0.667412     1.269620     1.856315     2.403877     2.886437     3.278857     3.559385     3.711415     3.724224     3.592997     3.318630     2.907725     2.372862     1.732898     1.012875     0.243190    -0.542103    -1.307662    -2.019451    -2.647043    -3.165221    -3.554731    -3.802366    -3.900784    -3.848482    -3.650099    -3.316849    -2.866505    -2.322348    -1.710790    -1.058032    -0.386641     0.286864     0.952645     1.606220     2.245695     2.868465     3.468515     4.035184     4.553910     5.008834     5.386592     5.680283     5.892556     6.037160     6.138947
   -2.566610    -5.101623    -5.041685    -4.936154    -4.773539    -4.548591    -4.262049    -3.919477    -3.529360    -3.100848    -2.641724    -2.157100    -1.649199    -1.118273    -0.564447     0.010013     0.598590     1.189206     1.764109     2.301076     2.775639     3.163753     3.444221     3.600387     3.620983     3.500355     3.238507     2.841278     2.320704     1.695318     0.990020     0.235172    -0.535152    -1.285574    -1.982052    -2.594221    -3.097065    -3.471736    -3.705690    -3.792486    -3.731643    -3.528720    -3.195460    -2.749546    -2.213461    -1.612254    -0.970546    -0.309537     0.355021     1.013249     1.659851     2.291567     2.904274     3.490715     4.039656     4.536841     4.967581     5.320268     5.589865     5.780452     5.906288     5.991497
   -2.512370    -5.002349    -4.953106    -4.860401    -4.712676    -4.504022    -4.234133    -3.907417    -3.531367    -3.114544    -2.664665    -2.187300    -1.685519    -1.160598    -0.613599    -0.047407     0.531351     1.111045     1.674871     2.201849     2.668777     3.052610     3.332686     3.492363     3.519933     3.409046     3.158944     2.774800     2.268157     1.657233     0.966744     0.226953    -0.528128    -1.263183    -1.944247    -2.541092    -3.028939    -3.389345    -3.610373    -3.686380    -3.617763    -3.410847    -3.077790    -2.636139    -2.107629    -1.516087    -0.884737    -0.233608     0.422176     1.072641     1.711705     2.334872     2.936697     3.508915     4.039933     4.515961     4.923530     5.252724     5.500216     5.671317     5.780635     5.851494
   -2.461085    -4.907534    -4.867503    -4.786134    -4.651877    -4.458275    -4.204085    -3.892631    -3.530439    -3.125436    -2.685180    -2.215562    -1.720363    -1.201760    -0.661669    -0.103558     0.465809     1.035174     1.588559     2.106091     2.565706     2.945279     3.224669     3.387289     3.421099     3.319169     3.080099     2.708484     2.215420     1.618813     0.943170     0.218595    -0.521042    -1.240566    -1.906169    -2.487817    -2.961008    -3.307695    -3.516501    -3.582481    -3.506786    -3.296373    -2.963714    -2.526185    -2.004821    -1.422350    -0.800773    -0.159110     0.488017     1.130490     1.761487     2.375404     2.965660     3.523197     4.036259     4.491645     4.877132     5.184418     5.411726     5.565418     5.660305     5.718860
   -2.412704    -4.817190    -4.785003    -4.713572    -4.591427    -4.411661    -4.172200    -3.875363    -3.526735    -3.133587    -2.703230    -2.241767    -1.753556    -1.241559    -0.708465    -0.158283     0.402063     0.961621     1.505129     2.013697     2.466287     2.841620     3.120057     3.285111     3.324493     3.230807     3.002109     2.642496     2.162663     1.580211     0.919408     0.210149    -0.513904    -1.217791    -1.867930    -2.434539    -2.893414    -3.226904    -3.424141    -3.480795    -3.398654    -3.185195    -2.853117    -2.419593    -1.905007    -1.331099    -0.718800    -0.086270     0.552266     1.186511     1.808954     2.413007     2.991136     3.533684     4.028900     4.464268     4.828819     5.115768     5.324735     5.462965     5.545347     5.593471
   -2.367160    -4.731302    -4.705694    -4.642899    -4.531580    -4.364471    -4.138764    -3.855856    -3.520429    -3.139078    -2.718808    -2.265827    -1.784956    -1.279827    -0.753819    -0.211449     0.340195     0.890402     1.424533     1.924565     2.370387     2.741498     3.018742     3.185770     3.230120     3.144022     2.925087     2.576980     2.110036     1.541558     0.895555     0.201663    -0.506722    -1.194918    -1.829633    -2.381379    -2.826281    -3.147071    -3.333348    -3.381320    -3.293311    -3.077217    -2.745888    -2.316276    -1.808154    -1.242380    -0.638946    -0.015286     0.614683     1.240465     1.853911     2.447578     3.013143     3.540530     4.018134     4.434201     4.778994     5.047149     5.239531     5.364116     5.435764     5.475162
   -2.324378    -4.649826    -4.629636    -4.574266    -4.472557    -4.316968    -4.104050    -3.834352    -3.511702    -3.142015    -2.731936    -2.287690    -1.814451    -1.316423    -0.797591    -0.262938     0.280274     0.821528     1.346720     1.838597     2.277878     2.644782     2.920619     3.089206     3.137974     3.058867     2.849127     2.512059     2.057669     1.502972     0.871694     0.193178    -0.499502    -1.172001    -1.791365    -2.328446    -2.759715    -3.068279    -3.244166    -3.284048    -3.190700    -2.972346    -2.641926    -2.216153    -1.714233    -1.156230    -0.561324     0.053670     0.675064     1.292153     1.896212     2.479057     3.031738     3.543915     4.004252     4.401802     4.728032     4.978894     5.156356     5.268983     5.331519     5.363739
   -2.284274    -4.572693    -4.556861    -4.507793    -4.414554    -4.269395    -4.068313    -3.811089    -3.500744    -3.142517    -2.742658    -2.307329    -1.841963    -1.351235    -0.839666    -0.312657     0.222354     0.755000     1.271638     1.755695     2.188638     2.551347     2.825583     2.995353     3.048041     2.975377     2.774310     2.447838     2.005676     1.464555     0.847902     0.184730    -0.492252    -1.149085    -1.753204    -2.275834    -2.693806    -2.990598    -3.156625    -3.188965    -3.090763    -2.870494    -2.541134    -2.119148    -1.623210    -1.072681    -0.486026     0.120452     0.733241     1.341421     1.935751     2.507426     3.047010     3.544040     3.987544     4.367415     4.676279     4.911298     5.075407     5.177638     5.232541     5.258984
   -2.246757    -4.499817    -4.487373    -4.443574    -4.357736    -4.221967    -4.031792    -3.786298    -3.487746    -3.140720    -2.751040    -2.324744    -1.867438    -1.384180    -0.879949    -0.360528     0.166477     0.690813     1.199233     1.675765     2.102549     2.461072     2.733532     2.904146     2.960301     2.893578     2.700700     2.384408     1.954154     1.426394     0.824242     0.176351    -0.484977    -1.126213    -1.715219    -2.223623    -2.628632    -2.914084    -3.070750    -3.096053    -2.993441    -2.771576    -2.443421    -2.025186    -1.535054    -0.991753    -0.413131     0.184942     0.789078     1.388149     1.972464     2.532704     3.059078     3.541120     3.968301     4.331368     4.624051     4.844618     4.996844     5.090116     5.138730     5.160659
   -2.211730    -4.431094    -4.421156    -4.381676    -4.302242    -4.174879    -3.994708    -3.760197    -3.472902    -3.136766    -2.757163    -2.339957    -1.890847    -1.415195    -0.918371    -0.406492     0.112672     0.628955     1.129451     1.598714     2.019495     2.373839     2.644365     2.815517     2.874727     2.813487     2.628348     2.321843     1.903188     1.388567     0.800772     0.168068    -0.477683    -1.103421    -1.677469    -2.171884    -2.564260    -2.838785    -2.986555    -3.005290    -2.898678    -2.675509    -2.348700    -1.934197    -1.449730    -0.913459    -0.342699     0.247044     0.842470     1.432255     2.006322     2.554939     3.068082     3.535381     3.946808     4.293968     4.571633     4.779074     4.920787     5.006419     5.049963     5.068512
   -2.179092    -4.366406    -4.358177    -4.322144    -4.248189    -4.128301    -3.957266    -3.732998    -3.456401    -3.130804    -2.761126    -2.353009    -1.912185    -1.444245    -0.954881    -0.450508     0.060954     0.569406     1.062232     1.524453     1.939366     2.289537     2.557986     2.729398     2.791290     2.735113     2.557298     2.260208     1.852850     1.351142     0.777542     0.159906    -0.470375    -1.080742    -1.640007    -2.120679    -2.500746    -2.764738    -2.904048    -2.916649    -2.806416    -2.582215    -2.256886    -1.846114    -1.367201    -0.837806    -0.274775     0.306687     0.893342     1.473689     2.037327     2.574210     3.074179     3.527050     3.923341     4.255501     4.519280     4.714852     4.847326     4.926525     4.966098     4.982282
   -2.148742    -4.305625    -4.298384    -4.265002    -4.195671    -4.082383    -3.919650    -3.704897    -3.438429    -3.122989    -2.763036    -2.363960    -1.931467    -1.471311    -0.989449    -0.492550     0.011331     0.512142     0.997518     1.452893     1.862057     2.208056     2.474298     2.645719     2.709954     2.658455     2.487580     2.199557     1.803202     1.314177     0.754595     0.151884    -0.463059    -1.058204    -1.602879    -2.070059    -2.438137    -2.691972    -2.823232    -2.830102    -2.716596    -2.491618    -2.167902    -1.760868    -1.287429    -0.764788    -0.209388     0.363822     0.941646     1.512432     2.065512     2.590614     3.077539     3.516359     3.898167     4.216232     4.467219     4.652106     4.776522     4.850386     4.886977     4.901699
   -2.120573    -4.248613    -4.241712    -4.210258    -4.144761    -4.037253    -3.882028    -3.676079    -3.419165    -3.113474    -2.763009    -2.372882    -1.948725    -1.496396    -1.022062    -0.532605    -0.036202     0.457131     0.935247     1.383947     1.787465     2.129292     2.393208     2.564413     2.630682     2.583511     2.419218     2.139932     1.754297     1.277721     0.731968     0.144021    -0.455740    -1.035833    -1.566124    -2.020071    -2.376471    -2.620511    -2.744104    -2.745617    -2.629164    -2.403645    -2.081668    -1.678395    -1.210371    -0.694394    -0.146553     0.418419     0.987360     1.548488     2.090931     2.604269     3.078343     3.503536     3.871535     4.176403     4.415648     4.590964     4.708408     4.777935     4.812429     4.826494
   -2.094482    -4.195227    -4.188084    -4.157902    -4.095513    -3.993022    -3.844549    -3.646715    -3.398782    -3.102415    -2.761169    -2.379860    -1.964005    -1.519517    -1.052721    -0.570675    -0.081661     0.404336     0.875358     1.317529     1.715489     2.053141     2.314626     2.485410     2.553434     2.510268     2.352229     2.081369     1.706178     1.241816     0.709692     0.136331    -0.448421    -1.013651    -1.529777    -1.970752    -2.315781    -2.550369    -2.666658    -2.663163    -2.544061    -2.318222    -1.998110    -1.598629    -1.135983    -0.626604    -0.086270     0.470470     1.030484     1.581887     2.113660     2.615307     3.076775     3.488804     3.843683     4.136234     4.364738     4.531525     4.642996     4.709089     4.742277     4.756394
   -2.070363    -4.145318    -4.137414    -4.107911    -4.047965    -3.949779    -3.807346    -3.616964    -3.377443    -3.089962    -2.757641    -2.384985    -1.977367    -1.540708    -1.081445    -0.606775    -0.125069     0.353716     0.817785     1.253555     1.646033     1.979507     2.238464     2.408642     2.478169     2.438715     2.286623     2.023896     1.658883     1.206500     0.687795     0.128827    -0.441107    -0.991678    -1.493868    -1.922135    -2.256094    -2.481559    -2.590883    -2.582704    -2.461233    -2.235282    -1.917155    -1.521506    -1.064217    -0.561390    -0.028528     0.519982     1.071037     1.612678     2.133792     2.623869     3.073022     3.472380     3.814833     4.095922     4.314639     4.473864     4.580278     4.643750     4.676336     4.691129
   -2.048112    -4.098734    -4.089609    -4.060251    -4.002140    -3.907602    -3.770536    -3.586968    -3.355303    -3.076264    -2.752553    -2.388358    -1.988881    -1.560013    -1.108261    -0.640930    -0.166459     0.305221     0.762463     1.191943     1.579004     1.908295     2.164637     2.334043     2.404842     2.368832     2.222406     1.967534     1.612441     1.171801     0.666299     0.121518    -0.433804    -0.969931    -1.458423    -1.874247    -2.197430    -2.414086    -2.516766    -2.504205    -2.380624    -2.154755    -1.838732    -1.446959    -0.995020    -0.498715     0.026699     0.566979     1.109056     1.640927     2.151433     2.630106     3.067270     3.454472     3.785189     4.055645     4.265475     4.418038     4.520229     4.581811     4.614416     4.630431
   -2.027627    -4.055322    -4.044568    -4.014876    -3.958049    -3.866550    -3.734222    -3.556858    -3.332504    -3.061463    -2.746032    -2.390084    -1.998627    -1.577488    -1.133211    -0.673175    -0.205869     0.258803     0.709325     1.132610     1.514311     1.839414     2.093062     2.261546     2.333411     2.300599     2.159577     1.912300     1.566877     1.137744     0.645223     0.114414    -0.426513    -0.948425    -1.423464    -1.827111    -2.139804    -2.347954    -2.444291    -2.427631    -2.302181    -2.076575    -1.762770    -1.374923    -0.928337    -0.438536     0.079446     0.611499     1.144594     1.666716     2.166699     2.634170     3.059703     3.435275     3.754941     4.015560     4.217350     4.364082     4.462809     4.523155     4.556327     4.574040
   -2.008806    -4.014927    -4.002187    -3.971734    -3.915690    -3.826670    -3.698491    -3.526754    -3.309183    -3.045695    -2.738205    -2.390269    -2.006688    -1.593198    -1.156345    -0.703553    -0.243345     0.214403     0.658301     1.075476     1.451866     1.772775     2.023659     2.191087     2.263830     2.233993     2.098132     1.858204     1.522209     1.104349     0.624582     0.107519    -0.419240    -0.927173    -1.389009    -1.780745    -2.083229    -2.283160    -2.373439    -2.352944    -2.225850    -2.000678    -1.689199    -1.305332    -0.864111    -0.380804     0.129757     0.653591     1.177718     1.690135     2.179715     2.636219     3.050500     3.414976     3.724259     3.975803     4.170348     4.312016     4.407966     4.467660     4.501879     4.521699
   -1.991552    -3.977397    -3.962358    -3.930764    -3.875050    -3.787996    -3.663418    -3.496759    -3.285463    -3.029090    -2.729195    -2.389023    -2.013155    -1.607214    -1.177719    -0.732115    -0.278941     0.171964     0.609323     1.020462     1.391584     1.708294     1.956350     2.122603     2.196055     2.168990     2.038065     1.805252     1.478451     1.071633     0.604388     0.100840    -0.411989    -0.906187    -1.355074    -1.735163    -2.027713    -2.219701    -2.304191    -2.280106    -2.151578    -1.927000    -1.617953    -1.238120    -0.802280    -0.325464     0.177688     0.693316     1.208504     1.711285     2.190611     2.636406     3.039833     3.393748     3.693301     3.936495     4.124537     4.261844     4.355639     4.415197     4.450881     4.473159
   -1.975767    -3.942578    -3.924971    -3.891900    -3.836109    -3.750551    -3.629065    -3.466968    -3.261457    -3.011771    -2.719123    -2.386454    -2.018121    -1.619612    -1.197398    -0.758918    -0.312712     0.131423     0.562320     0.967489     1.333381     1.645888     1.891062     2.056032     2.130042     2.105562     1.979366     1.753447     1.435613     1.039606     0.584650     0.094379    -0.404763    -0.885475    -1.321671    -1.690378    -1.973259    -2.157571    -2.236524    -2.209081    -2.079313    -1.855478    -1.548964    -1.173219    -0.742781    -0.272454     0.223300     0.730744     1.237036     1.730276     2.199518     2.634888     3.027867     3.371754     3.662208     3.897739     4.079969     4.213558     4.305757     4.365636     4.403146     4.428180
   -1.961359    -3.910323    -3.889914    -3.855072    -3.798840    -3.714350    -3.595484    -3.437464    -3.237271    -2.993853    -2.708104    -2.382671    -2.021680    -1.630475    -1.215451    -0.784026    -0.344720     0.092716     0.517221     0.916480     1.277178     1.585478     1.827722     1.991314     2.065745     2.043681     1.922021     1.702789     1.393701     1.008277     0.565375     0.088139    -0.397565    -0.865048    -1.288811    -1.646397    -1.919870    -2.096759    -2.170416    -2.139830    -2.009003    -1.786052    -1.482164    -1.110562    -0.685547    -0.221709     0.266661     0.765951     1.263408     1.747219     2.206571     2.631813     3.014761     3.349143     3.631105     3.859622     4.036681     4.167141     4.258245     4.318845     4.358490     4.386529
   -1.948238    -3.880483    -3.857076    -3.820206    -3.763207    -3.679397    -3.562717    -3.408319    -3.213000    -2.975444    -2.696248    -2.377778    -2.023929    -1.639884    -1.231951    -0.807503    -0.375029     0.055776     0.473954     0.867358     1.222894     1.526988     1.766261     1.928392     2.003122     1.983319     1.866016     1.653272     1.352719     0.977653     0.546568     0.082120    -0.390399    -0.844910    -1.256501    -1.603226    -1.867546    -2.037255    -2.105842    -2.072315    -1.940599    -1.718661    -1.417489    -1.050080    -0.630510    -0.173161     0.307845     0.799020     1.287717     1.762229     2.211903     2.627329     3.000661     3.326052     3.600105     3.822218     3.994698     4.122564     4.213020     4.274691     4.316735     4.347984
   -1.936317    -3.852916    -3.826347    -3.787226    -3.729171    -3.645690    -3.530796    -3.379595    -3.188727    -2.956643    -2.683662    -2.371879    -2.024962    -1.647926    -1.246974    -0.829419    -0.403705     0.020535     0.432450     0.820051     1.170456     1.470344     1.706611     1.867208     1.942128     1.924447     1.811335     1.604890     1.312666     0.947736     0.528231     0.076323    -0.383268    -0.825069    -1.224749    -1.560868    -1.816282    -1.979045    -2.042778    -2.006499    -1.874051    -1.653245    -1.354872    -0.991706    -0.577599    -0.126737     0.346928     0.830040     1.310064     1.775424     2.215646     2.621574     2.985708     3.302608     3.569306     3.785587     3.954037     4.079791     4.169997     4.233043     4.277705     4.312330
   -1.925512    -3.827482    -3.797615    -3.756053    -3.696689    -3.613219    -3.499745    -3.351345    -3.164532    -2.937542    -2.670443    -2.365074    -2.024874    -1.654687    -1.260598    -0.849847    -0.430818    -0.013075     0.392637     0.774483     1.119789     1.415476     1.648707     1.807708     1.882721     1.867035     1.757958     1.557636     1.273539     0.918526     0.510365     0.070747    -0.376175    -0.805528    -1.193558    -1.519325    -1.766073    -1.922116    -1.981197    -1.942343    -1.809309    -1.589748    -1.294250    -0.935371    -0.526745    -0.082361     0.383992     0.859099     1.330552     1.786922     2.217928     2.614684     2.970031     3.278924     3.538796     3.749780     3.914700     4.038782     4.129089     4.193770     4.241231     4.279362
   -1.915743    -3.804046    -3.770773    -3.726609    -3.665712    -3.581970    -3.469581    -3.323617    -3.140481    -2.918227    -2.656687    -2.357458    -2.023757    -1.660253    -1.272903    -0.868859    -0.456438    -0.045125     0.354444     0.730585     1.070821     1.362314     1.592489     1.749838     1.824859     1.811051     1.705867     1.511497     1.235335     0.890021     0.492969     0.065390    -0.369123    -0.786292    -1.162930    -1.478595    -1.716913    -1.866451    -1.921074    -1.879811    -1.746325    -1.528111    -1.235559    -0.881006    -0.477874    -0.039958     0.419121     0.886291     1.349286     1.796838     2.218875     2.606786     2.953751     3.255104     3.508649     3.714834     3.876686     3.999488     4.090206     4.156745     4.207151     4.248885
   -1.906934    -3.782478    -3.745714    -3.698815    -3.636192    -3.551924    -3.440315    -3.296446    -3.116637    -2.898774    -2.642481    -2.349121    -2.021700    -1.664708    -1.283966    -0.886529    -0.480635    -0.075682     0.317802     0.688285     1.023484     1.310793     1.537895     1.693547     1.768501     1.756466     1.655041     1.466462     1.198047     0.862220     0.476041     0.060250    -0.362116    -0.767362    -1.132867    -1.438675    -1.668793    -1.812034    -1.862381    -1.818864    -1.685052    -1.468280    -1.178736    -0.828544    -0.430914     0.000551     0.452399     0.911710     1.366371     1.805286     2.218606     2.598001     2.936980     3.231240     3.478931     3.680779     3.839983     3.961859     4.053258     4.121840     4.175308     4.220715
   -1.899011    -3.762651    -3.722336    -3.672592    -3.608075    -3.523056    -3.411952    -3.269866    -3.093052    -2.879256    -2.627906    -2.340152    -2.018791    -1.668135    -1.293867    -0.902932    -0.503479    -0.104817     0.282642     0.647516     0.977712     1.260850     1.484868     1.638786     1.713606     1.703250     1.605459     1.422517     1.161665     0.835115     0.459578     0.055324    -0.355154    -0.748742    -1.103368    -1.399563    -1.621703    -1.758847    -1.805092    -1.759465    -1.625443    -1.410198    -1.123719    -0.777916    -0.385792     0.039244     0.483912     0.935451     1.381908     1.812377     2.217238     2.588440     2.919821     3.207416     3.449696     3.647635     3.804576     3.925841     4.018155     4.088935     4.145551     4.194675
   -1.891904    -3.744444    -3.700537    -3.647861    -3.581310    -3.495340    -3.384490    -3.243900    -3.069773    -2.859735    -2.613038    -2.330631    -2.015113    -1.670617    -1.302682    -0.918141    -0.525043    -0.132598     0.248898     0.608212     0.933439     1.212423     1.433352     1.585507     1.660136     1.651371     1.557098     1.379646     1.126181     0.808702     0.443574     0.050609    -0.348242    -0.730431    -1.074433    -1.361252    -1.575631    -1.706870    -1.749178    -1.701579    -1.567452    -1.353811    -1.070448    -0.729058    -0.342436     0.076199     0.513744     0.957605     1.396001     1.818220     2.214880     2.578212     2.902367     3.183706     3.420991     3.615418     3.770442     3.891376     3.984809     4.057911     4.117737     4.170598
   -1.885547    -3.727743    -3.680220    -3.624546    -3.555840    -3.468747    -3.357927    -3.218567    -3.046842    -2.840271    -2.597948    -2.320637    -2.010744    -1.672232    -1.310489    -0.932228    -0.545394    -0.159092     0.216503     0.570307     0.890603     1.165455     1.383295     1.533663     1.608050     1.600800     1.509936     1.337833     1.091582     0.782972     0.428026     0.046100    -0.341381    -0.712431    -1.046059    -1.323736    -1.530566    -1.656085    -1.694612    -1.645167    -1.511034    -1.299068    -1.018862    -0.681901    -0.300775     0.111495     0.541982     0.978267     1.408748     1.822919     2.211637     2.567413     2.884704     3.160174     3.392854     3.584134     3.737557     3.858408     3.953129     4.028654     4.091728     4.148326
   -1.879877    -3.712435    -3.661291    -3.602571    -3.531613    -3.443244    -3.332253    -3.193884    -3.024293    -2.820914    -2.582700    -2.310241    -2.005763    -1.673055    -1.317361    -0.945265    -0.564601    -0.184365     0.185392     0.533741     0.849145     1.119888     1.334645     1.483209     1.557313     1.551505     1.463949     1.297061     1.057857     0.757916     0.412926     0.041795    -0.334574    -0.694741    -1.018243    -1.287008    -1.486494    -1.606471    -1.641366    -1.590194    -1.456146    -1.245915    -0.968903    -0.636383    -0.260737     0.145208     0.568709     0.997525     1.420245     1.826572     2.207607     2.556135     2.866909     3.136879     3.365317     3.553784     3.705890     3.826875     3.923032     4.001053     4.067394     4.127713
   -1.874834    -3.698416    -3.643658    -3.581862    -3.508574    -3.418798    -3.307456    -3.169858    -3.002157    -2.801712    -2.567353    -2.299511    -2.000239    -1.673161    -1.323369    -0.957321    -0.582731    -0.208482     0.155505     0.498451     0.809006     1.075668     1.287353     1.434102     1.507887     1.503459     1.419115     1.257313     1.024991     0.733525     0.398267     0.037688    -0.327822    -0.677360    -0.990980    -1.251058    -1.443401    -1.558008    -1.589412    -1.536625    -1.402742    -1.194303    -0.920513    -0.592438    -0.222252     0.177414     0.594007     1.015470     1.430586     1.829274     2.202882     2.544464     2.849054     3.113869     3.338405     3.524366     3.675410     3.796720     3.894431     3.975004     4.044611     4.108617
   -1.870363    -3.685585    -3.627236    -3.562348    -3.486667    -3.395375    -3.283523    -3.146498    -2.980457    -2.782706    -2.551962    -2.288510    -1.994241    -1.672618    -1.328584    -0.968462    -0.599850    -0.231506     0.126779     0.464380     0.770131     1.032745     1.241372     1.386300     1.459737     1.456630     1.375409     1.218569     0.992972     0.709788     0.384043     0.033774    -0.321128    -0.660288    -0.964266    -1.215878    -1.401273    -1.510675    -1.538722    -1.484423    -1.350782    -1.144182    -0.873636    -0.550004    -0.185253     0.208188     0.617956     1.032185     1.439859     1.831116     2.197548     2.532476     2.831200     3.091189     3.312137     3.495872     3.646083     3.767883     3.867246     3.950404     4.023263     4.090909
   -1.866410    -3.673847    -3.611940    -3.543959    -3.465840    -3.372938    -3.260437    -3.123804    -2.959215    -2.763932    -2.536576    -2.277297    -1.987834    -1.671493    -1.333071    -0.978756    -0.616019    -0.253497     0.099156     0.431472     0.732468     0.991067     1.196656     1.339763     1.412827     1.410989     1.332807     1.180811     0.961785     0.686695     0.370245     0.030050    -0.314493    -0.643523    -0.938095    -1.181457    -1.360094    -1.464450    -1.489269    -1.433556    -1.300224    -1.095504    -0.828219    -0.509022    -0.149672     0.237603     0.640635     1.047755     1.448150     1.832183     2.191688     2.520242     2.813405     3.068875     3.286525     3.468291     3.617873     3.740304     3.841396     3.927158     4.003239     4.074465
   -1.862926    -3.663110    -3.597690    -3.526627    -3.446041    -3.351451    -3.238180    -3.101777    -2.938448    -2.745422    -2.521239    -2.265925    -1.981076    -1.669848    -1.336893    -0.988263    -0.631300    -0.274514     0.072581     0.399673     0.695964     0.950587     1.153161     1.294451     1.367125     1.366509     1.291286     1.144020     0.931413     0.664233     0.356865     0.026509    -0.307918    -0.627062    -0.912461    -1.147785    -1.319847    -1.419312    -1.441024    -1.383987    -1.251026    -1.048221    -0.784207    -0.469431    -0.115444     0.265728     0.662118     1.062257     1.455540     1.832555     2.185375     2.507829     2.795719     3.046958     3.261581     3.441609     3.590743     3.713925     3.816804     3.905173     3.984434     4.059171
   -1.859863    -3.653291    -3.584411    -3.510289    -3.427216    -3.330878    -3.216730    -3.080413    -2.918169    -2.727205    -2.505991    -2.254444    -1.974024    -1.667744    -1.340111    -0.997043    -0.645752    -0.294613     0.046998     0.368931     0.660570     0.911260     1.110845     1.250328     1.322596     1.323159     1.250821     1.108174     0.901841     0.642390     0.343895     0.023147    -0.301406    -0.610904    -0.887358    -1.114850    -1.280518    -1.375240    -1.393961    -1.335685    -1.203150    -1.002288    -0.741549    -0.431174    -0.082508     0.292632     0.682480     1.075768     1.462107     1.832307     2.178679     2.495295     2.778186     3.025464     3.237309     3.415810     3.564654     3.688689     3.793399     3.884362     3.966751     4.044919
   -1.857178    -3.644308    -3.572031    -3.494881    -3.409317    -3.311183    -3.196068    -3.059708    -2.898387    -2.709305    -2.490869    -2.242899    -1.966730    -1.665235    -1.342783    -1.005155    -0.659430    -0.313849     0.022355     0.339196     0.626241     0.873042     1.069670     1.207357     1.279208     1.280913     1.211390     1.073255     0.873053     0.621154     0.331325     0.019959    -0.294957    -0.595045    -0.862777    -1.082641    -1.242090    -1.332210    -1.348051    -1.288615    -1.156556    -0.957660    -0.700194    -0.394196    -0.050800     0.318381     0.701788     1.088361     1.467923     1.831509     2.171664     2.482693     2.760845     3.004416     3.213711     3.390875     3.539569     3.664540     3.771107     3.864643     3.950098     4.031611
   -1.854829    -3.636086    -3.560480    -3.480344    -3.392294    -3.292329    -3.176171    -3.039653    -2.879110    -2.691741    -2.475906    -2.231333    -1.959242    -1.662374    -1.344963    -1.012652    -0.672388    -0.332274    -0.001396     0.310420     0.592930     0.835890     1.029595     1.165503     1.236931     1.239743     1.172967     1.039243     0.845032     0.600512     0.319147     0.016939    -0.288573    -0.579482    -0.838713    -1.051146    -1.204544    -1.290203    -1.303268    -1.242745    -1.111206    -0.914294    -0.660094    -0.358443    -0.020264     0.343037     0.720110     1.100104     1.473056     1.830227     2.164389     2.470071     2.743731     2.983830     3.190786     3.366783     3.515449     3.641424     3.749862     3.845937     3.934388     4.019154
   -1.852780    -3.628553    -3.549694    -3.466621    -3.376100    -3.274279    -3.157015    -3.020239    -2.860343    -2.674533    -2.461129    -2.219783    -1.951604    -1.659211    -1.346701    -1.019586    -0.684676    -0.349937    -0.024305     0.282560     0.560595     0.799765     0.990584     1.124732     1.195734     1.199622     1.135529     1.006117     0.817762     0.580450     0.307351     0.014083    -0.282255    -0.564213    -0.815156    -1.020352    -1.167866    -1.249194    -1.259585    -1.198044    -1.067063    -0.872148    -0.621202    -0.323862     0.009157     0.366662     0.737510     1.111062     1.477572     1.828522     2.156908     2.457474     2.726873     2.963720     3.168529     3.343513     3.492256     3.619287     3.729599     3.828171     3.919540     4.007461
   -1.850993    -3.621642    -3.539611    -3.453657    -3.360689    -3.257000    -3.138578    -3.001456    -2.842087    -2.657693    -2.446565    -2.208283    -1.943858    -1.655789    -1.348046    -1.026006    -0.696344    -0.366885    -0.046415     0.255570     0.529196     0.764629     0.952601     1.085012     1.155587     1.160524     1.099054     0.973857     0.791225     0.560956     0.295927     0.011384    -0.276003    -0.549233    -0.792100    -0.990247    -1.132036    -1.209164    -1.216976    -1.154479    -1.024092    -0.831181    -0.583472    -0.290403     0.037519     0.389313     0.754048     1.121298     1.481531     1.826450     2.149269     2.444941     2.710297     2.944096     3.146934     3.321042     3.469952     3.598080     3.710257     3.811275     3.905481     3.996454
   -1.849436    -3.615292    -3.530174    -3.441400    -3.346016    -3.240456    -3.120835    -2.983291    -2.824343    -2.641234    -2.432235    -2.196864    -1.936042    -1.652153    -1.349043    -1.031958    -0.707437    -0.383163    -0.067771     0.229411     0.498693     0.730444     0.915612     1.046310     1.116462     1.122421     1.063518     0.942443     0.765406     0.542017     0.284867     0.008838    -0.269819    -0.534539    -0.769535    -0.960817    -1.097038    -1.170089    -1.175413    -1.112021    -0.982257    -0.791353    -0.546861    -0.258019     0.064873     0.411046     0.769782     1.130868     1.484989     1.824063     2.141518     2.432504     2.694025     2.924965     3.125993     3.299346     3.448500     3.577751     3.691776     3.795184     3.892139     3.986059
   -1.848079    -3.609444    -3.521328    -3.429802    -3.332040    -3.224613    -3.103763    -2.965732    -2.807109    -2.625166    -2.418159    -2.185555    -1.928189    -1.648341    -1.349734    -1.037485    -0.717998    -0.398814    -0.088414     0.204042     0.469049     0.697177     0.879585     1.008598     1.078330     1.085289     1.028897     0.911854     0.740287     0.523618     0.274161     0.006439    -0.263703    -0.520127    -0.747453    -0.932051    -1.062855    -1.131949    -1.134872    -1.070640    -0.941525    -0.752627    -0.511326    -0.226664     0.091269     0.431914     0.784766     1.139828     1.487999     1.821410     2.133696     2.420196     2.678075     2.906331     3.105695     3.278402     3.427862     3.558255     3.674101     3.779836     3.879450     3.976209
   -1.846893    -3.604043    -3.513022    -3.418814    -3.318719    -3.209438    -3.087337    -2.948765    -2.790381    -2.609495    -2.404353    -2.174379    -1.920332    -1.644389    -1.350158    -1.042628    -0.728068    -0.413877    -0.108381     0.179427     0.440228     0.664792     0.844487     0.971844     1.041164     1.049103     0.995169     0.882072     0.715851     0.505747     0.263800     0.004183    -0.257656    -0.505993    -0.725846    -0.903935    -1.029469    -1.094722    -1.095326    -1.030306    -0.901861    -0.714965    -0.476825    -0.196292     0.116754     0.451965     0.799052     1.148228     1.490609     1.818534     2.125838     2.408043     2.662461     2.888197     3.086030     3.258185     3.408003     3.539546     3.657181     3.765174     3.867353     3.966841
   -1.845852    -3.599040    -3.505207    -3.408394    -3.306015    -3.194899    -3.071535    -2.932375    -2.774156    -2.594226    -2.390832    -2.163360    -1.912499    -1.640331    -1.350351    -1.047424    -0.737685    -0.428390    -0.127711     0.155530     0.412197     0.633259     0.810289     0.936021     1.004938     1.013838     0.962313     0.853076     0.692082     0.488391     0.253773     0.002064    -0.251679    -0.492133    -0.704705    -0.876455    -0.996863    -1.058387    -1.056752    -0.990990    -0.863234    -0.678331    -0.443321    -0.166861     0.141373     0.471249     0.812687     1.156117     1.492864     1.815475     2.117979     2.396068     2.647196     2.870561     3.066984     3.238669     3.388887     3.521580     3.640965     3.751145     3.855794     3.957900
   -1.844933    -3.594387    -3.497840    -3.398499    -3.293891    -3.180964    -3.056331    -2.916547    -2.758428    -2.579363    -2.377608    -2.152517    -1.904716    -1.636196    -1.350346    -1.051909    -0.746886    -0.442390    -0.146437     0.132318     0.384924     0.602547     0.776962     0.901102     0.969626     0.979471     0.930306     0.824847     0.668962     0.471535     0.244073     0.000077    -0.245771    -0.478542    -0.684021    -0.849599    -0.965020    -1.022922    -1.019124    -0.952665    -0.825613    -0.642691    -0.410775    -0.138331     0.165171     0.489809     0.825717     1.163539     1.494807     1.812271     2.110147     2.384292     2.632290     2.853423     3.048543     3.219832     3.370481     3.504316     3.625406     3.737699     3.844719     3.949334
   -1.844113    -3.590041    -3.490877    -3.389090    -3.282310    -3.167605    -3.041704    -2.901266    -2.743188    -2.564908    -2.364691    -2.141868    -1.897005    -1.632014    -1.350176    -1.056116    -0.755704    -0.455909    -0.164593     0.109759     0.358379     0.572627     0.744478     0.867059     0.935203     0.945977     0.899125     0.797364     0.646476     0.455167     0.234688    -0.001783    -0.239933    -0.465217    -0.663785    -0.823353    -0.933922    -0.988307    -0.982418    -0.915302    -0.788966    -0.608011    -0.379151    -0.110663     0.188187     0.507687     0.838186     1.170535     1.496476     1.808954     2.102368     2.372733     2.617750     2.836778     3.030693     3.201647     3.352752     3.487714     3.610460     3.724789     3.834083     3.941094
   -1.843373    -3.585963    -3.484280    -3.380129    -3.271239    -3.154791    -3.027629    -2.886516    -2.728430    -2.550861    -2.352089    -2.131426    -1.889389    -1.627809    -1.349869    -1.060076    -0.764170    -0.468979    -0.182209     0.087823     0.332532     0.543470     0.712810     0.833868     0.901644     0.913333     0.868751     0.770610     0.624606     0.439274     0.225612    -0.003520    -0.234165    -0.452152    -0.643989    -0.797704    -0.903553    -0.954521    -0.946610    -0.878877    -0.753265    -0.574259    -0.348415    -0.083819     0.210461     0.524925     0.850132     1.177144     1.497906     1.805556     2.094668     2.361404     2.603580     2.820621     3.013419     3.184091     3.335668     3.471737     3.596087     3.712371     3.823840     3.933138
   -1.842695    -3.582116    -3.478013    -3.371582    -3.260645    -3.142495    -3.014085    -2.872282    -2.714145    -2.537220    -2.339807    -2.121205    -1.881885    -1.623604    -1.349450    -1.063816    -0.772314    -0.481630    -0.199315     0.066481     0.307355     0.515050     0.681933     0.801503     0.868925     0.881518     0.839162     0.744566     0.603337     0.423843     0.216834    -0.005139    -0.228468    -0.439344    -0.624623    -0.772640    -0.873895    -0.921545    -0.911678    -0.843361    -0.718481    -0.541405    -0.318532    -0.057765     0.232029     0.541559     0.861594     1.183402     1.499129     1.802103     2.087064     2.350319     2.589785     2.804946     2.996706     3.167140     3.319197     3.456349     3.582247     3.700407     3.813952     3.925428
   -1.842061    -3.578465    -3.472042    -3.363416    -3.250500    -3.130689    -3.001049    -2.858546    -2.700324    -2.523983    -2.327851    -2.111216    -1.874510    -1.619420    -1.348944    -1.067363    -0.780163    -0.493889    -0.215939     0.045707     0.282823     0.487342     0.651821     0.769941     0.837024     0.850509     0.810338     0.719212     0.582653     0.408861     0.208345    -0.006645    -0.222842    -0.426788    -0.605678    -0.748147    -0.844933    -0.889357    -0.877597    -0.808731    -0.684586    -0.509418    -0.289471    -0.032467     0.252927     0.557626     0.872606     1.189342     1.500176     1.798619     2.079577     2.339487     2.576364     2.789746     2.980536     3.150771     3.303311     3.441516     3.568903     3.688857     3.804382     3.917927
   -1.841458    -3.574981    -3.466335    -3.355600    -3.240772    -3.119349    -2.988500    -2.845294    -2.686957    -2.511148    -2.316224    -2.101469    -1.867278    -1.615277    -1.348373    -1.070741    -0.787742    -0.505782    -0.232104     0.025476     0.258911     0.460322     0.622451     0.739158     0.805919     0.820285     0.782259     0.694531     0.562539     0.394316     0.200137    -0.008042    -0.217286    -0.414480    -0.587147    -0.724213    -0.816649    -0.857940    -0.844347    -0.774961    -0.651553    -0.478268    -0.261201    -0.007892     0.273188     0.573157     0.883200     1.194994     1.501073     1.795128     2.072221     2.328917     2.563320     2.775011     2.964895     3.134959     3.287982     3.427206     3.556023     3.677689     3.795096     3.910605
   -1.840871    -3.571636    -3.460865    -3.348105    -3.231436    -3.108449    -2.976417    -2.832508    -2.674032    -2.498710    -2.304927    -2.091970    -1.860202    -1.611190    -1.347757    -1.073972    -0.795075    -0.517332    -0.247837     0.005762     0.235595     0.433965     0.593800     0.709132     0.775586     0.790824     0.754904     0.670505     0.542978     0.380196     0.192201    -0.009336    -0.211801    -0.402415    -0.569019    -0.700824    -0.789027    -0.827273    -0.811905    -0.742027    -0.619356    -0.447929    -0.233693     0.015989     0.292842     0.588186     0.893408     1.200386     1.501845     1.791649     2.065011     2.318615     2.550649     2.760734     2.949766     3.119684     3.273181     3.413388     3.543574     3.666871     3.786063     3.903432
   -1.840289    -3.568403    -3.455603    -3.340906    -3.222465    -3.097966    -2.964780    -2.820174    -2.661541    -2.486663    -2.293962    -2.082726    -1.853294    -1.607175    -1.347114    -1.077077    -0.802183    -0.528563    -0.263160    -0.013456     0.212852     0.408251     0.565846     0.679841     0.746006     0.762107     0.728255     0.647116     0.523955     0.366488     0.184529    -0.010529    -0.206387    -0.390588    -0.551287    -0.677968    -0.762052    -0.797337    -0.780250    -0.709906    -0.587969    -0.418374    -0.206918     0.039207     0.311920     0.602740     0.903257     1.205544     1.502514     1.788198     2.057956     2.308586     2.538351     2.746903     2.935132     3.104923     3.258882     3.400034     3.531526     3.656373     3.777257     3.896385
   -1.839701    -3.565259    -3.450526    -3.333977    -3.213835    -3.087876    -2.953570    -2.808276    -2.649471    -2.475002    -2.283327    -2.073742    -1.846561    -1.603245    -1.346460    -1.080073    -0.809086    -0.539496    -0.278093    -0.032200     0.190662     0.383156     0.538568     0.651265     0.717157     0.734113     0.702292     0.624347     0.505457     0.353180     0.177113    -0.011626    -0.201043    -0.378995    -0.533941    -0.655634    -0.735708    -0.768114    -0.749361    -0.678574    -0.557369    -0.389576    -0.180851     0.061789     0.330448     0.616847     0.912772     1.210492     1.503100     1.784793     2.051068     2.298833     2.526420     2.733510     2.920977     3.090654     3.245062     3.387117     3.519851     3.646168     3.768652     3.889439
   -1.839098    -3.562184    -3.445612    -3.327294    -3.205524    -3.078160    -2.942767    -2.796797    -2.637812    -2.463721    -2.273022    -2.065020    -1.840013    -1.599412    -1.345809    -1.082978    -0.815804    -0.550149    -0.292658    -0.050490     0.169003     0.358662     0.511946     0.623383     0.689019     0.706823     0.676998     0.602181     0.487467     0.340262     0.169944    -0.012632    -0.195768    -0.367632    -0.516973    -0.633808    -0.709980    -0.739587    -0.719217    -0.648010    -0.527532    -0.361512    -0.155464     0.083760     0.348455     0.630533     0.921980     1.215252     1.503621     1.781445     2.044354     2.289358     2.514852     2.720543     2.907285     3.076858     3.231696     3.374612     3.508526     3.636232     3.760226     3.882575
   -1.838471    -3.559159    -3.440839    -3.320837    -3.197509    -3.068796    -2.932352    -2.785724    -2.626553    -2.452813    -2.263043    -2.056564    -1.833656    -1.595686    -1.345176    -1.085808    -0.822352    -0.560541    -0.306872    -0.068345     0.147857     0.334749     0.485959     0.596175     0.661574     0.680217     0.652354     0.580602     0.469973     0.327721     0.163015    -0.013550    -0.190564    -0.356494    -0.500376    -0.612478    -0.684851    -0.711736    -0.689799    -0.618192    -0.498434    -0.334155    -0.130734     0.105147     0.365963     0.643822     0.930900     1.219843     1.504094     1.778167     2.037821     2.280161     2.503643     2.707991     2.894040     3.063514     3.218762     3.362495     3.497524     3.626543     3.751958     3.875776
   -1.837813    -3.556166    -3.436189    -3.314586    -3.189771    -3.059764    -2.922309    -2.775040    -2.615681    -2.442270    -2.253389    -2.048375    -1.827494    -1.592075    -1.344572    -1.088576    -0.828746    -0.570688    -0.320753    -0.085783     0.127206     0.311398     0.460590     0.569622     0.634801     0.654278     0.628343     0.559594     0.452960     0.315547     0.156318    -0.014383    -0.185430    -0.345576    -0.484139    -0.591633    -0.660308    -0.684545    -0.661087    -0.589099    -0.470053    -0.307485    -0.106636     0.125972     0.382998     0.656737     0.939556     1.224283     1.504534     1.774970     2.031474     2.271243     2.492786     2.695843     2.881227     3.050602     3.206238     3.350743     3.486825     3.617079     3.743830     3.869025
   -1.837118    -3.553192    -3.431646    -3.308521    -3.182290    -3.051047    -2.912621    -2.764732    -2.605185    -2.432085    -2.244056    -2.040452    -1.821533    -1.588587    -1.344006    -1.091294    -0.835002    -0.580606    -0.334317    -0.102821     0.107031     0.288591     0.435819     0.543706     0.608683     0.628987     0.604947     0.539140     0.436414     0.303728     0.149846    -0.015136    -0.180365    -0.334875    -0.468256    -0.571262    -0.636336    -0.657996    -0.633063    -0.560710    -0.442368    -0.281478    -0.083149     0.146258     0.399580     0.669297     0.947965     1.228590     1.504953     1.771861     2.025316     2.262601     2.482274     2.684088     2.868829     3.038105     3.194103     3.339336     3.476408     3.607822     3.735826     3.862311
   -1.836380    -3.550222    -3.427193    -3.302626    -3.175049    -3.042626    -2.903270    -2.754785    -2.595055    -2.422249    -2.235038    -2.032796    -1.815775    -1.585228    -1.343489    -1.093975    -0.841131    -0.590310    -0.347580    -0.119475     0.087316     0.266311     0.411630     0.518409     0.583201     0.604327     0.582149     0.519226     0.420322     0.292255     0.143591    -0.015813    -0.175368    -0.324386    -0.452718    -0.551352    -0.612920    -0.632074    -0.605707    -0.533006    -0.415358    -0.256113    -0.060250     0.166028     0.415731     0.681524     0.956145     1.232777     1.505362     1.768848     2.019351     2.254234     2.472102     2.672715     2.856832     3.026005     3.182339     3.328252     3.466254     3.598756     3.727930     3.855621
   -1.835596    -3.547244    -3.422816    -3.296886    -3.168031    -3.034486    -2.894241    -2.745185    -2.585278    -2.412755    -2.226332    -2.025405    -1.810222    -1.582004    -1.343028    -1.096628    -0.847146    -0.599812    -0.360556    -0.135760     0.068045     0.244541     0.388005     0.493714     0.558339     0.580280     0.559933     0.499836     0.404671     0.281116     0.137545    -0.016416    -0.170441    -0.314106    -0.437518    -0.531892    -0.590046    -0.606761    -0.579002    -0.505968    -0.389004    -0.231370    -0.037919     0.185300     0.431469     0.693435     0.964113     1.236859     1.505773     1.765938     2.013580     2.246138     2.462260     2.661711     2.845221     3.014284     3.170927     3.317475     3.456346     3.589863     3.720132     3.848945
   -1.834760    -3.544250    -3.418503    -3.291285    -3.161221    -3.026610    -2.885520    -2.735918    -2.575843    -2.403593    -2.217931    -2.018277    -1.804875    -1.578920    -1.342630    -1.099262    -0.853057    -0.609125    -0.373258    -0.151691     0.049204     0.223267     0.364927     0.469604     0.534078     0.556829     0.538284     0.480956     0.389448     0.270302     0.131704    -0.016949    -0.165581    -0.304028    -0.422647    -0.512873    -0.567701    -0.582043    -0.552930    -0.479576    -0.363284    -0.207229    -0.016137     0.204094     0.446815     0.705047     0.971883     1.240848     1.506193     1.763136     2.008004     2.238311     2.452742     2.651065     2.833981     3.002926     3.159849     3.306987     3.446667     3.581132     3.712418     3.842276
   -1.833870    -3.541228    -3.414242    -3.285811    -3.154605    -3.018984    -2.877091    -2.726971    -2.566739    -2.394755    -2.209831    -2.011410    -1.799736    -1.575977    -1.342301    -1.101886    -0.858875    -0.618260    -0.385699    -0.167281     0.030778     0.202472     0.342382     0.446062     0.510403     0.533959     0.517185     0.462571     0.374641     0.259803     0.126058    -0.017416    -0.160789    -0.294150    -0.408098    -0.494282    -0.545872    -0.557902    -0.527474    -0.453812    -0.338182    -0.183670     0.005117     0.222429     0.461784     0.716375     0.979470     1.244754     1.506632     1.760445     2.002623     2.230748     2.443539     2.640766     2.823099     2.991916     3.149089     3.296772     3.437203     3.572547     3.704779     3.835606
   -1.832924    -3.538173    -3.410024    -3.280452    -3.148168    -3.011593    -2.868941    -2.718332    -2.557954    -2.386233    -2.202024    -2.004799    -1.794803    -1.573179    -1.342045    -1.104506    -0.864608    -0.627227    -0.397891    -0.182542     0.012753     0.182142     0.320354     0.423073     0.487298     0.511653     0.496621     0.444668     0.360238     0.249609     0.120603    -0.017819    -0.156064    -0.284468    -0.393863    -0.476109    -0.524545    -0.534324    -0.502617    -0.428660    -0.313677    -0.160675     0.025859     0.240323     0.476393     0.727436     0.986885     1.248588     1.507094     1.757868     1.997436     2.223444     2.434644     2.630803     2.812560     2.981237     3.138631     3.286814     3.427940     3.564100     3.697207     3.828930
   -1.831920    -3.535077    -3.405840    -3.275196    -3.141898    -3.004425    -2.861056    -2.709989    -2.549479    -2.378017    -2.194506    -1.998443    -1.790076    -1.570528    -1.341868    -1.107129    -0.870265    -0.636037    -0.409844    -0.197488    -0.004884     0.162264     0.298828     0.400622     0.464747     0.489896     0.476578     0.427233     0.346228     0.239711     0.115332    -0.018161    -0.151406    -0.274977    -0.379936    -0.458344    -0.503707    -0.511295    -0.478343    -0.404101    -0.289754    -0.138227     0.046108     0.257791     0.490658     0.738241     0.994140     1.252359     1.507587     1.755409     1.992442     2.216395     2.426047     2.621164     2.802352     2.970875     3.128462     3.277100     3.418866     3.555778     3.689693     3.822243
   -1.830856    -3.531935    -3.401681    -3.270034    -3.135785    -2.997466    -2.853425    -2.701928    -2.541302    -2.370099    -2.187268    -1.992335    -1.785554    -1.568024    -1.341772    -1.109761    -0.875853    -0.644698    -0.421569    -0.212128    -0.022146     0.142823     0.277790     0.378693     0.442735     0.468674     0.457040     0.410252     0.332598     0.230100     0.110238    -0.018445    -0.146814    -0.265674    -0.366308    -0.440977    -0.483346    -0.488800    -0.454637    -0.380118    -0.266394    -0.116309     0.065879     0.274849     0.504593     0.748805     1.001247     1.256074     1.508115     1.753068     1.987639     2.209595     2.417741     2.611839     2.792461     2.960818     3.118566     3.267617     3.409969     3.547573     3.682232     3.815542
   -1.829731    -3.528743    -3.397540    -3.264956    -3.129816    -2.990706    -2.846034    -2.694138    -2.533413    -2.362469    -2.180305    -1.986473    -1.781233    -1.565669    -1.341761    -1.112406    -0.881378    -0.653218    -0.433075    -0.226474    -0.039043     0.123807     0.257226     0.357273     0.421247     0.447970     0.437995     0.393713     0.319337     0.220768     0.105315    -0.018675    -0.142287    -0.256554    -0.352973    -0.423998    -0.463450    -0.466825    -0.431483    -0.356697    -0.243582    -0.094904     0.085189     0.291513     0.518212     0.759139     1.008213     1.259741     1.508682     1.750846     1.983024     2.203038     2.409717     2.602816     2.782875     2.951051     3.108931     3.258352     3.401239     3.539477     3.674818     3.808824
   -1.828545    -3.525496    -3.393411    -3.259954    -3.123983    -2.984132    -2.838873    -2.686609    -2.525801    -2.355119    -2.173609    -1.980851    -1.777113    -1.563461    -1.341835    -1.115068    -0.886846    -0.661605    -0.444371    -0.240537    -0.055588     0.105204     0.237123     0.336347     0.400269     0.427772     0.419428     0.377602     0.306436     0.211704     0.100558    -0.018852    -0.137826    -0.247614    -0.339924    -0.407398    -0.444007    -0.445356    -0.408866    -0.333821    -0.221300    -0.073997     0.104053     0.307797     0.531527     0.769254     1.015050     1.263366     1.509291     1.748744     1.978595     2.196719     2.401967     2.594085     2.773582     2.941562     3.099544     3.249294     3.392665     3.531482     3.667445     3.802087
   -1.827299    -3.522192    -3.389289    -3.255020    -3.118275    -2.977736    -2.831931    -2.679329    -2.518456    -2.348041    -2.167173    -1.975465    -1.773190    -1.561401    -1.341997    -1.117751    -0.892262    -0.669865    -0.455466    -0.254325    -0.071791     0.087002     0.217469     0.315902     0.379787     0.408064     0.401326     0.361909     0.293882     0.202903     0.095961    -0.018980    -0.133428    -0.238849    -0.327155    -0.391167    -0.425005    -0.424380    -0.386771    -0.311475    -0.199535    -0.053571     0.122486     0.323713     0.544551     0.779160     1.021764     1.266955     1.509946     1.746761     1.974348     2.190631     2.394481     2.585636     2.764572     2.932339     3.090394     3.240432     3.384240     3.523581     3.660111     3.795331
   -1.825991    -3.518829    -3.385170    -3.250148    -3.112685    -2.971506    -2.825197    -2.672289    -2.511369    -2.341224    -2.160991    -1.970309    -1.769461    -1.559486    -1.342248    -1.120457    -0.897632    -0.678006    -0.466367    -0.267848    -0.087663     0.069189     0.198250     0.295925     0.359788     0.388835     0.383676     0.346621     0.281667     0.194354     0.091519    -0.019060    -0.129095    -0.230257    -0.314658    -0.375295    -0.406433    -0.403884    -0.365185    -0.289643    -0.178271    -0.033614     0.140500     0.339276     0.557295     0.788867     1.028363     1.270511     1.510648     1.744897     1.970281     2.184769     2.387252     2.577458     2.755831     2.923370     3.081470     3.231758     3.375956     3.515770     3.652812     3.788555
   -1.824624    -3.515406    -3.381049    -3.245332    -3.107204    -2.965434    -2.818661    -2.665477    -2.504530    -2.334662    -2.155054    -1.965377    -1.765922    -1.557717    -1.342588    -1.123189    -0.902959    -0.686032    -0.477081    -0.281114    -0.103214     0.051753     0.179455     0.276403     0.340258     0.370070     0.366465     0.331726     0.269779     0.186051     0.087227    -0.019096    -0.124825    -0.221834    -0.302427    -0.359775    -0.388279    -0.383855    -0.344094    -0.268313    -0.157493    -0.014110     0.158110     0.354497     0.569770     0.798384     1.034853     1.274041     1.511400     1.743150     1.966388     2.179126     2.380271     2.569543     2.747350     2.914646     3.072762     3.223261     3.367805     3.508043     3.645546     3.781759
   -1.823197    -3.511921    -3.376923    -3.240566    -3.101825    -2.959511    -2.812315    -2.658884    -2.497929    -2.328344    -2.149356    -1.960664    -1.762570    -1.556090    -1.343018    -1.125950    -0.908247    -0.693949    -0.487616    -0.294133    -0.118453     0.034686     0.161071     0.257324     0.321185     0.351757     0.349681     0.317214     0.258210     0.177986     0.083078    -0.019089    -0.120617    -0.213576    -0.290457    -0.344596    -0.370534    -0.364282    -0.323484    -0.247470    -0.137188     0.004954     0.175329     0.369388     0.581986     0.807719     1.041241     1.277546     1.512201     1.741520     1.962666     2.173696     2.373531     2.561879     2.739119     2.906154     3.064259     3.214934     3.359780     3.500395     3.638310     3.774943
   -1.821712    -3.508374    -3.372789    -3.235845    -3.096542    -2.953729    -2.806148    -2.652502    -2.491558    -2.322264    -2.143890    -1.956164    -1.759400    -1.554603    -1.343536    -1.128739    -0.913500    -0.701761    -0.497977    -0.306911    -0.133389     0.017975     0.143089     0.238675     0.302556     0.333884     0.333313     0.303073     0.246950     0.170151     0.079069    -0.019043    -0.116472    -0.205479    -0.278740    -0.329752    -0.353187    -0.345151    -0.303343    -0.227100    -0.117341     0.023592     0.192169     0.383959     0.593952     0.816880     1.047533     1.281031     1.513053     1.740003     1.959111     2.168472     2.367022     2.554458     2.731127     2.897886     3.055953     3.206768     3.351875     3.492823     3.631103     3.768110
   -1.820170    -3.504765    -3.368646    -3.231165    -3.091348    -2.948081    -2.800153    -2.646321    -2.485407    -2.316412    -2.138648    -1.951872    -1.756409    -1.553255    -1.344142    -1.131559    -0.918719    -0.709474    -0.508171    -0.319455    -0.148031     0.001612     0.125497     0.220446     0.284359     0.316438     0.317348     0.289292     0.235989     0.162539     0.075195    -0.018958    -0.112387    -0.197541    -0.267270    -0.315232    -0.336227    -0.326452    -0.283657    -0.207191    -0.097941     0.041815     0.208641     0.398222     0.605677     0.825873     1.053732     1.284498     1.513957     1.738599     1.955718     2.163449     2.360737     2.547271     2.723366     2.889833     3.047835     3.198757     3.344085     3.485323     3.623924     3.761260
   -1.818572    -3.501095    -3.364491    -3.226522    -3.086238    -2.942559    -2.794321    -2.640333    -2.479469    -2.310782    -2.133624    -1.947781    -1.753592    -1.552042    -1.344836    -1.134411    -0.923908    -0.717092    -0.518204    -0.331774    -0.162388    -0.014413     0.108284     0.202624     0.266583     0.299408     0.301775     0.275862     0.225319     0.155143     0.071450    -0.018837    -0.108364    -0.189758    -0.256043    -0.301030    -0.319644    -0.308172    -0.264415    -0.187729    -0.078975     0.059635     0.224757     0.412187     0.617170     0.834706     1.059845     1.287950     1.514911     1.737304     1.952484     2.158619     2.354668     2.540309     2.715826     2.881985     3.039898     3.190893     3.336406     3.477893     3.616773     3.754394
   -1.816921    -3.497366    -3.360323    -3.221913    -3.081206    -2.937158    -2.788646    -2.634529    -2.473735    -2.305364    -2.128809    -1.943886    -1.750944    -1.550962    -1.345616    -1.137293    -0.929069    -0.724617    -0.528080    -0.343874    -0.176467    -0.030110     0.091440     0.185200     0.249216     0.282782     0.286584     0.262773     0.214932     0.147957     0.067831    -0.018682    -0.104400    -0.182126    -0.245052    -0.287138    -0.303430    -0.290302    -0.245605    -0.168703    -0.060430     0.077065     0.240527     0.425863     0.628440     0.843385     1.065875     1.291388     1.515917     1.736117     1.949402     2.153976     2.348809     2.533563     2.708497     2.874334     3.032133     3.183171     3.328832     3.470529     3.609649     3.747516
   -1.815217    -3.493577    -3.356142    -3.217336    -3.076249    -2.931870    -2.783119    -2.628902    -2.468197    -2.300151    -2.124198    -1.940181    -1.748461    -1.550011    -1.346480    -1.140208    -0.934203    -0.732054    -0.537804    -0.355761    -0.190276    -0.045487     0.074956     0.168161     0.232247     0.266549     0.271764     0.250013     0.204819     0.140975     0.064333    -0.018495    -0.100496    -0.174642    -0.234291    -0.273547    -0.287573    -0.272830    -0.227214    -0.150101    -0.042294     0.094116     0.255962     0.439259     0.639492     0.851915     1.071825     1.294814     1.516972     1.735034     1.946469     2.149515     2.343150     2.527027     2.701373     2.866872     3.024534     3.175584     3.321359     3.463230     3.602551     3.740627
   -1.813463    -3.489730    -3.351946    -3.212786    -3.071361    -2.926691    -2.777734    -2.623444    -2.462847    -2.295136    -2.119783    -1.936660    -1.746138    -1.549186    -1.347427    -1.143155    -0.939312    -0.739406    -0.547381    -0.367440    -0.203822    -0.060553     0.058821     0.151499     0.215666     0.250700     0.257304     0.237575     0.194971     0.134188     0.060952    -0.018278    -0.096650    -0.167304    -0.223755    -0.260250    -0.272066    -0.255747    -0.209233    -0.131911    -0.024556     0.110799     0.271072     0.452383     0.650336     0.860302     1.077699     1.298230     1.518077     1.734053     1.943681     2.145229     2.337685     2.520690     2.694445     2.859592     3.017094     3.168128     3.313984     3.455995     3.595481     3.733729
   -1.811661    -3.485828    -3.347735    -3.208263    -3.066540    -2.921614    -2.772485    -2.618149    -2.457678    -2.290311    -2.115558    -1.933316    -1.743971    -1.548484    -1.348454    -1.146133    -0.944397    -0.746674    -0.556816    -0.378919    -0.217113    -0.075316     0.043027     0.135202     0.199462     0.235222     0.243195     0.225449     0.185382     0.127593     0.057683    -0.018032    -0.092862    -0.160108    -0.213440    -0.247240    -0.256899    -0.239040    -0.191650    -0.114122    -0.007206     0.127124     0.285867     0.465246     0.660976     0.868551     1.083501     1.301636     1.519231     1.733170     1.941032     2.141112     2.332407     2.514547     2.687706     2.852486     3.009807     3.160797     3.306704     3.448820     3.588439     3.726825
   -1.809813    -3.481873    -3.343510    -3.203764    -3.061780    -2.916635    -2.767365    -2.613008    -2.452683    -2.285669    -2.111516    -1.930145    -1.741954    -1.547901    -1.349561    -1.149141    -0.949459    -0.753863    -0.566112    -0.390202    -0.230155    -0.089784     0.027565     0.119262     0.183625     0.220106     0.229426     0.213626     0.176043     0.121182     0.054524    -0.017760    -0.089131    -0.153051    -0.203338    -0.234509    -0.242064    -0.222702    -0.174454    -0.096723     0.009768     0.143101     0.300355     0.477853     0.671421     0.876666     1.089233     1.305033     1.520431     1.732384     1.938517     2.137158     2.327309     2.508590     2.681147     2.845547     3.002666     3.153587     3.299515     3.441706     3.581425     3.719917
   -1.807921    -3.477866    -3.339270    -3.199287    -3.057079    -2.911750    -2.762369    -2.608017    -2.447855    -2.281204    -2.107650    -1.927140    -1.740083    -1.547434    -1.350744    -1.152180    -0.954499    -0.760974    -0.575274    -0.401294    -0.242955    -0.103965     0.012425     0.103669     0.168144     0.205342     0.215988     0.202098     0.166946     0.114950     0.051469    -0.017462    -0.085457    -0.146130    -0.193446    -0.222052    -0.227552    -0.206722    -0.157636    -0.079703     0.026377     0.158740     0.314546     0.490212     0.681675     0.884652     1.094897     1.308422     1.521678     1.731690     1.936133     2.133361     2.322384     2.502811     2.674763     2.838770     2.995667     3.146494     3.292415     3.434652     3.574441     3.713009
   -1.805986    -3.473809    -3.335017    -3.194833    -3.052435    -2.906953    -2.757491    -2.603168    -2.443186    -2.276909    -2.103954    -1.924295    -1.738353    -1.547079    -1.352002    -1.155248    -0.959518    -0.768009    -0.584304    -0.412202    -0.255520    -0.117867    -0.002400     0.088413     0.153012     0.190921     0.202872     0.190855     0.158086     0.108891     0.048516    -0.017140    -0.081839    -0.139343    -0.183759    -0.209860    -0.213354    -0.191091    -0.141185    -0.063053     0.042629     0.174050     0.328447     0.502332     0.691745     0.892513     1.100496     1.311802     1.522969     1.731086     1.933875     2.129716     2.317626     2.497204     2.668546     2.832148     2.988804     3.139514     3.285402     3.427655     3.567486     3.706103
   -1.804011    -3.469706    -3.330750    -3.190398    -3.047844    -2.902241    -2.752726    -2.598455    -2.438672    -2.272777    -2.100422    -1.921605    -1.736760    -1.546832    -1.353331    -1.158345    -0.964516    -0.774971    -0.593207    -0.422928    -0.267854    -0.131496    -0.016919     0.073486     0.138217     0.176832     0.190069     0.179891     0.149454     0.103001     0.045662    -0.016796    -0.078276    -0.132686    -0.174271    -0.197928    -0.199464    -0.175800    -0.125092    -0.046763     0.058535     0.189041     0.342068     0.514219     0.701636     0.900252     1.106031     1.315176     1.524303     1.730568     1.931737     2.126216     2.313029     2.491763     2.662491     2.825675     2.982073     3.132643     3.278472     3.420717     3.560563     3.699201
   -1.801999    -3.465558    -3.326471    -3.185983    -3.043304    -2.897610    -2.748069    -2.593874    -2.434305    -2.268802    -2.097048    -1.919065    -1.735298    -1.546690    -1.354730    -1.161468    -0.969493    -0.781861    -0.601985    -0.433479    -0.279965    -0.144859    -0.031139     0.058880     0.123752     0.163068     0.177571     0.169196     0.141045     0.097273     0.042901    -0.016431    -0.074767    -0.126157    -0.164979    -0.186249    -0.185873    -0.160841    -0.109347    -0.030822     0.074103     0.203721     0.355415     0.525878     0.711353     0.907874     1.111505     1.318541     1.525678     1.730133     1.929717     2.122857     2.308586     2.486480     2.656590     2.819346     2.975468     3.125877     3.271625     3.413836     3.553672     3.692306
   -1.799951    -3.461369    -3.322180    -3.181587    -3.038813    -2.893057    -2.743516    -2.589418    -2.430080    -2.264977    -2.093825    -1.916668    -1.733963    -1.546649    -1.356196    -1.164618    -0.974450    -0.788680    -0.610641    -0.443857    -0.291857    -0.157964    -0.045069     0.044585     0.109607     0.149620     0.165368     0.158763     0.132851     0.091702     0.040232    -0.016047    -0.071313    -0.119752    -0.155877    -0.174817    -0.172573    -0.146204    -0.093941    -0.015223     0.089344     0.218099     0.368497     0.537318     0.720900     0.915381     1.116919     1.321899     1.527093     1.729779     1.927808     2.119634     2.304292     2.481351     2.650839     2.813156     2.968986     3.119214     3.264858     3.407012     3.546814     3.685422
   -1.797869    -3.457141    -3.317879    -3.177210    -3.034369    -2.888579    -2.739062    -2.585082    -2.425991    -2.261298    -2.090749    -1.914410    -1.732750    -1.546706    -1.357727    -1.167792    -0.979386    -0.795430    -0.619179    -0.454069    -0.303537    -0.170816    -0.058716     0.030594     0.095774     0.136478     0.153453     0.148586     0.124866     0.086285     0.037651    -0.015644    -0.067911    -0.113470    -0.146960    -0.163625    -0.159557    -0.131881    -0.078865     0.000045     0.104265     0.232183     0.381320     0.548543     0.730284     0.922776     1.122274     1.325249     1.528546     1.729501     1.926008     2.116540     2.300141     2.476370     2.645232     2.807100     2.962623     3.112651     3.258170     3.400245     3.539992     3.678550
   -1.795756    -3.452876    -3.313568    -3.172850    -3.029970    -2.884171    -2.734704    -2.580862    -2.422032    -2.257757    -2.087812    -1.912286    -1.731655    -1.546856    -1.359319    -1.170990    -0.984302    -0.802113    -0.627601    -0.464116    -0.315009    -0.183423    -0.072087     0.016899     0.082246     0.123635     0.141818     0.138656     0.117085     0.081015     0.035154    -0.015225    -0.064562    -0.107308    -0.138226    -0.152669    -0.146819    -0.117865    -0.064111     0.014990     0.118876     0.245980     0.393892     0.559560     0.739508     0.930063     1.127572     1.328590     1.530035     1.729298     1.924311     2.113572     2.296128     2.471530     2.639764     2.801172     2.956374     3.106185     3.251559     3.393535     3.533205     3.671693
   -1.793613    -3.448578    -3.309249    -3.168508    -3.025615    -2.879833    -2.730437    -2.576753    -2.418199    -2.254351    -2.085011    -1.910289    -1.730673    -1.547095    -1.360970    -1.174209    -0.989197    -0.808729    -0.635909    -0.474004    -0.326278    -0.195790    -0.085188     0.003492     0.069012     0.111082     0.130455     0.128966     0.109500     0.075889     0.032740    -0.014789    -0.061265    -0.101263    -0.129669    -0.141941    -0.134350    -0.104147    -0.049670     0.029621     0.133184     0.259498     0.406220     0.570374     0.748575     0.937243     1.132814     1.331923     1.531558     1.729165     1.922714     2.110724     2.292248     2.466827     2.634429     2.795370     2.950236     3.099814     3.245025     3.386882     3.526455     3.664855
   -1.791443    -3.444249    -3.304924    -3.164184    -3.021303    -2.875560    -2.726258    -2.572750    -2.414486    -2.251073    -2.082339    -1.908416    -1.729800    -1.547422    -1.362678    -1.177449    -0.994072    -0.815280    -0.644106    -0.483736    -0.337350    -0.207923    -0.098028    -0.009635     0.056067     0.098813     0.119357     0.119510     0.102107     0.070901     0.030405    -0.014339    -0.058018    -0.095333    -0.121284    -0.131437    -0.122145    -0.090720    -0.035535     0.043945     0.147198     0.272746     0.418308     0.580990     0.757491     0.944321     1.138001     1.335247     1.533114     1.729100     1.921213     2.107992     2.288495     2.462256     2.629223     2.789688     2.944207     3.093535     3.238565     3.380285     3.519744     3.658037
   -1.789248    -3.439891    -3.300593    -3.159878    -3.017031    -2.871351    -2.722163    -2.568849    -2.410889    -2.247918    -2.079792    -1.906661    -1.729032    -1.547831    -1.364440    -1.180708    -0.998925    -0.821767    -0.652194    -0.493315    -0.348229    -0.219828    -0.110612    -0.022487     0.043402     0.086818     0.108516     0.110282     0.094899     0.066049     0.028146    -0.013876    -0.054822    -0.089515    -0.113070    -0.121151    -0.110197    -0.077577    -0.021697     0.057971     0.160924     0.285729     0.430165     0.591414     0.766259     0.951297     1.143134     1.338562     1.534700     1.729100     1.919803     2.105370     2.284864     2.457811     2.624142     2.784123     2.938282     3.087346     3.232179     3.373745     3.513073     3.651242
   -1.787030    -3.435508    -3.296258    -3.155590    -3.012800    -2.867204    -2.718150    -2.565046    -2.407402    -2.244881    -2.077365    -1.905019    -1.728363    -1.548319    -1.366254    -1.183984    -1.003757    -0.828190    -0.660175    -0.502746    -0.358919    -0.231511    -0.122947    -0.035074     0.031011     0.075091     0.097925     0.101274     0.087872     0.061327     0.025961    -0.013399    -0.051676    -0.083807    -0.105020    -0.111078    -0.098499    -0.064710    -0.008149     0.071706     0.174371     0.298454     0.441796     0.601650     0.774883     0.958175     1.148214     1.341866     1.536315     1.729161     1.918482     2.102856     2.281351     2.453488     2.619180     2.778670     2.932459     3.081245     3.225866     3.367262     3.506443     3.644472
   -1.784790    -3.431103    -3.291920    -3.151319    -3.008607    -2.863115    -2.714214    -2.561337    -2.404022    -2.241958    -2.075052    -1.903487    -1.727790    -1.548883    -1.368116    -1.187276    -1.008567    -0.834551    -0.668052    -0.512030    -0.369425    -0.242976    -0.135039    -0.047400     0.018885     0.063625     0.087577     0.092481     0.081020     0.056731     0.023847    -0.012911    -0.048578    -0.078207    -0.097132    -0.101213    -0.087045    -0.052112     0.005117     0.085157     0.187546     0.310929     0.453206     0.611704     0.783366     0.964956     1.153241     1.345160     1.537958     1.729282     1.917245     2.100444     2.277952     2.449283     2.614335     2.773327     2.926735     3.075230     3.219625     3.360837     3.499855     3.637730
   -1.782531    -3.426676    -3.287581    -3.147068    -3.004453    -2.859085    -2.710354    -2.557719    -2.400744    -2.239144    -2.072849    -1.902059    -1.727309    -1.549519    -1.370024    -1.190582    -1.013355    -0.840849    -0.675825    -0.521171    -0.379751    -0.254229    -0.146894    -0.059473     0.007018     0.052412     0.077467     0.083896     0.074337     0.052258     0.021802    -0.012413    -0.045529    -0.072712    -0.089401    -0.091550    -0.075829    -0.039777     0.018107     0.098333     0.200455     0.323159     0.464402     0.621578     0.791711     0.971642     1.158216     1.348442     1.539625     1.729459     1.916088     2.098130     2.274662     2.445192     2.609601     2.768090     2.921108     3.069300     3.213456     3.354468     3.493310     3.631017
   -1.780254    -3.422233    -3.283243    -3.142835    -3.000336    -2.855109    -2.706566    -2.554188    -2.397564    -2.236435    -2.070751    -1.900731    -1.726917    -1.550225    -1.371976    -1.193901    -1.018120    -0.847087    -0.683498    -0.530173    -0.389901    -0.265276    -0.158517    -0.071300    -0.004596     0.041447     0.067586     0.075514     0.067820     0.047904     0.019823    -0.011904    -0.042528    -0.067320    -0.081824    -0.082084    -0.064845    -0.027697     0.030829     0.111240     0.213105     0.335151     0.475388     0.631279     0.799922     0.978236     1.163140     1.351713     1.541316     1.729689     1.915009     2.095911     2.271477     2.441209     2.604976     2.762955     2.915574     3.063453     3.207356     3.348157     3.486810     3.624337
   -1.777962    -3.417774    -3.278906    -3.138621    -2.996256    -2.851188    -2.702849    -2.550741    -2.394478    -2.233826    -2.068755    -1.899499    -1.726608    -1.550996    -1.373969    -1.197230    -1.022861    -0.853263    -0.691072    -0.539038    -0.399879    -0.276120    -0.169915    -0.082886    -0.015965     0.030721     0.057930     0.067329     0.061463     0.043665     0.017908    -0.011387    -0.039573    -0.062030    -0.074398    -0.072812    -0.054087    -0.015868     0.043290     0.123884     0.225504     0.346911     0.486170     0.640810     0.808001     0.984738     1.168014     1.354971     1.543028     1.729970     1.914004     2.093782     2.268393     2.437332     2.600455     2.757920     2.910132     3.057686     3.201326     3.341904     3.480356     3.617690
   -1.775656    -3.413303    -3.274573    -3.134427    -2.992212    -2.847319    -2.699199    -2.547375    -2.391484    -2.231314    -2.066856    -1.898358    -1.726379    -1.551830    -1.376000    -1.200570    -1.027579    -0.859380    -0.698549    -0.547769    -0.409690    -0.286767    -0.181093    -0.094237    -0.027094     0.020230     0.048492     0.059336     0.055262     0.039537     0.016054    -0.010861    -0.036665    -0.056838    -0.067119    -0.063728    -0.043551    -0.004281     0.055495     0.136273     0.237656     0.358444     0.496753     0.650175     0.815952     0.991152     1.172837     1.358216     1.544761     1.730299     1.913070     2.091740     2.265406     2.433557     2.596036     2.752982     2.904779     3.052000     3.195366     3.335709     3.473949     3.611080
   -1.773337    -3.408821    -3.270244    -3.130253    -2.988203    -2.843502    -2.695614    -2.544086    -2.388576    -2.228893    -2.065049    -1.897306    -1.726228    -1.552723    -1.378068    -1.203917    -1.032272    -0.865437    -0.705929    -0.556368    -0.419336    -0.297221    -0.192057    -0.105360    -0.037989     0.009967     0.039266     0.051528     0.049211     0.035518     0.014260    -0.010328    -0.033802    -0.051742    -0.059983    -0.054827    -0.033230     0.007068     0.067452     0.148412     0.249569     0.369756     0.507141     0.659378     0.823777     0.997477     1.177611     1.361447     1.546511     1.730675     1.912203     2.089782     2.262513     2.429880     2.591714     2.748138     2.899513     3.046392     3.189473     3.329571     3.467589     3.604507
   -1.771008    -3.404332    -3.265921    -3.126099    -2.984230    -2.839734    -2.692092    -2.540872    -2.385752    -2.226562    -2.063332    -1.896337    -1.726149    -1.553672    -1.380170    -1.207271    -1.036941    -0.871435    -0.713216    -0.564838    -0.428821    -0.307487    -0.202811    -0.116260    -0.048658    -0.000074     0.030246     0.043902     0.043307     0.031604     0.012523    -0.009788    -0.030984    -0.046742    -0.052988    -0.046106    -0.023119     0.018185     0.079167     0.160309     0.261249     0.380853     0.517339     0.668422     0.831479     1.003717     1.182335     1.364663     1.548279     1.731093     1.911401     2.087905     2.259709     2.426298     2.587488     2.743385     2.894332     3.040860     3.183649     3.323493     3.461279     3.597974
   -1.768669    -3.399837    -3.261606    -3.121966    -2.980292    -2.836014    -2.688632    -2.537730    -2.383008    -2.224316    -2.061700    -1.895449    -1.726140    -1.554675    -1.382304    -1.210630    -1.041584    -0.877375    -0.720409    -0.573183    -0.438149    -0.317569    -0.213360    -0.126942    -0.059105    -0.009899     0.021428     0.036452     0.037546     0.027791     0.010842    -0.009243    -0.028211    -0.041834    -0.046129    -0.037561    -0.013213     0.029077     0.090645     0.171969     0.272700     0.391740     0.527353     0.677312     0.839060     1.009872     1.187010     1.367864     1.550062     1.731553     1.910661     2.086104     2.256993     2.422807     2.583353     2.738721     2.889235     3.035405     3.177892     3.317472     3.455018     3.591481
   -1.766323    -3.395338    -3.257300    -3.117855    -2.976388    -2.832342    -2.685231    -2.534658    -2.380342    -2.222151    -2.060150    -1.894638    -1.726197    -1.555728    -1.384467    -1.213992    -1.046200    -0.883256    -0.727511    -0.581403    -0.447322    -0.327471    -0.223710    -0.137413    -0.069335    -0.019513     0.012804     0.029173     0.031924     0.024077     0.009214    -0.008692    -0.025481    -0.037017    -0.039405    -0.029186    -0.003507     0.039749     0.101892     0.183397     0.283929     0.402421     0.537185     0.686051     0.846523     1.015943     1.191636     1.371049     1.551858     1.732051     1.909979     2.084376     2.254360     2.419404     2.579307     2.734144     2.884218     3.030024     3.172202     3.311511     3.448808     3.585032
   -1.763971    -3.390839    -3.253004    -3.113766    -2.972518    -2.828716    -2.681887    -2.531653    -2.377750    -2.220065    -2.058678    -1.893899    -1.726318    -1.556829    -1.386657    -1.217357    -1.050790    -0.889079    -0.734523    -0.589501    -0.456345    -0.337198    -0.233865    -0.147676    -0.079356    -0.028923     0.004371     0.022061     0.026435     0.020458     0.007638    -0.008136    -0.022794    -0.032290    -0.032812    -0.020978     0.006003     0.050206     0.112915     0.194600     0.294941     0.412903     0.546841     0.694641     0.853871     1.021933     1.196215     1.374218     1.553666     1.732586     1.909354     2.082720     2.251807     2.416087     2.575348     2.729650     2.879282     3.024717     3.166578     3.305608     3.442649     3.578626
   -1.761615    -3.386341    -3.248719    -3.109700    -2.968683    -2.825135    -2.678599    -2.528713    -2.375229    -2.218054    -2.057280    -1.893231    -1.726498    -1.557975    -1.388872    -1.220722    -1.055353    -0.894844    -0.741446    -0.597481    -0.465221    -0.346752    -0.243829    -0.157738    -0.089171    -0.038133    -0.003877     0.015110     0.021078     0.016932     0.006112    -0.007577    -0.020150    -0.027649    -0.026346    -0.012933     0.015323     0.060453     0.123718     0.205583     0.305741     0.423188     0.556324     0.703087     0.861105     1.027842     1.200745     1.377369     1.555485     1.733155     1.908782     2.081131     2.249332     2.412852     2.571473     2.725239     2.874423     3.019481     3.161020     3.299765     3.436542     3.572266
   -1.759255    -3.381845    -3.244447    -3.105657    -2.964881    -2.821598    -2.675365    -2.525835    -2.372778    -2.216115    -2.055954    -1.892629    -1.726736    -1.559163    -1.391110    -1.224086    -1.059888    -0.900553    -0.748281    -0.605343    -0.473952    -0.356139    -0.253608    -0.167603    -0.098786    -0.047148    -0.011944     0.008317     0.015847     0.013497     0.004634    -0.007014    -0.017547    -0.023093    -0.020006    -0.005047     0.024457     0.070496     0.134307     0.216351     0.316335     0.433283     0.565638     0.711392     0.868228     1.033672     1.205227     1.380503     1.557314     1.733757     1.908262     2.079608     2.246931     2.409698     2.567678     2.720907     2.869640     3.014317     3.155527     3.293980     3.430488     3.565953
   -1.756893    -3.377355    -3.240190    -3.101637    -2.961113    -2.818105    -2.672184    -2.523018    -2.370392    -2.214245    -2.054697    -1.892091    -1.727027    -1.560391    -1.393368    -1.227448    -1.064395    -0.906204    -0.755031    -0.613090    -0.482541    -0.365362    -0.263205    -0.177275    -0.108206    -0.055973    -0.019836     0.001677     0.010740     0.010148     0.003202    -0.006447    -0.014985    -0.018621    -0.013788     0.002684     0.033409     0.080339     0.144687     0.226910     0.326727     0.443192     0.574787     0.719557     0.875242     1.039423     1.209662     1.383618     1.559150     1.734390     1.907790     2.078147     2.244602     2.406620     2.563963     2.716654     2.864933     3.009224     3.150099     3.288255     3.424488     3.559687
   -1.754531    -3.372871    -3.235947    -3.097642    -2.957378    -2.814654    -2.669054    -2.520259    -2.368071    -2.212442    -2.053506    -1.891614    -1.727370    -1.561656    -1.395646    -1.230807    -1.068872    -0.911799    -0.761695    -0.620724    -0.490992    -0.374424    -0.272625    -0.186760    -0.117436    -0.064614    -0.027557    -0.004814     0.005752     0.006884     0.001815    -0.005879    -0.012464    -0.014231    -0.007689     0.010262     0.042184     0.089987     0.154864     0.237264     0.336922     0.452918     0.583776     0.727587     0.882149     1.045098     1.214050     1.386715     1.560993     1.735050     1.907365     2.076746     2.242342     2.403617     2.560325     2.712476     2.860298     3.004199     3.144736     3.282589     3.418542     3.553471
   -1.752169    -3.368395    -3.231721    -3.093671    -2.953676    -2.811245    -2.665974    -2.517557    -2.365811    -2.210702    -2.052377    -1.891194    -1.727762    -1.562956    -1.397941    -1.234161    -1.073320    -0.917338    -0.768275    -0.628247    -0.499307    -0.383328    -0.281872    -0.196062    -0.126481    -0.073075    -0.035112    -0.011159     0.000881     0.003702     0.000472    -0.005308    -0.009982    -0.009921    -0.001707     0.017693     0.050786     0.099445     0.164841     0.247419     0.346925     0.462466     0.592606     0.735485     0.888950     1.050696     1.218391     1.389792     1.562841     1.735738     1.906983     2.075403     2.240149     2.400686     2.556761     2.708373     2.855736     2.999243     3.139437     3.276982     3.412650     3.547304
   -1.749808    -3.363930    -3.227513    -3.089726    -2.950008    -2.807878    -2.662942    -2.514909    -2.363610    -2.209024    -2.051308    -1.890830    -1.728199    -1.564289    -1.400251    -1.237509    -1.077738    -0.922820    -0.774773    -0.635661    -0.507489    -0.392080    -0.290949    -0.205186    -0.135344    -0.081361    -0.042505    -0.017364    -0.003877     0.000599    -0.000830    -0.004736    -0.007540    -0.005689     0.004160     0.024978     0.059219     0.108718     0.174624     0.257379     0.356740     0.471841     0.601283     0.743252     0.895649     1.056220     1.222685     1.392849     1.564694     1.736451     1.906644     2.074115     2.238021     2.397825     2.553269     2.704342     2.851244     2.994355     3.134201     3.271435     3.406814     3.541189
   -1.747451    -3.359477    -3.223323    -3.085806    -2.946373    -2.804550    -2.659957    -2.512315    -2.361467    -2.207404    -2.050296    -1.890517    -1.728680    -1.565652    -1.402574    -1.240850    -1.082126    -0.928247    -0.781188    -0.642967    -0.515540    -0.400680    -0.299861    -0.214135    -0.144031    -0.089476    -0.049740    -0.023432    -0.008524    -0.002426    -0.002092    -0.004163    -0.005136    -0.001534     0.009917     0.032122     0.067487     0.117809     0.184217     0.267148     0.366372     0.481046     0.609808     0.750892     0.902246     1.061670     1.226933     1.395885     1.566549     1.737187     1.906346     2.072880     2.235954     2.395031     2.549848     2.700382     2.846822     2.989533     3.129029     3.265947     3.401033     3.535125
   -1.745097    -3.355037    -3.219153    -3.081913    -2.942771    -2.801263    -2.657019    -2.509772    -2.359378    -2.205841    -2.049339    -1.890255    -1.729201    -1.567044    -1.404910    -1.244183    -1.086483    -0.933618    -0.787523    -0.650169    -0.523463    -0.409134    -0.308611    -0.222914    -0.152546    -0.097424    -0.056821    -0.029366    -0.013065    -0.005376    -0.003314    -0.003590    -0.002771     0.002546     0.015563     0.039128     0.075594     0.126724     0.193625     0.276732     0.375824     0.490084     0.618186     0.758407     0.908744     1.067047     1.231134     1.398901     1.568407     1.737945     1.906085     2.071695     2.233947     2.392304     2.546495     2.696491     2.842467     2.984777     3.123919     3.260519     3.395308     3.529114
   -1.742748    -3.350613    -3.215004    -3.078046    -2.939201    -2.798015    -2.654125    -2.507278    -2.357342    -2.204331    -2.048434    -1.890040    -1.729762    -1.568462    -1.407255    -1.247506    -1.090808    -0.938934    -0.793778    -0.657266    -0.531260    -0.417443    -0.317204    -0.231526    -0.160894    -0.105209    -0.063753    -0.035170    -0.017502    -0.008254    -0.004499    -0.003016    -0.000443     0.006552     0.021104     0.045999     0.083544     0.135465     0.202852     0.286134     0.385101     0.498960     0.626420     0.765799     0.915144     1.072352     1.235290     1.401895     1.570265     1.738723     1.905861     2.070560     2.231999     2.389640     2.543209     2.692667     2.838179     2.980085     3.118871     3.255149     3.389639     3.523156
   -1.740405    -3.346204    -3.210876    -3.074207    -2.935665    -2.794805    -2.651276    -2.504833    -2.355358    -2.202874    -2.047580    -1.889869    -1.730359    -1.569904    -1.409609    -1.250820    -1.095101    -0.944195    -0.799954    -0.664262    -0.538935    -0.425611    -0.325641    -0.239977    -0.169077    -0.112836    -0.070538    -0.040847    -0.021838    -0.011061    -0.005648    -0.002442     0.001849     0.010486     0.026539     0.052738     0.091339     0.144038     0.211903     0.295359     0.394207     0.507678     0.634513     0.773072     0.921448     1.077586     1.239399     1.404867     1.572123     1.739520     1.905671     2.069471     2.230105     2.387037     2.539988     2.688910     2.833957     2.975458     3.113886     3.249839     3.384027     3.517252
   -1.738068    -3.341814    -3.206770    -3.070395    -2.932161    -2.791633    -2.648469    -2.502435    -2.353422    -2.201467    -2.046773    -1.889742    -1.730990    -1.571368    -1.411969    -1.254121    -1.099362    -0.949401    -0.806052    -0.671158    -0.546488    -0.433641    -0.333928    -0.248268    -0.177101    -0.120309    -0.077182    -0.046402    -0.026076    -0.013800    -0.006762    -0.001868     0.004104     0.014349     0.031873     0.059348     0.098985     0.152446     0.220781     0.304411     0.403146     0.516240     0.642466     0.780227     0.927657     1.082751     1.243463     1.407817     1.573980     1.740335     1.905513     2.068427     2.228266     2.384495     2.536830     2.685217     2.829800     2.970894     3.108961     3.244589     3.378471     3.511403
   -1.735739    -3.337442    -3.202688    -3.066611    -2.928691    -2.788499    -2.645704    -2.500083    -2.351535    -2.200107    -2.046012    -1.889655    -1.731653    -1.572853    -1.414336    -1.257410    -1.103591    -0.954553    -0.812074    -0.677954    -0.553924    -0.441536    -0.342067    -0.256405    -0.184968    -0.127631    -0.083687    -0.051836    -0.030217    -0.016472    -0.007842    -0.001296     0.006323     0.018143     0.037107     0.065831     0.106484     0.160693     0.229491     0.313294     0.411922     0.524650     0.650285     0.787266     0.933774     1.087846     1.247482     1.410744     1.575835     1.741165     1.905387     2.067426     2.226479     2.382010     2.533734     2.681588     2.825705     2.966392     3.104098     3.239397     3.372973     3.505608
   -1.733418    -3.333091    -3.198630    -3.062855    -2.925253    -2.785402    -2.642980    -2.497774    -2.349693    -2.198793    -2.045295    -1.889606    -1.732346    -1.574356    -1.416706    -1.260686    -1.107786    -0.959650    -0.818019    -0.684654    -0.561242    -0.449299    -0.350061    -0.264390    -0.192683    -0.134807    -0.090057    -0.057154    -0.034266    -0.019080    -0.008889    -0.000724     0.008507     0.021869     0.042243     0.072192     0.113840     0.168783     0.238036     0.322011     0.420538     0.532912     0.657971     0.794192     0.939800     1.092873     1.251456     1.413648     1.577688     1.742010     1.905291     2.066466     2.224741     2.379582     2.530698     2.678020     2.821674     2.961952     3.099294     3.234264     3.367531     3.499869
   -1.731106    -3.328761    -3.194598    -3.059128    -2.921847    -2.782342    -2.640297    -2.495508    -2.347896    -2.197524    -2.044619    -1.889594    -1.733068    -1.575877    -1.419079    -1.263948    -1.111948    -0.964694    -0.823890    -0.691259    -0.568447    -0.456932    -0.357914    -0.272228    -0.200250    -0.141839    -0.096296    -0.062358    -0.038225    -0.021625    -0.009905    -0.000154     0.010657     0.025529     0.047284     0.078432     0.121056     0.176720     0.246420     0.330567     0.428997     0.541028     0.665527     0.801008     0.945736     1.097833     1.255385     1.416529     1.579536     1.742869     1.905223     2.065547     2.223053     2.377208     2.527721     2.674513     2.817703     2.957573     3.094551     3.229189     3.362147     3.494186
   -1.728804    -3.324453    -3.190590    -3.055430    -2.918475    -2.779317    -2.637652    -2.493284    -2.346142    -2.196297    -2.043983    -1.889617    -1.733816    -1.577413    -1.421453    -1.267194    -1.116076    -0.969683    -0.829686    -0.697769    -0.575540    -0.464437    -0.365629    -0.279921    -0.207671    -0.148731    -0.102406    -0.067451    -0.042096    -0.024109    -0.010890     0.000414     0.012773     0.029123     0.052231     0.084555     0.128135     0.184506     0.254647     0.338964     0.437304     0.549002     0.672955     0.807714     0.951583     1.102727     1.259269     1.419386     1.581380     1.743741     1.905181     2.064665     2.221411     2.374888     2.524800     2.671066     2.813793     2.953254     3.089868     3.224173     3.356820     3.488559
   -1.726513    -3.320170    -3.186610    -3.051762    -2.915134    -2.776329    -2.635047    -2.491101    -2.344429    -2.195110    -2.043385    -1.889672    -1.734589    -1.578962    -1.423828    -1.270425    -1.120170    -0.974619    -0.835409    -0.704187    -0.582523    -0.471818    -0.373208    -0.287472    -0.214951    -0.155487    -0.108392    -0.072437    -0.045881    -0.026534    -0.011846     0.000981     0.014855     0.032654     0.057087     0.090563     0.135080     0.192145     0.262721     0.347208     0.445461     0.556837     0.680259     0.814314     0.957344     1.107555     1.263109     1.422219     1.583219     1.744623     1.905165     2.063820     2.219814     2.372619     2.521936     2.667676     2.809942     2.948995     3.085243     3.219215     3.351551     3.482988
   -1.724232    -3.315910    -3.182656    -3.048123    -2.911827    -2.773375    -2.632479    -2.488957    -2.342757    -2.193963    -2.042823    -1.889758    -1.735385    -1.580525    -1.426202    -1.273639    -1.124230    -0.979502    -0.841060    -0.710514    -0.589398    -0.479077    -0.380656    -0.294886    -0.222092    -0.162110    -0.114256    -0.077317    -0.049583    -0.028902    -0.012773     0.001545     0.016904     0.036122     0.061854     0.096458     0.141894     0.199641     0.270644     0.355300     0.453472     0.564535     0.687441     0.820809     0.963020     1.112318     1.266905     1.425028     1.585052     1.745516     1.905172     2.063010     2.218261     2.370400     2.519125     2.664344     2.806149     2.944794     3.080677     3.214315     3.346339     3.477474
   -1.721964    -3.311677    -3.178730    -3.044514    -2.908552    -2.770457    -2.629947    -2.486852    -2.341123    -2.192854    -2.042296    -1.889873    -1.736203    -1.582098    -1.428573    -1.276835    -1.128255    -0.984332    -0.846638    -0.716751    -0.596166    -0.486216    -0.387973    -0.302165    -0.229098    -0.168604    -0.120001    -0.082095    -0.053204    -0.031215    -0.013673     0.002107     0.018921     0.039529     0.066532     0.102243     0.148581     0.206997     0.278420     0.363245     0.461341     0.572100     0.694503     0.827201     0.968611     1.117017     1.270657     1.427813     1.586879     1.746418     1.905203     2.062234     2.216751     2.368230     2.516368     2.661068     2.802414     2.940652     3.076169     3.209473     3.341183     3.472016
   -1.719708    -3.307469    -3.174832    -3.040936    -2.905309    -2.767573    -2.627453    -2.484784    -2.339527    -2.191781    -2.041801    -1.890016    -1.737040    -1.583680    -1.430942    -1.280013    -1.132245    -0.989109    -0.852146    -0.722899    -0.602831    -0.493238    -0.395164    -0.309311    -0.235972    -0.174970    -0.125630    -0.086774    -0.056746    -0.033473    -0.014547     0.002667     0.020905     0.042876     0.071126     0.107920     0.155143     0.214216     0.286054     0.371045     0.469069     0.579534     0.701447     0.833491     0.974120     1.121653     1.274366     1.430573     1.588698     1.747329     1.905254     2.061490     2.215281     2.366107     2.513663     2.657846     2.798735     2.936566     3.071718     3.204689     3.336086     3.466616
   -1.717464    -3.303289    -3.170963    -3.037388    -2.902099    -2.764723    -2.624993    -2.482752    -2.337967    -2.190742    -2.041339    -1.890186    -1.737895    -1.585271    -1.433306    -1.283173    -1.136200    -0.993833    -0.857584    -0.728961    -0.609393    -0.500145    -0.402230    -0.316329    -0.242718    -0.181213    -0.131147    -0.091355    -0.060211    -0.035679    -0.015395     0.003223     0.022859     0.046164     0.075635     0.113493     0.161583     0.221301     0.293546     0.378704     0.476660     0.586841     0.708277     0.839683     0.979548     1.126227     1.278031     1.433308     1.590509     1.748246     1.905327     2.060777     2.213851     2.364030     2.511008     2.654678     2.795111     2.932538     3.067324     3.199961     3.331045     3.461272
   -1.715234    -3.299137    -3.167123    -3.033871    -2.898921    -2.761907    -2.622569    -2.480756    -2.336442    -2.189737    -2.040906    -1.890379    -1.738768    -1.586869    -1.435665    -1.286312    -1.140119    -0.998506    -0.862953    -0.734937    -0.615855    -0.506940    -0.409175    -0.323221    -0.249337    -0.187336    -0.136553    -0.095842    -0.063602    -0.037833    -0.016218     0.003777     0.024781     0.049395     0.080063     0.118962     0.167903     0.228255     0.300902     0.386225     0.484117     0.594022     0.714993     0.845777     0.984896     1.130740     1.281654     1.436018     1.592312     1.749170     1.905418     2.060094     2.212460     2.361998     2.508403     2.651563     2.791543     2.928565     3.062987     3.195290     3.326061     3.455985
   -1.713018    -3.295013    -3.163312    -3.030385    -2.895775    -2.759125    -2.620179    -2.478795    -2.334951    -2.188764    -2.040502    -1.890596    -1.739656    -1.588473    -1.438017    -1.289432    -1.144003    -1.003126    -0.868253    -0.740829    -0.622219    -0.513623    -0.416002    -0.329989    -0.255833    -0.193340    -0.141851    -0.100236    -0.066920    -0.039938    -0.017017     0.004328     0.026674     0.052569     0.084410     0.124331     0.174106     0.235081     0.308123     0.393611     0.491444     0.601080     0.721599     0.851776     0.990165     1.135191     1.285234     1.438703     1.594106     1.750100     1.905528     2.059440     2.211105     2.360009     2.505846     2.648499     2.788028     2.924647     3.058706     3.190676     3.321134     3.450756
   -1.710816    -3.290919    -3.159532    -3.026929    -2.892661    -2.756375    -2.617823    -2.476868    -2.333494    -2.187823    -2.040125    -1.890835    -1.740559    -1.590081    -1.440363    -1.292531    -1.147852    -1.007695    -0.873486    -0.746638    -0.628485    -0.520199    -0.422711    -0.336637    -0.262209    -0.199230    -0.147045    -0.104540    -0.070167    -0.041995    -0.017793     0.004875     0.028536     0.055687     0.088679     0.129601     0.180196     0.241782     0.315213     0.400865     0.498641     0.608018     0.728097     0.857680     0.995356     1.139583     1.288771     1.441362     1.595891     1.751035     1.905655     2.058813     2.209787     2.358063     2.503336     2.645486     2.784566     2.920784     3.054481     3.186118     3.316263     3.445583
   -1.708629    -3.286855    -3.155783    -3.023505    -2.889579    -2.753659    -2.615500    -2.474973    -2.332068    -2.186910    -2.039775    -1.891095    -1.741475    -1.591693    -1.442701    -1.295609    -1.151664    -1.012213    -0.878651    -0.752365    -0.634656    -0.526668    -0.429306    -0.343166    -0.268467    -0.205007    -0.152137    -0.108757    -0.073345    -0.044005    -0.018547     0.005418     0.030369     0.058752     0.092871     0.134775     0.186173     0.248360     0.322175     0.407989     0.505714     0.614838     0.734488     0.863492     1.000471     1.143915     1.292267     1.443997     1.597666     1.751974     1.905798     2.058213     2.208503     2.356158     2.500872     2.642522     2.781157     2.916975     3.050310     3.181615     3.311449     3.440467
   -1.706457    -3.282821    -3.152064    -3.020113    -2.886530    -2.750974    -2.613210    -2.473111    -2.330673    -2.186027    -2.039449    -1.891374    -1.742402    -1.593307    -1.445030    -1.298665    -1.155441    -1.016679    -0.883751    -0.758011    -0.640733    -0.533032    -0.435790    -0.349580    -0.274610    -0.210675    -0.157129    -0.112889    -0.076456    -0.045970    -0.019279     0.005958     0.032172     0.061763     0.096987     0.139855     0.192042     0.254818     0.329011     0.414987     0.512663     0.621543     0.740774     0.869214     1.005511     1.148189     1.295720     1.446605     1.599430     1.752916     1.905957     2.057639     2.207253     2.354294     2.498454     2.639608     2.777799     2.913219     3.046194     3.177168     3.306691     3.435408
   -1.704301    -3.278818    -3.148377    -3.016752    -2.883512    -2.748322    -2.610952    -2.471280    -2.329308    -2.185171    -2.039147    -1.891671    -1.743341    -1.594924    -1.447349    -1.301699    -1.159181    -1.021095    -0.888785    -0.763577    -0.646718    -0.539295    -0.442164    -0.355881    -0.280641    -0.216235    -0.162023    -0.116937    -0.079502    -0.047890    -0.019991     0.006495     0.033948     0.064722     0.101030     0.144843     0.197803     0.261159     0.335724     0.421860     0.519491     0.628135     0.746958     0.874846     1.010477     1.152404     1.299132     1.449188     1.601184     1.753861     1.906130     2.057088     2.206035     2.352468     2.496079     2.636741     2.774491     2.909515     3.042132     3.172776     3.301988     3.430406
   -1.702160    -3.274847    -3.144721    -3.013423    -2.880526    -2.745702    -2.608725    -2.469480    -2.327973    -2.184342    -2.038867    -1.891985    -1.744289    -1.596540    -1.449659    -1.304710    -1.162885    -1.025460    -0.893754    -0.769066    -0.652613    -0.545457    -0.448430    -0.362071    -0.286562    -0.221691    -0.166823    -0.120904    -0.082484    -0.049767    -0.020682     0.007027     0.035695     0.067630     0.105001     0.149740     0.203460     0.267386     0.342317     0.428613     0.526202     0.634615     0.753042     0.880391     1.015371     1.156563     1.302503     1.451746     1.602926     1.754808     1.906317     2.056562     2.204849     2.350681     2.493748     2.633921     2.771233     2.905864     3.038123     3.168439     3.297342     3.425460
   -1.700036    -3.270908    -3.141097    -3.010125    -2.877572    -2.743113    -2.606529    -2.467710    -2.326666    -2.183538    -2.038610    -1.892315    -1.745246    -1.598157    -1.451957    -1.307699    -1.166553    -1.029776    -0.898659    -0.774477    -0.658419    -0.551520    -0.454592    -0.368153    -0.292376    -0.227044    -0.171529    -0.124792    -0.085404    -0.051603    -0.021354     0.007555     0.037415     0.070488     0.108901     0.154549     0.209015     0.273500     0.348793     0.435247     0.532796     0.640987     0.759027     0.885850     1.020192     1.160666     1.305833     1.454278     1.604658     1.755757     1.906516     2.056058     2.203694     2.348930     2.491459     2.631148     2.768024     2.902263     3.034167     3.164155     3.292750     3.420570
   -1.697927    -3.267001    -3.137505    -3.006860    -2.874649    -2.740555    -2.604364    -2.465969    -2.325386    -2.182759    -2.038372    -1.892659    -1.746210    -1.599772    -1.454244    -1.310664    -1.170185    -1.034041    -0.903501    -0.779812    -0.664137    -0.557487    -0.460650    -0.374129    -0.298085    -0.232298    -0.176145    -0.128602    -0.088264    -0.053397    -0.022007     0.008080     0.039108     0.073296     0.112731     0.159272     0.214469     0.279505     0.355153     0.441764     0.539278     0.647253     0.764915     0.891224     1.024943     1.164712     1.309123     1.456784     1.606377     1.756706     1.906728     2.055575     2.202569     2.347216     2.489212     2.628419     2.764864     2.898713     3.030264     3.159925     3.288213     3.415737
   -1.695836    -3.263127    -3.133946    -3.003626    -2.871757    -2.738028    -2.602228    -2.464257    -2.324133    -2.182003    -2.038154    -1.893018    -1.747182    -1.601386    -1.456519    -1.313605    -1.173781    -1.038257    -0.908280    -0.785072    -0.669769    -0.563359    -0.466607    -0.380001    -0.303691    -0.237454    -0.180673    -0.132337    -0.091065    -0.055153    -0.022641     0.008600     0.040774     0.076057     0.116494     0.163910     0.219826     0.285402     0.361400     0.448168     0.545649     0.653414     0.770708     0.896516     1.029625     1.168704     1.312372     1.459264     1.608084     1.757656     1.906951     2.055114     2.201472     2.345538     2.487004     2.625735     2.761751     2.895213     3.026412     3.155749     3.283731     3.410959
   -1.693762    -3.259286    -3.130419    -3.000424    -2.868897    -2.735532    -2.600123    -2.462573    -2.322906    -2.181271    -2.037955    -1.893390    -1.748159    -1.602997    -1.458781    -1.316523    -1.177340    -1.042424    -0.912998    -0.790258    -0.675317    -0.569138    -0.472466    -0.385772    -0.309196    -0.242514    -0.185114    -0.135998    -0.093808    -0.056869    -0.023258     0.009116     0.042414     0.078770     0.120191     0.168465     0.225086     0.291194     0.367537     0.454460     0.551910     0.659472     0.776409     0.901725     1.034238     1.172641     1.315582     1.461718     1.609779     1.758606     1.907185     2.054673     2.200403     2.343893     2.484837     2.623095     2.758685     2.891763     3.022611     3.151626     3.279304     3.406237
   -1.691704    -3.255479    -3.126924    -2.997254    -2.866068    -2.733066    -2.598046    -2.460917    -2.321704    -2.180560    -2.037773    -1.893774    -1.749142    -1.604604    -1.461030    -1.319416    -1.180863    -1.046542    -0.917654    -0.795371    -0.680782    -0.574825    -0.478227    -0.391443    -0.314604    -0.247482    -0.189471    -0.139588    -0.096496    -0.058549    -0.023858     0.009627     0.044028     0.081437     0.123823     0.172939     0.230253     0.296883     0.373566     0.460643     0.558066     0.665430     0.782017     0.906855     1.038783     1.176525     1.318752     1.464147     1.611462     1.759555     1.907429     2.054251     2.199362     2.342283     2.482708     2.620498     2.755665     2.888361     3.018861     3.147554     3.274930     3.401570
   -1.689664    -3.251705    -3.123463    -2.994116    -2.863270    -2.730630    -2.595998    -2.459287    -2.320527    -2.179871    -2.037608    -1.894169    -1.750129    -1.606208    -1.463265    -1.322284    -1.184349    -1.050612    -0.922250    -0.800413    -0.686164    -0.580422    -0.483893    -0.397017    -0.319915    -0.252358    -0.193746    -0.143108    -0.099129    -0.060192    -0.024442     0.010134     0.045617     0.084059     0.127391     0.177334     0.235328     0.302471     0.379489     0.466719     0.564117     0.671289     0.787536     0.911905     1.043263     1.180356     1.321883     1.466551     1.613131     1.760503     1.907683     2.053847     2.198347     2.340705     2.480617     2.617943     2.752690     2.885007     3.015161     3.143535     3.270609     3.396958
   -1.687642    -3.247966    -3.120034    -2.991009    -2.860503    -2.728223    -2.593978    -2.457684    -2.319373    -2.179202    -2.037460    -1.894575    -1.751119    -1.607806    -1.465486    -1.325127    -1.187799    -1.054634    -0.926786    -0.805383    -0.691467    -0.585931    -0.489466    -0.402495    -0.325132    -0.257145    -0.197940    -0.146559    -0.101708    -0.061799    -0.025009     0.010637     0.047180     0.086635     0.130896     0.181651     0.240313     0.307961     0.385309     0.472690     0.570065     0.677052     0.792966     0.916878     1.047677     1.184135     1.324975     1.468928     1.614788     1.761450     1.907945     2.053462     2.197357     2.339158     2.478563     2.615429     2.749761     2.881700     3.011511     3.139567     3.266342     3.392401
   -1.685637    -3.244260    -3.116639    -2.987935    -2.857767    -2.725846    -2.591986    -2.456107    -2.318243    -2.178553    -2.037326    -1.894990    -1.752112    -1.609400    -1.467692    -1.327946    -1.191213    -1.058608    -0.931263    -0.810284    -0.696690    -0.591354    -0.494947    -0.407880    -0.330257    -0.261845    -0.202055    -0.149943    -0.104236    -0.063372    -0.025561     0.011135     0.048719     0.089169     0.134340     0.185892     0.245209     0.313354     0.391027     0.478558     0.575914     0.682720     0.798310     0.921775     1.052026     1.187862     1.328028     1.471280     1.616431     1.762394     1.908215     2.053093     2.196392     2.337643     2.476546     2.612956     2.746875     2.878440     3.007910     3.135650     3.262127     3.387898
   -1.683650    -3.240589    -3.113276    -2.984893    -2.855061    -2.723498    -2.590022    -2.454555    -2.317135    -2.177922    -2.037207    -1.895414    -1.753107    -1.610987    -1.469883    -1.330739    -1.194591    -1.062534    -0.935682    -0.815116    -0.701835    -0.596692    -0.500338    -0.413173    -0.335292    -0.266460    -0.206094    -0.153263    -0.106714    -0.064911    -0.026099     0.011628     0.050234     0.091659     0.137725     0.190058     0.250020     0.318652     0.396645     0.484326     0.581664     0.688295     0.803569     0.926596     1.056312     1.191538     1.331043     1.473607     1.618060     1.763336     1.908494     2.052741     2.195451     2.336159     2.474564     2.610522     2.744032     2.875227     3.004357     3.131784     3.257965     3.383448
   -1.681681    -3.236953    -3.109947    -2.981882    -2.852386    -2.721179    -2.588084    -2.453027    -2.316049    -2.177310    -2.037102    -1.895847    -1.754104    -1.612568    -1.472058    -1.333507    -1.197933    -1.066414    -0.940042    -0.819880    -0.706903    -0.601946    -0.505642    -0.418376    -0.340238    -0.270991    -0.210057    -0.156519    -0.109142    -0.066418    -0.026621     0.012117     0.051726     0.094107     0.141051     0.194152     0.254746     0.323858     0.402167     0.489996     0.587317     0.693779     0.808744     0.931344     1.060536     1.195163     1.334021     1.475908     1.619677     1.764276     1.908779     2.052405     2.194534     2.334704     2.472618     2.608128     2.741233     2.872059     3.000853     3.127967     3.253854     3.379053
   -1.679730    -3.233351    -3.106651    -2.978903    -2.849741    -2.718889    -2.586173    -2.451524    -2.314984    -2.176716    -2.037010    -1.896286    -1.755102    -1.614142    -1.474218    -1.336249    -1.201239    -1.070247    -0.944346    -0.824578    -0.711897    -0.607118    -0.510859    -0.423492    -0.345099    -0.275441    -0.213947    -0.159712    -0.111522    -0.067893    -0.027130     0.012601     0.053194     0.096515     0.144319     0.198174     0.259389     0.328973     0.407593     0.495568     0.592876     0.699173     0.813838     0.936020     1.064698     1.198739     1.336961     1.478183     1.621279     1.765212     1.909071     2.052085     2.193639     2.333278     2.470705     2.605773     2.738475     2.868936     2.997395     3.124201     3.249795     3.374711
   -1.677798    -3.229784    -3.103388    -2.975956    -2.847126    -2.716627    -2.584289    -2.450045    -2.313940    -2.176139    -2.036930    -1.896733    -1.756099    -1.615709    -1.476362    -1.338965    -1.204508    -1.074033    -0.948593    -0.829209    -0.716816    -0.612209    -0.515991    -0.428521    -0.349874    -0.279811    -0.217766    -0.162845    -0.113855    -0.069337    -0.027626     0.013080     0.054638     0.098881     0.147531     0.202125     0.263952     0.333999     0.412925     0.501047     0.598342     0.704479     0.818850     0.940624     1.068799     1.202266     1.339864     1.480434     1.622867     1.766145     1.909369     2.051779     2.192766     2.331881     2.468826     2.603455     2.735759     2.865857     2.993985     3.120483     3.245787     3.370421
   -1.675884    -3.226252    -3.100159    -2.973041    -2.844540    -2.714393    -2.582430    -2.448589    -2.312916    -2.175578    -2.036862    -1.897186    -1.757097    -1.617267    -1.478489    -1.341655    -1.207742    -1.077774    -0.952784    -0.833775    -0.721662    -0.617221    -0.521040    -0.433466    -0.354567    -0.284104    -0.221514    -0.165919    -0.116143    -0.070751    -0.028108     0.013555     0.056061     0.101208     0.150688     0.206008     0.268435     0.338938     0.418166     0.506432     0.603718     0.709699     0.823784     0.945158     1.072841     1.205745     1.342730     1.482659     1.624441     1.767075     1.909673     2.051487     2.191915     2.330511     2.466980     2.601174     2.733083     2.862822     2.990621     3.116813     3.241829     3.366184
   -1.673988    -3.222755    -3.096963    -2.970157    -2.841985    -2.712186    -2.580596    -2.447155    -2.311912    -2.175033    -2.036805    -1.897645    -1.758094    -1.618817    -1.480599    -1.344320    -1.210941    -1.081469    -0.956920    -0.838277    -0.726436    -0.622156    -0.526008    -0.438328    -0.359179    -0.288320    -0.225194    -0.168935    -0.118385    -0.072135    -0.028577     0.014024     0.057461     0.103496     0.153790     0.209824     0.272840     0.343792     0.423318     0.511726     0.609004     0.714835     0.828640     0.949623     1.076824     1.209176     1.345560     1.484859     1.626001     1.768001     1.909983     2.051208     2.191084     2.329168     2.465166     2.598930     2.730448     2.859830     2.987302     3.113192     3.237921     3.361999
   -1.672110    -3.219293    -3.093800    -2.967305    -2.839459    -2.710007    -2.578788    -2.445745    -2.310927    -2.174503    -2.036760    -1.898109    -1.759089    -1.620359    -1.482692    -1.346958    -1.214103    -1.085119    -0.961002    -0.842716    -0.731140    -0.627014    -0.530895    -0.443109    -0.363712    -0.292461    -0.228807    -0.171895    -0.120585    -0.073491    -0.029035     0.014489     0.058839     0.105746     0.156840     0.213574     0.277169     0.348562     0.428381     0.516932     0.614203     0.719887     0.833419     0.954020     1.080749     1.212559     1.348354     1.487034     1.627547     1.768922     1.910297     2.050943     2.190274     2.327851     2.463383     2.596722     2.727852     2.856881     2.984029     3.109618     3.234063     3.357865
   -1.670251    -3.215866    -3.090670    -2.964483    -2.836963    -2.707855    -2.577005    -2.444356    -2.309961    -2.173988    -2.036724    -1.898577    -1.760082    -1.621891    -1.484768    -1.349571    -1.217231    -1.088724    -0.965030    -0.847093    -0.735774    -0.631796    -0.535704    -0.447811    -0.368166    -0.296529    -0.232354    -0.174799    -0.122741    -0.074819    -0.029480     0.014949     0.060196     0.107959     0.159838     0.217260     0.281423     0.353250     0.433358     0.522050     0.619316     0.724858     0.838124     0.958351     1.084617     1.215897     1.351112     1.489185     1.629079     1.769839     1.910616     2.050691     2.189483     2.326560     2.461632     2.594549     2.725295     2.853974     2.980801     3.106091     3.230254     3.353783
   -1.668410    -3.212474    -3.087573    -2.961693    -2.834495    -2.705730    -2.575246    -2.442988    -2.309013    -2.173488    -2.036698    -1.899050    -1.761074    -1.623414    -1.486826    -1.352157    -1.220323    -1.092284    -0.969004    -0.851408    -0.740339    -0.636505    -0.540436    -0.452435    -0.372545    -0.300526    -0.235838    -0.177649    -0.124857    -0.076119    -0.029914     0.015405     0.061531     0.110134     0.162784     0.220882     0.285604     0.357858     0.438251     0.527082     0.624344     0.729749     0.842755     0.962616     1.088429     1.219188     1.353835     1.491310     1.630596     1.770751     1.910939     2.050450     2.188712     2.325294     2.459911     2.592411     2.722777     2.851108     2.977616     3.102611     3.226493     3.349751
   -1.666588    -3.209117    -3.084510    -2.958934    -2.832057    -2.703632    -2.573511    -2.441642    -2.308083    -2.173001    -2.036680    -1.899526    -1.762062    -1.624927    -1.488867    -1.354717    -1.223380    -1.095801    -0.972925    -0.855663    -0.744837    -0.641142    -0.545092    -0.456982    -0.376849    -0.304452    -0.239258    -0.180447    -0.126931    -0.077394    -0.030337     0.015855     0.062846     0.112274     0.165681     0.224442     0.289714     0.362387     0.443061     0.532030     0.629291     0.734561     0.847313     0.966816     1.092185     1.222434     1.356523     1.493412     1.632099     1.771658     1.911266     2.050221     2.187959     2.324053     2.458219     2.590307     2.720296     2.848284     2.974475     3.099176     3.222781     3.345769
   -1.664785    -3.205795    -3.081479    -2.956206    -2.829647    -2.701560    -2.571800    -2.440317    -2.307170    -2.172528    -2.036672    -1.900006    -1.763048    -1.626430    -1.490890    -1.357250    -1.226402    -1.099274    -0.976795    -0.859857    -0.749269    -0.645707    -0.549674    -0.461454    -0.381080    -0.308310    -0.242618    -0.183193    -0.128966    -0.078642    -0.030749     0.016300     0.064140     0.114378     0.168528     0.227941     0.293753     0.366840     0.447790     0.536896     0.634156     0.739296     0.851800     0.970953     1.095887     1.225635     1.359176     1.495489     1.633587     1.772560     1.911596     2.050004     2.187224     2.322836     2.456557     2.588237     2.717853     2.845499     2.971378     3.095787     3.219116     3.341837
   -1.663000    -3.202509    -3.078482    -2.953509    -2.827265    -2.699514    -2.570112    -2.439012    -2.306275    -2.172067    -2.036672    -1.900488    -1.764030    -1.627923    -1.492895    -1.359758    -1.229390    -1.102703    -0.980613    -0.863993    -0.753635    -0.650202    -0.554183    -0.465852    -0.385239    -0.312101    -0.245917    -0.185888    -0.130963    -0.079865    -0.031150     0.016741     0.065414     0.116448     0.171327     0.231381     0.297724     0.371216     0.452439     0.541680     0.638942     0.743955     0.856217     0.975027     1.099535     1.228791     1.361795     1.497541     1.635061     1.773457     1.911929     2.049797     2.186507     2.321642     2.454923     2.586199     2.715446     2.842755     2.968323     3.092443     3.215499     3.337955
   -1.661233    -3.199257    -3.075517    -2.950842    -2.824913    -2.697494    -2.568447    -2.437728    -2.305395    -2.171619    -2.036679    -1.900972    -1.765008    -1.629405    -1.494881    -1.362239    -1.232343    -1.106090    -0.984380    -0.868071    -0.757937    -0.654628    -0.558620    -0.470178    -0.389328    -0.315826    -0.249157    -0.188535    -0.132921    -0.081064    -0.031542     0.017177     0.066668     0.118483     0.174080     0.234762     0.301627     0.375519     0.457010     0.546386     0.643649     0.748540     0.860565     0.979040     1.103130     1.231905     1.364380     1.499570     1.636520     1.774348     1.912266     2.049600     2.185806     2.320472     2.453317     2.584194     2.713075     2.840050     2.965310     3.089144     3.211928     3.334121
   -1.659485    -3.196040    -3.072585    -2.948206    -2.822588    -2.695500    -2.566806    -2.436463    -2.304532    -2.171183    -2.036694    -1.901459    -1.765982    -1.630876    -1.496849    -1.364694    -1.235261    -1.109435    -0.988097    -0.872091    -0.762176    -0.658986    -0.562986    -0.474434    -0.393348    -0.319487    -0.252341    -0.191133    -0.134843    -0.082239    -0.031924     0.017608     0.067903     0.120485     0.176786     0.238087     0.305463     0.379749     0.461505     0.551014     0.648280     0.753052     0.864846     0.982992     1.106673     1.234975     1.366932     1.501574     1.637965     1.775234     1.912604     2.049414     2.185123     2.319323     2.451739     2.582220     2.710740     2.837383     2.962338     3.085888     3.208404     3.330336
   -1.657756    -3.192858    -3.069685    -2.945600    -2.820291    -2.693531    -2.565186    -2.435217    -2.303685    -2.170758    -2.036716    -1.901947    -1.766952    -1.632335    -1.498799    -1.367123    -1.238146    -1.112737    -0.991765    -0.876055    -0.766353    -0.663278    -0.567284    -0.478620    -0.397301    -0.323085    -0.255468    -0.193684    -0.136729    -0.083391    -0.032296     0.018034     0.069118     0.122454     0.179446     0.241355     0.309235     0.383908     0.465925     0.555565     0.652836     0.757492     0.869061     0.986885     1.110165     1.238003     1.369451     1.503555     1.639395     1.776113     1.912945     2.049237     2.184455     2.318197     2.450187     2.580278     2.708440     2.834755     2.959407     3.082676     3.204925     3.326599
   -1.656045    -3.189710    -3.066818    -2.943024    -2.818021    -2.691587    -2.563589    -2.433990    -2.302853    -2.170345    -2.036744    -1.902436    -1.767916    -1.633784    -1.500730    -1.369526    -1.240996    -1.115998    -0.995383    -0.879963    -0.770468    -0.667504    -0.571514    -0.482738    -0.401187    -0.326621    -0.258540    -0.196189    -0.138580    -0.084519    -0.032659     0.018455     0.070315     0.124390     0.182063     0.244567     0.312944     0.387997     0.470271     0.560042     0.657319     0.761861     0.873210     0.990720     1.113606     1.240989     1.371937     1.505513     1.640810     1.776987     1.913288     2.049069     2.183803     2.317092     2.448662     2.578367     2.706174     2.832164     2.956517     3.079507     3.201492     3.322909
   -1.654352    -3.186597    -3.063983    -2.940479    -2.815780    -2.689668    -2.562014    -2.432782    -2.302036    -2.169943    -2.036779    -1.902926    -1.768876    -1.635221    -1.502643    -1.371902    -1.243813    -1.119217    -0.998953    -0.883816    -0.774523    -0.671666    -0.575677    -0.486789    -0.405009    -0.330097    -0.261558    -0.198649    -0.140396    -0.085626    -0.033013     0.018872     0.071493     0.126295     0.184635     0.247726     0.316590     0.392017     0.474545     0.564445     0.661728     0.766162     0.877295     0.994497     1.116997     1.243933     1.374390     1.507447     1.642212     1.777854     1.913633     2.048910     2.183167     2.316008     2.447163     2.576485     2.703942     2.829610     2.953667     3.076380     3.198103     3.319266
   -1.652678    -3.183518    -3.061181    -2.937962    -2.813565    -2.687773    -2.560460    -2.431592    -2.301233    -2.169551    -2.036819    -1.903417    -1.769831    -1.636646    -1.504537    -1.374253    -1.246596    -1.122396    -1.002474    -0.887615    -0.778518    -0.675765    -0.579775    -0.490775    -0.408767    -0.333513    -0.264523    -0.201065    -0.142178    -0.086711    -0.033358     0.019283     0.072653     0.128169     0.187165     0.250832     0.320175     0.395970     0.478748     0.568776     0.666067     0.770394     0.881317     0.998217     1.120340     1.246837     1.376812     1.509358     1.643598     1.778716     1.913979     2.048760     2.182545     2.314944     2.445690     2.574634     2.701743     2.827093     2.950856     3.073295     3.194758     3.315670
   -1.651022    -3.180474    -3.058410    -2.935476    -2.811377    -2.685903    -2.558928    -2.430420    -2.300445    -2.169170    -2.036865    -1.903908    -1.770780    -1.638059    -1.506412    -1.376578    -1.249346    -1.125534    -1.005949    -0.891360    -0.782455    -0.679801    -0.583808    -0.494696    -0.412463    -0.336871    -0.267437    -0.203437    -0.143928    -0.087775    -0.033695     0.019690     0.073795     0.130013     0.189653     0.253886     0.323700     0.399858     0.482882     0.573036     0.670336     0.774560     0.885277     1.001881     1.123633     1.249700     1.379201     1.511245     1.644970     1.779571     1.914327     2.048618     2.181938     2.313901     2.444241     2.572811     2.699578     2.824612     2.948084     3.070252     3.191458     3.312119
   -1.649384    -3.177464    -3.055671    -2.933018    -2.809217    -2.684057    -2.557417    -2.429266    -2.299671    -2.168798    -2.036916    -1.904399    -1.771723    -1.639460    -1.508269    -1.378877    -1.252064    -1.128632    -1.009377    -0.895053    -0.786334    -0.683776    -0.587778    -0.498554    -0.416098    -0.340172    -0.270300    -0.205768    -0.145646    -0.088818    -0.034023     0.020092     0.074919     0.131826     0.192099     0.256889     0.327166     0.403681     0.486947     0.577227     0.674536     0.778660     0.889175     1.005491     1.126879     1.252524     1.381560     1.513110     1.646327     1.780419     1.914675     2.048484     2.181345     2.312877     2.442817     2.571018     2.697445     2.822167     2.945350     3.067249     3.188200     3.308614
   -1.647765    -3.174488    -3.052963    -2.930590    -2.807082    -2.682234    -2.555926    -2.428130    -2.298911    -2.168436    -2.036972    -1.904889    -1.772660    -1.640849    -1.510106    -1.381150    -1.254748    -1.131690    -1.012758    -0.898693    -0.790156    -0.687690    -0.591687    -0.502350    -0.419672    -0.343418    -0.273114    -0.208057    -0.147332    -0.089841    -0.034344     0.020489     0.076026     0.133610     0.194506     0.259843     0.330574     0.407440     0.490946     0.581350     0.678670     0.782695     0.893014     1.009046     1.130078     1.255309     1.383887     1.514953     1.647671     1.781261     1.915024     2.048357     2.180766     2.311873     2.441417     2.569252     2.695343     2.819756     2.942655     3.064287     3.184985     3.305155
   -1.646163    -3.171546    -3.050287    -2.928191    -2.804974    -2.680435    -2.554456    -2.427010    -2.298164    -2.168083    -2.037032    -1.905380    -1.773591    -1.642226    -1.511925    -1.383398    -1.257400    -1.134709    -1.016094    -0.902283    -0.793922    -0.691546    -0.595534    -0.506085    -0.423188    -0.346609    -0.275879    -0.210306    -0.148988    -0.090845    -0.034657     0.020882     0.077116     0.135366     0.196872     0.262747     0.333926     0.411138     0.494879     0.585406     0.682737     0.786667     0.896794     1.012549     1.133231     1.258055     1.386184     1.516773     1.648999     1.782096     1.915374     2.048238     2.180200     2.310887     2.440040     2.567515     2.693273     2.817381     2.939996     3.061365     3.181813     3.301739
   -1.644580    -3.168637    -3.047643    -2.925821    -2.802892    -2.678659    -2.553006    -2.425908    -2.297430    -2.167739    -2.037097    -1.905869    -1.774516    -1.643590    -1.513725    -1.385620    -1.260019    -1.137689    -1.019385    -0.905821    -0.797633    -0.695343    -0.599321    -0.509760    -0.426646    -0.349746    -0.278597    -0.212515    -0.150614    -0.091829    -0.034963     0.021270     0.078189     0.137092     0.199200     0.265603     0.337222     0.414774     0.498748     0.589396     0.686739     0.790577     0.900517     1.015999     1.136338     1.260762     1.388450     1.518570     1.650314     1.782925     1.915724     2.048126     2.179647     2.309920     2.438687     2.565804     2.691234     2.815039     2.937375     3.058483     3.178683     3.298368
   -1.643014    -3.165762    -3.045029    -2.923479    -2.800836    -2.676907    -2.551576    -2.424822    -2.296709    -2.167404    -2.037166    -1.906357    -1.775434    -1.644942    -1.515506    -1.387816    -1.262607    -1.140631    -1.022631    -0.909310    -0.801290    -0.699082    -0.603049    -0.513376    -0.430048    -0.352831    -0.281268    -0.214686    -0.152210    -0.092795    -0.035262     0.021653     0.079246     0.138791     0.201489     0.268412     0.340464     0.418351     0.502553     0.593322     0.690677     0.794426     0.904182     1.019397     1.139401     1.263433     1.390687     1.520346     1.651614     1.783747     1.916075     2.048020     2.179107     2.308970     2.437356     2.564120     2.689225     2.812731     2.934790     3.055639     3.175594     3.295041
   -1.641467    -3.162920    -3.042446    -2.921165    -2.798806    -2.675177    -2.550166    -2.423752    -2.296001    -2.167077    -2.037239    -1.906844    -1.776345    -1.646281    -1.517268    -1.389988    -1.265163    -1.143534    -1.025834    -0.912750    -0.804894    -0.702766    -0.606720    -0.516935    -0.433394    -0.355864    -0.283894    -0.216818    -0.153777    -0.093742    -0.035553     0.022031     0.080286     0.140463     0.203741     0.271174     0.343653     0.421869     0.506297     0.597184     0.694553     0.798215     0.907791     1.022745     1.142419     1.266066     1.392894     1.522099     1.652899     1.784562     1.916426     2.047921     2.178579     2.308038     2.436047     2.562463     2.687247     2.810456     2.932241     3.052834     3.172545     3.291756
   -1.639937    -3.160111    -3.039894    -2.918879    -2.796801    -2.673469    -2.548775    -2.422698    -2.295305    -2.166758    -2.037315    -1.907330    -1.777250    -1.647607    -1.519012    -1.392134    -1.267687    -1.146400    -1.028993    -0.916141    -0.808445    -0.706393    -0.610333    -0.520438    -0.436686    -0.358847    -0.286475    -0.218914    -0.155317    -0.094672    -0.035838     0.022405     0.081310     0.142108     0.205956     0.273892     0.346789     0.425329     0.509980     0.600985     0.698368     0.801944     0.911345     1.026043     1.145393     1.268662     1.395072     1.523831     1.654171     1.785369     1.916776     2.047828     2.178063     2.307124     2.434761     2.560832     2.685297     2.808214     2.929728     3.050067     3.169537     3.288515
   -1.638425    -3.157335    -3.037372    -2.916622    -2.794821    -2.671784    -2.547404    -2.421660    -2.294621    -2.166447    -2.037395    -1.907814    -1.778147    -1.648921    -1.520736    -1.394255    -1.270180    -1.149229    -1.032109    -0.919484    -0.811944    -0.709967    -0.613891    -0.523884    -0.439924    -0.361780    -0.289012    -0.220973    -0.156829    -0.095584    -0.036116     0.022774     0.082318     0.143726     0.208135     0.276564     0.349873     0.428733     0.513603     0.604724     0.702122     0.805616     0.914844     1.029292     1.148324     1.271222     1.397221     1.525542     1.655429     1.786170     1.917126     2.047742     2.177559     2.306226     2.433495     2.559226     2.683377     2.806004     2.927249     3.047338     3.166569     3.285315
   -1.636930    -3.154592    -3.034880    -2.914391    -2.792866    -2.670121    -2.546051    -2.420637    -2.293948    -2.166144    -2.037478    -1.908297    -1.779038    -1.650222    -1.522442    -1.396352    -1.272642    -1.152020    -1.035182    -0.922780    -0.815392    -0.713486    -0.617393    -0.527277    -0.443110    -0.364665    -0.291506    -0.222997    -0.158314    -0.096479    -0.036388     0.023139     0.083311     0.145319     0.210279     0.279193     0.352908     0.432081     0.517167     0.608404     0.705817     0.809230     0.918291     1.032493     1.151214     1.273747     1.399341     1.527231     1.656672     1.786964     1.917476     2.047661     2.177066     2.305345     2.432251     2.557645     2.681486     2.803826     2.924805     3.044645     3.163641     3.282157
   -1.635453    -3.151881    -3.032418    -2.912189    -2.790936    -2.668479    -2.544717    -2.419630    -2.293287    -2.165848    -2.037563    -1.908777    -1.779921    -1.651510    -1.524130    -1.398424    -1.275073    -1.154776    -1.038214    -0.926030    -0.818789    -0.716953    -0.620842    -0.530615    -0.446244    -0.367502    -0.293958    -0.224985    -0.159773    -0.097357    -0.036653     0.023499     0.084289     0.146886     0.212388     0.281779     0.355892     0.435375     0.520674     0.612025     0.709453     0.812789     0.921685     1.035646     1.154061     1.276236     1.401433     1.528899     1.657902     1.787751     1.917826     2.047585     2.176585     2.304480     2.431027     2.556089     2.679622     2.801679     2.922395     3.041989     3.160751     3.279041
   -1.633993    -3.149203    -3.029986    -2.910013    -2.789030    -2.666859    -2.543401    -2.418638    -2.292638    -2.165559    -2.037652    -1.909256    -1.780797    -1.652785    -1.525798    -1.400471    -1.277474    -1.157495    -1.041204    -0.929233    -0.822138    -0.720367    -0.624238    -0.533901    -0.449328    -0.370292    -0.296369    -0.226940    -0.161206    -0.098219    -0.036913     0.023855     0.085252     0.148428     0.214462     0.284323     0.358828     0.438615     0.524124     0.615588     0.713032     0.816292     0.925027     1.038753     1.156867     1.278691     1.403497     1.530547     1.659117     1.788531     1.918174     2.047515     2.176114     2.303630     2.429824     2.554557     2.677787     2.799563     2.920019     3.039370     3.157900     3.275965
   -1.632551    -3.146556    -3.027584    -2.907864    -2.787148    -2.665261    -2.542103    -2.417660    -2.291999    -2.165278    -2.037743    -1.909732    -1.781666    -1.654048    -1.527448    -1.402494    -1.279845    -1.160178    -1.044154    -0.932392    -0.825437    -0.723731    -0.627581    -0.537135    -0.452362    -0.373037    -0.298740    -0.228861    -0.162614    -0.099065    -0.037166     0.024206     0.086200     0.149945     0.216503     0.286826     0.361716     0.441803     0.527519     0.619094     0.716555     0.819741     0.928319     1.041813     1.159633     1.281112     1.405534     1.532173     1.660319     1.789304     1.918522     2.047450     2.175654     2.302796     2.428641     2.553049     2.675978     2.797477     2.917676     3.036786     3.155087     3.272929
   -1.631125    -3.143942    -3.025211    -2.905742    -2.785291    -2.663683    -2.540824    -2.416697    -2.291371    -2.165003    -2.037836    -1.910205    -1.782527    -1.655297    -1.529080    -1.404492    -1.282186    -1.162826    -1.047063    -0.935505    -0.828688    -0.727044    -0.630873    -0.540318    -0.455347    -0.375736    -0.301071    -0.230749    -0.163997    -0.099896    -0.037414     0.024552     0.087133     0.151438     0.218511     0.289288     0.364558     0.444940     0.530860     0.622545     0.720023     0.823137     0.931561     1.044828     1.162359     1.283499     1.407544     1.533780     1.661507     1.790069     1.918869     2.047390     2.175204     2.301978     2.427477     2.551564     2.674197     2.795421     2.915366     3.034237     3.152311     3.269933
   -1.629717    -3.141359    -3.022867    -2.903647    -2.783457    -2.662126    -2.539562    -2.415748    -2.290754    -2.164734    -2.037932    -1.910676    -1.783380    -1.656534    -1.530693    -1.406467    -1.284498    -1.165439    -1.049933    -0.938575    -0.831892    -0.730307    -0.634114    -0.543452    -0.458284    -0.378392    -0.303363    -0.232605    -0.165356    -0.100712    -0.037656     0.024895     0.088052     0.152908     0.220487     0.291710     0.367353     0.448025     0.534147     0.625940     0.723437     0.826481     0.934754     1.047798     1.165046     1.285852     1.409526     1.535366     1.662682     1.790827     1.919215     2.047335     2.174764     2.301174     2.426332     2.550102     2.672442     2.793395     2.913088     3.031723     3.149573     3.266977
   -1.628325    -3.138807    -3.020551    -2.901577    -2.781646    -2.660590    -2.538317    -2.414813    -2.290147    -2.164472    -2.038030    -1.911145    -1.784226    -1.657757    -1.532288    -1.408417    -1.286780    -1.168018    -1.052763    -0.941602    -0.835050    -0.733522    -0.637306    -0.546536    -0.461175    -0.381004    -0.305617    -0.234430    -0.166692    -0.101512    -0.037893     0.025233     0.088958     0.154354     0.222431     0.294093     0.370103     0.451062     0.537381     0.629283     0.726797     0.829773     0.937898     1.050725     1.167694     1.288173     1.411483     1.536932     1.663843     1.791578     1.919560     2.047284     2.174334     2.300385     2.425206     2.548663     2.670713     2.791397     2.910841     3.029243     3.146871     3.264059
   -1.626950    -3.136286    -3.018265    -2.899534    -2.779859    -2.659074    -2.537090    -2.413892    -2.289550    -2.164217    -2.038129    -1.911610    -1.785064    -1.658968    -1.533864    -1.410344    -1.289033    -1.170563    -1.055554    -0.944585    -0.838161    -0.736689    -0.640449    -0.549572    -0.464019    -0.383573    -0.307834    -0.236224    -0.168004    -0.102299    -0.038125     0.025566     0.089849     0.155778     0.224344     0.296437     0.372809     0.454049     0.540564     0.632572     0.730104     0.833014     0.940996     1.053608     1.170304     1.290461     1.413413     1.538478     1.664990     1.792322     1.919904     2.047238     2.173913     2.299609     2.424098     2.547246     2.669009     2.789429     2.908626     3.026797     3.144206     3.261180
   -1.625592    -3.133796    -3.016006    -2.897516    -2.778095    -2.657579    -2.535880    -2.412985    -2.288964    -2.163967    -2.038230    -1.912073    -1.785895    -1.660166    -1.535423    -1.412248    -1.291257    -1.173074    -1.058308    -0.947526    -0.841227    -0.739808    -0.643544    -0.552561    -0.466818    -0.386101    -0.310014    -0.237988    -0.169294    -0.103071    -0.038351     0.025896     0.090727     0.157178     0.226226     0.298744     0.375472     0.456989     0.543696     0.635809     0.733360     0.836206     0.944046     1.056449     1.172876     1.292718     1.415317     1.540004     1.666125     1.793059     1.920246     2.047196     2.173502     2.298848     2.423009     2.545851     2.667331     2.787489     2.906442     3.024385     3.141576     3.258339
   -1.624250    -3.131336    -3.013776    -2.895524    -2.776353    -2.656103    -2.534686    -2.412091    -2.288387    -2.163723    -2.038333    -1.912533    -1.786717    -1.661351    -1.536963    -1.414128    -1.293453    -1.175551    -1.061023    -0.950426    -0.844249    -0.742881    -0.646592    -0.555503    -0.469573    -0.388588    -0.312158    -0.239721    -0.170561    -0.103829    -0.038573     0.026221     0.091591     0.158557     0.228078     0.301014     0.378092     0.459881     0.546778     0.638996     0.736566     0.839349     0.947050     1.059247     1.175412     1.294942     1.417195     1.541511     1.667245     1.793788     1.920587     2.047157     2.173100     2.298101     2.421937     2.544478     2.665678     2.785576     2.904289     3.022005     3.138981     3.255535
   -1.622925    -3.128907    -3.011573    -2.893557    -2.774634    -2.654647    -2.533509    -2.411211    -2.287819    -2.163485    -2.038437    -1.912990    -1.787532    -1.662523    -1.538485    -1.415985    -1.295620    -1.177995    -1.063701    -0.953285    -0.847226    -0.745909    -0.649594    -0.558399    -0.472284    -0.391035    -0.314267    -0.241426    -0.171807    -0.104573    -0.038790     0.026542     0.092442     0.159914     0.229901     0.303247     0.380669     0.462728     0.549812     0.642133     0.739722     0.842443     0.950010     1.062005     1.177911     1.297136     1.419048     1.542999     1.668353     1.794511     1.920926     2.047123     2.172706     2.297367     2.420883     2.543126     2.664049     2.783691     2.902166     3.019659     3.136421     3.252769
   -1.621616    -3.126508    -3.009398    -2.891615    -2.772938    -2.653210    -2.532348    -2.410343    -2.287261    -2.163252    -2.038543    -1.913443    -1.788339    -1.663683    -1.539990    -1.417819    -1.297760    -1.180407    -1.066342    -0.956103    -0.850161    -0.748891    -0.652549    -0.561251    -0.474952    -0.393443    -0.316342    -0.243103    -0.173031    -0.105304    -0.039002     0.026858     0.093280     0.161250     0.231695     0.305445     0.383206     0.465529     0.552798     0.645220     0.742828     0.845490     0.952924     1.064722     1.180373     1.299299     1.420877     1.544468     1.669448     1.795226     1.921263     2.047092     2.172322     2.296646     2.419847     2.541795     2.662445     2.781833     2.900072     3.017344     3.133896     3.250039
   -1.620323    -3.124138    -3.007250    -2.889698    -2.771263    -2.651792    -2.531204    -2.409488    -2.286713    -2.163024    -2.038650    -1.913894    -1.789137    -1.664829    -1.541476    -1.419631    -1.299872    -1.182787    -1.068947    -0.958881    -0.853052    -0.751829    -0.655460    -0.564058    -0.477578    -0.395812    -0.318382    -0.244751    -0.174235    -0.106023    -0.039209     0.027171     0.094106     0.162565     0.233460     0.307608     0.385702     0.468285     0.555736     0.648259     0.745887     0.848491     0.955795     1.067398     1.182801     1.301432     1.422680     1.545918     1.670530     1.795933     1.921599     2.047065     2.171945     2.295937     2.418826     2.540484     2.660864     2.780002     2.898008     3.015061     3.131405     3.247345
   -1.619046    -3.121798    -3.005130    -2.887805    -2.769610    -2.650394    -2.530075    -2.408646    -2.286173    -2.162802    -2.038757    -1.914341    -1.789928    -1.665963    -1.542945    -1.421420    -1.301957    -1.185135    -1.071515    -0.961620    -0.855902    -0.754723    -0.658327    -0.566822    -0.480163    -0.398142    -0.320389    -0.246372    -0.175418    -0.106728    -0.039412     0.027479     0.094919     0.163859     0.235197     0.309736     0.388158     0.470998     0.558628     0.651250     0.748899     0.851446     0.958623     1.070036     1.185193     1.303536     1.424460     1.547350     1.671599     1.796634     1.921934     2.047041     2.171577     2.295242     2.417823     2.539193     2.659306     2.778197     2.895973     3.012809     3.128947     3.244687
   -1.617784    -3.119488    -3.003036    -2.885937    -2.767979    -2.649014    -2.528962    -2.407816    -2.285642    -2.162585    -2.038866    -1.914785    -1.790711    -1.667084    -1.544397    -1.423186    -1.304014    -1.187451    -1.074049    -0.964320    -0.858710    -0.757574    -0.661150    -0.569543    -0.482707    -0.400436    -0.322364    -0.247967    -0.176581    -0.107421    -0.039611     0.027784     0.095720     0.165133     0.236906     0.311830     0.390576     0.473668     0.561475     0.654195     0.751863     0.854356     0.961409     1.072634     1.187552     1.305609     1.426215     1.548763     1.672655     1.797327     1.922266     2.047021     2.171216     2.294558     2.416836     2.537922     2.657772     2.776418     2.893966     3.010588     3.126522     3.242064
   -1.616539    -3.117206    -3.000968    -2.884093    -2.766369    -2.647653    -2.527865    -2.406998    -2.285120    -2.162372    -2.038976    -1.915225    -1.791487    -1.668193    -1.545831    -1.424930    -1.306045    -1.189736    -1.076547    -0.966982    -0.861478    -0.760383    -0.663930    -0.572222    -0.485211    -0.402693    -0.324306    -0.249535    -0.177724    -0.108102    -0.039806     0.028084     0.096508     0.166387     0.238589     0.313892     0.392954     0.476296     0.564276     0.657094     0.754783     0.857222     0.964153     1.075195     1.189876     1.307654     1.427947     1.550157     1.673698     1.798014     1.922597     2.047004     2.170864     2.293887     2.415864     2.536670     2.656260     2.774664     2.891987     3.008398     3.124130     3.239476
   -1.615309    -3.114953    -2.998927    -2.882272    -2.764780    -2.646309    -2.526782    -2.406192    -2.284606    -2.162165    -2.039086    -1.915661    -1.792254    -1.669289    -1.547248    -1.426653    -1.308049    -1.191990    -1.079011    -0.969606    -0.864205    -0.763150    -0.666669    -0.574860    -0.487675    -0.404914    -0.326217    -0.251077    -0.178848    -0.108771    -0.039996     0.028381     0.097285     0.167622     0.240245     0.315920     0.395296     0.478882     0.567034     0.659948     0.757657     0.860044     0.966855     1.077718     1.192167     1.309670     1.429655     1.551534     1.674729     1.798693     1.922925     2.046989     2.170519     2.293228     2.414909     2.535438     2.654770     2.772936     2.890036     3.006238     3.121771     3.236922
   -1.614094    -3.112729    -2.996912    -2.880475    -2.763213    -2.644984    -2.525715    -2.405399    -2.284101    -2.161962    -2.039197    -1.916095    -1.793013    -1.670372    -1.548648    -1.428353    -1.310028    -1.194215    -1.081441    -0.972193    -0.866893    -0.765876    -0.669366    -0.577457    -0.490102    -0.407099    -0.328097    -0.252593    -0.179953    -0.109428    -0.040183     0.028674     0.098049     0.168837     0.241875     0.317917     0.397600     0.481427     0.569749     0.662757     0.760487     0.862824     0.969518     1.080204     1.194425     1.311658     1.431340     1.552893     1.675748     1.799365     1.923252     2.046978     2.170181     2.292580     2.413969     2.534225     2.653303     2.771232     2.888112     3.004107     3.119443     3.234403
   -1.612895    -3.110532    -2.994923    -2.878701    -2.761665    -2.643677    -2.524663    -2.404616    -2.283604    -2.161763    -2.039309    -1.916524    -1.793764    -1.671443    -1.550030    -1.430032    -1.311980    -1.196409    -1.083837    -0.974743    -0.869542    -0.768562    -0.672022    -0.580014    -0.492490    -0.409250    -0.329947    -0.254085    -0.181040    -0.110074    -0.040365     0.028962     0.098803     0.170033     0.243479     0.319882     0.399868     0.483933     0.572421     0.665523     0.763274     0.865561     0.972140     1.082653     1.196651     1.313619     1.433003     1.554235     1.676754     1.800030     1.923576     2.046969     2.169851     2.291943     2.413043     2.533030     2.651857     2.769553     2.886215     3.002006     3.117147     3.231917
   -1.611710    -3.108364    -2.992959    -2.876950    -2.760139    -2.642388    -2.523625    -2.403846    -2.283114    -2.161569    -2.039421    -1.916950    -1.794507    -1.672502    -1.551396    -1.431690    -1.313907    -1.198573    -1.086199    -0.977257    -0.872152    -0.771208    -0.674638    -0.582532    -0.494841    -0.411367    -0.331766    -0.255552    -0.182108    -0.110708    -0.040544     0.029247     0.099544     0.171211     0.245058     0.321816     0.402100     0.486399     0.575052     0.668246     0.766018     0.868257     0.974724     1.085067     1.198844     1.315551     1.434643     1.555559     1.677748     1.800688     1.923899     2.046963     2.169528     2.291318     2.412133     2.531853     2.650432     2.767898     2.884345     2.999933     3.114882     3.229464
   -1.610541    -3.106223    -2.991021    -2.875222    -2.758632    -2.641116    -2.522602    -2.403086    -2.282633    -2.161380    -2.039533    -1.917372    -1.795242    -1.673548    -1.552745    -1.433327    -1.315808    -1.200708    -1.088529    -0.979735    -0.874725    -0.773815    -0.677215    -0.585012    -0.497155    -0.413450    -0.333557    -0.256996    -0.183159    -0.111332    -0.040719     0.029528     0.100275     0.172370     0.246613     0.323719     0.404297     0.488826     0.577641     0.670928     0.768720     0.870912     0.977269     1.087445     1.201007     1.317457     1.436260     1.556866     1.678730     1.801338     1.924219     2.046959     2.169211     2.290703     2.411238     2.530694     2.649028     2.766266     2.882501     2.997889     3.112647     3.227044
   -1.609387    -3.104110    -2.989107    -2.873517    -2.757146    -2.639861    -2.521593    -2.402338    -2.282160    -2.161194    -2.039646    -1.917791    -1.795970    -1.674582    -1.554078    -1.434942    -1.317684    -1.202814    -1.090827    -0.982178    -0.877260    -0.776383    -0.679753    -0.587453    -0.499433    -0.415501    -0.335319    -0.258416    -0.184192    -0.111945    -0.040890     0.029806     0.100995     0.173512     0.248143     0.325593     0.406460     0.491216     0.580191     0.673567     0.771381     0.873528     0.979776     1.089788     1.203138     1.319336     1.437856     1.558156     1.679700     1.801982     1.924537     2.046958     2.168902     2.290099     2.410356     2.529553     2.647645     2.764658     2.880683     2.995874     3.110443     3.224656
   -1.608247    -3.102023    -2.987219    -2.871834    -2.755679    -2.638623    -2.520598    -2.401601    -2.281694    -2.161012    -2.039759    -1.918206    -1.796689    -1.675604    -1.555394    -1.436537    -1.319536    -1.204892    -1.093093    -0.984586    -0.879759    -0.778914    -0.682253    -0.589858    -0.501676    -0.417519    -0.337053    -0.259813    -0.185208    -0.112547    -0.041058     0.030079     0.101703     0.174636     0.249649     0.327437     0.408589     0.493568     0.582700     0.676166     0.774001     0.876103     0.982246     1.092098     1.205239     1.321189     1.439430     1.559429     1.680658     1.802619     1.924853     2.046959     2.168598     2.289506     2.409489     2.528430     2.646283     2.763073     2.878890     2.993885     3.108268     3.222301
   -1.607122    -3.099964    -2.985354    -2.870173    -2.754231    -2.637402    -2.519618    -2.400874    -2.281236    -2.160835    -2.039872    -1.918617    -1.797401    -1.676614    -1.556693    -1.438112    -1.321362    -1.206941    -1.095327    -0.986960    -0.882221    -0.781407    -0.684715    -0.592225    -0.503885    -0.419505    -0.338759    -0.261187    -0.186208    -0.113139    -0.041223     0.030349     0.102402     0.175742     0.251132     0.329253     0.410684     0.495884     0.585171     0.678725     0.776581     0.878640     0.984680     1.094373     1.207309     1.323016     1.440983     1.560685     1.681605     1.803249     1.925167     2.046962     2.168301     2.288923     2.408635     2.527323     2.644940     2.761510     2.877122     2.991925     3.106123     3.219976
   -1.606011    -3.097931    -2.983514    -2.868533    -2.752803    -2.636198    -2.518650    -2.400158    -2.280785    -2.160661    -2.039985    -1.919024    -1.798105    -1.677612    -1.557977    -1.439666    -1.323165    -1.208963    -1.097530    -0.989301    -0.884648    -0.783863    -0.687141    -0.594557    -0.506059    -0.421460    -0.340438    -0.262539    -0.187190    -0.113721    -0.041384     0.030616     0.103089     0.176832     0.252591     0.331040     0.412747     0.498163     0.587604     0.681245     0.779122     0.881139     0.987077     1.096615     1.209350     1.324817     1.442514     1.561925     1.682539     1.803872     1.925478     2.046967     2.168011     2.288350     2.407796     2.526233     2.643617     2.759970     2.875379     2.989991     3.104007     3.217683
   -1.604914    -3.095924    -2.981698    -2.866916    -2.751394    -2.635010    -2.517697    -2.399453    -2.280341    -2.160491    -2.040099    -1.919427    -1.798800    -1.678598    -1.559244    -1.441200    -1.324944    -1.210957    -1.099703    -0.991608    -0.887039    -0.786284    -0.689530    -0.596853    -0.508199    -0.423385    -0.342091    -0.263869    -0.188157    -0.114293    -0.041542     0.030878     0.103766     0.177904     0.254028     0.332799     0.414778     0.500407     0.589999     0.683726     0.781625     0.883600     0.989438     1.098825     1.211362     1.326593     1.444025     1.563149     1.683462     1.804488     1.925787     2.046974     2.167726     2.287786     2.406969     2.525160     2.642313     2.758452     2.873661     2.988084     3.101920     3.215421
   -1.603832    -3.093943    -2.979906    -2.865319    -2.750004    -2.633838    -2.516757    -2.398758    -2.279904    -2.160324    -2.040212    -1.919827    -1.799488    -1.679572    -1.560496    -1.442714    -1.326699    -1.212923    -1.101845    -0.993882    -0.889396    -0.788668    -0.691883    -0.599114    -0.510307    -0.425279    -0.343717    -0.265178    -0.189108    -0.114856    -0.041697     0.031138     0.104434     0.178961     0.255443     0.334531     0.416777     0.502616     0.592357     0.686169     0.784089     0.886024     0.991765     1.101002     1.213345     1.328344     1.445515     1.564357     1.684374     1.805097     1.926093     2.046983     2.167448     2.287233     2.406156     2.524102     2.641029     2.756956     2.871967     2.986203     3.099861     3.213189
   -1.602763    -3.091988    -2.978137    -2.863744    -2.748633    -2.632682    -2.515830    -2.398073    -2.279475    -2.160161    -2.040325    -1.920222    -1.800169    -1.680534    -1.561731    -1.444209    -1.328430    -1.214863    -1.103957    -0.996124    -0.891719    -0.791017    -0.694201    -0.601340    -0.512382    -0.427144    -0.345317    -0.266466    -0.190043    -0.115408    -0.041849     0.031393     0.105091     0.180001     0.256836     0.336236     0.418744     0.504791     0.594679     0.688575     0.786516     0.888412     0.994057     1.103147     1.215299     1.330071     1.446985     1.565548     1.685275     1.805699     1.926397     2.046994     2.167175     2.286689     2.405355     2.523061     2.639763     2.755481     2.870296     2.984348     3.097831     3.210987
   -1.601709    -3.090059    -2.976391    -2.862190    -2.747280    -2.631542    -2.514916    -2.397398    -2.279052    -2.160002    -2.040438    -1.920614    -1.800841    -1.681484    -1.562952    -1.445684    -1.330139    -1.216777    -1.106040    -0.998334    -0.894008    -0.793332    -0.696485    -0.603533    -0.514425    -0.428980    -0.346892    -0.267733    -0.190963    -0.115952    -0.041997     0.031646     0.105738     0.181025     0.258207     0.337914     0.420682     0.506933     0.596965     0.690944     0.788907     0.890764     0.996316     1.105262     1.217226     1.331774     1.448435     1.566725     1.686164     1.806295     1.926699     2.047007     2.166908     2.286154     2.404567     2.522036     2.638516     2.754027     2.868649     2.982519     3.095827     3.208814
   -1.600668    -3.088154    -2.974669    -2.860656    -2.745945    -2.630418    -2.514014    -2.396733    -2.278636    -2.159846    -2.040551    -1.921002    -1.801506    -1.682423    -1.564156    -1.447139    -1.331824    -1.218664    -1.108094    -1.000513    -0.896264    -0.795613    -0.698734    -0.605693    -0.516436    -0.430787    -0.348442    -0.268980    -0.191868    -0.116486    -0.042143     0.031895     0.106375     0.182033     0.259557     0.339566     0.422589     0.509041     0.599215     0.693277     0.791261     0.893081     0.998541     1.107345     1.219125     1.333452     1.449865     1.567885     1.687042     1.806884     1.926998     2.047021     2.166646     2.285628     2.403792     2.521026     2.637287     2.752593     2.867025     2.980715     3.093851     3.206671
   -1.599640    -3.086275    -2.972969    -2.859143    -2.744628    -2.629309    -2.513126    -2.396078    -2.278226    -2.159693    -2.040664    -1.921386    -1.802163    -1.683351    -1.565346    -1.448576    -1.333487    -1.220525    -1.110119    -1.002661    -0.898487    -0.797860    -0.700950    -0.607820    -0.518417    -0.432566    -0.349968    -0.270206    -0.192758    -0.117012    -0.042286     0.032140     0.107003     0.183026     0.260886     0.341193     0.424467     0.511117     0.601432     0.695574     0.793579     0.895364     1.000733     1.109399     1.220997     1.335107     1.451275     1.569031     1.687909     1.807466     1.927295     2.047037     2.166390     2.285112     2.403028     2.520031     2.636076     2.751181     2.865423     2.978936     3.091902     3.204557
   -1.598626    -3.084420    -2.971291    -2.857650    -2.743329    -2.628215    -2.512250    -2.395432    -2.277823    -2.159543    -2.040776    -1.921766    -1.802813    -1.684267    -1.566520    -1.449994    -1.335128    -1.222361    -1.112116    -1.004778    -0.900678    -0.800074    -0.703132    -0.609914    -0.520368    -0.434318    -0.351470    -0.271414    -0.193634    -0.117528    -0.042426     0.032382     0.107622     0.184003     0.262194     0.342795     0.426316     0.513161     0.603614     0.697836     0.795863     0.897612     1.002892     1.111422     1.222842     1.336739     1.452667     1.570161     1.688765     1.808042     1.927590     2.047055     2.166138     2.284604     2.402277     2.519052     2.634883     2.749788     2.863844     2.977181     3.089980     3.202471
   -1.597625    -3.082589    -2.969636    -2.856177    -2.742047    -2.627136    -2.511386    -2.394796    -2.277426    -2.159397    -2.040888    -1.922143    -1.803455    -1.685172    -1.567679    -1.451393    -1.336746    -1.224172    -1.114084    -1.006865    -0.902837    -0.802256    -0.705282    -0.611978    -0.522288    -0.436042    -0.352948    -0.272602    -0.194496    -0.118036    -0.042564     0.032621     0.108231     0.184966     0.263483     0.344372     0.428136     0.515173     0.605763     0.700064     0.798112     0.899826     1.005020     1.113416     1.224661     1.338349     1.454039     1.571277     1.689611     1.808611     1.927881     2.047073     2.165892     2.284104     2.401538     2.518087     2.633707     2.748416     2.862287     2.975450     3.088083     3.200413
   -1.596638    -3.080783    -2.968002    -2.854723    -2.740783    -2.626073    -2.510534    -2.394169    -2.277036    -2.159253    -2.041000    -1.922515    -1.804090    -1.686065    -1.568823    -1.452774    -1.338343    -1.225957    -1.116026    -1.008922    -0.904966    -0.804405    -0.707400    -0.614010    -0.524179    -0.437740    -0.354403    -0.273771    -0.195344    -0.118536    -0.042698     0.032857     0.108832     0.185914     0.264752     0.345925     0.429929     0.517155     0.607879     0.702258     0.800327     0.902008     1.007117     1.115381     1.226453     1.339935     1.455392     1.572377     1.690445     1.809173     1.928171     2.047094     2.165652     2.283613     2.400810     2.517136     2.632548     2.747062     2.860752     2.973744     3.086213     3.198382
   -1.595663    -3.079000    -2.966391    -2.853289    -2.739536    -2.625023    -2.509695    -2.393552    -2.276651    -2.159112    -2.041112    -1.922883    -1.804717    -1.686948    -1.569953    -1.454136    -1.339918    -1.227718    -1.117940    -1.010950    -0.907063    -0.806523    -0.709487    -0.616011    -0.526042    -0.439411    -0.355836    -0.274922    -0.196178    -0.119027    -0.042831     0.033089     0.109423     0.186848     0.266001     0.347454     0.431694     0.519106     0.609963     0.704419     0.802509     0.904157     1.009183     1.117317     1.228221     1.341499     1.456727     1.573463     1.691270     1.809729     1.928457     2.047115     2.165415     2.283131     2.400093     2.516200     2.631406     2.745729     2.859239     2.972061     3.084368     3.196380
   -1.594701    -3.077242    -2.964801    -2.851874    -2.738306    -2.623988    -2.508867    -2.392943    -2.276273    -2.158975    -2.041222    -1.923248    -1.805336    -1.687819    -1.571068    -1.455481    -1.341472    -1.229455    -1.119827    -1.012949    -0.909130    -0.808610    -0.711542    -0.617982    -0.527876    -0.441057    -0.357246    -0.276055    -0.196999    -0.119510    -0.042960     0.033318     0.110005     0.187767     0.267231     0.348959     0.433431     0.521027     0.612015     0.706547     0.804659     0.906275     1.011218     1.119226     1.229962     1.343042     1.458044     1.574535     1.692083     1.810279     1.928741     2.047138     2.165184     2.282656     2.399388     2.515278     2.630281     2.744414     2.857747     2.970401     3.082548     3.194404
   -1.593752    -3.075506    -2.963232    -2.850479    -2.737093    -2.622968    -2.508051    -2.392343    -2.275901    -2.158840    -2.041333    -1.923609    -1.805948    -1.688680    -1.572168    -1.456808    -1.343005    -1.231168    -1.121688    -1.014919    -0.911167    -0.810666    -0.713567    -0.619923    -0.529682    -0.442677    -0.358634    -0.277169    -0.197806    -0.119985    -0.043087     0.033545     0.110579     0.188673     0.268442     0.350441     0.435142     0.522919     0.614036     0.708643     0.806776     0.908360     1.013224     1.121106     1.231680     1.344563     1.459343     1.575592     1.692887     1.810822     1.929023     2.047161     2.164958     2.282189     2.398694     2.514369     2.629172     2.743118     2.856275     2.968764     3.080753     3.192455
   -1.592815    -3.073793    -2.961683    -2.849102    -2.735896    -2.621962    -2.507247    -2.391752    -2.275534    -2.158708    -2.041443    -1.923966    -1.806553    -1.689530    -1.573255    -1.458117    -1.344517    -1.232857    -1.123522    -1.016862    -0.913175    -0.812693    -0.715562    -0.621836    -0.531460    -0.444272    -0.360000    -0.278267    -0.198601    -0.120452    -0.043212     0.033768     0.111145     0.189565     0.269635     0.351901     0.436827     0.524782     0.616026     0.710707     0.808861     0.910415     1.015200     1.122960     1.233372     1.346062     1.460624     1.576636     1.693680     1.811358     1.929302     2.047186     2.164735     2.281730     2.398010     2.513474     2.628080     2.741840     2.854824     2.967150     3.078982     3.190532
   -1.591891    -3.072104    -2.960156    -2.847743    -2.734715    -2.620969    -2.506453    -2.391169    -2.275174    -2.158578    -2.041552    -1.924319    -1.807151    -1.690369    -1.574327    -1.459408    -1.346009    -1.234523    -1.125331    -1.018776    -0.915153    -0.814689    -0.717527    -0.623719    -0.533212    -0.445843    -0.361345    -0.279347    -0.199383    -0.120912    -0.043334     0.033988     0.111702     0.190443     0.270809     0.353338     0.438486     0.526617     0.617986     0.712740     0.810915     0.912440     1.017147     1.124786     1.235040     1.347541     1.461887     1.577665     1.694464     1.811889     1.929579     2.047212     2.164518     2.281279     2.397338     2.512593     2.627003     2.740581     2.853394     2.965558     3.077236     3.188635
   -1.590979    -3.070436    -2.958649    -2.846403    -2.733551    -2.619990    -2.505671    -2.390596    -2.274819    -2.158452    -2.041661    -1.924668    -1.807742    -1.691197    -1.575385    -1.460683    -1.347480    -1.236166    -1.127114    -1.020664    -0.917104    -0.816656    -0.719464    -0.625575    -0.534936    -0.447390    -0.362670    -0.280409    -0.200152    -0.121364    -0.043454     0.034205     0.112250     0.191308     0.271966     0.354753     0.440120     0.528424     0.619916     0.714743     0.812938     0.914434     1.019065     1.126587     1.236685     1.348999     1.463133     1.578681     1.695237     1.812413     1.929853     2.047239     2.164305     2.280836     2.396675     2.511725     2.625942     2.739339     2.851983     2.963988     3.075513     3.186764
   -1.590079    -3.068791    -2.957163    -2.845082    -2.732402    -2.619025    -2.504900    -2.390030    -2.274469    -2.158327    -2.041770    -1.925013    -1.808325    -1.692015    -1.576430    -1.461940    -1.348931    -1.237786    -1.128873    -1.022524    -0.919025    -0.818595    -0.721371    -0.627402    -0.536635    -0.448913    -0.363973    -0.281456    -0.200909    -0.121809    -0.043572     0.034419     0.112791     0.192160     0.273105     0.356147     0.441729     0.530203     0.621817     0.716715     0.814932     0.916399     1.020956     1.128361     1.238306     1.350436     1.464362     1.579683     1.696000     1.812931     1.930124     2.047267     2.164095     2.280399     2.396023     2.510869     2.624896     2.738116     2.850593     2.962440     3.073814     3.184918
   -1.589191    -3.067168    -2.955696    -2.843778    -2.731269    -2.618073    -2.504140    -2.389473    -2.274125    -2.158206    -2.041877    -1.925355    -1.808901    -1.692823    -1.577460    -1.463181    -1.350363    -1.239384    -1.130607    -1.024358    -0.920919    -0.820505    -0.723250    -0.629202    -0.538308    -0.450412    -0.365257    -0.282486    -0.201655    -0.122246    -0.043687     0.034630     0.113323     0.192999     0.274227     0.357519     0.443313     0.531955     0.623690     0.718658     0.816895     0.918334     1.022818     1.130109     1.239904     1.351853     1.465574     1.580672     1.696754     1.813443     1.930393     2.047295     2.163890     2.279970     2.395381     2.510027     2.623865     2.736909     2.849222     2.960913     3.072139     3.183098
   -1.588315    -3.065567    -2.954249    -2.842492    -2.730152    -2.617135    -2.503391    -2.388924    -2.273786    -2.158086    -2.041984    -1.925692    -1.809470    -1.693620    -1.578478    -1.464405    -1.351775    -1.240960    -1.132316    -1.026166    -0.922786    -0.822387    -0.725101    -0.630975    -0.539956    -0.451889    -0.366521    -0.283499    -0.202388    -0.122676    -0.043800     0.034838     0.113848     0.193825     0.275332     0.358871     0.444874     0.533681     0.625534     0.720572     0.818829     0.920241     1.024654     1.131832     1.241480     1.353251     1.466770     1.581648     1.697498     1.813949     1.930659     2.047325     2.163690     2.279548     2.394749     2.509197     2.622850     2.735720     2.847870     2.959407     3.070486     3.181301
   -1.587451    -3.063987    -2.952822    -2.841223    -2.729050    -2.616209    -2.502653    -2.388383    -2.273453    -2.157969    -2.042091    -1.926026    -1.810032    -1.694407    -1.579481    -1.465612    -1.353167    -1.242514    -1.134001    -1.027948    -0.924626    -0.824241    -0.726925    -0.632722    -0.541579    -0.453343    -0.367765    -0.284497    -0.203110    -0.123100    -0.043912     0.035043     0.114365     0.194639     0.276419     0.360202     0.446410     0.535380     0.627350     0.722456     0.820734     0.922120     1.026462     1.133531     1.243032     1.354628     1.467949     1.582610     1.698232     1.814448     1.930922     2.047355     2.163493     2.279133     2.394127     2.508379     2.621849     2.734548     2.846537     2.957922     3.068856     3.179530
   -1.586598    -3.062429    -2.951414    -2.839971    -2.727963    -2.615296    -2.501924    -2.387849    -2.273125    -2.157855    -2.042197    -1.926357    -1.810588    -1.695184    -1.580472    -1.466804    -1.354541    -1.244046    -1.135663    -1.029705    -0.926439    -0.826069    -0.728722    -0.634442    -0.543177    -0.454775    -0.368990    -0.285480    -0.203820    -0.123516    -0.044021     0.035246     0.114874     0.195441     0.277491     0.361513     0.447924     0.537054     0.629139     0.724313     0.822611     0.923972     1.028245     1.135204     1.244563     1.355987     1.469112     1.583560     1.698957     1.814942     1.931183     2.047386     2.163300     2.278725     2.393514     2.507573     2.620863     2.733392     2.845222     2.956458     3.067248     3.177782
   -1.585757    -3.060892    -2.950025    -2.838737    -2.726891    -2.614397    -2.501207    -2.387324    -2.272801    -2.157742    -2.042302    -1.926683    -1.811136    -1.695951    -1.581450    -1.467979    -1.355896    -1.245557    -1.137301    -1.031437    -0.928226    -0.827869    -0.730493    -0.636137    -0.544751    -0.456185    -0.370196    -0.286447    -0.204519    -0.123926    -0.044128     0.035446     0.115375     0.196230     0.278546     0.362804     0.449414     0.538702     0.630900     0.726142     0.824460     0.925796     1.030001     1.136854     1.246072     1.357326     1.470258     1.584497     1.699672     1.815430     1.931441     2.047417     2.163110     2.278323     2.392911     2.506780     2.619890     2.732253     2.843926     2.955014     3.065662     3.176058
   -1.584927    -3.059375    -2.948655    -2.837520    -2.725834    -2.613509    -2.500499    -2.386806    -2.272483    -2.157632    -2.042406    -1.927006    -1.811678    -1.696708    -1.582414    -1.469138    -1.357232    -1.247046    -1.138916    -1.033143    -0.929987    -0.829644    -0.732237    -0.637807    -0.546301    -0.457574    -0.371384    -0.287399    -0.205207    -0.124329    -0.044233     0.035643     0.115870     0.197008     0.279585     0.364075     0.450882     0.540326     0.632636     0.727943     0.826282     0.927593     1.031731     1.138480     1.247559     1.358647     1.471390     1.585422     1.700379     1.815912     1.931697     2.047449     2.162925     2.277928     2.392317     2.505998     2.618932     2.731130     2.842648     2.953590     3.064098     3.174357
   -1.584108    -3.057879    -2.947304    -2.836319    -2.724792    -2.612634    -2.499801    -2.386296    -2.272170    -2.157524    -2.042510    -1.927325    -1.812213    -1.697455    -1.583366    -1.470282    -1.358550    -1.248516    -1.140508    -1.034826    -0.931723    -0.831392    -0.733955    -0.639451    -0.547828    -0.458942    -0.372553    -0.288336    -0.205885    -0.124725    -0.044336     0.035837     0.116357     0.197774     0.280609     0.365327     0.452327     0.541925     0.634345     0.729718     0.828076     0.929363     1.033437     1.140082     1.249026     1.359949     1.472505     1.586334     1.701076     1.816388     1.931950     2.047482     2.162743     2.277540     2.391732     2.505228     2.617988     2.730023     2.841389     2.952185     3.062555     3.172680
   -1.583301    -3.056403    -2.945971    -2.835134    -2.723764    -2.611771    -2.499114    -2.385793    -2.271862    -2.157418    -2.042613    -1.927640    -1.812741    -1.698193    -1.584305    -1.471411    -1.359850    -1.249964    -1.142078    -1.036484    -0.933433    -0.833115    -0.735649    -0.641071    -0.549332    -0.460289    -0.373705    -0.289259    -0.206551    -0.125116    -0.044437     0.036029     0.116836     0.198529     0.281617     0.366561     0.453751     0.543500     0.636029     0.731466     0.829844     0.931108     1.035117     1.141661     1.250471     1.361233     1.473605     1.587234     1.701764     1.816858     1.932201     2.047515     2.162564     2.277158     2.391156     2.504469     2.617058     2.728932     2.840146     2.950800     3.061034     3.171025
   -1.582504    -3.054947    -2.944656    -2.833966    -2.722750    -2.610921    -2.498436    -2.385298    -2.271558    -2.157315    -2.042715    -1.927952    -1.813262    -1.698921    -1.585232    -1.472524    -1.361132    -1.251393    -1.143625    -1.038119    -0.935119    -0.834813    -0.737317    -0.642667    -0.550814    -0.461615    -0.374839    -0.290168    -0.207208    -0.125499    -0.044537     0.036218     0.117309     0.199272     0.282610     0.367775     0.455153     0.545051     0.637687     0.733188     0.831586     0.932827     1.036773     1.143218     1.251896     1.362499     1.474690     1.588121     1.702443     1.817322     1.932449     2.047549     2.162389     2.276782     2.390589     2.503721     2.616141     2.727856     2.838921     2.949434     3.059533     3.169393
   -1.581718    -3.053511    -2.943359    -2.832814    -2.721750    -2.610082    -2.497768    -2.384810    -2.271259    -2.157213    -2.042816    -1.928260    -1.813777    -1.699639    -1.586147    -1.473622    -1.362396    -1.252801    -1.145151    -1.039730    -0.936781    -0.836486    -0.738960    -0.644239    -0.552273    -0.462921    -0.375955    -0.291062    -0.207854    -0.125877    -0.044634     0.036404     0.117775     0.200005     0.283588     0.368972     0.456535     0.546579     0.639321     0.734884     0.833302     0.934520     1.038405     1.144752     1.253300     1.363747     1.475760     1.588997     1.703114     1.817781     1.932694     2.047583     2.162217     2.276412     2.390030     2.502985     2.615237     2.726796     2.837714     2.948088     3.058053     3.167783
   -1.580942    -3.052095    -2.942080    -2.831678    -2.720764    -2.609255    -2.497109    -2.384329    -2.270965    -2.157113    -2.042917    -1.928564    -1.814286    -1.700348    -1.587049    -1.474705    -1.363643    -1.254190    -1.146655    -1.041319    -0.938418    -0.838134    -0.740580    -0.645788    -0.553710    -0.464208    -0.377055    -0.291943    -0.208489    -0.126249    -0.044730     0.036588     0.118234     0.200726     0.284552     0.370150     0.457895     0.548084     0.640930     0.736555     0.834993     0.936189     1.040013     1.146264     1.254685     1.364977     1.476816     1.589861     1.703775     1.818234     1.932937     2.047618     2.162049     2.276048     2.389480     2.502259     2.614346     2.725750     2.836523     2.946760     3.056593     3.166196
   -1.580178    -3.050698    -2.940819    -2.830557    -2.719792    -2.608440    -2.496460    -2.383855    -2.270675    -2.157015    -2.043017    -1.928865    -1.814788    -1.701048    -1.587939    -1.475773    -1.364873    -1.255560    -1.148138    -1.042885    -0.940032    -0.839759    -0.742175    -0.647314    -0.555126    -0.465475    -0.378137    -0.292810    -0.209115    -0.126615    -0.044824     0.036769     0.118686     0.201436     0.285501     0.371311     0.459235     0.549567     0.642515     0.738201     0.836658     0.937834     1.041598     1.147754     1.256049     1.366191     1.477857     1.590713     1.704428     1.818682     1.933178     2.047653     2.161884     2.275690     2.388938     2.501544     2.613468     2.724720     2.835349     2.945450     3.055154     3.164629
   -1.579423    -3.049320    -2.939574    -2.829452    -2.718833    -2.607636    -2.495819    -2.383388    -2.270390    -2.156919    -2.043116    -1.929162    -1.815284    -1.701739    -1.588817    -1.476827    -1.366086    -1.256910    -1.149600    -1.044428    -0.941623    -0.841360    -0.743747    -0.648817    -0.556521    -0.466723    -0.379204    -0.293664    -0.209732    -0.126975    -0.044916     0.036948     0.119131     0.202136     0.286435     0.372454     0.460555     0.551027     0.644076     0.739823     0.838299     0.939454     1.043160     1.149223     1.257395     1.367387     1.478883     1.591554     1.705073     1.819124     1.933415     2.047688     2.161722     2.275338     2.388405     2.500840     2.612603     2.723704     2.834192     2.944158     3.053734     3.163085
   -1.578679    -3.047961    -2.938347    -2.828363    -2.717888    -2.606843    -2.495189    -2.382928    -2.270109    -2.156825    -2.043214    -1.929456    -1.815773    -1.702421    -1.589684    -1.477866    -1.367282    -1.258242    -1.151041    -1.045949    -0.943191    -0.842937    -0.745296    -0.650298    -0.557894    -0.467952    -0.380254    -0.294505    -0.210338    -0.127329    -0.045007     0.037124     0.119570     0.202826     0.287356     0.373580     0.461855     0.552465     0.645615     0.741421     0.839916     0.941050     1.044699     1.150670     1.258721     1.368566     1.479895     1.592384     1.705709     1.819560     1.933651     2.047724     2.161563     2.274991     2.387880     2.500145     2.611750     2.722702     2.833050     2.942885     3.052334     3.161561
   -1.577946    -3.046620    -2.937137    -2.827288    -2.716956    -2.606062    -2.494567    -2.382475    -2.269833    -2.156733    -2.043311    -1.929746    -1.816256    -1.703093    -1.590539    -1.478892    -1.368461    -1.259554    -1.152462    -1.047449    -0.944736    -0.844492    -0.746822    -0.651757    -0.559247    -0.469162    -0.381288    -0.295332    -0.210935    -0.127677    -0.045096     0.037298     0.120003     0.203505     0.288263     0.374689     0.463135     0.553882     0.647130     0.742995     0.841509     0.942623     1.046215     1.152097     1.260029     1.369729     1.480894     1.593202     1.706337     1.819991     1.933883     2.047760     2.161406     2.274650     2.387363     2.499462     2.610910     2.721715     2.831925     2.941629     3.050953     3.160058
   -1.577222    -3.045298    -2.935944    -2.826228    -2.716037    -2.605291    -2.493954    -2.382028    -2.269561    -2.156643    -2.043408    -1.930033    -1.816733    -1.703757    -1.591382    -1.479903    -1.369625    -1.260849    -1.153863    -1.048927    -0.946258    -0.846024    -0.748326    -0.653194    -0.560580    -0.470354    -0.382306    -0.296147    -0.211523    -0.128020    -0.045183     0.037470     0.120429     0.204174     0.289156     0.375781     0.464397     0.555278     0.648623     0.744545     0.843078     0.944173     1.047710     1.153503     1.261317     1.370876     1.481878     1.594009     1.706956     1.820417     1.934114     2.047796     2.161253     2.274315     2.386853     2.498788     2.610082     2.720742     2.830816     2.940391     3.049591     3.158576
   -1.576508    -3.043995    -2.934767    -2.825183    -2.715130    -2.604532    -2.493349    -2.381588    -2.269293    -2.156554    -2.043504    -1.930316    -1.817204    -1.704412    -1.592214    -1.480900    -1.370772    -1.262125    -1.155244    -1.050384    -0.947759    -0.847533    -0.749807    -0.654610    -0.561893    -0.471529    -0.383309    -0.296950    -0.212102    -0.128358    -0.045269     0.037639     0.120849     0.204833     0.290036     0.376858     0.465639     0.556653     0.650093     0.746073     0.844625     0.945701     1.049183     1.154889     1.262588     1.372007     1.482849     1.594805     1.707567     1.820838     1.934341     2.047833     2.161103     2.273984     2.386352     2.498124     2.609265     2.719782     2.829722     2.939170     3.048248     3.157115
   -1.575804    -3.042709    -2.933606    -2.824153    -2.714237    -2.603783    -2.492754    -2.381154    -2.269029    -2.156467    -2.043599    -1.930596    -1.817669    -1.705059    -1.593035    -1.481884    -1.371903    -1.263384    -1.156606    -1.051820    -0.949238    -0.849021    -0.751267    -0.656005    -0.563186    -0.472685    -0.384296    -0.297740    -0.212672    -0.128690    -0.045354     0.037806     0.121263     0.205483     0.290903     0.377918     0.466863     0.558007     0.651542     0.747578     0.846148     0.947206     1.050635     1.156256     1.263840     1.373121     1.483806     1.595591     1.708171     1.821253     1.934566     2.047869     2.160956     2.273660     2.385857     2.497470     2.608461     2.718837     2.828643     2.937966     3.046924     3.155673
   -1.575110    -3.041441    -2.932462    -2.823137    -2.713356    -2.603045    -2.492167    -2.380727    -2.268769    -2.156381    -2.043693    -1.930873    -1.818127    -1.705696    -1.593844    -1.482854    -1.373018    -1.264625    -1.157948    -1.053235    -0.950696    -0.850487    -0.752705    -0.657379    -0.564460    -0.473825    -0.385269    -0.298518    -0.213233    -0.129017    -0.045436     0.037970     0.121671     0.206122     0.291757     0.378962     0.468069     0.559341     0.652969     0.749061     0.847650     0.948689     1.052065     1.157602     1.265075     1.374220     1.484751     1.596366     1.708766     1.821663     1.934789     2.047906     2.160811     2.273340     2.385371     2.496825     2.607668     2.717904     2.827580     2.936778     3.045618     3.154251
   -1.574425    -3.040191    -2.931333    -2.822135    -2.712487    -2.602317    -2.491588    -2.380306    -2.268513    -2.156298    -2.043786    -1.931146    -1.818580    -1.706326    -1.594643    -1.483811    -1.374118    -1.265848    -1.159271    -1.054630    -0.952132    -0.851931    -0.754123    -0.658733    -0.565716    -0.474947    -0.386227    -0.299285    -0.213785    -0.129339    -0.045518     0.038133     0.122072     0.206753     0.292598     0.379991     0.469257     0.560656     0.654375     0.750522     0.849129     0.950151     1.053475     1.158929     1.266292     1.375304     1.485682     1.597130     1.709353     1.822068     1.935009     2.047943     2.160669     2.273025     2.384892     2.496190     2.606886     2.716985     2.826532     2.935608     3.044330     3.152849
   -1.573750    -3.038958    -2.930221    -2.821147    -2.711631    -2.601599    -2.491018    -2.379891    -2.268261    -2.156215    -2.043879    -1.931416    -1.819027    -1.706947    -1.595431    -1.484755    -1.375203    -1.267054    -1.160575    -1.056006    -0.953548    -0.853355    -0.755519    -0.660067    -0.566952    -0.476052    -0.387170    -0.300039    -0.214329    -0.129656    -0.045598     0.038293     0.122468     0.207374     0.293427     0.381004     0.470427     0.561951     0.655760     0.751962     0.850586     0.951591     1.054864     1.160238     1.267492     1.376372     1.486600     1.597884     1.709933     1.822467     1.935227     2.047980     2.160530     2.272716     2.384420     2.495565     2.606116     2.716079     2.825498     2.934454     3.043060     3.151466
   -1.573085    -3.037742    -2.929123    -2.820173    -2.710787    -2.600892    -2.490456    -2.379482    -2.268013    -2.156135    -2.043970    -1.931682    -1.819469    -1.707559    -1.596208    -1.485686    -1.376273    -1.268243    -1.161861    -1.057361    -0.954944    -0.854758    -0.756895    -0.661381    -0.568170    -0.477141    -0.388099    -0.300783    -0.214865    -0.129968    -0.045676     0.038450     0.122858     0.207986     0.294243     0.382002     0.471579     0.563226     0.657124     0.753380     0.852022     0.953010     1.056234     1.161527     1.268675     1.377426     1.487506     1.598628     1.710505     1.822862     1.935442     2.048018     2.160393     2.272411     2.383955     2.494948     2.605357     2.715186     2.824479     2.933316     3.041808     3.150103
   -1.572428    -3.036544    -2.928042    -2.819213    -2.709954    -2.600195    -2.489902    -2.379079    -2.267769    -2.156056    -2.044061    -1.931945    -1.819904    -1.708164    -1.596975    -1.486604    -1.377327    -1.269416    -1.163129    -1.058698    -0.956319    -0.856140    -0.758251    -0.662676    -0.569370    -0.478213    -0.389015    -0.301514    -0.215392    -0.130275    -0.045753     0.038606     0.123243     0.208588     0.295048     0.382986     0.472715     0.564483     0.658469     0.754777     0.853437     0.954408     1.057583     1.162798     1.269840     1.378464     1.488399     1.599361     1.711069     1.823252     1.935655     2.048055     2.160259     2.272111     2.383497     2.494341     2.604609     2.714306     2.823475     2.932193     3.040573     3.148758
   -1.571781    -3.035362    -2.926975    -2.818266    -2.709134    -2.599508    -2.489356    -2.378682    -2.267529    -2.155978    -2.044151    -1.932205    -1.820334    -1.708760    -1.597731    -1.487510    -1.378367    -1.270572    -1.164378    -1.060015    -0.957674    -0.857502    -0.759586    -0.663951    -0.570552    -0.479269    -0.389916    -0.302235    -0.215911    -0.130577    -0.045829     0.038760     0.123622     0.209182     0.295840     0.383955     0.473833     0.565721     0.659793     0.756154     0.854832     0.955787     1.058913     1.164050     1.270990     1.379488     1.489279     1.600085     1.711626     1.823636     1.935866     2.048092     2.160127     2.271816     2.383046     2.493742     2.603872     2.713439     2.822485     2.931087     3.039356     3.147432
   -1.571143    -3.034197    -2.925924    -2.817333    -2.708325    -2.598831    -2.488818    -2.378291    -2.267292    -2.155902    -2.044240    -1.932462    -1.820758    -1.709348    -1.598477    -1.488403    -1.379393    -1.271712    -1.165610    -1.061313    -0.959010    -0.858845    -0.760903    -0.665208    -0.571716    -0.480310    -0.390804    -0.302945    -0.216422    -0.130874    -0.045903     0.038911     0.123995     0.209767     0.296621     0.384909     0.474935     0.566941     0.661098     0.757510     0.856205     0.957145     1.060224     1.165285     1.272123     1.380498     1.490148     1.600798     1.712176     1.824016     1.936074     2.048130     2.159997     2.271525     2.382602     2.493153     2.603145     2.712583     2.821508     2.929996     3.038156     3.146125
   -1.570514    -3.033048    -2.924887    -2.816413    -2.707527    -2.598163    -2.488288    -2.377906    -2.267059    -2.155827    -2.044328    -1.932715    -1.821177    -1.709929    -1.599212    -1.489283    -1.380404    -1.272835    -1.166824    -1.062593    -0.960327    -0.860167    -0.762200    -0.666446    -0.572863    -0.481335    -0.391678    -0.303644    -0.216925    -0.131167    -0.045976     0.039060     0.124363     0.210344     0.297390     0.385849     0.476021     0.568142     0.662384     0.758847     0.857559     0.958483     1.061516     1.166502     1.273240     1.381493     1.491004     1.601502     1.712718     1.824391     1.936279     2.048167     2.159870     2.271240     2.382164     2.492572     2.602429     2.711740     2.820546     2.928921     3.036972     3.144836
   -1.569894    -3.031916    -2.923865    -2.815506    -2.706741    -2.597505    -2.487765    -2.377526    -2.266830    -2.155754    -2.044415    -1.932965    -1.821590    -1.710502    -1.599938    -1.490151    -1.381401    -1.273943    -1.168021    -1.063854    -0.961624    -0.861471    -0.763478    -0.667666    -0.573993    -0.482344    -0.392539    -0.304332    -0.217421    -0.131455    -0.046048     0.039208     0.124726     0.210912     0.298147     0.386776     0.477090     0.569326     0.663651     0.760163     0.858893     0.959802     1.062789     1.167702     1.274341     1.382475     1.491848     1.602196     1.713253     1.824761     1.936482     2.048204     2.159745     2.270958     2.381733     2.491999     2.601723     2.710909     2.819598     2.927861     3.035805     3.143565
   -1.569283    -3.030800    -2.922858    -2.814612    -2.705967    -2.596856    -2.487250    -2.377153    -2.266604    -2.155682    -2.044502    -1.933213    -1.821997    -1.711067    -1.600654    -1.491008    -1.382384    -1.275035    -1.169201    -1.065097    -0.962903    -0.862756    -0.764737    -0.668868    -0.575106    -0.483339    -0.393387    -0.305010    -0.217909    -0.131738    -0.046118     0.039353     0.125083     0.211471     0.298894     0.387688     0.478144     0.570492     0.664899     0.761461     0.860208     0.961101     1.064044     1.168884     1.275426     1.383442     1.492681     1.602881     1.713781     1.825126     1.936683     2.048242     2.159623     2.270681     2.381309     2.491435     2.601028     2.710090     2.818662     2.926816     3.034655     3.142312
   -1.568680    -3.029700    -2.921865    -2.813731    -2.705203    -2.596217    -2.486743    -2.376784    -2.266381    -2.155611    -2.044587    -1.933457    -1.822399    -1.711624    -1.601360    -1.491852    -1.383354    -1.276112    -1.170365    -1.066322    -0.964163    -0.864022    -0.765978    -0.670053    -0.576203    -0.484318    -0.394223    -0.305678    -0.218389    -0.132018    -0.046188     0.039496     0.125435     0.212023     0.299629     0.388587     0.479182     0.571641     0.666128     0.762739     0.861503     0.962382     1.065280     1.170049     1.276496     1.384396     1.493502     1.603557     1.714301     1.825487     1.936882     2.048279     2.159503     2.270409     2.380891     2.490879     2.600342     2.709283     2.817741     2.925786     3.033521     3.141077
   -1.568087    -3.028616    -2.920887    -2.812863    -2.704451    -2.595587    -2.486243    -2.376421    -2.266163    -2.155542    -2.044672    -1.933697    -1.822796    -1.712174    -1.602056    -1.492685    -1.384309    -1.277174    -1.171511    -1.067530    -0.965406    -0.865269    -0.767200    -0.671219    -0.577283    -0.485283    -0.395046    -0.306335    -0.218863    -0.132292    -0.046256     0.039637     0.125782     0.212566     0.300354     0.389473     0.480205     0.572773     0.667340     0.763999     0.862779     0.963644     1.066499     1.171198     1.277551     1.385336     1.494312     1.604223     1.714815     1.825843     1.937078     2.048317     2.159384     2.270140     2.380479     2.490332     2.599667     2.708488     2.816832     2.924771     3.032403     3.139859
   -1.567501    -3.027547    -2.919922    -2.812007    -2.703709    -2.594966    -2.485750    -2.376064    -2.265947    -2.155474    -2.044756    -1.933935    -1.823188    -1.712716    -1.602743    -1.493506    -1.385252    -1.278220    -1.172641    -1.068720    -0.966630    -0.866499    -0.768405    -0.672369    -0.578348    -0.486234    -0.395856    -0.306983    -0.219329    -0.132563    -0.046322     0.039777     0.126124     0.213101     0.301067     0.390346     0.481212     0.573889     0.668533     0.765240     0.864037     0.964888     1.067700     1.172330     1.278590     1.386264     1.495110     1.604880     1.715322     1.826194     1.937272     2.048354     2.159268     2.269876     2.380073     2.489792     2.599001     2.707704     2.815937     2.923770     3.031302     3.138659
   -1.566925    -3.026494    -2.918972    -2.811163    -2.702978    -2.594355    -2.485265    -2.375712    -2.265735    -2.155408    -2.044839    -1.934170    -1.823574    -1.713251    -1.603420    -1.494316    -1.386181    -1.279252    -1.173756    -1.069894    -0.967836    -0.867710    -0.769592    -0.673502    -0.579396    -0.487170    -0.396655    -0.307621    -0.219787    -0.132829    -0.046388     0.039914     0.126461     0.213629     0.301771     0.391205     0.482205     0.574988     0.669709     0.766463     0.865276     0.966113     1.068884     1.173446     1.279615     1.387178     1.495897     1.605528     1.715822     1.826541     1.937463     2.048391     2.159154     2.269616     2.379674     2.489261     2.598345     2.706931     2.815055     2.922784     3.030216     3.137476
   -1.566357    -3.025456    -2.918035    -2.810332    -2.702258    -2.593752    -2.484786    -2.375365    -2.265526    -2.155342    -2.044921    -1.934402    -1.823956    -1.713778    -1.604087    -1.495114    -1.387097    -1.280269    -1.174854    -1.071050    -0.969025    -0.868904    -0.770762    -0.674618    -0.580430    -0.488093    -0.397441    -0.308249    -0.220239    -0.133091    -0.046453     0.040049     0.126793     0.214148     0.302464     0.392052     0.483183     0.576070     0.670868     0.767668     0.866497     0.967321     1.070051     1.174545     1.280625     1.388079     1.496674     1.606167     1.716315     1.826883     1.937652     2.048428     2.159042     2.269360     2.379281     2.488737     2.597699     2.706170     2.814185     2.921812     3.029146     3.136311
   -1.565797    -3.024434    -2.917113    -2.809513    -2.701548    -2.593158    -2.484315    -2.375023    -2.265320    -2.155278    -2.045002    -1.934631    -1.824332    -1.714299    -1.604746    -1.495902    -1.388000    -1.281272    -1.175936    -1.072190    -0.970197    -0.870080    -0.771914    -0.675717    -0.581447    -0.489002    -0.398216    -0.308868    -0.220684    -0.133350    -0.046516     0.040183     0.127120     0.214660     0.303146     0.392887     0.484147     0.577137     0.672010     0.768855     0.867700     0.968511     1.071200     1.175630     1.281621     1.388967     1.497439     1.606797     1.716801     1.827220     1.937839     2.048465     2.158932     2.269108     2.378893     2.488221     2.597062     2.705419     2.813328     2.920854     3.028091     3.135162
   -1.565245    -3.023427    -2.916204    -2.808707    -2.700849    -2.592573    -2.483851    -2.374687    -2.265118    -2.155215    -2.045083    -1.934857    -1.824703    -1.714812    -1.605395    -1.496678    -1.388890    -1.282260    -1.177004    -1.073313    -0.971352    -0.871240    -0.773050    -0.676800    -0.582450    -0.489897    -0.398979    -0.309477    -0.221122    -0.133604    -0.046578     0.040315     0.127443     0.215165     0.303819     0.393709     0.485096     0.578188     0.673135     0.770025     0.868886     0.969684     1.072334     1.176698     1.282603     1.389843     1.498194     1.607418     1.717281     1.827554     1.938024     2.048502     2.158824     2.268860     2.378511     2.487713     2.596435     2.704680     2.812484     2.919910     3.027052     3.134030
   -1.564702    -3.022435    -2.915308    -2.807912    -2.700160    -2.591996    -2.483393    -2.374355    -2.264918    -2.155153    -2.045162    -1.935080    -1.825069    -1.715318    -1.606036    -1.497443    -1.389768    -1.283235    -1.178055    -1.074421    -0.972490    -0.872382    -0.774169    -0.677868    -0.583438    -0.490779    -0.399730    -0.310077    -0.221554    -0.133854    -0.046640     0.040445     0.127761     0.215662     0.304482     0.394519     0.486031     0.579224     0.674243     0.771178     0.870054     0.970840     1.073450     1.177751     1.283571     1.390707     1.498938     1.608031     1.717754     1.827882     1.938206     2.048538     2.158718     2.268616     2.378136     2.487212     2.595817     2.703952     2.811652     2.918980     3.026028     3.132915
   -1.564168    -3.021458    -2.914426    -2.807129    -2.699482    -2.591429    -2.482943    -2.374029    -2.264722    -2.155092    -2.045241    -1.935300    -1.825430    -1.715818    -1.606667    -1.498198    -1.390634    -1.284195    -1.179092    -1.075512    -0.973611    -0.873508    -0.775271    -0.678919    -0.584411    -0.491647    -0.400471    -0.310668    -0.221979    -0.134100    -0.046700     0.040573     0.128074     0.216152     0.305135     0.395317     0.486953     0.580244     0.675335     0.772314     0.871206     0.971979     1.074551     1.178789     1.284524     1.391558     1.499671     1.608635     1.718221     1.828207     1.938386     2.048575     2.158614     2.268376     2.377765     2.486719     2.595208     2.703234     2.810832     2.918064     3.025020     3.131817
   -1.563641    -3.020496    -2.913558    -2.806358    -2.698813    -2.590869    -2.482499    -2.373707    -2.264529    -2.155033    -2.045319    -1.935517    -1.825786    -1.716310    -1.607290    -1.498942    -1.391487    -1.285142    -1.180114    -1.076587    -0.974717    -0.874617    -0.776358    -0.679955    -0.585370    -0.492503    -0.401200    -0.311250    -0.222397    -0.134342    -0.046759     0.040699     0.128383     0.216635     0.305778     0.396104     0.487861     0.581249     0.676411     0.773433     0.872340     0.973102     1.075636     1.179812     1.285464     1.392397     1.500394     1.609231     1.718682     1.828527     1.938564     2.048611     2.158511     2.268140     2.377401     2.486233     2.594608     2.702527     2.810025     2.917162     3.024027     3.130735
   -1.563123    -3.019549    -2.912702    -2.805598    -2.698155    -2.590318    -2.482062    -2.373391    -2.264339    -2.154974    -2.045396    -1.935731    -1.826138    -1.716795    -1.607904    -1.499676    -1.392328    -1.286075    -1.181121    -1.077647    -0.975806    -0.875710    -0.777428    -0.680976    -0.586314    -0.493346    -0.401918    -0.311824    -0.222809    -0.134581    -0.046817     0.040824     0.128687     0.217110     0.306412     0.396879     0.488756     0.582239     0.677472     0.774536     0.873458     0.974208     1.076704     1.180820     1.286391     1.393224     1.501108     1.609819     1.719136     1.828843     1.938740     2.048647     2.158411     2.267907     2.377042     2.485755     2.594017     2.701831     2.809230     2.916273     3.023049     3.129670
   -1.562612    -3.018617    -2.911861    -2.804851    -2.697507    -2.589776    -2.481632    -2.373079    -2.264152    -2.154917    -2.045472    -1.935943    -1.826484    -1.717274    -1.608509    -1.500399    -1.393157    -1.286995    -1.182114    -1.078692    -0.976879    -0.876787    -0.778483    -0.681982    -0.587245    -0.494176    -0.402626    -0.312389    -0.223215    -0.134816    -0.046874     0.040947     0.128987     0.217579     0.307036     0.397642     0.489637     0.583215     0.678516     0.775622     0.874560     0.975298     1.077758     1.181814     1.287304     1.394040     1.501810     1.610398     1.719584     1.829154     1.938913     2.048683     2.158312     2.267678     2.376689     2.485284     2.593435     2.701146     2.808446     2.915398     3.022086     3.128621
   -1.562110    -3.017699    -2.911032    -2.804115    -2.696869    -2.589242    -2.481208    -2.372772    -2.263968    -2.154861    -2.045547    -1.936151    -1.826826    -1.717746    -1.609106    -1.501112    -1.393974    -1.287902    -1.183092    -1.079721    -0.977937    -0.877849    -0.779522    -0.682973    -0.588162    -0.494994    -0.403322    -0.312945    -0.223615    -0.135047    -0.046930     0.041068     0.129283     0.218041     0.307652     0.398394     0.490505     0.584177     0.679545     0.776693     0.875645     0.976372     1.078796     1.182793     1.288205     1.394843     1.502504     1.610970     1.720025     1.829462     1.939084     2.048718     2.158215     2.267452     2.376341     2.484820     2.592862     2.700470     2.807675     2.914536     3.021137     3.127588
   -1.561616    -3.016796    -2.910216    -2.803390    -2.696241    -2.588716    -2.480791    -2.372470    -2.263787    -2.154806    -2.045621    -1.936357    -1.827163    -1.718212    -1.609695    -1.501814    -1.394780    -1.288796    -1.184057    -1.080736    -0.978979    -0.878895    -0.780546    -0.683949    -0.589065    -0.495800    -0.404009    -0.313493    -0.224008    -0.135275    -0.046985     0.041188     0.129574     0.218496     0.308258     0.399135     0.491361     0.585124     0.680559     0.777748     0.876715     0.977431     1.079819     1.183758     1.289092     1.395636     1.503187     1.611533     1.720461     1.829765     1.939253     2.048754     2.158119     2.267230     2.375998     2.484363     2.592298     2.699805     2.806916     2.913688     3.020204     3.126572
   -1.561131    -3.015908    -2.909414    -2.802677    -2.695622    -2.588198    -2.480380    -2.372172    -2.263608    -2.154751    -2.045695    -1.936560    -1.827495    -1.718671    -1.610275    -1.502507    -1.395574    -1.289677    -1.185007    -1.081736    -0.980006    -0.879925    -0.781555    -0.684911    -0.589954    -0.496594    -0.404685    -0.314032    -0.224396    -0.135499    -0.047039     0.041306     0.129861     0.218944     0.308856     0.399865     0.492204     0.586057     0.681559     0.778787     0.877768     0.978474     1.080827     1.184710     1.289967     1.396417     1.503860     1.612088     1.720890     1.830064     1.939420     2.048789     2.158025     2.267012     2.375661     2.483913     2.591742     2.699151     2.806169     2.912853     3.019286     3.125573
   -1.560653    -3.015035    -2.908625    -2.801976    -2.695014    -2.587689    -2.479976    -2.371880    -2.263433    -2.154698    -2.045768    -1.936761    -1.827823    -1.719123    -1.610846    -1.503190    -1.396356    -1.290545    -1.185943    -1.082721    -0.981019    -0.880940    -0.782549    -0.685858    -0.590831    -0.497376    -0.405351    -0.314564    -0.224777    -0.135720    -0.047092     0.041422     0.130144     0.219386     0.309444     0.400584     0.493034     0.586977     0.682543     0.779812     0.878807     0.979502     1.081821     1.185647     1.290828     1.397186     1.504524     1.612635     1.721314     1.830359     1.939584     2.048824     2.157933     2.266797     2.375328     2.483470     2.591196     2.698507     2.805433     2.912032     3.018383     3.124590
   -1.560184    -3.014176    -2.907848    -2.801286    -2.694415    -2.587187    -2.479578    -2.371592    -2.263260    -2.154646    -2.045839    -1.936958    -1.828146    -1.719569    -1.611410    -1.503863    -1.397128    -1.291400    -1.186866    -1.083692    -0.982016    -0.881941    -0.783528    -0.686792    -0.591694    -0.498146    -0.406007    -0.315087    -0.225153    -0.135937    -0.047145     0.041537     0.130422     0.219821     0.310024     0.401293     0.493853     0.587883     0.683513     0.780821     0.879830     0.980514     1.082800     1.186571     1.291678     1.397945     1.505178     1.613175     1.721731     1.830650     1.939747     2.048858     2.157843     2.266586     2.375002     2.483034     2.590657     2.697872     2.804709     2.911224     3.017494     3.123623
   -1.559722    -3.013333    -2.907085    -2.800608    -2.693827    -2.586694    -2.479187    -2.371308    -2.263091    -2.154595    -2.045910    -1.937153    -1.828465    -1.720009    -1.611966    -1.504526    -1.397888    -1.292243    -1.187776    -1.084649    -0.982999    -0.882927    -0.784493    -0.687711    -0.592545    -0.498905    -0.406653    -0.315602    -0.225523    -0.136151    -0.047196     0.041650     0.130697     0.220250     0.310595     0.401991     0.494659     0.588775     0.684468     0.781815     0.880838     0.981512     1.083764     1.187481     1.292515     1.398693     1.505823     1.613707     1.722143     1.830936     1.939907     2.048893     2.157754     2.266378     2.374680     2.482605     2.590127     2.697248     2.803997     2.910429     3.016620     3.122672
   -1.559269    -3.012504    -2.906336    -2.799941    -2.693248    -2.586209    -2.478801    -2.371029    -2.262924    -2.154545    -2.045980    -1.937345    -1.828779    -1.720442    -1.612513    -1.505180    -1.398637    -1.293074    -1.188672    -1.085591    -0.983967    -0.883898    -0.785444    -0.688617    -0.593382    -0.499652    -0.407289    -0.316110    -0.225888    -0.136362    -0.047246     0.041761     0.130968     0.220673     0.311158     0.402679     0.495453     0.589654     0.685410     0.782794     0.881831     0.982495     1.084715     1.188378     1.293340     1.399429     1.506459     1.614231     1.722548     1.831219     1.940065     2.048927     2.157666     2.266173     2.374363     2.482183     2.589606     2.696635     2.803297     2.909647     3.015762     3.121738
   -1.558825    -3.011690    -2.905599    -2.799285    -2.692678    -2.585732    -2.478423    -2.370755    -2.262760    -2.154496    -2.046050    -1.937535    -1.829089    -1.720870    -1.613053    -1.505824    -1.399375    -1.293893    -1.189555    -1.086520    -0.984921    -0.884855    -0.786380    -0.689510    -0.594208    -0.500388    -0.407916    -0.316610    -0.226247    -0.136569    -0.047296     0.041871     0.131235     0.221089     0.311713     0.403357     0.496235     0.590521     0.686337     0.783759     0.882810     0.983464     1.085651     1.189262     1.294152     1.400155     1.507085     1.614748     1.722948     1.831498     1.940221     2.048960     2.157580     2.265971     2.374052     2.481767     2.589093     2.696031     2.802609     2.908879     3.014918     3.120821
   -1.558388    -3.010890    -2.904875    -2.798641    -2.692119    -2.585263    -2.478050    -2.370485    -2.262598    -2.154447    -2.046118    -1.937722    -1.829394    -1.721290    -1.613584    -1.506459    -1.400102    -1.294700    -1.190425    -1.087435    -0.985860    -0.885797    -0.787302    -0.690389    -0.595021    -0.501113    -0.408534    -0.317102    -0.226600    -0.136773    -0.047345     0.041980     0.131497     0.221499     0.312259     0.404024     0.497006     0.591374     0.687251     0.784710     0.883774     0.984418     1.086574     1.190133     1.294953     1.400871     1.507702     1.615257     1.723342     1.831773     1.940375     2.048994     2.157496     2.265773     2.373745     2.481359     2.588589     2.695437     2.801932     2.908124     3.014089     3.119920
   -1.557960    -3.010106    -2.904165    -2.798009    -2.691569    -2.584802    -2.477684    -2.370220    -2.262440    -2.154400    -2.046186    -1.937906    -1.829694    -1.721705    -1.614108    -1.507085    -1.400819    -1.295494    -1.191282    -1.088337    -0.986786    -0.886726    -0.788211    -0.691255    -0.595821    -0.501827    -0.409142    -0.317587    -0.226948    -0.136974    -0.047392     0.042087     0.131757     0.221903     0.312797     0.404682     0.497765     0.592215     0.688151     0.785646     0.884724     0.985359     1.087483     1.190991     1.295742     1.401576     1.508310     1.615759     1.723731     1.832044     1.940527     2.049027     2.157413     2.265578     2.373444     2.480957     2.588093     2.694854     2.801267     2.907383     3.013275     3.119036
   -1.557541    -3.009337    -2.903468    -2.797387    -2.691029    -2.584349    -2.477324    -2.369959    -2.262284    -2.154354    -2.046252    -1.938087    -1.829991    -1.722114    -1.614625    -1.507701    -1.401525    -1.296277    -1.192127    -1.089225    -0.987698    -0.887640    -0.789106    -0.692108    -0.596610    -0.502531    -0.409740    -0.318065    -0.227291    -0.137172    -0.047439     0.042192     0.132012     0.222302     0.313328     0.405330     0.498513     0.593043     0.689038     0.786569     0.885659     0.986285     1.088379     1.191836     1.296520     1.402270     1.508910     1.616253     1.724113     1.832310     1.940676     2.049060     2.157331     2.265387     2.373147     2.480561     2.587605     2.694280     2.800613     2.906654     3.012475     3.118168
   -1.557130    -3.008583    -2.902784    -2.796778    -2.690499    -2.583903    -2.476970    -2.369703    -2.262130    -2.154308    -2.046318    -1.938266    -1.830283    -1.722516    -1.615133    -1.508308    -1.402221    -1.297049    -1.192959    -1.090100    -0.988597    -0.888541    -0.789988    -0.692948    -0.597387    -0.503223    -0.410330    -0.318535    -0.227628    -0.137367    -0.047486     0.042296     0.132263     0.222694     0.313850     0.405968     0.499250     0.593859     0.689911     0.787478     0.886581     0.987197     1.089261     1.192668     1.297286     1.402954     1.509500     1.616740     1.724490     1.832573     1.940824     2.049092     2.157251     2.265198     2.372856     2.480173     2.587126     2.693716     2.799971     2.905939     3.011691     3.117317
   -1.556727    -3.007843    -2.902113    -2.796180    -2.689978    -2.583466    -2.476623    -2.369451    -2.261980    -2.154264    -2.046383    -1.938442    -1.830570    -1.722913    -1.615634    -1.508906    -1.402906    -1.297808    -1.193778    -1.090961    -0.989481    -0.889428    -0.790856    -0.693775    -0.598152    -0.503905    -0.410910    -0.318998    -0.227960    -0.137558    -0.047531     0.042399     0.132511     0.223080     0.314365     0.406596     0.499976     0.594662     0.690771     0.788373     0.887489     0.988096     1.090130     1.193488     1.298040     1.403628     1.510081     1.617219     1.724862     1.832832     1.940969     2.049124     2.157173     2.265013     2.372569     2.479791     2.586654     2.693162     2.799341     2.905237     3.010922     3.116482
   -1.556332    -3.007119    -2.901456    -2.795593    -2.689468    -2.583037    -2.476281    -2.369204    -2.261832    -2.154220    -2.046447    -1.938616    -1.830853    -1.723303    -1.616127    -1.509495    -1.403580    -1.298557    -1.194585    -1.091810    -0.990353    -0.890302    -0.791711    -0.694590    -0.598905    -0.504577    -0.411482    -0.319453    -0.228287    -0.137747    -0.047575     0.042500     0.132755     0.223461     0.314871     0.407216     0.500690     0.595453     0.691619     0.789254     0.888383     0.988981     1.090986     1.194296     1.298783     1.404292     1.510654     1.617692     1.725227     1.833088     1.941112     2.049156     2.157095     2.264831     2.372287     2.479415     2.586191     2.692618     2.798721     2.904548     3.010167     3.115664
   -1.555946    -3.006409    -2.900811    -2.795017    -2.688966    -2.582616    -2.475946    -2.368961    -2.261687    -2.154177    -2.046510    -1.938787    -1.831132    -1.723688    -1.616613    -1.510074    -1.404245    -1.299293    -1.195379    -1.092646    -0.991211    -0.891163    -0.792553    -0.695392    -0.599646    -0.505238    -0.412045    -0.319902    -0.228609    -0.137932    -0.047619     0.042600     0.132996     0.223836     0.315370     0.407825     0.501394     0.596233     0.692453     0.790123     0.889263     0.989853     1.091828     1.195092     1.299514     1.404945     1.511218     1.618157     1.725587     1.833339     1.941253     2.049187     2.157019     2.264652     2.372010     2.479046     2.585737     2.692084     2.798113     2.903872     3.009426     3.114861
   -1.555568    -3.005714    -2.900179    -2.794453    -2.688474    -2.582202    -2.475617    -2.368722    -2.261544    -2.154136    -2.046572    -1.938955    -1.831406    -1.724066    -1.617091    -1.510645    -1.404899    -1.300019    -1.196162    -1.093469    -0.992056    -0.892010    -0.793382    -0.696182    -0.600377    -0.505889    -0.412599    -0.320344    -0.228925    -0.138115    -0.047662     0.042698     0.133233     0.224205     0.315862     0.408426     0.502087     0.597000     0.693275     0.790977     0.890130     0.990711     1.092658     1.195875     1.300235     1.405589     1.511773     1.618615     1.725942     1.833586     1.941391     2.049218     2.156945     2.264476     2.371738     2.478683     2.585290     2.691559     2.797516     2.903208     3.008699     3.114074
   -1.555198    -3.005032    -2.899559    -2.793898    -2.687991    -2.581796    -2.475294    -2.368488    -2.261404    -2.154095    -2.046634    -1.939121    -1.831677    -1.724439    -1.617561    -1.511207    -1.405543    -1.300733    -1.196932    -1.094279    -0.992888    -0.892844    -0.794198    -0.696959    -0.601096    -0.506530    -0.413145    -0.320779    -0.229237    -0.138295    -0.047704     0.042795     0.133466     0.224569     0.316346     0.409017     0.502770     0.597756     0.694084     0.791819     0.890984     0.991556     1.093475     1.196646     1.300944     1.406222     1.512319     1.619066     1.726291     1.833830     1.941528     2.049248     2.156872     2.264303     2.371470     2.478327     2.584850     2.691043     2.796929     2.902555     3.007985     3.113302
   -1.554835    -3.004362    -2.898949    -2.793354    -2.687517    -2.581397    -2.474977    -2.368258    -2.261267    -2.154054    -2.046694    -1.939284    -1.831942    -1.724805    -1.618024    -1.511760    -1.406176    -1.301436    -1.197690    -1.095076    -0.993706    -0.893665    -0.795001    -0.697725    -0.601803    -0.507161    -0.413681    -0.321207    -0.229544    -0.138471    -0.047746     0.042890     0.133696     0.224927     0.316823     0.409599     0.503442     0.598500     0.694880     0.792648     0.891824     0.992388     1.094279     1.197405     1.301642     1.406846     1.512857     1.619510     1.726634     1.834069     1.941663     2.049278     2.156800     2.264133     2.371207     2.477976     2.584418     2.690535     2.796352     2.901912     3.007282     3.112543
   -1.554478    -3.003703    -2.898349    -2.792818    -2.687050    -2.581005    -2.474665    -2.368032    -2.261132    -2.154015    -2.046754    -1.939445    -1.832204    -1.725166    -1.618480    -1.512304    -1.406800    -1.302127    -1.198436    -1.095861    -0.994512    -0.894473    -0.795792    -0.698478    -0.602500    -0.507782    -0.414210    -0.321628    -0.229846    -0.138645    -0.047786     0.042984     0.133922     0.225280     0.317292     0.410172     0.504103     0.599232     0.695664     0.793463     0.892651     0.993206     1.095071     1.198152     1.302329     1.407459     1.513386     1.619946     1.726972     1.834305     1.941795     2.049308     2.156729     2.263966     2.370948     2.477631     2.583993     2.690035     2.795782     2.901278     3.006589     3.111795
   -1.554126    -3.003050    -2.897755    -2.792288    -2.686590    -2.580620    -2.474359    -2.367810    -2.261000    -2.153977    -2.046813    -1.939603    -1.832461    -1.725521    -1.618928    -1.512839    -1.407413    -1.302808    -1.199170    -1.096633    -0.995305    -0.895268    -0.796570    -0.699219    -0.603185    -0.508393    -0.414730    -0.322042    -0.230143    -0.138816    -0.047826     0.043077     0.134145     0.225627     0.317754     0.410736     0.504754     0.599952     0.696435     0.794266     0.893465     0.994012     1.095850     1.198887     1.303004     1.408063     1.513907     1.620375     1.727305     1.834537     1.941925     2.049337     2.156660     2.263802     2.370694     2.477292     2.583574     2.689541     2.795218     2.900649     3.005900     3.111054
   -1.553774    -3.002398    -2.897164    -2.791763    -2.686135    -2.580240    -2.474057    -2.367592    -2.260870    -2.153939    -2.046871    -1.939758    -1.832714    -1.725869    -1.619369    -1.513365    -1.408016    -1.303477    -1.199892    -1.097392    -0.996085    -0.896051    -0.797335    -0.699949    -0.603859    -0.508994    -0.415241    -0.322450    -0.230435    -0.138985    -0.047865     0.043168     0.134365     0.225968     0.318208     0.411291     0.505395     0.600661     0.697194     0.795055     0.894265     0.994804     1.096616     1.199609     1.303669     1.408656     1.514419     1.620798     1.727631     1.834765     1.942053     2.049366     2.156592     2.263640     2.370444     2.476958     2.583160     2.689052     2.794657     2.900021     3.005210     3.110313
   -1.553418    -3.001736    -2.896569    -2.791240    -2.685685    -2.579865    -2.473761    -2.367378    -2.260743    -2.153902    -2.046927    -1.939910    -1.832962    -1.726212    -1.619801    -1.513882    -1.408609    -1.304134    -1.200602    -1.098138    -0.996852    -0.896820    -0.798088    -0.700666    -0.604522    -0.509585    -0.415744    -0.322851    -0.230722    -0.139150    -0.047904     0.043258     0.134581     0.226304     0.318655     0.411837     0.506025     0.601359     0.697941     0.795832     0.895053     0.995584     1.097369     1.200320     1.304322     1.409240     1.514922     1.621212     1.727952     1.834989     1.942179     2.049394     2.156525     2.263482     2.370198     2.476628     2.582751     2.688567     2.794097     2.899387     3.004507     3.109557
   -1.553042    -3.001048    -2.895963    -2.790716    -2.685240    -2.579497    -2.473471    -2.367169    -2.260618    -2.153866    -2.046983    -1.940060    -1.833206    -1.726548    -1.620227    -1.514390    -1.409192    -1.304781    -1.201299    -1.098872    -0.997606    -0.897576    -0.798828    -0.701371    -0.605174    -0.510166    -0.416239    -0.323245    -0.231005    -0.139312    -0.047942     0.043346     0.134793     0.226635     0.319095     0.412374     0.506645     0.602045     0.698675     0.796596     0.895827     0.996350     1.098110     1.201019     1.304965     1.409813     1.515417     1.621620     1.728268     1.835209     1.942302     2.049422     2.156459     2.263327     2.369957     2.476305     2.582349     2.688086     2.793535     2.898739     3.003773     3.108757
   -1.552618    -3.000307    -2.895342    -2.790198    -2.684807    -2.579140    -2.473190    -2.366966    -2.260497    -2.153832    -2.047039    -1.940207    -1.833445    -1.726878    -1.620644    -1.514889    -1.409764    -1.305416    -1.201984    -1.099594    -0.998346    -0.898319    -0.799556    -0.702064    -0.605815    -0.510738    -0.416725    -0.323632    -0.231282    -0.139472    -0.047978     0.043433     0.135002     0.226960     0.319528     0.412903     0.507254     0.602719     0.699397     0.797347     0.896588     0.997103     1.098837     1.201705     1.305596     1.410376     1.515902     1.622020     1.728577     1.835425     1.942424     2.049450     2.156396     2.263175     2.369723     2.475992     2.581958     2.687616     2.792976     2.898073     3.002981     3.107854
   -1.552084    -2.999491    -2.894724    -2.789705    -2.684401    -2.578806    -2.472924    -2.366773    -2.260381    -2.153798    -2.047092    -1.940350    -1.833679    -1.727201    -1.621053    -1.515378    -1.410325    -1.306039    -1.202657    -1.100302    -0.999074    -0.899049    -0.800270    -0.702745    -0.606444    -0.511299    -0.417203    -0.324013    -0.231555    -0.139629    -0.048015     0.043519     0.135208     0.227280     0.319953     0.413422     0.507853     0.603382     0.700106     0.798084     0.897336     0.997843     1.099552     1.202379     1.306215     1.410929     1.516378     1.622412     1.728880     1.835635     1.942542     2.049476     2.156334     2.263031     2.369500     2.475696     2.581592     2.687174     2.792442     2.897405     3.002104     3.106716
   -1.551302    -2.998647    -2.894189    -2.789297    -2.684060    -2.578518    -2.472690    -2.366596    -2.260271    -2.153763    -2.047139    -1.940483    -1.833901    -1.727512    -1.621449    -1.515854    -1.410873    -1.306649    -1.203316    -1.100996    -0.999788    -0.899766    -0.800972    -0.703414    -0.607063    -0.511850    -0.417672    -0.324386    -0.231823    -0.139783    -0.048050     0.043604     0.135410     0.227594     0.320371     0.413932     0.508442     0.604033     0.700803     0.798809     0.898070     0.998569     1.100253     1.203040     1.306821     1.411468     1.516841     1.622792     1.729171     1.835836     1.942651     2.049498     2.156274     2.262895     2.369297     2.475434     2.581275     2.686802     2.791994     2.896818     3.001188     3.105059
   -1.550019    -2.998203    -2.893968    -2.789083    -2.683850    -2.578319    -2.472510    -2.366448    -2.260166    -2.153714    -2.047158    -1.940580    -1.834082    -1.727780    -1.621804    -1.516292    -1.411387    -1.307229    -1.203950    -1.101669    -1.000483    -0.900466    -0.801659    -0.704070    -0.607669    -0.512391    -0.418132    -0.324753    -0.232085    -0.139934    -0.048085     0.043686     0.135608     0.227903     0.320781     0.414432     0.509019     0.604672     0.701486     0.799518     0.898787     0.999276     1.100932     1.203675     1.307398     1.411975     1.517268     1.623132     1.729421     1.835997     1.942727     2.049496     2.156204     2.262770     2.369129     2.475236     2.581058     2.686570     2.791752     2.896549     3.000660     3.102357
   -1.547990    -3.000219    -2.894398    -2.789165    -2.683845    -2.578274    -2.472434    -2.366347    -2.260050    -2.153597    -2.047056    -1.940511    -1.834062    -1.727823    -1.621923    -1.516494    -1.411676    -1.307603    -1.204403    -1.102191    -1.001060    -0.901080    -0.802290    -0.704695    -0.608267    -0.512938    -0.418607    -0.325138    -0.232364    -0.140095    -0.048122     0.043775     0.135819     0.228229     0.321210     0.414948     0.509602     0.605300     0.702137     0.800168     0.899414     0.999860     1.101456     1.204125     1.307764     1.412253     1.517457     1.623237     1.729452     1.835964     1.942647     2.049386     2.156081     2.262651     2.369029     2.475163     2.581017     2.686569     2.791832     2.896959     3.002594     3.098082
   -1.534792    -3.012794    -2.894423    -2.789512    -2.684276    -2.578677    -2.472748    -2.366531    -2.260072    -2.153429    -2.046677    -1.939906    -1.833223    -1.726751    -1.620623    -1.514983    -1.409975    -1.305742    -1.202418    -1.100122    -0.998952    -0.898981    -0.800249    -0.702762    -0.606489    -0.511361    -0.417272    -0.324079    -0.231610    -0.139667    -0.048032     0.043524     0.135233     0.227322     0.320005     0.413475     0.507899     0.603409     0.700104     0.798043     0.897247     0.997701     1.099352     1.202121     1.305900     1.410563     1.515970     1.621974     1.728425     1.835180     1.942103     2.049073     2.155982     2.262742     2.369283     2.475547     2.581488     2.687068     2.792248     2.897058     3.015179     3.071813
