    0.071228     0.071209     0.071219     0.071315     0.071539     0.071926     0.072502     0.073288     0.074295     0.075523     0.076963     0.078593     0.080379     0.082275     0.084220     0.086148     0.087985     0.089654     0.091086     0.092220     0.093009     0.093428     0.093472     0.093159     0.092525     0.091624     0.090520     0.089280     0.087976     0.086672     0.085424     0.084278     0.083271     0.082423     0.081747     0.081241     0.080897     0.080695     0.080607     0.080596     0.080611     0.000000
    0.071145     0.071106     0.071115     0.071212     0.071436     0.071821     0.072396     0.073180     0.074186     0.075415     0.076861     0.078501     0.080302     0.082216     0.084186     0.086142     0.088007     0.089705     0.091162     0.092314     0.093114     0.093534     0.093569     0.093239     0.092583     0.091654     0.090521     0.089255     0.087927     0.086602     0.085338     0.084182     0.083167     0.082316     0.081639     0.081134     0.080790     0.080588     0.080499     0.080490     0.080524     0.000000
    0.071048     0.070981     0.070977     0.071068     0.071288     0.071671     0.072244     0.073030     0.074042     0.075285     0.076753     0.078426     0.080272     0.082245     0.084284     0.086317     0.088263     0.090038     0.091561     0.092764     0.093591     0.094014     0.094029     0.093655     0.092937     0.091937     0.090727     0.089386     0.087988     0.086604     0.085293     0.084099     0.083058     0.082190     0.081501     0.080991     0.080646     0.080444     0.080360     0.080363     0.080423     0.000000
    0.070915     0.070819     0.070797     0.070877     0.071090     0.071469     0.072041     0.072831     0.073855     0.075121     0.076626     0.078355     0.080278     0.082349     0.084504     0.086667     0.088748     0.090653     0.092290     0.093578     0.094454     0.094883     0.094861     0.094413     0.093593     0.092471     0.091133     0.089666     0.088153     0.086670     0.085277     0.084022     0.082935     0.082036     0.081328     0.080808     0.080458     0.080259     0.080183     0.080201     0.080289     0.000000
    0.070731     0.070603     0.070562     0.070629     0.070833     0.071205     0.071775     0.072569     0.073608     0.074904     0.076461     0.078267     0.080297     0.082505     0.084827     0.087177     0.089457     0.091554     0.093360     0.094774     0.095722     0.096161     0.096085     0.095528     0.094556     0.093256     0.091731     0.090083     0.088406     0.086783     0.085277     0.083934     0.082785     0.081843     0.081109     0.080574     0.080219     0.080022     0.079955     0.079991     0.080107     0.000000
    0.070479     0.070321     0.070258     0.070311     0.070503     0.070867     0.071432     0.072228     0.073281     0.074611     0.076229     0.078130     0.080295     0.082682     0.085224     0.087829     0.090379     0.092743     0.094783     0.096377     0.097426     0.097878     0.097727     0.097018     0.095834     0.094290     0.092511     0.090619     0.088725     0.086918     0.085267     0.083815     0.082589     0.081595     0.080830     0.080278     0.079917     0.079722     0.079664     0.079718     0.079865     0.000000
    0.070146     0.069956     0.069873     0.069909     0.070087     0.070437     0.070991     0.071783     0.072846     0.074208     0.075889     0.077898     0.080223     0.082830     0.085652     0.088585     0.091494     0.094216     0.096577     0.098416     0.099606     0.100076     0.099821     0.098902     0.097434     0.095563     0.093448     0.091242     0.089073     0.087041     0.085214     0.083634     0.082319     0.081269     0.080471     0.079902     0.079537     0.079344     0.079296     0.079369     0.079546     0.000000
    0.069715     0.069495     0.069390     0.069408     0.069567     0.069896     0.070429     0.071206     0.072266     0.073649     0.075388     0.077508     0.080012     0.082877     0.086040     0.089390     0.092765     0.095961     0.098754     0.100927     0.102308     0.102802     0.102405     0.101203     0.099353     0.097051     0.094505     0.091904     0.089398     0.087097     0.085070     0.083349     0.081942     0.080837     0.080009     0.079428     0.079060     0.078873     0.078836     0.078929     0.079137     0.000000
    0.069171     0.068922     0.068794     0.068791     0.068924     0.069222     0.069721     0.070463     0.071498     0.072879     0.074656     0.076874     0.079561     0.082714     0.086281     0.090147     0.094120     0.097943     0.101317     0.103944     0.105587     0.106112     0.105519     0.103933     0.101573     0.098708     0.095613     0.092524     0.089619     0.087014     0.084770     0.082906     0.081412     0.080261     0.079414     0.078830     0.078467     0.078290     0.078267     0.078379     0.078620     0.000000
    0.068499     0.068221     0.068070     0.068041     0.068140     0.068392     0.068835     0.069515     0.070491     0.071829     0.073603     0.075884     0.078733     0.082183     0.086209     0.090701     0.095437     0.100085     0.104242     0.107494     0.109495     0.110060     0.109194     0.107085     0.104041     0.100442     0.096655     0.092979     0.089617     0.086684     0.084224     0.082232     0.080673     0.079498     0.078652     0.078081     0.077735     0.077575     0.077569     0.077703     0.077976     0.000000
    0.067683     0.067377     0.067202     0.067141     0.067194     0.067381     0.067739     0.068319     0.069185     0.070420     0.072119     0.074389     0.077338     0.081056     0.085571     0.090800     0.096495     0.102228     0.107450     0.111568     0.114068     0.114679     0.113430     0.110603     0.106643     0.102087     0.097441     0.093076     0.089218     0.085962     0.083316     0.081237     0.079656     0.078496     0.077683     0.077150     0.076839     0.076706     0.076724     0.076881     0.077187     0.000000
    0.066708     0.066377     0.066176     0.066075     0.066067     0.066166     0.066404     0.066832     0.067521     0.068562     0.070074     0.072204     0.075123     0.079003     0.083973     0.090027     0.096911     0.104066     0.110738     0.116080     0.119280     0.119943     0.118144     0.114341     0.109140     0.103342     0.097651     0.092524     0.088176     0.084653     0.081898     0.079812     0.078281     0.077197     0.076464     0.076003     0.075751     0.075662     0.075711     0.075895     0.076232     0.000000
    0.065563     0.065211     0.064981     0.064832     0.064746     0.064728     0.064804     0.065019     0.065442     0.066168     0.067331     0.069115     0.071759     0.075558     0.080811     0.087696     0.096020     0.105007     0.113646     0.120761     0.124955     0.125662     0.123070     0.117966     0.111071     0.103670     0.096769     0.090881     0.086148     0.082504     0.079792     0.077832     0.076462     0.075539     0.074951     0.074609     0.074447     0.074421     0.074512     0.074725     0.075092     0.000000
    0.064240     0.063871     0.063610     0.063404     0.063221     0.063056     0.062923     0.062855     0.062907     0.063166     0.063761     0.064891     0.066853     0.070080     0.075145     0.082637     0.092677     0.103968     0.115191     0.124976     0.130579     0.131309     0.127542     0.120832     0.111530     0.102102     0.093951     0.087504     0.082682     0.079214     0.076799     0.075171     0.074115     0.073467     0.073105     0.072938     0.072904     0.072965     0.073111     0.073356     0.073750     0.000000
    0.062736     0.062355     0.062062     0.061789     0.061492     0.061150     0.060761     0.060337     0.059909     0.059528     0.059288     0.059350     0.060002     0.061760     0.065533     0.072802     0.085168     0.099490     0.113873     0.127502     0.134975     0.135891     0.130273     0.121918     0.108729     0.096895     0.087876     0.081512     0.077229     0.074455     0.072730     0.071717     0.071175     0.070941     0.070898     0.070970     0.071107     0.071281     0.071495     0.071778     0.072194     0.000000
    0.061055     0.060668     0.060343     0.059996     0.059569     0.059024     0.058339     0.057496     0.056485     0.055298     0.053943     0.052459     0.050964     0.049793     0.049958     0.054503     0.072357     0.093669     0.000000     0.000000     0.000000     0.000000     0.129441     0.120367     0.099066     0.085233     0.076744     0.071871     0.069243     0.067956     0.067456     0.067410     0.067615     0.067946     0.068325     0.068702     0.069051     0.069365     0.069660     0.069984     0.070417     0.000000
    0.059209     0.058824     0.058467     0.058042     0.057475     0.056711     0.055703     0.054399     0.052735     0.050624     0.047941     0.044500     0.040032     0.034269     0.027704     0.023949     0.000000     0.000000     0.000000     0.000000     0.000000     0.000000     0.000000     0.000000     0.076330     0.064811     0.059315     0.057933     0.058453     0.059643     0.060986     0.062287     0.063471     0.064513     0.065404     0.066145     0.066745     0.067222     0.067611     0.067978     0.068422     0.000000
    0.057217     0.056842     0.056456     0.055953     0.055244     0.054257     0.052921     0.051147     0.048816     0.045750     0.041678     0.036190     0.028728     0.018814     0.006571    -0.005406     0.000000     0.000000     0.000000     0.000000     0.000000     0.000000     0.000000     0.000000     0.050971     0.042383     0.038041     0.040767     0.045426     0.049874     0.053566     0.056516     0.058860     0.060720     0.062191     0.063338     0.064216     0.064871     0.065363     0.065774     0.066219     0.000000
    0.055105     0.054749     0.054341     0.053764     0.052920     0.051722     0.050077     0.047865     0.044921     0.041000     0.035752     0.028728     0.019576     0.008709    -0.001160     0.000000     0.000000     0.000000     0.000000     0.000000     0.000000     0.000000     0.000000     0.000000     0.000000     0.012600     0.015054     0.023076     0.031953     0.039671     0.045770     0.050435     0.053987     0.056699     0.058771     0.060339     0.061505     0.062346     0.062942     0.063394     0.063832     0.000000
    0.052908     0.052579     0.052155     0.051515     0.050553     0.049170     0.047260     0.044682     0.041246     0.036686     0.030666     0.022858     0.013247     0.002693    -0.006428     0.000000     0.000000     0.000000     0.000000     0.000000     0.000000     0.000000     0.000000     0.000000     0.000000    -0.009666    -0.001717     0.009541     0.020697     0.030497     0.038401     0.044498     0.049123     0.052620     0.055256     0.057226     0.058668     0.059688     0.060384     0.060871     0.061291     0.000000
    0.050662     0.050367     0.049938     0.049251     0.048195     0.046667     0.044553     0.041710     0.037948     0.033031     0.026718     0.018901     0.009899     0.000684    -0.007645     0.000000     0.000000     0.000000     0.000000     0.000000     0.000000     0.000000     0.000000     0.000000     0.000000    -0.014460    -0.006513     0.003148     0.013582     0.023586     0.032212     0.039157     0.044548     0.048662     0.051770     0.054086     0.055772     0.056950     0.057733     0.058246     0.058638     0.000000
    0.048408     0.048154     0.047730     0.047014     0.045894     0.044268     0.042024     0.039029     0.035120     0.030127     0.023951     0.016732     0.009067     0.001936    -0.004157     0.000000     0.000000     0.000000     0.000000     0.000000     0.000000     0.000000     0.000000     0.000000     0.000000    -0.009994    -0.004716     0.002037     0.010321     0.019206     0.027563     0.034712     0.040480     0.044983     0.048426     0.051005     0.052883     0.054189     0.055040     0.055566     0.055920     0.000000
    0.046183     0.045975     0.045568     0.044842     0.043691     0.042017     0.039719     0.036682     0.032785     0.027940     0.022186     0.015852     0.009691     0.004735     0.001894     0.001689     0.000000     0.000000     0.000000     0.000000     0.000000     0.000000     0.000000     0.000000    -0.003634    -0.003337    -0.000696     0.003558     0.009613     0.016904     0.024401     0.031251     0.037036     0.041690     0.045315     0.048060     0.050067     0.051461     0.052355     0.052880     0.053187     0.000000
    0.044024     0.043866     0.043486     0.042771     0.041621     0.039946     0.037660     0.034674     0.030913     0.026361     0.021155     0.015704     0.010712     0.006928     0.004710     0.003837     0.000000     0.000000     0.000000     0.000000     0.000000     0.000000     0.000000     0.000000     0.002094     0.002012     0.003248     0.005886     0.010219     0.015998     0.022438     0.028698     0.034235     0.038836     0.042497     0.045308     0.047379     0.048816     0.049727     0.050236     0.050489     0.000000
    0.041962     0.041856     0.041512     0.040826     0.039705     0.038071     0.035854     0.032992     0.029449     0.025266     0.020633     0.015965     0.011854     0.008815     0.006981     0.006054     0.005490     0.006246     0.000000     0.000000     0.000000     0.000000     0.010572     0.007505     0.006069     0.005793     0.006430     0.008167     0.011341     0.015910     0.021336     0.026897     0.032027     0.036424     0.040002     0.042790     0.044860     0.046298     0.047199     0.047677     0.047871     0.000000
    0.040024     0.039969     0.039668     0.039025     0.037958     0.036400     0.034295     0.031607     0.028332     0.024545     0.020460     0.016461     0.013029     0.010532     0.009029     0.008308     0.008127     0.008581     0.009708     0.012061     0.013623     0.012747     0.011157     0.009592     0.008668     0.008435     0.008859     0.010138     0.012581     0.016254     0.020812     0.025680     0.030329     0.034428     0.037834     0.040525     0.042540     0.043941     0.044806     0.045242     0.045375     0.000000
    0.038228     0.038222     0.037969     0.037382     0.036388     0.034929     0.032968     0.030485     0.027501     0.024111     0.020528     0.017092     0.014189     0.012088     0.010819     0.010216     0.010102     0.010434     0.011200     0.012352     0.013047     0.012740     0.011912     0.011033     0.010475     0.010361     0.010742     0.011797     0.013788     0.016816     0.020667     0.024899     0.029055     0.032805     0.035980     0.038521     0.040436     0.041767     0.042577     0.042961     0.043032     0.000000
    0.036588     0.036627     0.036424     0.035901     0.034993     0.033653     0.031854     0.029593     0.026906     0.023896     0.020764     0.017799     0.015312     0.013504     0.012385     0.011824     0.011677     0.011863     0.012325     0.012925     0.013293     0.013178     0.012728     0.012220     0.011902     0.011898     0.012292     0.013233     0.014931     0.017488     0.020771     0.024444     0.028124     0.031508     0.034417     0.036771     0.038554     0.039791     0.040530     0.040854     0.040867     0.000000
    0.035109     0.035190     0.035038     0.034583     0.033770     0.032559     0.030933     0.028900     0.026505     0.023851     0.021118     0.018552     0.016401     0.014817     0.013803     0.013257     0.013062     0.013136     0.013408     0.013754     0.013971     0.013922     0.013661     0.013359     0.013187     0.013262     0.013670     0.014539     0.016028     0.018226     0.021046     0.024233     0.027470     0.030490     0.033118     0.035262     0.036893     0.038017     0.038675     0.038937     0.038895     0.000000
    0.033795     0.033912     0.033808     0.033424     0.032710     0.031633     0.030184     0.028378     0.026262     0.023937     0.021560     0.019338     0.017467     0.016067     0.015140     0.014611     0.014384     0.014388     0.014551     0.014768     0.014909     0.014885     0.014724     0.014536     0.014450     0.014569     0.014978     0.015782     0.017104     0.019013     0.021447     0.024208     0.027040     0.029710     0.032054     0.033979     0.035443     0.036446     0.037016     0.037215     0.037123     0.000000
    0.032641     0.032789     0.032732     0.032417     0.031802     0.030860     0.029586     0.028000     0.026150     0.024127     0.022069     0.020147     0.018520     0.017283     0.016441     0.015939     0.015703     0.015670     0.015771     0.015919     0.016018     0.016006     0.015899     0.015775     0.015736     0.015873     0.016266     0.017002     0.018176     0.019839     0.021942     0.024329     0.026791     0.029130     0.031196     0.032899     0.034193     0.035069     0.035550     0.035687     0.035553     0.000000
    0.031641     0.031814     0.031799     0.031552     0.031034     0.030224     0.029121     0.027745     0.026143     0.024398     0.022628     0.020974     0.019565     0.018480     0.017726     0.017265     0.017037     0.016989     0.017057     0.017166     0.017240     0.017234     0.017157     0.017070     0.017055     0.017192     0.017555     0.018218     0.019253     0.020696     0.022508     0.024562     0.026688     0.028717     0.030518     0.032003     0.033128     0.033877     0.034269     0.034349     0.034179     0.000000
    0.030787     0.030979     0.031003     0.030818     0.030393     0.029710     0.028769     0.027592     0.026222     0.024732     0.023223     0.021811     0.020603     0.019662     0.019001     0.018589     0.018383     0.018334     0.018386     0.018472     0.018532     0.018529     0.018470     0.018403     0.018396     0.018522     0.018846     0.019430     0.020332     0.021575     0.023126     0.024881     0.026701     0.028443     0.029993     0.031270     0.032229     0.032856     0.033164     0.033192     0.032992     0.000000
    0.030067     0.030274     0.030330     0.030203     0.029866     0.029302     0.028514     0.027523     0.026367     0.025111     0.023840     0.022650     0.021627     0.020826     0.020258     0.019904     0.019728     0.019688     0.019733     0.019807     0.019858     0.019856     0.019807     0.019751     0.019744     0.019851     0.020130     0.020633     0.021406     0.022465     0.023779     0.025264     0.026806     0.028283     0.029598     0.030678     0.031481     0.031992     0.032221     0.032202     0.031979     0.000000
    0.029470     0.029686     0.029771     0.029696     0.029438     0.028986     0.028341     0.027521     0.026563     0.025521     0.024467     0.023480     0.022630     0.021962     0.021489     0.021197     0.021056     0.021030     0.021075     0.021143     0.021188     0.021187     0.021144     0.021091     0.021079     0.021163     0.021393     0.021815     0.022464     0.023352     0.024450     0.025691     0.026979     0.028215     0.029312     0.030209     0.030865     0.031268     0.031425     0.031366     0.031127     0.000000
    0.028982     0.029205     0.029312     0.029284     0.029099     0.028748     0.028234     0.027573     0.026796     0.025949     0.025093     0.024291     0.023602     0.023062     0.022681     0.022452     0.022349     0.022341     0.022391     0.022455     0.022497     0.022496     0.022456     0.022404     0.022383     0.022441     0.022621     0.022963     0.023495     0.024224     0.025126     0.026145     0.027204     0.028218     0.029116     0.029843     0.030365     0.030669     0.030763     0.030669     0.030420     0.000000
    0.028593     0.028817     0.028943     0.028955     0.028835     0.028577     0.028182     0.027665     0.027052     0.026383     0.025706     0.025075     0.024534     0.024113     0.023823     0.023655     0.023591     0.023604     0.023660     0.023725     0.023765     0.023764     0.023725     0.023671     0.023639     0.023670     0.023801     0.024066     0.024487     0.025069     0.025792     0.026611     0.027461     0.028275     0.028992     0.029565     0.029965     0.030180     0.030218     0.030096     0.029842     0.000000
    0.028289     0.028512     0.028653     0.028698     0.028636     0.028460     0.028172     0.027786     0.027322     0.026813     0.026299     0.025821     0.025416     0.025108     0.024903     0.024795     0.024770     0.024804     0.024869     0.024935     0.024974     0.024973     0.024934     0.024877     0.024833     0.024836     0.024920     0.025111     0.025429     0.025876     0.026437     0.027075     0.027738     0.028372     0.028925     0.029359     0.029650     0.029787     0.029776     0.029633     0.029377     0.000000
    0.028059     0.028279     0.028430     0.028503     0.028491     0.028387     0.028196     0.027925     0.027595     0.027230     0.026862     0.026523     0.026243     0.026037     0.025912     0.025862     0.025874     0.025930     0.026004     0.026072     0.026112     0.026110     0.026071     0.026010     0.025953     0.025929     0.025967     0.026090     0.026312     0.026636     0.027051     0.027527     0.028023     0.028495     0.028902     0.029213     0.029406     0.029476     0.029425     0.029265     0.029012     0.000000
    0.027893     0.028107     0.028264     0.028361     0.028391     0.028351     0.028243     0.028076     0.027864     0.027627     0.027389     0.027176     0.027007     0.026895     0.026844     0.026848     0.026896     0.026972     0.027056     0.027127     0.027167     0.027166     0.027125     0.027059     0.026989     0.026941     0.026936     0.026995     0.027129     0.027343     0.027626     0.027958     0.028305     0.028634     0.028912     0.029114     0.029223     0.029234     0.029150     0.028979     0.028731     0.000000
    0.027781     0.027986     0.028148     0.028263     0.028328     0.028342     0.028308     0.028231     0.028123     0.027998     0.027876     0.027773     0.027704     0.027678     0.027693     0.027747     0.027828     0.027924     0.028018     0.028092     0.028133     0.028132     0.028090     0.028019     0.027937     0.027864     0.027820     0.027821     0.027876     0.027990     0.028157     0.028361     0.028577     0.028780     0.028945     0.029052     0.029089     0.029052     0.028941     0.028762     0.028521     0.000000
    0.027713     0.027910     0.028073     0.028201     0.028295     0.028355     0.028383     0.028384     0.028366     0.028341     0.028319     0.028314     0.028333     0.028382     0.028458     0.028556     0.028668     0.028782     0.028885     0.028964     0.029006     0.029004     0.028961     0.028885     0.028792     0.028697     0.028617     0.028564     0.028549     0.028575     0.028639     0.028731     0.028833     0.028926     0.028993     0.029019     0.028995     0.028917     0.028786     0.028603     0.028372     0.000000
    0.027681     0.027869     0.028030     0.028169     0.028286     0.028383     0.028464     0.028532     0.028592     0.028651     0.028717     0.028796     0.028893     0.029007     0.029137     0.029275     0.029414     0.029545     0.029657     0.029740     0.029783     0.029781     0.029736     0.029656     0.029551     0.029437     0.029324     0.029225     0.029147     0.029096     0.029070     0.029064     0.029067     0.029067     0.029050     0.029008     0.028933     0.028823     0.028676     0.028493     0.028272     0.000000
    0.027679     0.027856     0.028015     0.028160     0.028295     0.028423     0.028547     0.028670     0.028796     0.028927     0.029067     0.029219     0.029383     0.029555     0.029731     0.029904     0.030067     0.030213     0.030333     0.030419     0.030463     0.030462     0.030415     0.030331     0.030217     0.030084     0.029943     0.029803     0.029671     0.029552     0.029449     0.029360     0.029278     0.029198     0.029111     0.029012     0.028896     0.028761     0.028603     0.028422     0.028213     0.000000
    0.027700     0.027866     0.028021     0.028169     0.028317     0.028469     0.028628     0.028797     0.028977     0.029169     0.029372     0.029585     0.029805     0.030026     0.030241     0.030445     0.030629     0.030788     0.030915     0.031004     0.031049     0.031048     0.031000     0.030912     0.030789     0.030641     0.030475     0.030299     0.030120     0.029945     0.029776     0.029616     0.029464     0.029317     0.029172     0.029027     0.028878     0.028724     0.028560     0.028382     0.028185     0.000000
    0.027738     0.027893     0.028043     0.028192     0.028349     0.028519     0.028706     0.028912     0.029136     0.029376     0.029631     0.029895     0.030161     0.030423     0.030672     0.030901     0.031103     0.031273     0.031406     0.031498     0.031544     0.031542     0.031494     0.031402     0.031272     0.031111     0.030924     0.030718     0.030499     0.030275     0.030052     0.029833     0.029623     0.029421     0.029230     0.029048     0.028874     0.028706     0.028539     0.028366     0.028182     0.000000
    0.027789     0.027933     0.028076     0.028225     0.028387     0.028570     0.028778     0.029012     0.029271     0.029551     0.029847     0.030151     0.030456     0.030751     0.031027     0.031277     0.031493     0.031673     0.031811     0.031905     0.031952     0.031950     0.031901     0.031806     0.031670     0.031498     0.031293     0.031062     0.030811     0.030547     0.030279     0.030013     0.029755     0.029510     0.029282     0.029072     0.028880     0.028703     0.028535     0.028369     0.028198     0.000000
    0.027847     0.027981     0.028117     0.028263     0.028428     0.028620     0.028843     0.029097     0.029383     0.029693     0.030021     0.030358     0.030692     0.031014     0.031311     0.031577     0.031805     0.031992     0.032134     0.032229     0.032277     0.032275     0.032225     0.032129     0.031988     0.031807     0.031588     0.031336     0.031059     0.030764     0.030460     0.030156     0.029861     0.029583     0.029327     0.029097     0.028892     0.028710     0.028544     0.028385     0.028226     0.000000
    0.027911     0.028034     0.028162     0.028305     0.028470     0.028667     0.028899     0.029168     0.029472     0.029805     0.030157     0.030518     0.030875     0.031216     0.031530     0.031808     0.032045     0.032236     0.032381     0.032478     0.032525     0.032524     0.032474     0.032375     0.032231     0.032043     0.031813     0.031546     0.031249     0.030929     0.030597     0.030265     0.029943     0.029640     0.029364     0.029120     0.028907     0.028723     0.028561     0.028410     0.028263     0.000000
    0.027975     0.028088     0.028209     0.028347     0.028511     0.028708     0.028946     0.029224     0.029541     0.029888     0.030257     0.030635     0.031007     0.031362     0.031688     0.031974     0.032217     0.032412     0.032558     0.032656     0.032703     0.032702     0.032651     0.032553     0.032406     0.032213     0.031975     0.031697     0.031384     0.031047     0.030695     0.030342     0.030001     0.029681     0.029392     0.029139     0.028923     0.028740     0.028582     0.028440     0.028304     0.000000
    0.028039     0.028142     0.028255     0.028387     0.028548     0.028744     0.028984     0.029266     0.029589     0.029946     0.030324     0.030712     0.031095     0.031458     0.031791     0.032083     0.032329     0.032525     0.032672     0.032769     0.032817     0.032816     0.032765     0.032666     0.032518     0.032322     0.032079     0.031793     0.031471     0.031121     0.030756     0.030390     0.030036     0.029706     0.029410     0.029153     0.028937     0.028757     0.028605     0.028471     0.028347     0.000000
    0.028099     0.028193     0.028299     0.028425     0.028580     0.028774     0.029011     0.029294     0.029619     0.029979     0.030362     0.030754     0.031141     0.031509     0.031844     0.032138     0.032385     0.032582     0.032729     0.032825     0.032873     0.032871     0.032821     0.032722     0.032574     0.032377     0.032131     0.031841     0.031513     0.031157     0.030785     0.030411     0.030051     0.029716     0.029418     0.029162     0.028948     0.028772     0.028627     0.028502     0.028388     0.000000
    0.028153     0.028239     0.028338     0.028457     0.028607     0.028795     0.029029     0.029308     0.029631     0.029989     0.030372     0.030764     0.031151     0.031519     0.031854     0.032147     0.032393     0.032589     0.032734     0.032830     0.032877     0.032875     0.032826     0.032727     0.032580     0.032383     0.032137     0.031846     0.031516     0.031158     0.030783     0.030408     0.030046     0.029712     0.029416     0.029163     0.028954     0.028784     0.028646     0.028529     0.028425     0.000000
    0.028201     0.028279     0.028370     0.028483     0.028627     0.028809     0.029036     0.029309     0.029627     0.029980     0.030358     0.030746     0.031129     0.031493     0.031825     0.032115     0.032358     0.032551     0.032695     0.032789     0.032835     0.032833     0.032784     0.032687     0.032541     0.032346     0.032102     0.031813     0.031484     0.031128     0.030755     0.030383     0.030024     0.029695     0.029403     0.029156     0.028954     0.028791     0.028660     0.028552     0.028457     0.000000
    0.028242     0.028312     0.028396     0.028502     0.028639     0.028814     0.029033     0.029298     0.029607     0.029952     0.030322     0.030702     0.031078     0.031436     0.031761     0.032047     0.032285     0.032475     0.032615     0.032707     0.032752     0.032751     0.032703     0.032608     0.032464     0.032272     0.032031     0.031746     0.031422     0.031070     0.030704     0.030337     0.029986     0.029664     0.029381     0.029142     0.028947     0.028792     0.028669     0.028568     0.028482     0.000000
    0.028273     0.028336     0.028414     0.028513     0.028642     0.028809     0.029020     0.029275     0.029574     0.029908     0.030267     0.030636     0.031003     0.031351     0.031669     0.031947     0.032180     0.032365     0.032502     0.032592     0.032635     0.032634     0.032587     0.032494     0.032353     0.032165     0.031930     0.031650     0.031333     0.030990     0.030632     0.030275     0.029934     0.029621     0.029348     0.029118     0.028932     0.028785     0.028670     0.028577     0.028498     0.000000
    0.028295     0.028351     0.028423     0.028516     0.028637     0.028796     0.028996     0.029241     0.029527     0.029848     0.030194     0.030551     0.030905     0.031242     0.031550     0.031820     0.032046     0.032226     0.032359     0.032446     0.032489     0.032487     0.032441     0.032351     0.032214     0.032030     0.031801     0.031529     0.031222     0.030888     0.030541     0.030196     0.029868     0.029567     0.029305     0.029086     0.028910     0.028771     0.028663     0.028577     0.028506     0.000000
    0.028306     0.028357     0.028423     0.028509     0.028623     0.028773     0.028963     0.029195     0.029468     0.029775     0.030107     0.030449     0.030789     0.031113     0.031410     0.031670     0.031889     0.032062     0.032191     0.032275     0.032316     0.032315     0.032270     0.032182     0.032050     0.031872     0.031650     0.031387     0.031090     0.030769     0.030435     0.030104     0.029789     0.029503     0.029253     0.029045     0.028878     0.028748     0.028647     0.028568     0.028503     0.000000
    0.028307     0.028353     0.028413     0.028493     0.028600     0.028741     0.028920     0.029140     0.029399     0.029690     0.030005     0.030332     0.030657     0.030967     0.031252     0.031502     0.031711     0.031878     0.032002     0.032083     0.032123     0.032121     0.032078     0.031993     0.031865     0.031694     0.031480     0.031228     0.030942     0.030634     0.030315     0.029999     0.029699     0.029427     0.029191     0.028995     0.028838     0.028716     0.028622     0.028549     0.028491     0.000000
    0.028298     0.028338     0.028393     0.028467     0.028567     0.028699     0.028867     0.029074     0.029318     0.029594     0.029893     0.030203     0.030511     0.030807     0.031078     0.031317     0.031517     0.031678     0.031796     0.031874     0.031912     0.031910     0.031869     0.031787     0.031664     0.031500     0.031295     0.031053     0.030780     0.030487     0.030183     0.029883     0.029600     0.029343     0.029120     0.028936     0.028789     0.028674     0.028587     0.028520     0.028468     0.000000
    0.028277     0.028313     0.028363     0.028432     0.028525     0.028648     0.028805     0.028999     0.029228     0.029488     0.029769     0.030062     0.030354     0.030634     0.030892     0.031119     0.031310     0.031463     0.031576     0.031651     0.031687     0.031685     0.031645     0.031567     0.031449     0.031292     0.031096     0.030865     0.030606     0.030328     0.030041     0.029758     0.029490     0.029249     0.029040     0.028868     0.028730     0.028624     0.028543     0.028481     0.028434     0.000000
    0.028245     0.028277     0.028323     0.028386     0.028473     0.028587     0.028734     0.028915     0.029129     0.029372     0.029636     0.029912     0.030187     0.030451     0.030695     0.030910     0.031092     0.031237     0.031345     0.031416     0.031450     0.031448     0.031410     0.031335     0.031223     0.031073     0.030887     0.030668     0.030423     0.030160     0.029889     0.029623     0.029372     0.029146     0.028952     0.028790     0.028662     0.028564     0.028489     0.028432     0.028389     0.000000
    0.028203     0.028231     0.028273     0.028331     0.028411     0.028517     0.028654     0.028822     0.029022     0.029249     0.029496     0.029753     0.030012     0.030260     0.030490     0.030693     0.030864     0.031002     0.031105     0.031172     0.031205     0.031203     0.031166     0.031095     0.030988     0.030845     0.030669     0.030462     0.030231     0.029984     0.029730     0.029481     0.029246     0.029036     0.028854     0.028705     0.028586     0.028494     0.028425     0.028373     0.028334     0.000000
    0.028150     0.028175     0.028213     0.028267     0.028340     0.028439     0.028565     0.028721     0.028907     0.029118     0.029347     0.029588     0.029829     0.030062     0.030278     0.030469     0.030631     0.030761     0.030858     0.030922     0.030953     0.030951     0.030916     0.030848     0.030746     0.030611     0.030445     0.030250     0.030033     0.029801     0.029564     0.029331     0.029113     0.028917     0.028749     0.028610     0.028500     0.028415     0.028351     0.028304     0.028269     0.000000
    0.028086     0.028109     0.028143     0.028192     0.028260     0.028351     0.028468     0.028612     0.028784     0.028979     0.029193     0.029416     0.029641     0.029859     0.030060     0.030240     0.030392     0.030514     0.030606     0.030666     0.030695     0.030693     0.030660     0.030596     0.030500     0.030372     0.030216     0.030033     0.029829     0.029613     0.029392     0.029175     0.028973     0.028792     0.028636     0.028508     0.028406     0.028328     0.028269     0.028225     0.028193     0.000000
    0.028013     0.028032     0.028064     0.028109     0.028172     0.028255     0.028363     0.028496     0.028654     0.028835     0.029032     0.029240     0.029449     0.029651     0.029839     0.030007     0.030149     0.030265     0.030351     0.030408     0.030435     0.030433     0.030402     0.030340     0.030250     0.030130     0.029983     0.029811     0.029621     0.029420     0.029214     0.029014     0.028827     0.028659     0.028515     0.028397     0.028303     0.028231     0.028176     0.028136     0.028107     0.000000
    0.027929     0.027947     0.027975     0.028017     0.028074     0.028151     0.028250     0.028373     0.028518     0.028684     0.028867     0.029058     0.029252     0.029440     0.029615     0.029771     0.029904     0.030012     0.030093     0.030147     0.030172     0.030170     0.030141     0.030083     0.029997     0.029885     0.029747     0.029587     0.029410     0.029223     0.029032     0.028847     0.028674     0.028520     0.028388     0.028279     0.028192     0.028125     0.028075     0.028038     0.028012     0.000000
    0.027836     0.027852     0.027877     0.027916     0.027968     0.028039     0.028130     0.028242     0.028376     0.028529     0.028696     0.028873     0.029052     0.029225     0.029388     0.029533     0.029658     0.029759     0.029835     0.029885     0.029909     0.029907     0.029879     0.029824     0.029744     0.029638     0.029509     0.029360     0.029196     0.029022     0.028846     0.028676     0.028517     0.028375     0.028253     0.028153     0.028073     0.028012     0.027966     0.027932     0.027908     0.000000
    0.027734     0.027748     0.027771     0.027806     0.027855     0.027919     0.028002     0.028105     0.028228     0.028368     0.028522     0.028684     0.028849     0.029009     0.029160     0.029295     0.029411     0.029505     0.029576     0.029623     0.029645     0.029643     0.029616     0.029565     0.029490     0.029391     0.029271     0.029132     0.028980     0.028819     0.028657     0.028500     0.028354     0.028224     0.028112     0.028020     0.027947     0.027890     0.027848     0.027816     0.027794     0.000000
    0.027623     0.027635     0.027657     0.027689     0.027733     0.027792     0.027868     0.027962     0.028074     0.028202     0.028343     0.028492     0.028643     0.028792     0.028931     0.029056     0.029163     0.029251     0.029317     0.029361     0.029382     0.029380     0.029354     0.029306     0.029236     0.029143     0.029031     0.028903     0.028762     0.028614     0.028464     0.028320     0.028186     0.028067     0.027965     0.027881     0.027813     0.027761     0.027722     0.027693     0.027673     0.000000
    0.027503     0.027515     0.027534     0.027563     0.027604     0.027658     0.027728     0.027813     0.027916     0.028032     0.028161     0.028297     0.028436     0.028573     0.028701     0.028817     0.028916     0.028998     0.029059     0.029100     0.029119     0.029117     0.029093     0.029048     0.028982     0.028896     0.028792     0.028673     0.028543     0.028406     0.028269     0.028137     0.028014     0.027905     0.027812     0.027735     0.027673     0.027625     0.027588     0.027562     0.027543     0.000000
    0.027376     0.027386     0.027404     0.027431     0.027468     0.027518     0.027581     0.027659     0.027752     0.027858     0.027976     0.028100     0.028228     0.028353     0.028471     0.028578     0.028670     0.028746     0.028803     0.028841     0.028858     0.028856     0.028834     0.028792     0.028730     0.028650     0.028553     0.028443     0.028323     0.028197     0.028071     0.027950     0.027838     0.027739     0.027653     0.027583     0.027526     0.027482     0.027448     0.027423     0.027406     0.000000
    0.027241     0.027251     0.027267     0.027292     0.027326     0.027371     0.027429     0.027500     0.027584     0.027681     0.027788     0.027901     0.028018     0.028132     0.028241     0.028339     0.028425     0.028495     0.028548     0.028583     0.028599     0.028597     0.028576     0.028536     0.028479     0.028404     0.028314     0.028212     0.028102     0.027986     0.027871     0.027761     0.027658     0.027567     0.027490     0.027425     0.027373     0.027332     0.027301     0.027278     0.027262     0.000000
    0.027100     0.027108     0.027123     0.027146     0.027177     0.027218     0.027271     0.027335     0.027412     0.027500     0.027597     0.027700     0.027806     0.027911     0.028011     0.028101     0.028180     0.028245     0.028294     0.028327     0.028342     0.028340     0.028320     0.028283     0.028229     0.028160     0.028076     0.027982     0.027880     0.027775     0.027669     0.027568     0.027475     0.027392     0.027321     0.027262     0.027214     0.027177     0.027148     0.027126     0.027111     0.000000
    0.026951     0.026959     0.026973     0.026994     0.027023     0.027060     0.027108     0.027166     0.027236     0.027315     0.027403     0.027497     0.027594     0.027690     0.027781     0.027865     0.027937     0.027997     0.028043     0.028073     0.028087     0.028084     0.028066     0.028031     0.027981     0.027916     0.027839     0.027752     0.027659     0.027562     0.027465     0.027373     0.027288     0.027213     0.027148     0.027094     0.027050     0.027015     0.026988     0.026968     0.026954     0.000000
    0.026797     0.026804     0.026817     0.026836     0.026862     0.026897     0.026940     0.026993     0.027056     0.027128     0.027208     0.027293     0.027381     0.027469     0.027552     0.027629     0.027696     0.027751     0.027793     0.027821     0.027834     0.027831     0.027813     0.027781     0.027734     0.027674     0.027603     0.027523     0.027437     0.027348     0.027260     0.027176     0.027098     0.027029     0.026970     0.026921     0.026881     0.026849     0.026824     0.026805     0.026791     0.000000
    0.026636     0.026643     0.026655     0.026673     0.026697     0.026728     0.026767     0.026815     0.026872     0.026937     0.027010     0.027087     0.027167     0.027247     0.027324     0.027394     0.027455     0.027506     0.027545     0.027571     0.027582     0.027580     0.027563     0.027533     0.027489     0.027434     0.027368     0.027294     0.027215     0.027133     0.027053     0.026976     0.026905     0.026843     0.026789     0.026744     0.026707     0.026677     0.026654     0.026636     0.026623     0.000000
    0.026470     0.026477     0.026488     0.026505     0.026527     0.026555     0.026591     0.026634     0.026686     0.026745     0.026810     0.026880     0.026953     0.027026     0.027096     0.027160     0.027217     0.027263     0.027299     0.027323     0.027333     0.027331     0.027315     0.027287     0.027246     0.027194     0.027133     0.027065     0.026992     0.026918     0.026844     0.026774     0.026710     0.026653     0.026604     0.026563     0.026529     0.026501     0.026479     0.026462     0.026450     0.000000
    0.026300     0.026306     0.026316     0.026332     0.026352     0.026378     0.026410     0.026450     0.026496     0.026549     0.026608     0.026672     0.026738     0.026804     0.026868     0.026927     0.026979     0.027022     0.027055     0.027077     0.027086     0.027084     0.027069     0.027042     0.027004     0.026956     0.026900     0.026837     0.026770     0.026702     0.026635     0.026571     0.026512     0.026461     0.026416     0.026378     0.026347     0.026321     0.026300     0.026284     0.026272     0.000000
    0.026124     0.026130     0.026140     0.026154     0.026173     0.026197     0.026226     0.026262     0.026304     0.026352     0.026405     0.026463     0.026523     0.026583     0.026641     0.026695     0.026743     0.026782     0.026813     0.026833     0.026842     0.026839     0.026825     0.026800     0.026764     0.026720     0.026667     0.026609     0.026548     0.026485     0.026424     0.026366     0.026312     0.026265     0.026224     0.026190     0.026161     0.026137     0.026117     0.026102     0.026090     0.000000
    0.025944     0.025950     0.025960     0.025973     0.025990     0.026012     0.026039     0.026071     0.026109     0.026152     0.026200     0.026252     0.026307     0.026361     0.026415     0.026464     0.026508     0.026544     0.026572     0.026590     0.026598     0.026596     0.026582     0.026559     0.026526     0.026484     0.026436     0.026382     0.026326     0.026268     0.026212     0.026159     0.026110     0.026067     0.026030     0.025998     0.025971     0.025949     0.025931     0.025916     0.025905     0.000000
    0.025761     0.025766     0.025775     0.025788     0.025804     0.025824     0.025848     0.025877     0.025911     0.025950     0.025994     0.026041     0.026090     0.026140     0.026189     0.026234     0.026274     0.026308     0.026333     0.026350     0.026357     0.026354     0.026342     0.026320     0.026289     0.026250     0.026205     0.026156     0.026103     0.026051     0.025999     0.025951     0.025907     0.025867     0.025833     0.025804     0.025779     0.025758     0.025741     0.025727     0.025716     0.000000
    0.025573     0.025579     0.025588     0.025599     0.025614     0.025633     0.025655     0.025681     0.025712     0.025747     0.025786     0.025829     0.025874     0.025919     0.025963     0.026005     0.026041     0.026072     0.026096     0.026111     0.026118     0.026115     0.026103     0.026082     0.026053     0.026017     0.025975     0.025929     0.025881     0.025833     0.025786     0.025742     0.025701     0.025665     0.025634     0.025607     0.025584     0.025564     0.025548     0.025534     0.025523     0.000000
    0.025383     0.025388     0.025397     0.025408     0.025422     0.025439     0.025459     0.025483     0.025510     0.025542     0.025578     0.025616     0.025657     0.025698     0.025738     0.025776     0.025810     0.025838     0.025860     0.025874     0.025880     0.025877     0.025865     0.025846     0.025819     0.025785     0.025746     0.025704     0.025659     0.025615     0.025572     0.025531     0.025494     0.025461     0.025432     0.025407     0.025386     0.025368     0.025352     0.025339     0.025328     0.000000
    0.025189     0.025195     0.025203     0.025214     0.025226     0.025242     0.025260     0.025282     0.025307     0.025336     0.025368     0.025403     0.025439     0.025477     0.025514     0.025548     0.025579     0.025605     0.025625     0.025638     0.025643     0.025640     0.025629     0.025611     0.025585     0.025554     0.025518     0.025478     0.025437     0.025396     0.025357     0.025320     0.025286     0.025255     0.025229     0.025206     0.025186     0.025169     0.025154     0.025141     0.025130     0.000000
    0.024993     0.024999     0.025007     0.025017     0.025029     0.025043     0.025060     0.025079     0.025102     0.025128     0.025157     0.025188     0.025222     0.025256     0.025290     0.025321     0.025350     0.025374     0.025392     0.025404     0.025408     0.025405     0.025395     0.025377     0.025353     0.025324     0.025290     0.025254     0.025216     0.025178     0.025141     0.025107     0.025076     0.025048     0.025024     0.025002     0.024984     0.024967     0.024953     0.024941     0.024930     0.000000
    0.024794     0.024800     0.024808     0.024817     0.024829     0.024842     0.024857     0.024875     0.024896     0.024919     0.024945     0.024974     0.025004     0.025035     0.025066     0.025095     0.025121     0.025143     0.025160     0.025171     0.025175     0.025172     0.025162     0.025145     0.025122     0.025095     0.025063     0.025029     0.024994     0.024959     0.024925     0.024894     0.024865     0.024840     0.024817     0.024797     0.024780     0.024764     0.024750     0.024738     0.024728     0.000000
    0.024593     0.024599     0.024607     0.024616     0.024627     0.024639     0.024653     0.024669     0.024688     0.024709     0.024733     0.024759     0.024786     0.024815     0.024843     0.024869     0.024893     0.024914     0.024929     0.024939     0.024942     0.024939     0.024929     0.024914     0.024892     0.024867     0.024837     0.024805     0.024773     0.024740     0.024709     0.024680     0.024654     0.024630     0.024609     0.024591     0.024574     0.024559     0.024546     0.024534     0.024524     0.000000
    0.024390     0.024396     0.024404     0.024413     0.024423     0.024434     0.024447     0.024462     0.024479     0.024498     0.024520     0.024543     0.024568     0.024594     0.024620     0.024644     0.024667     0.024685     0.024699     0.024708     0.024711     0.024708     0.024699     0.024684     0.024663     0.024639     0.024611     0.024582     0.024551     0.024521     0.024493     0.024466     0.024441     0.024419     0.024400     0.024383     0.024367     0.024353     0.024340     0.024329     0.024319     0.000000
    0.024186     0.024192     0.024199     0.024208     0.024217     0.024228     0.024240     0.024254     0.024269     0.024286     0.024306     0.024327     0.024350     0.024374     0.024397     0.024420     0.024440     0.024457     0.024470     0.024478     0.024481     0.024478     0.024469     0.024455     0.024435     0.024412     0.024387     0.024359     0.024330     0.024302     0.024276     0.024251     0.024228     0.024208     0.024190     0.024173     0.024159     0.024145     0.024133     0.024122     0.024112     0.000000
    0.023980     0.023986     0.023993     0.024001     0.024010     0.024020     0.024032     0.024044     0.024058     0.024074     0.024092     0.024111     0.024132     0.024154     0.024175     0.024196     0.024215     0.024231     0.024243     0.024250     0.024252     0.024249     0.024240     0.024226     0.024208     0.024187     0.024162     0.024136     0.024110     0.024084     0.024059     0.024036     0.024014     0.023996     0.023979     0.023963     0.023949     0.023936     0.023924     0.023913     0.023903     0.000000
    0.023772     0.023778     0.023785     0.023793     0.023802     0.023812     0.023822     0.023834     0.023846     0.023861     0.023877     0.023895     0.023914     0.023934     0.023954     0.023973     0.023990     0.024005     0.024016     0.024022     0.024024     0.024021     0.024012     0.023999     0.023982     0.023961     0.023938     0.023914     0.023889     0.023865     0.023841     0.023820     0.023800     0.023783     0.023767     0.023752     0.023739     0.023727     0.023715     0.023704     0.023694     0.000000
    0.023563     0.023570     0.023577     0.023585     0.023593     0.023602     0.023612     0.023622     0.023634     0.023647     0.023662     0.023678     0.023696     0.023714     0.023732     0.023750     0.023766     0.023779     0.023789     0.023795     0.023797     0.023794     0.023785     0.023773     0.023757     0.023737     0.023715     0.023692     0.023669     0.023646     0.023624     0.023604     0.023586     0.023569     0.023554     0.023540     0.023528     0.023516     0.023505     0.023494     0.023484     0.000000
    0.023354     0.023360     0.023367     0.023375     0.023383     0.023391     0.023400     0.023410     0.023421     0.023433     0.023447     0.023462     0.023478     0.023495     0.023511     0.023528     0.023543     0.023555     0.023564     0.023570     0.023571     0.023567     0.023559     0.023547     0.023532     0.023513     0.023493     0.023471     0.023449     0.023427     0.023407     0.023388     0.023371     0.023355     0.023341     0.023328     0.023316     0.023304     0.023294     0.023283     0.023273     0.000000
    0.023143     0.023150     0.023157     0.023164     0.023172     0.023180     0.023189     0.023198     0.023208     0.023219     0.023231     0.023245     0.023260     0.023275     0.023291     0.023306     0.023320     0.023331     0.023340     0.023345     0.023345     0.023342     0.023334     0.023323     0.023308     0.023290     0.023271     0.023250     0.023229     0.023209     0.023190     0.023172     0.023156     0.023141     0.023128     0.023115     0.023104     0.023093     0.023082     0.023072     0.023062     0.000000
    0.022932     0.022939     0.022946     0.022953     0.022960     0.022968     0.022976     0.022985     0.022994     0.023004     0.023016     0.023028     0.023042     0.023056     0.023071     0.023085     0.023097     0.023108     0.023116     0.023120     0.023121     0.023118     0.023110     0.023099     0.023085     0.023068     0.023049     0.023030     0.023010     0.022991     0.022973     0.022956     0.022940     0.022927     0.022914     0.022902     0.022891     0.022880     0.022870     0.022860     0.022850     0.000000
    0.022720     0.022727     0.022734     0.022741     0.022748     0.022756     0.022763     0.022771     0.022780     0.022790     0.022800     0.022812     0.022824     0.022838     0.022851     0.022864     0.022876     0.022886     0.022893     0.022897     0.022897     0.022894     0.022887     0.022876     0.022862     0.022846     0.022828     0.022810     0.022791     0.022773     0.022756     0.022740     0.022725     0.022712     0.022700     0.022689     0.022678     0.022667     0.022657     0.022647     0.022637     0.000000
    0.022508     0.022515     0.022522     0.022529     0.022536     0.022543     0.022550     0.022558     0.022566     0.022575     0.022584     0.022595     0.022607     0.022619     0.022632     0.022644     0.022655     0.022664     0.022671     0.022674     0.022674     0.022671     0.022664     0.022654     0.022640     0.022625     0.022608     0.022590     0.022572     0.022555     0.022539     0.022524     0.022510     0.022497     0.022486     0.022475     0.022465     0.022455     0.022445     0.022435     0.022425     0.000000
    0.022296     0.022302     0.022309     0.022316     0.022323     0.022330     0.022337     0.022344     0.022351     0.022360     0.022369     0.022379     0.022390     0.022401     0.022413     0.022424     0.022434     0.022443     0.022449     0.022452     0.022452     0.022449     0.022442     0.022432     0.022419     0.022404     0.022388     0.022371     0.022354     0.022338     0.022322     0.022308     0.022295     0.022283     0.022272     0.022261     0.022251     0.022241     0.022232     0.022222     0.022212     0.000000
    0.022083     0.022090     0.022097     0.022103     0.022110     0.022117     0.022123     0.022130     0.022137     0.022145     0.022153     0.022163     0.022173     0.022184     0.022195     0.022205     0.022215     0.022223     0.022228     0.022231     0.022231     0.022227     0.022221     0.022211     0.022199     0.022184     0.022169     0.022153     0.022136     0.022121     0.022106     0.022092     0.022080     0.022068     0.022058     0.022048     0.022038     0.022028     0.022019     0.022009     0.022000     0.000000
    0.021870     0.021877     0.021884     0.021890     0.021897     0.021903     0.021910     0.021916     0.021923     0.021930     0.021938     0.021947     0.021956     0.021966     0.021977     0.021987     0.021995     0.022003     0.022008     0.022011     0.022010     0.022007     0.022000     0.021991     0.021979     0.021965     0.021950     0.021935     0.021919     0.021904     0.021890     0.021877     0.021865     0.021854     0.021844     0.021834     0.021825     0.021815     0.021806     0.021796     0.021787     0.000000
    0.021657     0.021664     0.021671     0.021677     0.021684     0.021690     0.021696     0.021702     0.021708     0.021715     0.021723     0.021731     0.021740     0.021750     0.021759     0.021768     0.021777     0.021784     0.021789     0.021791     0.021790     0.021787     0.021780     0.021771     0.021760     0.021747     0.021732     0.021717     0.021702     0.021688     0.021674     0.021662     0.021650     0.021640     0.021630     0.021620     0.021611     0.021602     0.021593     0.021584     0.021574     0.000000
    0.021444     0.021451     0.021458     0.021464     0.021470     0.021476     0.021482     0.021488     0.021494     0.021501     0.021508     0.021516     0.021524     0.021533     0.021542     0.021551     0.021559     0.021565     0.021570     0.021572     0.021571     0.021568     0.021561     0.021553     0.021541     0.021529     0.021515     0.021500     0.021486     0.021472     0.021459     0.021447     0.021436     0.021426     0.021416     0.021407     0.021398     0.021389     0.021380     0.021371     0.021362     0.000000
    0.021231     0.021238     0.021245     0.021251     0.021257     0.021263     0.021269     0.021275     0.021280     0.021287     0.021293     0.021301     0.021309     0.021317     0.021326     0.021334     0.021341     0.021348     0.021352     0.021354     0.021353     0.021349     0.021343     0.021334     0.021324     0.021311     0.021298     0.021284     0.021270     0.021257     0.021244     0.021233     0.021222     0.021212     0.021203     0.021194     0.021186     0.021177     0.021168     0.021159     0.021150     0.000000
    0.021019     0.021025     0.021032     0.021039     0.021045     0.021050     0.021056     0.021061     0.021067     0.021073     0.021079     0.021086     0.021094     0.021102     0.021110     0.021118     0.021125     0.021130     0.021134     0.021136     0.021135     0.021132     0.021126     0.021117     0.021107     0.021095     0.021082     0.021068     0.021055     0.021042     0.021030     0.021019     0.021008     0.020999     0.020990     0.020981     0.020973     0.020965     0.020956     0.020947     0.020938     0.000000
    0.020806     0.020813     0.020820     0.020826     0.020832     0.020837     0.020843     0.020848     0.020853     0.020859     0.020865     0.020872     0.020879     0.020887     0.020894     0.020902     0.020908     0.020914     0.020917     0.020919     0.020918     0.020915     0.020909     0.020900     0.020890     0.020879     0.020866     0.020853     0.020840     0.020828     0.020816     0.020805     0.020795     0.020786     0.020777     0.020769     0.020761     0.020753     0.020744     0.020735     0.020726     0.000000
    0.020594     0.020601     0.020607     0.020614     0.020620     0.020625     0.020630     0.020635     0.020640     0.020646     0.020652     0.020658     0.020665     0.020672     0.020680     0.020687     0.020693     0.020698     0.020701     0.020703     0.020702     0.020698     0.020692     0.020684     0.020674     0.020663     0.020651     0.020638     0.020626     0.020614     0.020603     0.020592     0.020583     0.020574     0.020565     0.020557     0.020549     0.020541     0.020533     0.020524     0.020515     0.000000
    0.020382     0.020389     0.020396     0.020402     0.020407     0.020413     0.020418     0.020423     0.020428     0.020433     0.020439     0.020445     0.020452     0.020458     0.020465     0.020472     0.020478     0.020483     0.020486     0.020487     0.020486     0.020483     0.020477     0.020469     0.020459     0.020448     0.020437     0.020424     0.020412     0.020401     0.020390     0.020380     0.020370     0.020362     0.020353     0.020346     0.020338     0.020330     0.020322     0.020313     0.020304     0.000000
    0.020171     0.020178     0.020184     0.020190     0.020196     0.020201     0.020206     0.020211     0.020216     0.020221     0.020226     0.020232     0.020238     0.020245     0.020252     0.020258     0.020264     0.020268     0.020271     0.020272     0.020271     0.020268     0.020262     0.020254     0.020245     0.020234     0.020223     0.020211     0.020199     0.020188     0.020177     0.020168     0.020159     0.020150     0.020142     0.020135     0.020127     0.020119     0.020111     0.020103     0.020094     0.000000
    0.019960     0.019967     0.019973     0.019979     0.019985     0.019990     0.019995     0.019999     0.020004     0.020009     0.020014     0.020020     0.020026     0.020032     0.020039     0.020045     0.020050     0.020055     0.020057     0.020058     0.020057     0.020054     0.020048     0.020041     0.020031     0.020021     0.020010     0.019998     0.019987     0.019976     0.019966     0.019956     0.019947     0.019939     0.019931     0.019924     0.019916     0.019909     0.019901     0.019893     0.019884     0.000000
    0.019749     0.019756     0.019762     0.019768     0.019774     0.019779     0.019784     0.019788     0.019793     0.019798     0.019803     0.019808     0.019814     0.019820     0.019826     0.019832     0.019837     0.019841     0.019844     0.019845     0.019844     0.019840     0.019835     0.019827     0.019819     0.019808     0.019798     0.019786     0.019775     0.019765     0.019755     0.019745     0.019737     0.019729     0.019721     0.019714     0.019707     0.019699     0.019691     0.019683     0.019674     0.000000
    0.019539     0.019546     0.019552     0.019558     0.019563     0.019568     0.019573     0.019578     0.019582     0.019587     0.019592     0.019597     0.019603     0.019609     0.019614     0.019620     0.019625     0.019629     0.019631     0.019632     0.019631     0.019628     0.019622     0.019615     0.019606     0.019596     0.019586     0.019575     0.019564     0.019554     0.019544     0.019535     0.019527     0.019519     0.019512     0.019504     0.019497     0.019490     0.019482     0.019474     0.019465     0.000000
    0.019329     0.019336     0.019343     0.019348     0.019354     0.019358     0.019363     0.019367     0.019372     0.019376     0.019381     0.019386     0.019392     0.019398     0.019403     0.019409     0.019413     0.019417     0.019419     0.019420     0.019419     0.019416     0.019410     0.019403     0.019395     0.019385     0.019375     0.019364     0.019354     0.019344     0.019334     0.019325     0.019317     0.019310     0.019302     0.019295     0.019288     0.019281     0.019274     0.019266     0.019257     0.000000
    0.019120     0.019127     0.019133     0.019139     0.019144     0.019149     0.019154     0.019158     0.019162     0.019167     0.019171     0.019176     0.019182     0.019187     0.019193     0.019198     0.019203     0.019206     0.019208     0.019209     0.019207     0.019204     0.019199     0.019192     0.019184     0.019175     0.019165     0.019154     0.019144     0.019134     0.019125     0.019116     0.019108     0.019101     0.019094     0.019087     0.019080     0.019073     0.019066     0.019058     0.019049     0.000000
    0.018912     0.018919     0.018925     0.018930     0.018936     0.018940     0.018945     0.018949     0.018953     0.018958     0.018962     0.018967     0.018972     0.018978     0.018983     0.018988     0.018992     0.018996     0.018998     0.018998     0.018997     0.018994     0.018989     0.018982     0.018974     0.018965     0.018955     0.018945     0.018935     0.018925     0.018916     0.018908     0.018900     0.018893     0.018886     0.018879     0.018873     0.018866     0.018858     0.018851     0.018842     0.000000
    0.018704     0.018711     0.018717     0.018722     0.018727     0.018732     0.018736     0.018741     0.018745     0.018749     0.018753     0.018758     0.018763     0.018769     0.018774     0.018779     0.018783     0.018786     0.018788     0.018788     0.018787     0.018784     0.018779     0.018772     0.018765     0.018756     0.018746     0.018736     0.018727     0.018717     0.018708     0.018700     0.018693     0.018686     0.018679     0.018672     0.018666     0.018659     0.018652     0.018644     0.018636     0.000000
    0.018497     0.018503     0.018509     0.018515     0.018520     0.018525     0.018529     0.018533     0.018537     0.018541     0.018546     0.018550     0.018555     0.018560     0.018565     0.018570     0.018574     0.018577     0.018579     0.018579     0.018578     0.018575     0.018570     0.018564     0.018556     0.018547     0.018538     0.018528     0.018519     0.018510     0.018501     0.018493     0.018486     0.018479     0.018472     0.018466     0.018459     0.018453     0.018446     0.018438     0.018430     0.000000
    0.018290     0.018297     0.018303     0.018308     0.018313     0.018318     0.018322     0.018326     0.018330     0.018334     0.018338     0.018343     0.018348     0.018352     0.018357     0.018362     0.018366     0.018369     0.018371     0.018371     0.018370     0.018367     0.018362     0.018356     0.018348     0.018339     0.018330     0.018321     0.018312     0.018303     0.018295     0.018287     0.018279     0.018273     0.018266     0.018260     0.018254     0.018247     0.018240     0.018233     0.018225     0.000000
    0.018084     0.018091     0.018097     0.018102     0.018107     0.018111     0.018115     0.018119     0.018123     0.018127     0.018131     0.018136     0.018141     0.018145     0.018150     0.018155     0.018158     0.018161     0.018163     0.018163     0.018162     0.018159     0.018154     0.018148     0.018141     0.018132     0.018124     0.018115     0.018105     0.018097     0.018089     0.018081     0.018074     0.018067     0.018061     0.018055     0.018049     0.018042     0.018035     0.018028     0.018020     0.000000
    0.017879     0.017885     0.017891     0.017896     0.017901     0.017906     0.017910     0.017913     0.017917     0.017921     0.017925     0.017930     0.017934     0.017939     0.017944     0.017948     0.017952     0.017955     0.017956     0.017956     0.017955     0.017952     0.017948     0.017942     0.017934     0.017926     0.017918     0.017909     0.017900     0.017891     0.017883     0.017876     0.017869     0.017862     0.017856     0.017850     0.017844     0.017838     0.017831     0.017824     0.017816     0.000000
    0.017674     0.017680     0.017686     0.017691     0.017696     0.017700     0.017704     0.017708     0.017712     0.017716     0.017720     0.017724     0.017729     0.017733     0.017738     0.017742     0.017746     0.017748     0.017750     0.017750     0.017749     0.017746     0.017741     0.017736     0.017729     0.017721     0.017712     0.017704     0.017695     0.017687     0.017679     0.017671     0.017665     0.017658     0.017652     0.017646     0.017641     0.017634     0.017628     0.017621     0.017613     0.000000
    0.017470     0.017476     0.017482     0.017487     0.017492     0.017496     0.017500     0.017504     0.017508     0.017511     0.017515     0.017520     0.017524     0.017528     0.017533     0.017537     0.017540     0.017543     0.017545     0.017545     0.017543     0.017541     0.017536     0.017530     0.017524     0.017516     0.017508     0.017499     0.017491     0.017483     0.017475     0.017468     0.017461     0.017455     0.017449     0.017443     0.017437     0.017431     0.017425     0.017418     0.017411     0.000000
    0.017267     0.017273     0.017279     0.017284     0.017288     0.017292     0.017296     0.017300     0.017304     0.017307     0.017311     0.017316     0.017320     0.017324     0.017329     0.017333     0.017336     0.017338     0.017340     0.017340     0.017339     0.017336     0.017332     0.017326     0.017319     0.017312     0.017304     0.017295     0.017287     0.017279     0.017272     0.017265     0.017258     0.017252     0.017246     0.017241     0.017235     0.017229     0.017223     0.017216     0.017209     0.000000
    0.017064     0.017070     0.017076     0.017081     0.017085     0.017089     0.017093     0.017097     0.017101     0.017104     0.017108     0.017112     0.017116     0.017121     0.017125     0.017129     0.017132     0.017135     0.017136     0.017136     0.017135     0.017132     0.017128     0.017122     0.017116     0.017108     0.017101     0.017092     0.017084     0.017077     0.017069     0.017062     0.017056     0.017050     0.017045     0.017039     0.017033     0.017028     0.017021     0.017015     0.017007     0.000000
    0.016862     0.016868     0.016874     0.016879     0.016883     0.016887     0.016891     0.016894     0.016898     0.016902     0.016905     0.016909     0.016914     0.016918     0.016922     0.016926     0.016929     0.016931     0.016933     0.016933     0.016932     0.016929     0.016925     0.016919     0.016913     0.016906     0.016898     0.016890     0.016882     0.016875     0.016868     0.016861     0.016855     0.016849     0.016843     0.016838     0.016832     0.016827     0.016821     0.016814     0.016807     0.000000
    0.016661     0.016667     0.016672     0.016677     0.016681     0.016685     0.016689     0.016693     0.016696     0.016700     0.016704     0.016707     0.016712     0.016716     0.016720     0.016723     0.016727     0.016729     0.016730     0.016730     0.016729     0.016726     0.016722     0.016717     0.016711     0.016704     0.016696     0.016689     0.016681     0.016673     0.016666     0.016660     0.016654     0.016648     0.016643     0.016637     0.016632     0.016627     0.016621     0.016614     0.016607     0.000000
    0.016460     0.016466     0.016471     0.016476     0.016481     0.016484     0.016488     0.016492     0.016495     0.016499     0.016502     0.016506     0.016510     0.016514     0.016518     0.016522     0.016525     0.016527     0.016528     0.016529     0.016527     0.016525     0.016521     0.016516     0.016510     0.016503     0.016495     0.016488     0.016480     0.016473     0.016466     0.016460     0.016454     0.016448     0.016443     0.016438     0.016432     0.016427     0.016421     0.016415     0.016408     0.000000
    0.016260     0.016266     0.016271     0.016276     0.016280     0.016284     0.016288     0.016291     0.016295     0.016298     0.016302     0.016306     0.016310     0.016314     0.016317     0.016321     0.016324     0.016326     0.016327     0.016327     0.016326     0.016324     0.016320     0.016315     0.016309     0.016302     0.016295     0.016288     0.016280     0.016273     0.016266     0.016260     0.016254     0.016249     0.016244     0.016239     0.016233     0.016228     0.016222     0.016216     0.016209     0.000000
    0.016061     0.016067     0.016072     0.016077     0.016081     0.016085     0.016088     0.016092     0.016095     0.016098     0.016102     0.016106     0.016110     0.016114     0.016117     0.016121     0.016124     0.016126     0.016127     0.016127     0.016126     0.016123     0.016120     0.016115     0.016109     0.016102     0.016095     0.016088     0.016081     0.016074     0.016067     0.016061     0.016056     0.016050     0.016045     0.016040     0.016035     0.016030     0.016024     0.016018     0.016011     0.000000
    0.015862     0.015868     0.015873     0.015878     0.015882     0.015886     0.015889     0.015893     0.015896     0.015899     0.015903     0.015907     0.015910     0.015914     0.015918     0.015921     0.015924     0.015926     0.015927     0.015928     0.015926     0.015924     0.015920     0.015915     0.015910     0.015903     0.015896     0.015889     0.015882     0.015876     0.015869     0.015863     0.015858     0.015852     0.015847     0.015843     0.015838     0.015832     0.015827     0.015821     0.015814     0.000000
    0.015665     0.015670     0.015675     0.015680     0.015684     0.015688     0.015691     0.015694     0.015698     0.015701     0.015704     0.015708     0.015712     0.015716     0.015719     0.015723     0.015725     0.015727     0.015729     0.015729     0.015727     0.015725     0.015721     0.015717     0.015711     0.015705     0.015698     0.015691     0.015685     0.015678     0.015672     0.015666     0.015660     0.015655     0.015650     0.015646     0.015641     0.015636     0.015630     0.015624     0.015618     0.000000
    0.015467     0.015473     0.015478     0.015483     0.015487     0.015490     0.015493     0.015497     0.015500     0.015503     0.015507     0.015510     0.015514     0.015518     0.015521     0.015524     0.015527     0.015529     0.015530     0.015530     0.015529     0.015527     0.015523     0.015519     0.015513     0.015507     0.015501     0.015494     0.015487     0.015481     0.015475     0.015469     0.015464     0.015459     0.015454     0.015449     0.015444     0.015440     0.015434     0.015428     0.015422     0.000000
    0.015271     0.015277     0.015281     0.015286     0.015290     0.015293     0.015297     0.015300     0.015303     0.015306     0.015310     0.015313     0.015317     0.015320     0.015324     0.015327     0.015330     0.015332     0.015333     0.015333     0.015332     0.015330     0.015326     0.015322     0.015316     0.015310     0.015304     0.015297     0.015291     0.015284     0.015278     0.015273     0.015268     0.015263     0.015258     0.015254     0.015249     0.015244     0.015239     0.015233     0.015227     0.000000
    0.015075     0.015081     0.015086     0.015090     0.015094     0.015097     0.015100     0.015104     0.015107     0.015110     0.015113     0.015117     0.015120     0.015124     0.015127     0.015130     0.015133     0.015135     0.015136     0.015136     0.015135     0.015133     0.015130     0.015125     0.015120     0.015114     0.015108     0.015101     0.015095     0.015089     0.015083     0.015077     0.015072     0.015068     0.015063     0.015059     0.015054     0.015049     0.015044     0.015039     0.015032     0.000000
    0.014880     0.014886     0.014890     0.014895     0.014898     0.014902     0.014905     0.014908     0.014911     0.014914     0.014918     0.014921     0.014925     0.014928     0.014931     0.014934     0.014937     0.014939     0.014940     0.014940     0.014939     0.014937     0.014934     0.014929     0.014924     0.014919     0.014912     0.014906     0.014900     0.014894     0.014888     0.014883     0.014878     0.014873     0.014869     0.014864     0.014860     0.014855     0.014850     0.014845     0.014838     0.000000
    0.014686     0.014691     0.014696     0.014700     0.014704     0.014707     0.014710     0.014713     0.014716     0.014719     0.014723     0.014726     0.014729     0.014733     0.014736     0.014739     0.014742     0.014744     0.014745     0.014745     0.014744     0.014742     0.014738     0.014734     0.014729     0.014724     0.014718     0.014712     0.014705     0.014700     0.014694     0.014689     0.014684     0.014679     0.014675     0.014670     0.014666     0.014662     0.014657     0.014651     0.014645     0.000000
    0.014492     0.014497     0.014502     0.014506     0.014510     0.014513     0.014516     0.014519     0.014522     0.014525     0.014528     0.014532     0.014535     0.014538     0.014542     0.014545     0.014547     0.014549     0.014550     0.014550     0.014549     0.014547     0.014544     0.014540     0.014535     0.014529     0.014524     0.014518     0.014512     0.014506     0.014500     0.014495     0.014490     0.014486     0.014482     0.014477     0.014473     0.014469     0.014464     0.014459     0.014453     0.000000
    0.014299     0.014304     0.014309     0.014313     0.014316     0.014320     0.014323     0.014326     0.014328     0.014331     0.014335     0.014338     0.014341     0.014345     0.014348     0.014351     0.014353     0.014355     0.014356     0.014356     0.014355     0.014353     0.014350     0.014346     0.014341     0.014336     0.014330     0.014324     0.014319     0.014313     0.014307     0.014302     0.014298     0.014293     0.014289     0.014285     0.014281     0.014277     0.014272     0.014267     0.014261     0.000000
    0.014106     0.014112     0.014116     0.014120     0.014124     0.014127     0.014130     0.014133     0.014136     0.014139     0.014142     0.014145     0.014148     0.014151     0.014155     0.014157     0.014160     0.014162     0.014163     0.014163     0.014162     0.014160     0.014157     0.014153     0.014148     0.014143     0.014138     0.014132     0.014126     0.014121     0.014115     0.014110     0.014106     0.014101     0.014097     0.014093     0.014089     0.014085     0.014080     0.014075     0.014070     0.000000
    0.013915     0.013920     0.013924     0.013928     0.013932     0.013935     0.013938     0.013940     0.013943     0.013946     0.013949     0.013952     0.013956     0.013959     0.013962     0.013965     0.013967     0.013969     0.013970     0.013970     0.013969     0.013967     0.013964     0.013960     0.013956     0.013951     0.013945     0.013940     0.013934     0.013929     0.013924     0.013919     0.013914     0.013910     0.013906     0.013902     0.013898     0.013894     0.013890     0.013885     0.013879     0.000000
    0.013724     0.013729     0.013733     0.013737     0.013740     0.013743     0.013746     0.013749     0.013752     0.013755     0.013758     0.013761     0.013764     0.013767     0.013770     0.013773     0.013775     0.013777     0.013778     0.013778     0.013777     0.013775     0.013772     0.013769     0.013764     0.013759     0.013754     0.013749     0.013743     0.013738     0.013733     0.013728     0.013724     0.013720     0.013716     0.013712     0.013708     0.013704     0.013699     0.013694     0.013689     0.000000
    0.013533     0.013538     0.013542     0.013546     0.013549     0.013552     0.013555     0.013558     0.013561     0.013564     0.013567     0.013570     0.013573     0.013576     0.013579     0.013582     0.013584     0.013586     0.013587     0.013587     0.013586     0.013584     0.013581     0.013578     0.013573     0.013568     0.013563     0.013558     0.013553     0.013547     0.013542     0.013538     0.013534     0.013530     0.013526     0.013522     0.013518     0.013514     0.013510     0.013505     0.013500     0.000000
    0.013343     0.013348     0.013352     0.013356     0.013359     0.013362     0.013365     0.013368     0.013371     0.013373     0.013376     0.013379     0.013382     0.013385     0.013388     0.013391     0.013393     0.013395     0.013396     0.013396     0.013395     0.013393     0.013391     0.013387     0.013383     0.013378     0.013373     0.013368     0.013363     0.013358     0.013353     0.013348     0.013344     0.013340     0.013336     0.013333     0.013329     0.013325     0.013321     0.013316     0.013311     0.000000
    0.013154     0.013159     0.013163     0.013167     0.013170     0.013173     0.013176     0.013178     0.013181     0.013184     0.013186     0.013189     0.013192     0.013195     0.013198     0.013201     0.013203     0.013205     0.013206     0.013206     0.013205     0.013203     0.013201     0.013197     0.013193     0.013189     0.013184     0.013178     0.013173     0.013168     0.013164     0.013159     0.013155     0.013151     0.013148     0.013144     0.013140     0.013137     0.013132     0.013128     0.013123     0.000000
    0.012966     0.012970     0.012974     0.012978     0.012981     0.012984     0.012987     0.012989     0.012992     0.012995     0.012997     0.013000     0.013003     0.013006     0.013009     0.013012     0.013014     0.013015     0.013016     0.013016     0.013016     0.013014     0.013011     0.013008     0.013004     0.013000     0.012995     0.012990     0.012985     0.012980     0.012975     0.012971     0.012967     0.012963     0.012960     0.012956     0.012952     0.012949     0.012945     0.012940     0.012935     0.000000
    0.012778     0.012782     0.012786     0.012790     0.012793     0.012796     0.012798     0.012801     0.012803     0.012806     0.012809     0.012812     0.012815     0.012818     0.012820     0.012823     0.012825     0.012827     0.012828     0.012828     0.012827     0.012825     0.012823     0.012819     0.012816     0.012811     0.012806     0.012802     0.012797     0.012792     0.012787     0.012783     0.012779     0.012776     0.012772     0.012769     0.012765     0.012761     0.012757     0.012753     0.012748     0.000000
    0.012590     0.012595     0.012599     0.012602     0.012605     0.012608     0.012611     0.012613     0.012616     0.012618     0.012621     0.012624     0.012627     0.012630     0.012632     0.012635     0.012637     0.012638     0.012639     0.012639     0.012639     0.012637     0.012635     0.012631     0.012628     0.012623     0.012619     0.012614     0.012609     0.012605     0.012600     0.012596     0.012592     0.012589     0.012585     0.012582     0.012578     0.012575     0.012571     0.012566     0.012562     0.000000
    0.012403     0.012408     0.012412     0.012415     0.012418     0.012421     0.012423     0.012426     0.012428     0.012431     0.012434     0.012436     0.012439     0.012442     0.012445     0.012447     0.012449     0.012451     0.012452     0.012452     0.012451     0.012450     0.012447     0.012444     0.012440     0.012436     0.012432     0.012427     0.012422     0.012418     0.012414     0.012410     0.012406     0.012402     0.012399     0.012396     0.012392     0.012389     0.012385     0.012380     0.012376     0.000000
    0.012217     0.012222     0.012225     0.012229     0.012232     0.012234     0.012237     0.012239     0.012242     0.012244     0.012247     0.012250     0.012253     0.012255     0.012258     0.012260     0.012262     0.012264     0.012265     0.012265     0.012264     0.012263     0.012260     0.012257     0.012254     0.012250     0.012245     0.012241     0.012236     0.012232     0.012227     0.012224     0.012220     0.012216     0.012213     0.012210     0.012207     0.012203     0.012199     0.012195     0.012190     0.000000
    0.012032     0.012036     0.012040     0.012043     0.012046     0.012049     0.012051     0.012053     0.012056     0.012058     0.012061     0.012064     0.012066     0.012069     0.012072     0.012074     0.012076     0.012078     0.012078     0.012079     0.012078     0.012076     0.012074     0.012071     0.012068     0.012064     0.012059     0.012055     0.012050     0.012046     0.012042     0.012038     0.012035     0.012031     0.012028     0.012025     0.012022     0.012018     0.012014     0.012010     0.012006     0.000000
    0.011847     0.011851     0.011855     0.011858     0.011861     0.011863     0.011866     0.011868     0.011870     0.011873     0.011875     0.011878     0.011881     0.011883     0.011886     0.011888     0.011890     0.011892     0.011893     0.011893     0.011892     0.011891     0.011888     0.011886     0.011882     0.011878     0.011874     0.011870     0.011865     0.011861     0.011857     0.011853     0.011850     0.011847     0.011843     0.011840     0.011837     0.011834     0.011830     0.011826     0.011822     0.000000
    0.011662     0.011666     0.011670     0.011673     0.011676     0.011678     0.011681     0.011683     0.011686     0.011688     0.011690     0.011693     0.011696     0.011698     0.011701     0.011703     0.011705     0.011707     0.011707     0.011708     0.011707     0.011705     0.011703     0.011701     0.011697     0.011693     0.011689     0.011685     0.011681     0.011677     0.011673     0.011669     0.011666     0.011662     0.011659     0.011656     0.011653     0.011650     0.011646     0.011642     0.011638     0.000000
    0.011478     0.011482     0.011486     0.011489     0.011492     0.011494     0.011497     0.011499     0.011501     0.011504     0.011506     0.011509     0.011511     0.011514     0.011516     0.011519     0.011521     0.011522     0.011523     0.011523     0.011522     0.011521     0.011519     0.011516     0.011513     0.011509     0.011505     0.011501     0.011497     0.011493     0.011489     0.011485     0.011482     0.011479     0.011476     0.011473     0.011470     0.011467     0.011463     0.011459     0.011455     0.000000
    0.011295     0.011299     0.011303     0.011306     0.011308     0.011311     0.011313     0.011315     0.011318     0.011320     0.011322     0.011325     0.011327     0.011330     0.011332     0.011335     0.011336     0.011338     0.011339     0.011339     0.011338     0.011337     0.011335     0.011332     0.011329     0.011325     0.011321     0.011317     0.011313     0.011309     0.011306     0.011302     0.011299     0.011296     0.011293     0.011290     0.011287     0.011284     0.011280     0.011277     0.011272     0.000000
    0.011112     0.011116     0.011120     0.011123     0.011125     0.011128     0.011130     0.011132     0.011134     0.011137     0.011139     0.011141     0.011144     0.011147     0.011149     0.011151     0.011153     0.011154     0.011155     0.011155     0.011155     0.011153     0.011151     0.011149     0.011146     0.011142     0.011138     0.011134     0.011130     0.011127     0.011123     0.011119     0.011116     0.011113     0.011110     0.011108     0.011105     0.011102     0.011098     0.011094     0.011090     0.000000
    0.010930     0.010934     0.010937     0.010940     0.010943     0.010945     0.010947     0.010950     0.010952     0.010954     0.010956     0.010959     0.010961     0.010964     0.010966     0.010968     0.010970     0.010971     0.010972     0.010972     0.010972     0.010971     0.010969     0.010966     0.010963     0.010959     0.010956     0.010952     0.010948     0.010944     0.010941     0.010937     0.010934     0.010931     0.010928     0.010926     0.010923     0.010920     0.010917     0.010913     0.010909     0.000000
    0.010748     0.010752     0.010756     0.010758     0.010761     0.010763     0.010765     0.010767     0.010770     0.010772     0.010774     0.010777     0.010779     0.010781     0.010784     0.010786     0.010788     0.010789     0.010790     0.010790     0.010789     0.010788     0.010786     0.010784     0.010781     0.010777     0.010774     0.010770     0.010766     0.010763     0.010759     0.010756     0.010753     0.010750     0.010747     0.010744     0.010742     0.010739     0.010735     0.010732     0.010728     0.000000
    0.010567     0.010571     0.010574     0.010577     0.010580     0.010582     0.010584     0.010586     0.010588     0.010590     0.010593     0.010595     0.010597     0.010600     0.010602     0.010604     0.010606     0.010607     0.010608     0.010608     0.010608     0.010606     0.010604     0.010602     0.010599     0.010596     0.010592     0.010589     0.010585     0.010581     0.010578     0.010575     0.010572     0.010569     0.010566     0.010563     0.010561     0.010558     0.010555     0.010551     0.010547     0.000000
    0.010387     0.010390     0.010393     0.010396     0.010399     0.010401     0.010403     0.010405     0.010407     0.010409     0.010411     0.010414     0.010416     0.010418     0.010421     0.010423     0.010424     0.010426     0.010426     0.010427     0.010426     0.010425     0.010423     0.010421     0.010418     0.010415     0.010411     0.010408     0.010404     0.010401     0.010397     0.010394     0.010391     0.010388     0.010386     0.010383     0.010380     0.010378     0.010375     0.010371     0.010367     0.000000
    0.010207     0.010210     0.010213     0.010216     0.010218     0.010220     0.010222     0.010224     0.010227     0.010229     0.010231     0.010233     0.010235     0.010238     0.010240     0.010242     0.010244     0.010245     0.010246     0.010246     0.010245     0.010244     0.010242     0.010240     0.010237     0.010234     0.010231     0.010227     0.010224     0.010220     0.010217     0.010214     0.010211     0.010208     0.010206     0.010203     0.010201     0.010198     0.010195     0.010191     0.010188     0.000000
    0.010027     0.010030     0.010033     0.010036     0.010038     0.010041     0.010043     0.010044     0.010046     0.010049     0.010051     0.010053     0.010055     0.010057     0.010060     0.010062     0.010063     0.010065     0.010065     0.010065     0.010065     0.010064     0.010062     0.010060     0.010057     0.010054     0.010051     0.010047     0.010044     0.010041     0.010037     0.010034     0.010032     0.010029     0.010026     0.010024     0.010021     0.010019     0.010016     0.010012     0.010009     0.000000
    0.009848     0.009851     0.009854     0.009857     0.009859     0.009861     0.009863     0.009865     0.009867     0.009869     0.009871     0.009873     0.009876     0.009878     0.009880     0.009882     0.009883     0.009885     0.009885     0.009886     0.009885     0.009884     0.009882     0.009880     0.009878     0.009875     0.009871     0.009868     0.009865     0.009861     0.009858     0.009855     0.009853     0.009850     0.009847     0.009845     0.009843     0.009840     0.009837     0.009834     0.009830     0.000000
    0.009669     0.009672     0.009675     0.009678     0.009680     0.009682     0.009684     0.009686     0.009688     0.009690     0.009692     0.009694     0.009696     0.009699     0.009701     0.009703     0.009704     0.009705     0.009706     0.009706     0.009706     0.009705     0.009703     0.009701     0.009698     0.009696     0.009692     0.009689     0.009686     0.009683     0.009680     0.009677     0.009674     0.009671     0.009669     0.009667     0.009664     0.009662     0.009659     0.009656     0.009652     0.000000
    0.009491     0.009494     0.009497     0.009500     0.009502     0.009504     0.009506     0.009507     0.009509     0.009511     0.009513     0.009515     0.009518     0.009520     0.009522     0.009524     0.009525     0.009526     0.009527     0.009527     0.009527     0.009526     0.009524     0.009522     0.009520     0.009517     0.009514     0.009511     0.009507     0.009504     0.009501     0.009498     0.009496     0.009493     0.009491     0.009489     0.009486     0.009484     0.009481     0.009478     0.009474     0.000000
    0.009313     0.009316     0.009319     0.009322     0.009324     0.009326     0.009328     0.009329     0.009331     0.009333     0.009335     0.009337     0.009339     0.009342     0.009344     0.009345     0.009347     0.009348     0.009349     0.009349     0.009349     0.009348     0.009346     0.009344     0.009342     0.009339     0.009336     0.009333     0.009329     0.009326     0.009324     0.009321     0.009318     0.009316     0.009313     0.009311     0.009309     0.009306     0.009304     0.009301     0.009297     0.000000
    0.009136     0.009139     0.009142     0.009144     0.009146     0.009148     0.009150     0.009152     0.009154     0.009156     0.009158     0.009160     0.009162     0.009164     0.009166     0.009168     0.009169     0.009170     0.009171     0.009171     0.009171     0.009170     0.009168     0.009166     0.009164     0.009161     0.009158     0.009155     0.009152     0.009149     0.009146     0.009144     0.009141     0.009139     0.009136     0.009134     0.009132     0.009129     0.009127     0.009124     0.009120     0.000000
    0.008959     0.008962     0.008965     0.008967     0.008969     0.008971     0.008973     0.008975     0.008977     0.008978     0.008980     0.008982     0.008984     0.008986     0.008988     0.008990     0.008992     0.008993     0.008993     0.008994     0.008993     0.008992     0.008991     0.008989     0.008987     0.008984     0.008981     0.008978     0.008975     0.008972     0.008969     0.008967     0.008964     0.008962     0.008960     0.008958     0.008955     0.008953     0.008950     0.008947     0.008944     0.000000
    0.008783     0.008786     0.008788     0.008791     0.008793     0.008795     0.008796     0.008798     0.008800     0.008802     0.008804     0.008805     0.008808     0.008810     0.008811     0.008813     0.008815     0.008816     0.008816     0.008817     0.008816     0.008815     0.008814     0.008812     0.008810     0.008807     0.008804     0.008801     0.008798     0.008796     0.008793     0.008790     0.008788     0.008786     0.008783     0.008781     0.008779     0.008777     0.008774     0.008771     0.008768     0.000000
    0.008607     0.008610     0.008612     0.008615     0.008617     0.008618     0.008620     0.008622     0.008624     0.008625     0.008627     0.008629     0.008631     0.008633     0.008635     0.008637     0.008638     0.008639     0.008640     0.008640     0.008640     0.008639     0.008637     0.008636     0.008633     0.008631     0.008628     0.008625     0.008622     0.008620     0.008617     0.008614     0.008612     0.008610     0.008608     0.008606     0.008603     0.008601     0.008599     0.008596     0.008593     0.000000
    0.008431     0.008434     0.008437     0.008439     0.008441     0.008443     0.008444     0.008446     0.008448     0.008449     0.008451     0.008453     0.008455     0.008457     0.008459     0.008461     0.008462     0.008463     0.008464     0.008464     0.008464     0.008463     0.008461     0.008460     0.008457     0.008455     0.008452     0.008449     0.008447     0.008444     0.008441     0.008439     0.008437     0.008434     0.008432     0.008430     0.008428     0.008426     0.008423     0.008421     0.008418     0.000000
    0.008256     0.008259     0.008262     0.008264     0.008266     0.008267     0.008269     0.008271     0.008272     0.008274     0.008276     0.008278     0.008280     0.008282     0.008283     0.008285     0.008286     0.008287     0.008288     0.008288     0.008288     0.008287     0.008286     0.008284     0.008282     0.008280     0.008277     0.008274     0.008271     0.008269     0.008266     0.008264     0.008262     0.008259     0.008257     0.008255     0.008253     0.008251     0.008249     0.008246     0.008243     0.000000
    0.008081     0.008084     0.008087     0.008089     0.008091     0.008093     0.008094     0.008096     0.008097     0.008099     0.008101     0.008103     0.008105     0.008106     0.008108     0.008110     0.008111     0.008112     0.008113     0.008113     0.008113     0.008112     0.008111     0.008109     0.008107     0.008104     0.008102     0.008099     0.008097     0.008094     0.008091     0.008089     0.008087     0.008085     0.008083     0.008081     0.008079     0.008077     0.008074     0.008072     0.008069     0.000000
    0.007907     0.007910     0.007912     0.007915     0.007916     0.007918     0.007920     0.007921     0.007923     0.007924     0.007926     0.007928     0.007930     0.007932     0.007933     0.007935     0.007936     0.007937     0.007938     0.007938     0.007938     0.007937     0.007936     0.007934     0.007932     0.007930     0.007927     0.007925     0.007922     0.007920     0.007917     0.007915     0.007913     0.007911     0.007909     0.007907     0.007905     0.007903     0.007900     0.007898     0.007895     0.000000
    0.007733     0.007736     0.007738     0.007741     0.007742     0.007744     0.007746     0.007747     0.007749     0.007750     0.007752     0.007754     0.007756     0.007757     0.007759     0.007761     0.007762     0.007763     0.007764     0.007764     0.007764     0.007763     0.007762     0.007760     0.007758     0.007756     0.007753     0.007751     0.007748     0.007746     0.007743     0.007741     0.007739     0.007737     0.007735     0.007733     0.007731     0.007729     0.007727     0.007724     0.007721     0.000000
    0.007560     0.007563     0.007565     0.007567     0.007569     0.007570     0.007572     0.007573     0.007575     0.007577     0.007578     0.007580     0.007582     0.007583     0.007585     0.007587     0.007588     0.007589     0.007590     0.007590     0.007590     0.007589     0.007588     0.007586     0.007584     0.007582     0.007579     0.007577     0.007574     0.007572     0.007570     0.007567     0.007565     0.007563     0.007562     0.007560     0.007558     0.007556     0.007554     0.007551     0.007548     0.000000
    0.007387     0.007390     0.007392     0.007394     0.007395     0.007397     0.007399     0.007400     0.007402     0.007403     0.007405     0.007406     0.007408     0.007410     0.007412     0.007413     0.007414     0.007415     0.007416     0.007416     0.007416     0.007415     0.007414     0.007412     0.007411     0.007408     0.007406     0.007404     0.007401     0.007399     0.007396     0.007394     0.007392     0.007390     0.007389     0.007387     0.007385     0.007383     0.007381     0.007378     0.007376     0.000000
    0.007214     0.007217     0.007219     0.007221     0.007223     0.007224     0.007226     0.007227     0.007229     0.007230     0.007232     0.007233     0.007235     0.007237     0.007238     0.007240     0.007241     0.007242     0.007243     0.007243     0.007243     0.007242     0.007241     0.007239     0.007237     0.007235     0.007233     0.007231     0.007228     0.007226     0.007224     0.007222     0.007220     0.007218     0.007216     0.007214     0.007212     0.007210     0.007208     0.007206     0.007203     0.000000
    0.007042     0.007044     0.007047     0.007048     0.007050     0.007052     0.007053     0.007055     0.007056     0.007058     0.007059     0.007061     0.007062     0.007064     0.007066     0.007067     0.007068     0.007069     0.007070     0.007070     0.007070     0.007069     0.007068     0.007067     0.007065     0.007063     0.007060     0.007058     0.007056     0.007053     0.007051     0.007049     0.007047     0.007045     0.007044     0.007042     0.007040     0.007038     0.007036     0.007034     0.007031     0.000000
    0.006870     0.006872     0.006875     0.006876     0.006878     0.006880     0.006881     0.006882     0.006884     0.006885     0.006887     0.006888     0.006890     0.006892     0.006893     0.006895     0.006896     0.006897     0.006897     0.006898     0.006897     0.006897     0.006896     0.006894     0.006892     0.006890     0.006888     0.006886     0.006884     0.006881     0.006879     0.006877     0.006875     0.006874     0.006872     0.006870     0.006868     0.006867     0.006864     0.006862     0.006860     0.000000
    0.006698     0.006701     0.006703     0.006705     0.006706     0.006708     0.006709     0.006711     0.006712     0.006713     0.006715     0.006716     0.006718     0.006720     0.006721     0.006723     0.006724     0.006725     0.006725     0.006726     0.006725     0.006725     0.006724     0.006722     0.006720     0.006718     0.006716     0.006714     0.006712     0.006710     0.006708     0.006706     0.006704     0.006702     0.006700     0.006699     0.006697     0.006695     0.006693     0.006691     0.006688     0.000000
    0.006527     0.006530     0.006532     0.006533     0.006535     0.006536     0.006538     0.006539     0.006540     0.006542     0.006543     0.006545     0.006546     0.006548     0.006550     0.006551     0.006552     0.006553     0.006554     0.006554     0.006554     0.006553     0.006552     0.006551     0.006549     0.006547     0.006545     0.006543     0.006540     0.006538     0.006536     0.006534     0.006532     0.006531     0.006529     0.006528     0.006526     0.006524     0.006522     0.006520     0.006517     0.000000
    0.006356     0.006359     0.006361     0.006362     0.006364     0.006365     0.006367     0.006368     0.006369     0.006371     0.006372     0.006374     0.006375     0.006377     0.006378     0.006380     0.006381     0.006382     0.006382     0.006382     0.006382     0.006382     0.006381     0.006379     0.006378     0.006376     0.006374     0.006371     0.006369     0.006367     0.006365     0.006363     0.006362     0.006360     0.006358     0.006357     0.006355     0.006353     0.006351     0.006349     0.006347     0.000000
    0.006186     0.006188     0.006190     0.006192     0.006193     0.006195     0.006196     0.006197     0.006199     0.006200     0.006201     0.006203     0.006204     0.006206     0.006207     0.006209     0.006210     0.006211     0.006211     0.006211     0.006211     0.006211     0.006210     0.006208     0.006207     0.006205     0.006203     0.006201     0.006199     0.006197     0.006195     0.006193     0.006191     0.006189     0.006188     0.006186     0.006185     0.006183     0.006181     0.006179     0.006176     0.000000
    0.006016     0.006018     0.006020     0.006021     0.006023     0.006024     0.006026     0.006027     0.006028     0.006029     0.006031     0.006032     0.006034     0.006035     0.006037     0.006038     0.006039     0.006040     0.006041     0.006041     0.006041     0.006040     0.006039     0.006038     0.006036     0.006034     0.006032     0.006030     0.006028     0.006026     0.006024     0.006022     0.006021     0.006019     0.006018     0.006016     0.006015     0.006013     0.006011     0.006009     0.006007     0.000000
    0.005846     0.005848     0.005850     0.005851     0.005853     0.005854     0.005855     0.005857     0.005858     0.005859     0.005861     0.005862     0.005864     0.005865     0.005866     0.005868     0.005869     0.005870     0.005870     0.005870     0.005870     0.005870     0.005869     0.005867     0.005866     0.005864     0.005862     0.005860     0.005858     0.005856     0.005854     0.005853     0.005851     0.005849     0.005848     0.005846     0.005845     0.005843     0.005841     0.005839     0.005837     0.000000
    0.005676     0.005678     0.005680     0.005682     0.005683     0.005684     0.005686     0.005687     0.005688     0.005689     0.005691     0.005692     0.005694     0.005695     0.005697     0.005698     0.005699     0.005700     0.005700     0.005700     0.005700     0.005700     0.005699     0.005698     0.005696     0.005694     0.005692     0.005690     0.005688     0.005686     0.005685     0.005683     0.005681     0.005680     0.005678     0.005677     0.005675     0.005674     0.005672     0.005670     0.005668     0.000000
    0.005507     0.005509     0.005511     0.005512     0.005514     0.005515     0.005516     0.005517     0.005519     0.005520     0.005521     0.005523     0.005524     0.005526     0.005527     0.005528     0.005529     0.005530     0.005531     0.005531     0.005531     0.005530     0.005529     0.005528     0.005526     0.005525     0.005523     0.005521     0.005519     0.005517     0.005515     0.005514     0.005512     0.005510     0.005509     0.005508     0.005506     0.005505     0.005503     0.005501     0.005499     0.000000
    0.005338     0.005340     0.005342     0.005343     0.005345     0.005346     0.005347     0.005348     0.005350     0.005351     0.005352     0.005353     0.005355     0.005356     0.005358     0.005359     0.005360     0.005361     0.005361     0.005361     0.005361     0.005361     0.005360     0.005359     0.005357     0.005356     0.005354     0.005352     0.005350     0.005348     0.005346     0.005345     0.005343     0.005342     0.005340     0.005339     0.005337     0.005336     0.005334     0.005332     0.005330     0.000000
    0.005169     0.005171     0.005173     0.005175     0.005176     0.005177     0.005178     0.005180     0.005181     0.005182     0.005183     0.005185     0.005186     0.005187     0.005189     0.005190     0.005191     0.005192     0.005192     0.005192     0.005192     0.005192     0.005191     0.005190     0.005188     0.005187     0.005185     0.005183     0.005181     0.005179     0.005178     0.005176     0.005174     0.005173     0.005172     0.005170     0.005169     0.005167     0.005166     0.005164     0.005162     0.000000
    0.005001     0.005003     0.005005     0.005006     0.005008     0.005009     0.005010     0.005011     0.005012     0.005013     0.005015     0.005016     0.005017     0.005019     0.005020     0.005021     0.005022     0.005023     0.005024     0.005024     0.005024     0.005023     0.005022     0.005021     0.005020     0.005018     0.005016     0.005014     0.005013     0.005011     0.005009     0.005008     0.005006     0.005005     0.005003     0.005002     0.005000     0.004999     0.004997     0.004996     0.004993     0.000000
    0.004833     0.004835     0.004837     0.004838     0.004839     0.004841     0.004842     0.004843     0.004844     0.004845     0.004846     0.004848     0.004849     0.004850     0.004852     0.004853     0.004854     0.004855     0.004855     0.004855     0.004855     0.004855     0.004854     0.004853     0.004851     0.004850     0.004848     0.004846     0.004844     0.004843     0.004841     0.004839     0.004838     0.004837     0.004835     0.004834     0.004833     0.004831     0.004829     0.004828     0.004826     0.000000
    0.004665     0.004667     0.004669     0.004670     0.004672     0.004673     0.004674     0.004675     0.004676     0.004677     0.004678     0.004680     0.004681     0.004682     0.004684     0.004685     0.004686     0.004687     0.004687     0.004687     0.004687     0.004687     0.004686     0.004685     0.004683     0.004682     0.004680     0.004678     0.004677     0.004675     0.004673     0.004672     0.004670     0.004669     0.004667     0.004666     0.004665     0.004663     0.004662     0.004660     0.004658     0.000000
    0.004498     0.004500     0.004501     0.004503     0.004504     0.004505     0.004506     0.004507     0.004508     0.004510     0.004511     0.004512     0.004513     0.004515     0.004516     0.004517     0.004518     0.004519     0.004519     0.004519     0.004519     0.004519     0.004518     0.004517     0.004516     0.004514     0.004512     0.004511     0.004509     0.004507     0.004506     0.004504     0.004503     0.004501     0.004500     0.004499     0.004497     0.004496     0.004495     0.004493     0.004491     0.000000
    0.004331     0.004333     0.004334     0.004335     0.004337     0.004338     0.004339     0.004340     0.004341     0.004342     0.004343     0.004345     0.004346     0.004347     0.004348     0.004350     0.004351     0.004351     0.004352     0.004352     0.004352     0.004351     0.004351     0.004349     0.004348     0.004347     0.004345     0.004343     0.004342     0.004340     0.004338     0.004337     0.004335     0.004334     0.004333     0.004332     0.004330     0.004329     0.004327     0.004326     0.004324     0.000000
    0.004164     0.004166     0.004167     0.004168     0.004170     0.004171     0.004172     0.004173     0.004174     0.004175     0.004176     0.004177     0.004179     0.004180     0.004181     0.004182     0.004183     0.004184     0.004185     0.004185     0.004185     0.004184     0.004183     0.004182     0.004181     0.004180     0.004178     0.004176     0.004175     0.004173     0.004171     0.004170     0.004169     0.004167     0.004166     0.004165     0.004163     0.004162     0.004161     0.004159     0.004157     0.000000
    0.003997     0.003999     0.004000     0.004002     0.004003     0.004004     0.004005     0.004006     0.004007     0.004008     0.004009     0.004011     0.004012     0.004013     0.004014     0.004015     0.004016     0.004017     0.004018     0.004018     0.004018     0.004017     0.004017     0.004015     0.004014     0.004013     0.004011     0.004010     0.004008     0.004006     0.004005     0.004003     0.004002     0.004001     0.003999     0.003998     0.003997     0.003996     0.003994     0.003992     0.003991     0.000000
    0.003831     0.003832     0.003834     0.003835     0.003836     0.003837     0.003838     0.003840     0.003841     0.003842     0.003843     0.003844     0.003845     0.003847     0.003848     0.003849     0.003850     0.003851     0.003851     0.003851     0.003851     0.003851     0.003850     0.003849     0.003848     0.003846     0.003845     0.003843     0.003841     0.003840     0.003838     0.003837     0.003835     0.003834     0.003833     0.003832     0.003831     0.003829     0.003828     0.003826     0.003824     0.000000
    0.003665     0.003666     0.003668     0.003669     0.003670     0.003671     0.003672     0.003673     0.003674     0.003675     0.003677     0.003678     0.003679     0.003680     0.003681     0.003683     0.003683     0.003684     0.003685     0.003685     0.003685     0.003684     0.003684     0.003683     0.003681     0.003680     0.003678     0.003677     0.003675     0.003674     0.003672     0.003671     0.003669     0.003668     0.003667     0.003666     0.003664     0.003663     0.003662     0.003660     0.003658     0.000000
    0.003499     0.003500     0.003502     0.003503     0.003504     0.003505     0.003506     0.003507     0.003508     0.003509     0.003511     0.003512     0.003513     0.003514     0.003515     0.003517     0.003517     0.003518     0.003519     0.003519     0.003519     0.003518     0.003518     0.003517     0.003515     0.003514     0.003512     0.003511     0.003509     0.003508     0.003506     0.003505     0.003503     0.003502     0.003501     0.003500     0.003499     0.003497     0.003496     0.003494     0.003493     0.000000
    0.003333     0.003335     0.003336     0.003337     0.003338     0.003339     0.003340     0.003341     0.003342     0.003344     0.003345     0.003346     0.003347     0.003348     0.003350     0.003351     0.003352     0.003352     0.003353     0.003353     0.003353     0.003353     0.003352     0.003351     0.003350     0.003348     0.003347     0.003345     0.003344     0.003342     0.003340     0.003339     0.003338     0.003336     0.003335     0.003334     0.003333     0.003332     0.003330     0.003329     0.003327     0.000000
    0.003168     0.003169     0.003171     0.003172     0.003173     0.003174     0.003175     0.003176     0.003177     0.003178     0.003179     0.003180     0.003182     0.003183     0.003184     0.003185     0.003186     0.003187     0.003187     0.003188     0.003188     0.003187     0.003186     0.003185     0.003184     0.003183     0.003181     0.003180     0.003178     0.003176     0.003175     0.003174     0.003172     0.003171     0.003170     0.003169     0.003168     0.003166     0.003165     0.003164     0.003162     0.000000
    0.003003     0.003004     0.003005     0.003007     0.003008     0.003009     0.003010     0.003011     0.003012     0.003013     0.003014     0.003015     0.003016     0.003018     0.003019     0.003020     0.003021     0.003022     0.003022     0.003022     0.003022     0.003022     0.003021     0.003020     0.003019     0.003018     0.003016     0.003015     0.003013     0.003011     0.003010     0.003008     0.003007     0.003006     0.003005     0.003004     0.003002     0.003001     0.003000     0.002999     0.002997     0.000000
    0.002838     0.002839     0.002840     0.002842     0.002843     0.002844     0.002845     0.002846     0.002847     0.002848     0.002849     0.002850     0.002851     0.002853     0.002854     0.002855     0.002856     0.002857     0.002857     0.002858     0.002857     0.002857     0.002856     0.002855     0.002854     0.002853     0.002851     0.002850     0.002848     0.002846     0.002845     0.002843     0.002842     0.002841     0.002840     0.002839     0.002838     0.002836     0.002835     0.002834     0.002832     0.000000
    0.002673     0.002674     0.002676     0.002677     0.002678     0.002679     0.002680     0.002681     0.002682     0.002683     0.002684     0.002685     0.002687     0.002688     0.002689     0.002690     0.002691     0.002692     0.002693     0.002693     0.002693     0.002692     0.002692     0.002691     0.002690     0.002688     0.002687     0.002685     0.002683     0.002682     0.002680     0.002679     0.002677     0.002676     0.002675     0.002674     0.002673     0.002672     0.002670     0.002669     0.002667     0.000000
    0.002508     0.002510     0.002511     0.002512     0.002513     0.002514     0.002515     0.002516     0.002517     0.002518     0.002520     0.002521     0.002522     0.002524     0.002525     0.002526     0.002527     0.002528     0.002528     0.002529     0.002529     0.002528     0.002527     0.002526     0.002525     0.002524     0.002522     0.002521     0.002519     0.002517     0.002516     0.002514     0.002513     0.002512     0.002510     0.002509     0.002508     0.002507     0.002506     0.002505     0.002503     0.000000
    0.002344     0.002346     0.002347     0.002348     0.002349     0.002350     0.002351     0.002352     0.002353     0.002354     0.002355     0.002357     0.002358     0.002359     0.002361     0.002362     0.002363     0.002364     0.002364     0.002365     0.002365     0.002364     0.002363     0.002362     0.002361     0.002360     0.002358     0.002356     0.002355     0.002353     0.002351     0.002350     0.002349     0.002347     0.002346     0.002345     0.002344     0.002343     0.002342     0.002340     0.002339     0.000000
    0.002180     0.002181     0.002183     0.002184     0.002185     0.002186     0.002187     0.002188     0.002189     0.002190     0.002191     0.002193     0.002194     0.002195     0.002197     0.002198     0.002199     0.002200     0.002201     0.002201     0.002201     0.002201     0.002200     0.002199     0.002197     0.002196     0.002194     0.002192     0.002191     0.002189     0.002187     0.002186     0.002184     0.002183     0.002182     0.002181     0.002180     0.002179     0.002178     0.002176     0.002175     0.000000
    0.002016     0.002017     0.002019     0.002020     0.002021     0.002022     0.002023     0.002024     0.002025     0.002026     0.002027     0.002029     0.002030     0.002032     0.002033     0.002035     0.002036     0.002037     0.002037     0.002038     0.002038     0.002037     0.002036     0.002035     0.002034     0.002032     0.002031     0.002029     0.002027     0.002025     0.002024     0.002022     0.002021     0.002019     0.002018     0.002017     0.002016     0.002015     0.002014     0.002013     0.002011     0.000000
    0.001852     0.001854     0.001855     0.001856     0.001857     0.001858     0.001859     0.001860     0.001861     0.001862     0.001864     0.001865     0.001867     0.001868     0.001870     0.001871     0.001873     0.001874     0.001874     0.001875     0.001875     0.001874     0.001873     0.001872     0.001871     0.001869     0.001867     0.001865     0.001864     0.001862     0.001860     0.001858     0.001857     0.001856     0.001854     0.001853     0.001852     0.001851     0.001850     0.001849     0.001848     0.000000
    0.001689     0.001690     0.001691     0.001692     0.001693     0.001694     0.001695     0.001696     0.001697     0.001699     0.001700     0.001702     0.001703     0.001705     0.001707     0.001708     0.001710     0.001711     0.001712     0.001712     0.001712     0.001712     0.001711     0.001710     0.001708     0.001706     0.001704     0.001702     0.001700     0.001698     0.001697     0.001695     0.001693     0.001692     0.001691     0.001690     0.001689     0.001688     0.001687     0.001685     0.001684     0.000000
    0.001526     0.001527     0.001528     0.001529     0.001530     0.001531     0.001532     0.001533     0.001534     0.001535     0.001537     0.001539     0.001540     0.001542     0.001544     0.001546     0.001547     0.001549     0.001549     0.001550     0.001550     0.001549     0.001548     0.001547     0.001546     0.001544     0.001542     0.001539     0.001537     0.001535     0.001533     0.001532     0.001530     0.001529     0.001527     0.001526     0.001525     0.001524     0.001523     0.001522     0.001521     0.000000
    0.001362     0.001364     0.001365     0.001366     0.001366     0.001367     0.001368     0.001369     0.001371     0.001372     0.001374     0.001376     0.001378     0.001380     0.001382     0.001384     0.001385     0.001387     0.001388     0.001388     0.001388     0.001388     0.001387     0.001385     0.001383     0.001381     0.001379     0.001377     0.001375     0.001372     0.001370     0.001368     0.001367     0.001365     0.001364     0.001363     0.001362     0.001361     0.001360     0.001359     0.001358     0.000000
    0.001199     0.001200     0.001201     0.001202     0.001203     0.001204     0.001205     0.001206     0.001207     0.001209     0.001211     0.001213     0.001215     0.001217     0.001220     0.001222     0.001224     0.001225     0.001226     0.001227     0.001227     0.001226     0.001225     0.001224     0.001222     0.001220     0.001217     0.001214     0.001212     0.001210     0.001207     0.001205     0.001204     0.001202     0.001201     0.001200     0.001199     0.001198     0.001197     0.001196     0.001195     0.000000
    0.001036     0.001038     0.001039     0.001039     0.001040     0.001041     0.001042     0.001043     0.001044     0.001046     0.001048     0.001050     0.001053     0.001055     0.001058     0.001060     0.001062     0.001064     0.001065     0.001066     0.001066     0.001066     0.001064     0.001063     0.001060     0.001058     0.001055     0.001052     0.001050     0.001047     0.001045     0.001042     0.001041     0.001039     0.001038     0.001037     0.001036     0.001035     0.001034     0.001033     0.001032     0.000000
    0.000874     0.000875     0.000876     0.000877     0.000877     0.000878     0.000879     0.000880     0.000881     0.000883     0.000886     0.000888     0.000891     0.000894     0.000897     0.000899     0.000902     0.000904     0.000905     0.000906     0.000906     0.000905     0.000904     0.000902     0.000900     0.000897     0.000894     0.000891     0.000887     0.000885     0.000882     0.000880     0.000878     0.000876     0.000875     0.000874     0.000873     0.000873     0.000872     0.000871     0.000870     0.000000
    0.000711     0.000712     0.000713     0.000714     0.000714     0.000715     0.000716     0.000717     0.000718     0.000721     0.000723     0.000726     0.000729     0.000732     0.000736     0.000739     0.000742     0.000744     0.000745     0.000746     0.000747     0.000746     0.000744     0.000742     0.000739     0.000736     0.000733     0.000729     0.000726     0.000722     0.000719     0.000717     0.000715     0.000713     0.000712     0.000711     0.000710     0.000710     0.000709     0.000708     0.000707     0.000000
    0.000549     0.000550     0.000551     0.000551     0.000551     0.000552     0.000553     0.000554     0.000555     0.000558     0.000561     0.000564     0.000567     0.000571     0.000575     0.000579     0.000582     0.000585     0.000587     0.000588     0.000588     0.000587     0.000585     0.000583     0.000580     0.000576     0.000572     0.000568     0.000564     0.000560     0.000557     0.000554     0.000552     0.000550     0.000549     0.000548     0.000548     0.000547     0.000547     0.000546     0.000545     0.000000
    0.000388     0.000388     0.000388     0.000388     0.000388     0.000389     0.000389     0.000390     0.000392     0.000395     0.000398     0.000402     0.000406     0.000411     0.000415     0.000419     0.000423     0.000426     0.000429     0.000430     0.000430     0.000429     0.000427     0.000424     0.000421     0.000416     0.000412     0.000407     0.000402     0.000398     0.000394     0.000391     0.000388     0.000386     0.000385     0.000385     0.000385     0.000385     0.000385     0.000384     0.000384     0.000000
    0.000229     0.000226     0.000225     0.000225     0.000225     0.000225     0.000226     0.000227     0.000229     0.000232     0.000236     0.000240     0.000245     0.000250     0.000255     0.000261     0.000265     0.000269     0.000272     0.000273     0.000274     0.000273     0.000270     0.000267     0.000263     0.000257     0.000252     0.000246     0.000241     0.000236     0.000231     0.000228     0.000225     0.000223     0.000222     0.000221     0.000221     0.000221     0.000222     0.000223     0.000225     0.000000
    0.000061     0.000063     0.000063     0.000062     0.000062     0.000061     0.000062     0.000063     0.000065     0.000068     0.000073     0.000078     0.000084     0.000091     0.000098     0.000104     0.000110     0.000115     0.000119     0.000121     0.000121     0.000120     0.000117     0.000113     0.000107     0.000100     0.000093     0.000086     0.000079     0.000073     0.000068     0.000064     0.000061     0.000059     0.000058     0.000058     0.000058     0.000059     0.000060     0.000061     0.000059     0.000000
    0.000000     0.000000     0.000000     0.000000     0.000000     0.000000     0.000000     0.000000     0.000000     0.000000     0.000000     0.000000     0.000000     0.000000     0.000000     0.000000     0.000000     0.000000     0.000000     0.000000     0.000000     0.000000     0.000000     0.000000     0.000000     0.000000     0.000000     0.000000     0.000000     0.000000     0.000000     0.000000     0.000000     0.000000     0.000000     0.000000     0.000000     0.000000     0.000000     0.000000     0.000000     0.000000
