    0.055585     0.055571     0.055580     0.055661     0.055853     0.056187     0.056690     0.057383     0.058281     0.059394     0.060722     0.062253     0.063968     0.065834     0.067803     0.069820     0.071818     0.073724     0.075466     0.076975     0.078195     0.079085     0.079626     0.079820     0.079690     0.079277     0.078634     0.077825     0.076912     0.075957     0.075013     0.074128     0.073335     0.072660     0.072116     0.071707     0.071426     0.071260     0.071187     0.071176     0.071186     0.000000
    0.055496     0.055464     0.055471     0.055553     0.055745     0.056077     0.056576     0.057266     0.058162     0.059274     0.060602     0.062138     0.063862     0.065742     0.067731     0.069772     0.071798     0.073733     0.075503     0.077036     0.078272     0.079170     0.079708     0.079890     0.079741     0.079303     0.078635     0.077799     0.076862     0.075886     0.074926     0.074028     0.073228     0.072549     0.072003     0.071593     0.071312     0.071146     0.071073     0.071064     0.071092     0.000000
    0.055394     0.055338     0.055334     0.055410     0.055596     0.055923     0.056418     0.057103     0.057998     0.059112     0.060450     0.062005     0.063759     0.065682     0.067728     0.069838     0.071941     0.073958     0.075804     0.077401     0.078683     0.079601     0.080135     0.080287     0.080087     0.079585     0.078845     0.077937     0.076933     0.075898     0.074889     0.073954     0.073126     0.072427     0.071869     0.071452     0.071169     0.071003     0.070934     0.070936     0.070985     0.000000
    0.055262     0.055180     0.055161     0.055226     0.055404     0.055723     0.056209     0.056888     0.057780     0.058899     0.060253     0.061840     0.063644     0.065639     0.067780     0.070006     0.072241     0.074394     0.076371     0.078079     0.079439     0.080394     0.080919     0.081021     0.080736     0.080126     0.079265     0.078237     0.077119     0.075986     0.074896     0.073896     0.073020     0.072289     0.071709     0.071280     0.070992     0.070827     0.070763     0.070778     0.070850     0.000000
    0.055086     0.054980     0.054943     0.054995     0.055160     0.055467     0.055941     0.056611     0.057497     0.058621     0.059995     0.061621     0.063494     0.065589     0.067864     0.070257     0.072683     0.075039     0.077211     0.079085     0.080563     0.081574     0.082087     0.082113     0.081700     0.080929     0.079892     0.078688     0.077410     0.076136     0.074932     0.073843     0.072902     0.072124     0.071515     0.071069     0.070773     0.070608     0.070552     0.070581     0.070677     0.000000
    0.054856     0.054725     0.054669     0.054706     0.054857     0.055146     0.055604     0.056256     0.057132     0.058256     0.059647     0.061319     0.063273     0.065493     0.067942     0.070557     0.073243     0.075881     0.078329     0.080441     0.082090     0.083180     0.083674     0.083590     0.082996     0.081999     0.080719     0.079278     0.077785     0.076329     0.074977     0.073776     0.072753     0.071920     0.071275     0.070809     0.070504     0.070339     0.070290     0.070334     0.070454     0.000000
    0.054560     0.054404     0.054331     0.054351     0.054483     0.054750     0.055182     0.055809     0.056663     0.057775     0.059176     0.060890     0.062930     0.065295     0.067956     0.070853     0.073883     0.076900     0.079728     0.082174     0.084062     0.085265     0.085729     0.085488     0.084642     0.083337     0.081733     0.079983     0.078216     0.076532     0.075002     0.073668     0.072552     0.071656     0.070974     0.070487     0.070173     0.070007     0.069966     0.070026     0.070171     0.000000
    0.054188     0.054010     0.053918     0.053919     0.054027     0.054265     0.054661     0.055248     0.056063     0.057145     0.058537     0.060276     0.062397     0.064915     0.067821     0.071064     0.074532     0.078054     0.081401     0.084312     0.086539     0.087896     0.088314     0.087848     0.086651     0.084931     0.082902     0.080759     0.078655     0.076701     0.074966     0.073485     0.072269     0.071310     0.070591     0.070085     0.069765     0.069601     0.069568     0.069644     0.069815     0.000000
    0.053730     0.053531     0.053421     0.053400     0.053479     0.053678     0.054024     0.054552     0.055303     0.056326     0.057674     0.059406     0.061579     0.064241     0.067410     0.071058     0.075077     0.079261     0.083314     0.086877     0.089588     0.091163     0.091504     0.090711     0.089024     0.086745     0.084167     0.081536     0.079031     0.076769     0.074810     0.073178     0.071865     0.070851     0.070103     0.069586     0.069265     0.069106     0.069083     0.069176     0.069374     0.000000
    0.053178     0.052959     0.052830     0.052785     0.052829     0.052976     0.053254     0.053697     0.054350     0.055270     0.056523     0.058189     0.060357     0.063116     0.066535     0.070632     0.075321     0.080367     0.085380     0.089867     0.093289     0.095170     0.095378     0.094100     0.091724     0.088697     0.085421     0.082200     0.079236     0.076641     0.074457     0.072684     0.071293     0.070241     0.069481     0.068966     0.068653     0.068506     0.068497     0.068608     0.068834     0.000000
    0.052524     0.052288     0.052140     0.052066     0.052065     0.052148     0.052335     0.052662     0.053174     0.053932     0.055014     0.056522     0.058578     0.061329     0.064921     0.069463     0.074937     0.081088     0.087393     0.093202     0.097716     0.100031     0.099999     0.097986     0.094638     0.090621     0.086477     0.082571     0.079112     0.076187     0.073805     0.071927     0.070493     0.069437     0.068693     0.068201     0.067912     0.067785     0.067794     0.067924     0.068178     0.000000
    0.051762     0.051512     0.051345     0.051238     0.051183     0.051184     0.051256     0.051430     0.051747     0.052269     0.053078     0.054290     0.056063     0.058606     0.062176     0.067045     0.073368     0.080918     0.088910     0.096583     0.102906     0.105823     0.105350     0.102211     0.097496     0.092201     0.087025     0.082376     0.078436     0.075236     0.072724     0.070812     0.069400     0.068391     0.067703     0.067264     0.067019     0.066925     0.066959     0.067111     0.067391     0.000000
    0.050888     0.050629     0.050442     0.050298     0.050179     0.050081     0.050012     0.049992     0.050055     0.050252     0.050660     0.051394     0.052628     0.054619     0.057751     0.062564     0.069647     0.079002     0.089025     0.099094     0.108776     0.112423     0.111162     0.106309     0.099725     0.092865     0.086567     0.081216     0.076907     0.073570     0.071065     0.069236     0.067940     0.067054     0.066476     0.066129     0.065954     0.065911     0.065978     0.066154     0.066460     0.000000
    0.049904     0.049639     0.049433     0.049247     0.049055     0.048842     0.048606     0.048352     0.048098     0.047876     0.047738     0.047773     0.048124     0.049042     0.050969     0.054754     0.062014     0.074218     0.086412     0.098439     0.115359     0.119163     0.116607     0.109194     0.100208     0.091653     0.084348     0.078542     0.074147     0.070938     0.068662     0.067093     0.066047     0.065379     0.064982     0.064775     0.064702     0.064727     0.064838     0.065042     0.065370     0.000000
    0.048814     0.048547     0.048323     0.048093     0.047820     0.047479     0.047053     0.046531     0.045906     0.045179     0.044359     0.043474     0.042575     0.041742     0.041098     0.041155     0.045701     0.065789     0.081252     0.093186     0.125865     0.125255     0.120862     0.109141     0.097192     0.087170     0.079345     0.073662     0.069721     0.067079     0.065364     0.064295     0.063667     0.063336     0.063199     0.063186     0.063250     0.063366     0.063531     0.063765     0.064111     0.000000
    0.047625     0.047363     0.047123     0.046847     0.046489     0.046011     0.045381     0.044567     0.043534     0.042237     0.040626     0.038627     0.036119     0.032860     0.028372     0.021915     0.023112     0.067456     0.000000     0.000000     0.000000     0.000000     0.123795     0.109546     0.088975     0.078138     0.070500     0.065879     0.063234     0.061790     0.061073     0.060797     0.060782     0.060915     0.061123     0.061358     0.061595     0.061824     0.062054     0.062320     0.062680     0.000000
    0.046352     0.046101     0.045847     0.045526     0.045083     0.044467     0.043631     0.042519     0.041063     0.039173     0.036725     0.033557     0.029476     0.024354     0.018220     0.011065     0.000000     0.000000     0.000000     0.000000     0.000000     0.000000     0.000000     0.000000     0.078992     0.064060     0.057073     0.054793     0.054526     0.055035     0.055806     0.056630     0.057421     0.058141     0.058771     0.059306     0.059746     0.060106     0.060411     0.060711     0.061078     0.000000
    0.045011     0.044777     0.044514     0.044153     0.043629     0.042883     0.041850     0.040456     0.038597     0.036138     0.032887     0.028610     0.023133     0.016847     0.012276     0.009292     0.000000     0.000000     0.000000     0.000000     0.000000     0.000000     0.000000     0.000000     0.053496     0.041860     0.039439     0.041029     0.044045     0.047117     0.049769     0.051938     0.053683     0.055080     0.056189     0.057058     0.057725     0.058228     0.058614     0.058948     0.059315     0.000000
    0.043625     0.043413     0.043146     0.042751     0.042158     0.041297     0.040094     0.038454     0.036251     0.033306     0.029371     0.024110     0.017174     0.008608     0.001491     0.000000     0.000000     0.000000     0.000000     0.000000     0.000000     0.000000     0.000000     0.000000     0.000000     0.022754     0.022545     0.027281     0.033245     0.038826     0.043410     0.046987     0.049734     0.051839     0.053447     0.054663     0.055565     0.056218     0.056686     0.057049     0.057409     0.000000
    0.042215     0.042030     0.041766     0.041347     0.040700     0.039750     0.038415     0.036590     0.034133     0.030849     0.026467     0.020633     0.012914     0.002559    -0.011087     0.000000     0.000000     0.000000     0.000000     0.000000     0.000000     0.000000     0.000000     0.000000     0.000000     0.009745     0.010249     0.015907     0.023777     0.031209     0.037352     0.042144     0.045796     0.048559     0.050637     0.052185     0.053312     0.054108     0.054654     0.055043     0.055385     0.000000
    0.040807     0.040653     0.040398     0.039968     0.039286     0.038278     0.036858     0.034922     0.032329     0.028898     0.024408     0.018671     0.011802     0.004965    -0.000034     0.000000     0.000000     0.000000     0.000000     0.000000     0.000000     0.000000     0.000000     0.000000     0.000000    -0.011503    -0.001073     0.008046     0.016954     0.025193     0.032185     0.037776     0.042099     0.045388     0.047861     0.049694     0.051020     0.051942     0.052555     0.052961     0.053276     0.000000
    0.039423     0.039304     0.039065     0.038635     0.037941     0.036908     0.035455     0.033486     0.030877     0.027479     0.023131     0.017731     0.011374     0.004587    -0.001507     0.000000     0.000000     0.000000     0.000000     0.000000     0.000000     0.000000     0.000000     0.000000     0.000000    -0.006178    -0.000421     0.006242     0.013725     0.021349     0.028307     0.034158     0.038833     0.042457     0.045212     0.047261     0.048742     0.049764     0.050427     0.050840     0.051120     0.000000
    0.038086     0.038002     0.037786     0.037370     0.036683     0.035658     0.034222     0.032293     0.029774     0.026563     0.022575     0.017788     0.012263     0.005872    -0.003022    -0.012071     0.000000     0.000000     0.000000     0.000000     0.000000     0.000000     0.000000     0.000000     0.000313     0.000695     0.003391     0.007545     0.013076     0.019421     0.025737     0.031390     0.036102     0.039860     0.042764     0.044947     0.046530     0.047618     0.048312     0.048719     0.048958     0.000000
    0.036813     0.036766     0.036577     0.036185     0.035526     0.034538     0.033161     0.031330     0.028983     0.026070     0.022596     0.018689     0.014682     0.011157     0.009158     0.001270     0.000000     0.000000     0.000000     0.000000     0.000000     0.000000     0.000000     0.000000     0.006236     0.006070     0.007295     0.009832     0.013773     0.018806     0.024241     0.029414     0.033926     0.037637     0.040568     0.042799     0.044426     0.045544     0.046246     0.046635     0.046827     0.000000
    0.035621     0.035608     0.035450     0.035092     0.034476     0.033548     0.032260     0.030568     0.028438     0.025866     0.022922     0.019817     0.016972     0.015053     0.015078     0.019127     0.014306     0.006357     0.000000     0.000000     0.000000     0.000000     0.014838     0.012178     0.010275     0.009902     0.010506     0.012146     0.015004     0.018957     0.023516     0.028094     0.032257     0.035791     0.038642     0.040845     0.042464     0.043576     0.044263     0.044623     0.044764     0.000000
    0.034518     0.034538     0.034414     0.034096     0.033533     0.032681     0.031503     0.029970     0.028071     0.025829     0.023342     0.020816     0.018586     0.017038     0.016433     0.016509     0.014417     0.011161     0.011671     0.013194     0.015613     0.016012     0.015131     0.013849     0.012879     0.012609     0.013005     0.014189     0.016359     0.019503     0.023299     0.027275     0.031021     0.034292     0.036987     0.039099     0.040664     0.041737     0.042391     0.042712     0.042801     0.000000
    0.033513     0.033563     0.033472     0.033198     0.032696     0.031929     0.030871     0.029504     0.027830     0.025887     0.023769     0.021649     0.019757     0.018300     0.017325     0.016591     0.015406     0.014205     0.014252     0.014887     0.015955     0.016206     0.015842     0.015221     0.014737     0.014633     0.014991     0.015948     0.017684     0.020237     0.023404     0.026822     0.030136     0.033100     0.035589     0.037564     0.039037     0.040046     0.040649     0.040925     0.040962     0.000000
    0.032608     0.032684     0.032626     0.032396     0.031959     0.031282     0.030346     0.029143     0.027681     0.026002     0.024188     0.022376     0.020725     0.019366     0.018326     0.017516     0.016757     0.016161     0.016049     0.016329     0.016780     0.016961     0.016820     0.016522     0.016295     0.016311     0.016670     0.017497     0.018941     0.021055     0.023709     0.026632     0.029528     0.032169     0.034422     0.036230     0.037585     0.038510     0.039051     0.039277     0.039265     0.000000
    0.031803     0.031901     0.031873     0.031689     0.031316     0.030730     0.029915     0.028868     0.027603     0.026158     0.024605     0.023049     0.021612     0.020389     0.019419     0.018687     0.018130     0.017749     0.017617     0.017720     0.017928     0.018039     0.017986     0.017842     0.017747     0.017827     0.018179     0.018910     0.020135     0.021907     0.024139     0.026628     0.029135     0.031456     0.033462     0.035085     0.036305     0.037132     0.037604     0.037777     0.037721     0.000000
    0.031095     0.031211     0.031211     0.031070     0.030760     0.030262     0.029563     0.028665     0.027581     0.026348     0.025025     0.023697     0.022461     0.021395     0.020543     0.019913     0.019474     0.019195     0.019078     0.019110     0.019215     0.019283     0.019263     0.019190     0.019158     0.019263     0.019592     0.020233     0.021278     0.022769     0.024647     0.026757     0.028906     0.030921     0.032679     0.034110     0.035187     0.035910     0.036308     0.036429     0.036334     0.000000
    0.030480     0.030610     0.030635     0.030534     0.030284     0.029869     0.029281     0.028521     0.027605     0.026563     0.025448     0.024330     0.023284     0.022379     0.021657     0.021130     0.020777     0.020566     0.020476     0.020488     0.020549     0.020594     0.020585     0.020545     0.020539     0.020644     0.020936     0.021489     0.022375     0.023626     0.025200     0.026978     0.028803     0.030530     0.032048     0.033288     0.034219     0.034835     0.035159     0.035232     0.035103     0.000000
    0.029951     0.030091     0.030138     0.030074     0.029880     0.029543     0.029058     0.028427     0.027664     0.026798     0.025873     0.024945     0.024079     0.023330     0.022736     0.022308     0.022031     0.021876     0.021817     0.021829     0.021875     0.021908     0.021904     0.021878     0.021879     0.021970     0.022218     0.022684     0.023425     0.024466     0.025775     0.027259     0.028793     0.030253     0.031544     0.032600     0.033387     0.033900     0.034152     0.034179     0.034024     0.000000
    0.029501     0.029648     0.029713     0.029682     0.029539     0.029275     0.028885     0.028373     0.027751     0.027045     0.026292     0.025540     0.024840     0.024238     0.023765     0.023431     0.023225     0.023120     0.023092     0.023115     0.023157     0.023185     0.023183     0.023161     0.023160     0.023232     0.023431     0.023813     0.024422     0.025277     0.026353     0.027577     0.028849     0.030067     0.031145     0.032027     0.032678     0.033091     0.033276     0.033263     0.033087     0.000000
    0.029123     0.029275     0.029354     0.029352     0.029256     0.029057     0.028754     0.028350     0.027857     0.027296     0.026700     0.026107     0.025559     0.025093     0.024734     0.024488     0.024346     0.024288     0.024289     0.024326     0.024371     0.024398     0.024396     0.024376     0.024368     0.024416     0.024569     0.024871     0.025359     0.026048     0.026919     0.027913     0.028951     0.029948     0.030832     0.031552     0.032077     0.032397     0.032521     0.032473     0.032281     0.000000
    0.028810     0.028963     0.029054     0.029077     0.029021     0.028882     0.028658     0.028351     0.027974     0.027545     0.027090     0.026641     0.026231     0.025888     0.025633     0.025469     0.025388     0.025372     0.025401     0.025451     0.025500     0.025529     0.025528     0.025506     0.025489     0.025515     0.025623     0.025851     0.026230     0.026771     0.027460     0.028251     0.029081     0.029880     0.030588     0.031160     0.031569     0.031805     0.031875     0.031798     0.031596     0.000000
    0.028553     0.028705     0.028806     0.028849     0.028829     0.028743     0.028589     0.028370     0.028098     0.027786     0.027457     0.027136     0.026850     0.026619     0.026457     0.026367     0.026342     0.026365     0.026418     0.026482     0.026537     0.026567     0.026566     0.026542     0.026517     0.026520     0.026586     0.026747     0.027027     0.027437     0.027966     0.028579     0.029225     0.029848     0.030398     0.030837     0.031142     0.031303     0.031326     0.031225     0.031018     0.000000
    0.028345     0.028495     0.028602     0.028663     0.028674     0.028633     0.028541     0.028401     0.028221     0.028014     0.027797     0.027590     0.027412     0.027280     0.027203     0.027180     0.027204     0.027262     0.027337     0.027413     0.027474     0.027506     0.027506     0.027479     0.027444     0.027427     0.027455     0.027555     0.027747     0.028042     0.028431     0.028888     0.029372     0.029840     0.030250     0.030571     0.030783     0.030879     0.030863     0.030743     0.030534     0.000000
    0.028181     0.028327     0.028438     0.028512     0.028549     0.028548     0.028510     0.028438     0.028340     0.028224     0.028105     0.027998     0.027917     0.027872     0.027868     0.027904     0.027973     0.028061     0.028156     0.028243     0.028309     0.028343     0.028343     0.028314     0.028270     0.028234     0.028227     0.028273     0.028389     0.028582     0.028849     0.029170     0.029513     0.029845     0.030133     0.030351     0.030483     0.030523     0.030473     0.030340     0.030133     0.000000
    0.028052     0.028193     0.028306     0.028391     0.028450     0.028483     0.028491     0.028479     0.028450     0.028414     0.028381     0.028360     0.028362     0.028393     0.028454     0.028541     0.028648     0.028763     0.028875     0.028972     0.029042     0.029078     0.029078     0.029046     0.028995     0.028941     0.028904     0.028902     0.028950     0.029056     0.029217     0.029420     0.029642     0.029856     0.030038     0.030167     0.030231     0.030224     0.030147     0.030005     0.029802     0.000000
    0.027954     0.028089     0.028202     0.028296     0.028372     0.028432     0.028480     0.028518     0.028550     0.028583     0.028622     0.028676     0.028749     0.028844     0.028961     0.029092     0.029232     0.029371     0.029497     0.029602     0.029676     0.029713     0.029713     0.029678     0.029620     0.029551     0.029487     0.029443     0.029433     0.029464     0.029534     0.029636     0.029754     0.029868     0.029959     0.030012     0.030019     0.029973     0.029875     0.029727     0.029530     0.000000
    0.027881     0.028009     0.028121     0.028220     0.028310     0.028394     0.028474     0.028554     0.028637     0.028727     0.028829     0.028945     0.029079     0.029229     0.029391     0.029561     0.029728     0.029886     0.030024     0.030136     0.030213     0.030252     0.030251     0.030214     0.030149     0.030066     0.029979     0.029900     0.029840     0.029806     0.029800     0.029817     0.029846     0.029875     0.029890     0.029880     0.029839     0.029762     0.029649     0.029498     0.029309     0.000000
    0.027829     0.027949     0.028059     0.028161     0.028261     0.028363     0.028470     0.028585     0.028710     0.028848     0.029001     0.029170     0.029353     0.029548     0.029750     0.029950     0.030141     0.030314     0.030462     0.030579     0.030659     0.030698     0.030697     0.030658     0.030587     0.030493     0.030386     0.030277     0.030175     0.030086     0.030016     0.029961     0.029917     0.029875     0.029827     0.029765     0.029686     0.029585     0.029460     0.029309     0.029129     0.000000
    0.027792     0.027905     0.028011     0.028115     0.028223     0.028338     0.028466     0.028609     0.028769     0.028946     0.029141     0.029352     0.029576     0.029808     0.030040     0.030265     0.030475     0.030660     0.030816     0.030937     0.031019     0.031059     0.031057     0.031016     0.030940     0.030836     0.030713     0.030578     0.030441     0.030308     0.030184     0.030070     0.029965     0.029865     0.029766     0.029663     0.029553     0.029434     0.029301     0.029153     0.028983     0.000000
    0.027767     0.027872     0.027975     0.028079     0.028191     0.028317     0.028461     0.028626     0.028812     0.029020     0.029248     0.029493     0.029749     0.030010     0.030267     0.030512     0.030735     0.030931     0.031092     0.031216     0.031299     0.031339     0.031336     0.031293     0.031214     0.031102     0.030965     0.030810     0.030644     0.030474     0.030307     0.030145     0.029991     0.029845     0.029705     0.029569     0.029437     0.029304     0.029168     0.029022     0.028863     0.000000
    0.027750     0.027849     0.027946     0.028049     0.028164     0.028297     0.028453     0.028634     0.028841     0.029073     0.029326     0.029597     0.029878     0.030161     0.030436     0.030695     0.030929     0.031131     0.031296     0.031422     0.031505     0.031545     0.031542     0.031498     0.031415     0.031297     0.031149     0.030977     0.030788     0.030589     0.030388     0.030189     0.029996     0.029814     0.029642     0.029482     0.029332     0.029191     0.029053     0.028913     0.028763     0.000000
    0.027740     0.027831     0.027923     0.028024     0.028140     0.028277     0.028441     0.028633     0.028855     0.029104     0.029376     0.029666     0.029965     0.030263     0.030552     0.030821     0.031062     0.031268     0.031436     0.031562     0.031645     0.031684     0.031681     0.031635     0.031550     0.031427     0.031271     0.031086     0.030880     0.030659     0.030430     0.030202     0.029981     0.029771     0.029576     0.029398     0.029237     0.029091     0.028953     0.028819     0.028680     0.000000
    0.027733     0.027816     0.027904     0.028001     0.028117     0.028256     0.028424     0.028624     0.028855     0.029115     0.029400     0.029703     0.030014     0.030323     0.030620     0.030895     0.031140     0.031348     0.031516     0.031642     0.031724     0.031763     0.031759     0.031713     0.031625     0.031499     0.031337     0.031143     0.030924     0.030686     0.030438     0.030189     0.029946     0.029717     0.029505     0.029315     0.029148     0.028999     0.028864     0.028736     0.028607     0.000000
    0.027727     0.027803     0.027885     0.027979     0.028093     0.028232     0.028401     0.028605     0.028842     0.029109     0.029401     0.029711     0.030029     0.030344     0.030645     0.030923     0.031168     0.031377     0.031544     0.031669     0.031750     0.031788     0.031783     0.031736     0.031648     0.031520     0.031354     0.031154     0.030926     0.030676     0.030415     0.030151     0.029894     0.029651     0.029430     0.029233     0.029062     0.028914     0.028782     0.028661     0.028542     0.000000
    0.027720     0.027789     0.027866     0.027956     0.028067     0.028204     0.028373     0.028577     0.028816     0.029085     0.029381     0.029693     0.030013     0.030330     0.030632     0.030909     0.031154     0.031361     0.031526     0.031649     0.031728     0.031765     0.031760     0.031713     0.031624     0.031495     0.031327     0.031123     0.030890     0.030634     0.030364     0.030092     0.029826     0.029576     0.029349     0.029149     0.028978     0.028832     0.028705     0.028591     0.028481     0.000000
    0.027710     0.027774     0.027845     0.027931     0.028038     0.028172     0.028339     0.028541     0.028778     0.029047     0.029341     0.029652     0.029971     0.030286     0.030585     0.030859     0.031101     0.031305     0.031467     0.031587     0.031665     0.031701     0.031695     0.031647     0.031559     0.031430     0.031261     0.031057     0.030821     0.030562     0.030289     0.030013     0.029743     0.029491     0.029262     0.029063     0.028894     0.028751     0.028630     0.028523     0.028422     0.000000
    0.027697     0.027755     0.027821     0.027902     0.028005     0.028135     0.028297     0.028496     0.028729     0.028993     0.029284     0.029591     0.029905     0.030215     0.030509     0.030778     0.031015     0.031214     0.031373     0.031490     0.031566     0.031600     0.031593     0.031546     0.031458     0.031330     0.031163     0.030959     0.030725     0.030466     0.030193     0.029917     0.029648     0.029396     0.029170     0.028974     0.028808     0.028671     0.028556     0.028455     0.028362     0.000000
    0.027679     0.027731     0.027793     0.027869     0.027967     0.028092     0.028249     0.028442     0.028669     0.028928     0.029211     0.029512     0.029818     0.030121     0.030408     0.030670     0.030901     0.031095     0.031249     0.031362     0.031435     0.031468     0.031461     0.031414     0.031327     0.031201     0.031036     0.030835     0.030603     0.030348     0.030078     0.029805     0.029540     0.029293     0.029071     0.028880     0.028720     0.028589     0.028479     0.028386     0.028301     0.000000
    0.027656     0.027703     0.027759     0.027831     0.027924     0.028043     0.028195     0.028380     0.028600     0.028850     0.029125     0.029416     0.029713     0.030007     0.030285     0.030539     0.030762     0.030950     0.031098     0.031208     0.031278     0.031309     0.031302     0.031256     0.031171     0.031047     0.030886     0.030689     0.030462     0.030211     0.029947     0.029681     0.029422     0.029182     0.028967     0.028782     0.028629     0.028504     0.028401     0.028313     0.028236     0.000000
    0.027626     0.027668     0.027720     0.027787     0.027875     0.027988     0.028133     0.028311     0.028521     0.028762     0.029026     0.029307     0.029593     0.029875     0.030143     0.030388     0.030603     0.030783     0.030926     0.031032     0.031099     0.031129     0.031121     0.031076     0.030993     0.030872     0.030715     0.030523     0.030302     0.030059     0.029803     0.029545     0.029295     0.029063     0.028856     0.028680     0.028534     0.028415     0.028318     0.028237     0.028166     0.000000
    0.027589     0.027627     0.027675     0.027737     0.027819     0.027927     0.028064     0.028233     0.028434     0.028664     0.028917     0.029185     0.029459     0.029729     0.029986     0.030221     0.030427     0.030599     0.030736     0.030837     0.030901     0.030929     0.030921     0.030877     0.030796     0.030679     0.030527     0.030342     0.030128     0.029894     0.029647     0.029399     0.029159     0.028937     0.028740     0.028572     0.028433     0.028321     0.028231     0.028156     0.028091     0.000000
    0.027545     0.027579     0.027622     0.027680     0.027758     0.027859     0.027989     0.028149     0.028339     0.028557     0.028798     0.029053     0.029314     0.029571     0.029816     0.030039     0.030236     0.030401     0.030532     0.030628     0.030689     0.030715     0.030707     0.030664     0.030586     0.030473     0.030326     0.030148     0.029943     0.029718     0.029482     0.029244     0.029016     0.028805     0.028618     0.028459     0.028328     0.028223     0.028138     0.028069     0.028009     0.000000
    0.027494     0.027523     0.027563     0.027617     0.027689     0.027784     0.027906     0.028057     0.028237     0.028443     0.028670     0.028911     0.029159     0.029403     0.029635     0.029847     0.030034     0.030190     0.030315     0.030406     0.030464     0.030489     0.030480     0.030438     0.030363     0.030254     0.030113     0.029943     0.029747     0.029533     0.029308     0.029083     0.028866     0.028666     0.028490     0.028341     0.028218     0.028119     0.028040     0.027976     0.027921     0.000000
    0.027434     0.027460     0.027497     0.027546     0.027614     0.027703     0.027817     0.027958     0.028127     0.028321     0.028535     0.028762     0.028995     0.029226     0.029445     0.029646     0.029822     0.029971     0.030089     0.030175     0.030230     0.030253     0.030244     0.030204     0.030131     0.030027     0.029892     0.029730     0.029543     0.029340     0.029127     0.028914     0.028710     0.028522     0.028357     0.028217     0.028102     0.028010     0.027936     0.027877     0.027827     0.000000
    0.027367     0.027390     0.027423     0.027469     0.027531     0.027614     0.027721     0.027853     0.028011     0.028192     0.028392     0.028606     0.028825     0.029041     0.029248     0.029437     0.029603     0.029744     0.029855     0.029937     0.029988     0.030010     0.030001     0.029962     0.029892     0.029793     0.029665     0.029510     0.029334     0.029141     0.028941     0.028741     0.028549     0.028373     0.028218     0.028088     0.027980     0.027895     0.027826     0.027771     0.027725     0.000000
    0.027292     0.027312     0.027342     0.027384     0.027442     0.027519     0.027618     0.027741     0.027888     0.028057     0.028244     0.028444     0.028649     0.028851     0.029045     0.029223     0.029379     0.029511     0.029616     0.029693     0.029741     0.029761     0.029752     0.029714     0.029648     0.029553     0.029432     0.029286     0.029119     0.028938     0.028750     0.028562     0.028383     0.028219     0.028075     0.027953     0.027853     0.027773     0.027710     0.027659     0.027617     0.000000
    0.027208     0.027227     0.027254     0.027293     0.027346     0.027417     0.027509     0.027623     0.027760     0.027917     0.028091     0.028276     0.028467     0.028657     0.028838     0.029004     0.029151     0.029274     0.029373     0.029445     0.029490     0.029509     0.029500     0.029463     0.029400     0.029310     0.029195     0.029057     0.028901     0.028731     0.028555     0.028379     0.028212     0.028060     0.027926     0.027813     0.027720     0.027646     0.027587     0.027540     0.027501     0.000000
    0.027118     0.027134     0.027158     0.027194     0.027243     0.027309     0.027394     0.027499     0.027626     0.027771     0.027932     0.028105     0.028282     0.028458     0.028627     0.028782     0.028919     0.029035     0.029127     0.029195     0.029237     0.029254     0.029245     0.029210     0.029150     0.029065     0.028956     0.028826     0.028679     0.028520     0.028356     0.028193     0.028038     0.027897     0.027773     0.027668     0.027582     0.027513     0.027459     0.027415     0.027379     0.000000
    0.027019     0.027033     0.027056     0.027088     0.027134     0.027194     0.027273     0.027370     0.027486     0.027620     0.027770     0.027929     0.028093     0.028257     0.028413     0.028558     0.028685     0.028794     0.028880     0.028943     0.028982     0.028997     0.028988     0.028955     0.028898     0.028818     0.028715     0.028594     0.028456     0.028308     0.028155     0.028004     0.027860     0.027729     0.027615     0.027518     0.027438     0.027375     0.027324     0.027283     0.027250     0.000000
    0.026914     0.026926     0.026946     0.026976     0.027018     0.027074     0.027145     0.027235     0.027342     0.027465     0.027603     0.027750     0.027902     0.028053     0.028198     0.028332     0.028451     0.028551     0.028632     0.028691     0.028727     0.028741     0.028732     0.028700     0.028646     0.028570     0.028474     0.028360     0.028231     0.028094     0.027952     0.027812     0.027679     0.027558     0.027452     0.027363     0.027290     0.027231     0.027183     0.027146     0.027115     0.000000
    0.026801     0.026812     0.026830     0.026857     0.026896     0.026947     0.027013     0.027095     0.027193     0.027306     0.027432     0.027568     0.027707     0.027847     0.027981     0.028105     0.028215     0.028309     0.028384     0.028438     0.028472     0.028485     0.028476     0.028445     0.028394     0.028323     0.028232     0.028126     0.028006     0.027878     0.027746     0.027617     0.027495     0.027383     0.027286     0.027204     0.027136     0.027081     0.027037     0.027002     0.026974     0.000000
    0.026681     0.026690     0.026707     0.026732     0.026767     0.026814     0.026875     0.026950     0.027040     0.027143     0.027259     0.027383     0.027511     0.027640     0.027763     0.027878     0.027980     0.028067     0.028136     0.028187     0.028218     0.028229     0.028220     0.028191     0.028143     0.028076     0.027991     0.027891     0.027780     0.027661     0.027540     0.027420     0.027308     0.027205     0.027116     0.027040     0.026978     0.026927     0.026886     0.026853     0.026827     0.000000
    0.026555     0.026563     0.026578     0.026601     0.026633     0.026676     0.026731     0.026800     0.026882     0.026977     0.027082     0.027196     0.027314     0.027431     0.027545     0.027651     0.027745     0.027825     0.027890     0.027936     0.027965     0.027975     0.027966     0.027939     0.027893     0.027830     0.027750     0.027657     0.027554     0.027444     0.027332     0.027222     0.027118     0.027024     0.026942     0.026872     0.026815     0.026768     0.026730     0.026699     0.026674     0.000000
    0.026422     0.026429     0.026443     0.026464     0.026494     0.026533     0.026583     0.026646     0.026720     0.026807     0.026903     0.027007     0.027114     0.027222     0.027327     0.027424     0.027511     0.027585     0.027644     0.027687     0.027714     0.027723     0.027714     0.027688     0.027644     0.027585     0.027511     0.027424     0.027328     0.027227     0.027123     0.027022     0.026927     0.026840     0.026765     0.026701     0.026647     0.026604     0.026568     0.026540     0.026516     0.000000
    0.026283     0.026290     0.026303     0.026322     0.026349     0.026385     0.026430     0.026487     0.026555     0.026634     0.026721     0.026816     0.026914     0.027013     0.027108     0.027198     0.027278     0.027346     0.027401     0.027440     0.027464     0.027472     0.027463     0.027438     0.027397     0.027342     0.027272     0.027192     0.027103     0.027009     0.026913     0.026820     0.026733     0.026654     0.026584     0.026525     0.026476     0.026436     0.026403     0.026376     0.026354     0.000000
    0.026139     0.026145     0.026157     0.026174     0.026199     0.026232     0.026273     0.026325     0.026386     0.026457     0.026537     0.026623     0.026712     0.026803     0.026890     0.026972     0.027046     0.027108     0.027159     0.027195     0.027217     0.027224     0.027215     0.027191     0.027152     0.027100     0.027035     0.026960     0.026878     0.026791     0.026703     0.026617     0.026537     0.026465     0.026401     0.026347     0.026302     0.026264     0.026233     0.026208     0.026187     0.000000
    0.025990     0.025995     0.026006     0.026022     0.026044     0.026074     0.026112     0.026158     0.026214     0.026279     0.026351     0.026429     0.026510     0.026592     0.026672     0.026747     0.026815     0.026872     0.026918     0.026952     0.026972     0.026977     0.026969     0.026946     0.026909     0.026860     0.026800     0.026730     0.026653     0.026573     0.026492     0.026414     0.026340     0.026274     0.026215     0.026165     0.026123     0.026088     0.026059     0.026035     0.026015     0.000000
    0.025835     0.025840     0.025850     0.025865     0.025885     0.025912     0.025947     0.025989     0.026039     0.026097     0.026163     0.026233     0.026307     0.026382     0.026455     0.026523     0.026585     0.026638     0.026680     0.026710     0.026728     0.026733     0.026724     0.026703     0.026668     0.026622     0.026565     0.026501     0.026430     0.026355     0.026281     0.026209     0.026141     0.026080     0.026027     0.025981     0.025942     0.025909     0.025882     0.025859     0.025840     0.000000
    0.025676     0.025680     0.025689     0.025703     0.025722     0.025746     0.025777     0.025816     0.025861     0.025914     0.025972     0.026036     0.026103     0.026171     0.026238     0.026300     0.026357     0.026405     0.026443     0.026471     0.026487     0.026491     0.026483     0.026462     0.026429     0.026386     0.026333     0.026272     0.026207     0.026138     0.026069     0.026003     0.025941     0.025885     0.025836     0.025794     0.025758     0.025727     0.025702     0.025680     0.025662     0.000000
    0.025512     0.025516     0.025525     0.025537     0.025555     0.025577     0.025605     0.025639     0.025680     0.025728     0.025781     0.025838     0.025899     0.025961     0.026021     0.026078     0.026129     0.026174     0.026209     0.026234     0.026248     0.026251     0.026243     0.026223     0.026192     0.026151     0.026102     0.026045     0.025984     0.025921     0.025858     0.025797     0.025740     0.025688     0.025643     0.025604     0.025571     0.025542     0.025518     0.025497     0.025480     0.000000
    0.025344     0.025348     0.025356     0.025368     0.025384     0.025404     0.025429     0.025460     0.025497     0.025540     0.025588     0.025640     0.025694     0.025750     0.025805     0.025857     0.025904     0.025944     0.025976     0.025999     0.026012     0.026014     0.026005     0.025986     0.025957     0.025918     0.025872     0.025819     0.025763     0.025704     0.025646     0.025590     0.025537     0.025490     0.025448     0.025412     0.025381     0.025355     0.025332     0.025312     0.025295     0.000000
    0.025172     0.025176     0.025184     0.025195     0.025209     0.025228     0.025251     0.025279     0.025312     0.025350     0.025393     0.025440     0.025489     0.025540     0.025589     0.025636     0.025679     0.025716     0.025745     0.025766     0.025777     0.025778     0.025770     0.025751     0.025723     0.025687     0.025644     0.025595     0.025542     0.025488     0.025434     0.025382     0.025334     0.025290     0.025252     0.025219     0.025190     0.025165     0.025143     0.025124     0.025108     0.000000
    0.024997     0.025001     0.025008     0.025018     0.025032     0.025049     0.025069     0.025094     0.025124     0.025159     0.025197     0.025239     0.025284     0.025329     0.025374     0.025417     0.025456     0.025489     0.025516     0.025534     0.025544     0.025545     0.025536     0.025518     0.025492     0.025458     0.025417     0.025371     0.025322     0.025272     0.025222     0.025174     0.025130     0.025090     0.025054     0.025023     0.024996     0.024973     0.024952     0.024934     0.024918     0.000000
    0.024819     0.024823     0.024829     0.024839     0.024851     0.024867     0.024885     0.024908     0.024935     0.024965     0.025000     0.025038     0.025078     0.025119     0.025160     0.025198     0.025234     0.025264     0.025288     0.025305     0.025313     0.025313     0.025305     0.025287     0.025262     0.025230     0.025191     0.025149     0.025103     0.025056     0.025010     0.024966     0.024925     0.024888     0.024855     0.024826     0.024801     0.024779     0.024759     0.024742     0.024726     0.000000
    0.024638     0.024641     0.024648     0.024657     0.024668     0.024682     0.024699     0.024719     0.024743     0.024771     0.024802     0.024836     0.024872     0.024909     0.024946     0.024981     0.025013     0.025040     0.025062     0.025077     0.025084     0.025084     0.025075     0.025058     0.025034     0.025003     0.024967     0.024927     0.024884     0.024841     0.024798     0.024757     0.024719     0.024685     0.024655     0.024628     0.024604     0.024583     0.024565     0.024548     0.024533     0.000000
    0.024454     0.024457     0.024464     0.024472     0.024483     0.024495     0.024511     0.024529     0.024550     0.024575     0.024603     0.024633     0.024666     0.024699     0.024732     0.024764     0.024793     0.024818     0.024837     0.024850     0.024857     0.024856     0.024847     0.024831     0.024808     0.024778     0.024744     0.024707     0.024667     0.024626     0.024586     0.024548     0.024513     0.024482     0.024453     0.024428     0.024406     0.024386     0.024368     0.024352     0.024337     0.000000
    0.024267     0.024271     0.024277     0.024285     0.024295     0.024306     0.024320     0.024337     0.024356     0.024378     0.024403     0.024430     0.024459     0.024489     0.024519     0.024548     0.024574     0.024596     0.024614     0.024626     0.024631     0.024629     0.024620     0.024605     0.024583     0.024555     0.024523     0.024487     0.024450     0.024412     0.024375     0.024339     0.024307     0.024277     0.024251     0.024228     0.024207     0.024188     0.024171     0.024155     0.024141     0.000000
    0.024078     0.024082     0.024088     0.024096     0.024105     0.024116     0.024128     0.024143     0.024160     0.024180     0.024202     0.024226     0.024252     0.024279     0.024306     0.024332     0.024356     0.024376     0.024392     0.024402     0.024407     0.024404     0.024396     0.024380     0.024359     0.024333     0.024302     0.024269     0.024233     0.024198     0.024163     0.024131     0.024100     0.024073     0.024048     0.024026     0.024006     0.023989     0.023972     0.023957     0.023943     0.000000
    0.023888     0.023892     0.023898     0.023905     0.023913     0.023923     0.023935     0.023948     0.023963     0.023981     0.024001     0.024022     0.024046     0.024070     0.024094     0.024118     0.024139     0.024157     0.024171     0.024180     0.024184     0.024181     0.024172     0.024157     0.024137     0.024112     0.024083     0.024051     0.024018     0.023985     0.023952     0.023922     0.023893     0.023868     0.023845     0.023824     0.023805     0.023788     0.023772     0.023758     0.023744     0.000000
    0.023695     0.023700     0.023705     0.023712     0.023720     0.023729     0.023740     0.023752     0.023765     0.023781     0.023799     0.023818     0.023839     0.023861     0.023883     0.023904     0.023923     0.023939     0.023952     0.023960     0.023962     0.023959     0.023950     0.023936     0.023916     0.023892     0.023864     0.023834     0.023803     0.023772     0.023741     0.023713     0.023686     0.023662     0.023641     0.023621     0.023603     0.023587     0.023572     0.023558     0.023544     0.000000
    0.023501     0.023506     0.023511     0.023518     0.023525     0.023534     0.023543     0.023554     0.023566     0.023580     0.023596     0.023613     0.023632     0.023652     0.023671     0.023690     0.023708     0.023722     0.023734     0.023740     0.023742     0.023739     0.023730     0.023715     0.023696     0.023673     0.023647     0.023619     0.023589     0.023560     0.023531     0.023504     0.023479     0.023457     0.023436     0.023418     0.023401     0.023385     0.023371     0.023357     0.023343     0.000000
    0.023306     0.023310     0.023316     0.023322     0.023329     0.023337     0.023346     0.023356     0.023367     0.023379     0.023393     0.023409     0.023425     0.023443     0.023461     0.023478     0.023493     0.023506     0.023516     0.023522     0.023523     0.023519     0.023510     0.023496     0.023478     0.023456     0.023431     0.023404     0.023376     0.023348     0.023321     0.023295     0.023272     0.023251     0.023232     0.023214     0.023198     0.023183     0.023169     0.023155     0.023142     0.000000
    0.023109     0.023114     0.023119     0.023125     0.023132     0.023139     0.023147     0.023156     0.023166     0.023177     0.023190     0.023204     0.023219     0.023234     0.023250     0.023266     0.023280     0.023291     0.023300     0.023305     0.023305     0.023301     0.023292     0.023279     0.023261     0.023239     0.023215     0.023189     0.023163     0.023137     0.023111     0.023087     0.023065     0.023045     0.023027     0.023010     0.022995     0.022981     0.022967     0.022954     0.022941     0.000000
    0.022912     0.022916     0.022922     0.022928     0.022934     0.022941     0.022948     0.022956     0.022965     0.022975     0.022986     0.022999     0.023012     0.023026     0.023041     0.023054     0.023067     0.023077     0.023085     0.023089     0.023089     0.023084     0.023075     0.023062     0.023045     0.023024     0.023001     0.022976     0.022951     0.022926     0.022902     0.022879     0.022858     0.022839     0.022822     0.022806     0.022792     0.022778     0.022765     0.022752     0.022739     0.000000
    0.022713     0.022718     0.022723     0.022729     0.022735     0.022742     0.022748     0.022756     0.022764     0.022773     0.022783     0.022794     0.022806     0.022818     0.022831     0.022844     0.022855     0.022864     0.022871     0.022874     0.022873     0.022868     0.022859     0.022846     0.022829     0.022810     0.022787     0.022764     0.022740     0.022716     0.022693     0.022671     0.022652     0.022634     0.022617     0.022602     0.022588     0.022575     0.022562     0.022549     0.022537     0.000000
    0.022514     0.022519     0.022524     0.022530     0.022535     0.022542     0.022548     0.022554     0.022562     0.022570     0.022579     0.022589     0.022599     0.022611     0.022622     0.022633     0.022643     0.022652     0.022657     0.022660     0.022659     0.022654     0.022645     0.022632     0.022615     0.022596     0.022575     0.022552     0.022529     0.022506     0.022484     0.022464     0.022445     0.022428     0.022413     0.022398     0.022385     0.022372     0.022359     0.022347     0.022335     0.000000
    0.022314     0.022319     0.022324     0.022330     0.022335     0.022341     0.022347     0.022353     0.022359     0.022367     0.022375     0.022384     0.022393     0.022403     0.022414     0.022424     0.022433     0.022440     0.022445     0.022447     0.022445     0.022440     0.022431     0.022418     0.022402     0.022384     0.022363     0.022341     0.022319     0.022297     0.022277     0.022257     0.022239     0.022223     0.022208     0.022194     0.022181     0.022169     0.022157     0.022144     0.022132     0.000000
    0.022113     0.022118     0.022124     0.022129     0.022135     0.022140     0.022145     0.022151     0.022157     0.022163     0.022171     0.022179     0.022187     0.022196     0.022206     0.022215     0.022223     0.022229     0.022233     0.022235     0.022233     0.022227     0.022218     0.022206     0.022190     0.022172     0.022152     0.022131     0.022110     0.022089     0.022069     0.022051     0.022034     0.022018     0.022004     0.021990     0.021978     0.021966     0.021954     0.021942     0.021930     0.000000
    0.021912     0.021917     0.021923     0.021928     0.021933     0.021939     0.021944     0.021949     0.021954     0.021960     0.021967     0.021974     0.021982     0.021990     0.021998     0.022006     0.022013     0.022019     0.022023     0.022023     0.022021     0.022015     0.022006     0.021994     0.021979     0.021961     0.021942     0.021922     0.021901     0.021881     0.021862     0.021845     0.021828     0.021813     0.021800     0.021787     0.021775     0.021763     0.021752     0.021740     0.021728     0.000000
    0.021711     0.021716     0.021722     0.021727     0.021732     0.021737     0.021742     0.021747     0.021752     0.021757     0.021763     0.021769     0.021776     0.021784     0.021791     0.021798     0.021805     0.021810     0.021813     0.021813     0.021810     0.021804     0.021795     0.021783     0.021768     0.021751     0.021733     0.021713     0.021694     0.021674     0.021656     0.021639     0.021623     0.021609     0.021596     0.021584     0.021572     0.021561     0.021549     0.021538     0.021526     0.000000
    0.021510     0.021515     0.021520     0.021526     0.021531     0.021535     0.021540     0.021545     0.021549     0.021554     0.021559     0.021565     0.021571     0.021578     0.021585     0.021591     0.021597     0.021601     0.021603     0.021603     0.021600     0.021594     0.021585     0.021573     0.021559     0.021542     0.021524     0.021505     0.021487     0.021468     0.021450     0.021434     0.021419     0.021405     0.021393     0.021381     0.021369     0.021358     0.021347     0.021336     0.021325     0.000000
    0.021308     0.021314     0.021319     0.021324     0.021329     0.021334     0.021338     0.021342     0.021346     0.021351     0.021356     0.021361     0.021367     0.021373     0.021379     0.021385     0.021390     0.021393     0.021395     0.021395     0.021391     0.021385     0.021376     0.021365     0.021350     0.021334     0.021317     0.021298     0.021280     0.021262     0.021245     0.021230     0.021215     0.021202     0.021190     0.021178     0.021167     0.021157     0.021146     0.021135     0.021124     0.000000
    0.021107     0.021112     0.021118     0.021123     0.021128     0.021132     0.021136     0.021140     0.021144     0.021148     0.021152     0.021157     0.021162     0.021168     0.021173     0.021178     0.021183     0.021186     0.021188     0.021187     0.021183     0.021177     0.021168     0.021157     0.021143     0.021127     0.021110     0.021092     0.021074     0.021057     0.021041     0.021026     0.021012     0.020999     0.020987     0.020976     0.020966     0.020955     0.020945     0.020934     0.020923     0.000000
    0.020905     0.020911     0.020916     0.020921     0.020926     0.020930     0.020934     0.020938     0.020942     0.020945     0.020949     0.020954     0.020958     0.020963     0.020968     0.020973     0.020977     0.020980     0.020981     0.020980     0.020976     0.020970     0.020961     0.020949     0.020936     0.020920     0.020904     0.020887     0.020870     0.020853     0.020837     0.020822     0.020809     0.020797     0.020785     0.020775     0.020764     0.020754     0.020744     0.020733     0.020723     0.000000
    0.020704     0.020710     0.020715     0.020720     0.020725     0.020729     0.020733     0.020736     0.020740     0.020743     0.020747     0.020751     0.020755     0.020759     0.020764     0.020768     0.020772     0.020774     0.020775     0.020773     0.020770     0.020763     0.020754     0.020743     0.020730     0.020715     0.020699     0.020682     0.020665     0.020649     0.020634     0.020620     0.020607     0.020595     0.020584     0.020573     0.020563     0.020554     0.020544     0.020533     0.020523     0.000000
    0.020503     0.020509     0.020514     0.020519     0.020524     0.020528     0.020531     0.020535     0.020538     0.020541     0.020544     0.020548     0.020552     0.020556     0.020560     0.020564     0.020567     0.020569     0.020569     0.020568     0.020564     0.020558     0.020549     0.020538     0.020525     0.020510     0.020494     0.020478     0.020462     0.020446     0.020431     0.020418     0.020405     0.020394     0.020383     0.020373     0.020363     0.020354     0.020344     0.020334     0.020323     0.000000
    0.020302     0.020308     0.020313     0.020318     0.020323     0.020327     0.020330     0.020333     0.020336     0.020339     0.020343     0.020346     0.020350     0.020353     0.020357     0.020360     0.020363     0.020365     0.020365     0.020363     0.020359     0.020353     0.020344     0.020333     0.020320     0.020306     0.020291     0.020275     0.020259     0.020244     0.020230     0.020216     0.020204     0.020193     0.020183     0.020173     0.020163     0.020154     0.020145     0.020135     0.020124     0.000000
    0.020102     0.020107     0.020113     0.020118     0.020122     0.020126     0.020129     0.020132     0.020135     0.020138     0.020141     0.020144     0.020148     0.020151     0.020154     0.020158     0.020160     0.020161     0.020161     0.020159     0.020155     0.020149     0.020140     0.020129     0.020117     0.020103     0.020088     0.020072     0.020057     0.020042     0.020029     0.020016     0.020004     0.019993     0.019983     0.019973     0.019964     0.019955     0.019946     0.019936     0.019926     0.000000
    0.019901     0.019907     0.019913     0.019917     0.019922     0.019926     0.019929     0.019932     0.019935     0.019937     0.019940     0.019943     0.019946     0.019949     0.019952     0.019955     0.019957     0.019958     0.019958     0.019956     0.019952     0.019945     0.019937     0.019926     0.019914     0.019900     0.019886     0.019871     0.019856     0.019842     0.019828     0.019816     0.019804     0.019794     0.019784     0.019775     0.019766     0.019757     0.019748     0.019738     0.019728     0.000000
    0.019702     0.019707     0.019713     0.019718     0.019722     0.019726     0.019729     0.019732     0.019735     0.019737     0.019740     0.019742     0.019745     0.019748     0.019751     0.019754     0.019755     0.019756     0.019756     0.019753     0.019749     0.019743     0.019734     0.019724     0.019712     0.019699     0.019684     0.019670     0.019655     0.019642     0.019628     0.019616     0.019605     0.019595     0.019585     0.019576     0.019568     0.019559     0.019550     0.019541     0.019531     0.000000
    0.019502     0.019508     0.019513     0.019518     0.019522     0.019526     0.019529     0.019532     0.019535     0.019537     0.019540     0.019542     0.019545     0.019548     0.019550     0.019553     0.019554     0.019555     0.019554     0.019552     0.019547     0.019541     0.019533     0.019523     0.019511     0.019498     0.019484     0.019470     0.019456     0.019442     0.019429     0.019418     0.019407     0.019397     0.019388     0.019379     0.019370     0.019362     0.019353     0.019344     0.019335     0.000000
    0.019303     0.019309     0.019315     0.019319     0.019324     0.019327     0.019330     0.019333     0.019336     0.019338     0.019340     0.019343     0.019345     0.019348     0.019350     0.019352     0.019354     0.019354     0.019353     0.019351     0.019347     0.019340     0.019332     0.019322     0.019310     0.019298     0.019284     0.019270     0.019257     0.019244     0.019231     0.019220     0.019209     0.019199     0.019190     0.019182     0.019174     0.019166     0.019157     0.019148     0.019139     0.000000
    0.019105     0.019111     0.019116     0.019121     0.019125     0.019129     0.019132     0.019134     0.019137     0.019139     0.019141     0.019144     0.019146     0.019149     0.019151     0.019153     0.019154     0.019154     0.019153     0.019151     0.019146     0.019140     0.019132     0.019122     0.019111     0.019098     0.019085     0.019072     0.019058     0.019046     0.019034     0.019022     0.019012     0.019003     0.018994     0.018986     0.018978     0.018970     0.018961     0.018953     0.018943     0.000000
    0.018907     0.018913     0.018918     0.018923     0.018927     0.018931     0.018934     0.018936     0.018939     0.018941     0.018943     0.018945     0.018948     0.018950     0.018952     0.018954     0.018955     0.018955     0.018954     0.018951     0.018947     0.018941     0.018933     0.018923     0.018912     0.018900     0.018887     0.018874     0.018861     0.018849     0.018837     0.018826     0.018816     0.018807     0.018798     0.018790     0.018782     0.018775     0.018766     0.018758     0.018749     0.000000
    0.018710     0.018716     0.018721     0.018726     0.018730     0.018733     0.018736     0.018739     0.018741     0.018743     0.018745     0.018748     0.018750     0.018752     0.018754     0.018756     0.018757     0.018757     0.018755     0.018753     0.018748     0.018742     0.018734     0.018725     0.018714     0.018702     0.018690     0.018677     0.018664     0.018652     0.018641     0.018630     0.018620     0.018611     0.018603     0.018595     0.018588     0.018580     0.018572     0.018564     0.018555     0.000000
    0.018513     0.018519     0.018524     0.018529     0.018533     0.018536     0.018539     0.018542     0.018544     0.018546     0.018548     0.018550     0.018553     0.018555     0.018557     0.018558     0.018559     0.018559     0.018558     0.018555     0.018551     0.018545     0.018537     0.018527     0.018517     0.018505     0.018493     0.018481     0.018468     0.018456     0.018445     0.018435     0.018425     0.018417     0.018409     0.018401     0.018394     0.018386     0.018379     0.018370     0.018362     0.000000
    0.018317     0.018323     0.018328     0.018333     0.018337     0.018340     0.018343     0.018346     0.018348     0.018350     0.018352     0.018354     0.018356     0.018358     0.018360     0.018361     0.018362     0.018362     0.018361     0.018358     0.018354     0.018348     0.018340     0.018331     0.018320     0.018309     0.018297     0.018285     0.018273     0.018261     0.018251     0.018241     0.018231     0.018223     0.018215     0.018208     0.018200     0.018193     0.018186     0.018178     0.018169     0.000000
    0.018122     0.018127     0.018133     0.018137     0.018141     0.018144     0.018147     0.018150     0.018152     0.018154     0.018156     0.018158     0.018160     0.018162     0.018164     0.018165     0.018166     0.018166     0.018164     0.018162     0.018157     0.018151     0.018144     0.018135     0.018125     0.018114     0.018102     0.018090     0.018079     0.018067     0.018057     0.018047     0.018038     0.018030     0.018022     0.018015     0.018008     0.018001     0.017993     0.017985     0.017977     0.000000
    0.017927     0.017933     0.017938     0.017942     0.017946     0.017949     0.017952     0.017955     0.017957     0.017959     0.017961     0.017963     0.017965     0.017967     0.017968     0.017970     0.017970     0.017970     0.017969     0.017966     0.017962     0.017956     0.017949     0.017940     0.017930     0.017919     0.017908     0.017896     0.017885     0.017874     0.017864     0.017854     0.017845     0.017837     0.017830     0.017823     0.017816     0.017809     0.017802     0.017794     0.017786     0.000000
    0.017733     0.017738     0.017743     0.017748     0.017752     0.017755     0.017758     0.017760     0.017762     0.017764     0.017766     0.017768     0.017770     0.017772     0.017774     0.017775     0.017776     0.017775     0.017774     0.017771     0.017767     0.017761     0.017754     0.017745     0.017736     0.017725     0.017714     0.017703     0.017692     0.017681     0.017671     0.017662     0.017653     0.017645     0.017638     0.017631     0.017625     0.017618     0.017611     0.017603     0.017595     0.000000
    0.017539     0.017545     0.017550     0.017554     0.017558     0.017561     0.017564     0.017567     0.017569     0.017571     0.017573     0.017575     0.017576     0.017578     0.017580     0.017581     0.017581     0.017581     0.017580     0.017577     0.017573     0.017567     0.017560     0.017552     0.017542     0.017532     0.017521     0.017510     0.017499     0.017489     0.017479     0.017470     0.017462     0.017454     0.017447     0.017441     0.017434     0.017427     0.017421     0.017413     0.017405     0.000000
    0.017346     0.017352     0.017357     0.017361     0.017365     0.017368     0.017371     0.017373     0.017376     0.017378     0.017379     0.017381     0.017383     0.017385     0.017386     0.017388     0.017388     0.017388     0.017386     0.017384     0.017380     0.017374     0.017367     0.017359     0.017350     0.017340     0.017329     0.017318     0.017308     0.017298     0.017288     0.017279     0.017271     0.017264     0.017257     0.017251     0.017244     0.017238     0.017231     0.017224     0.017216     0.000000
    0.017154     0.017160     0.017165     0.017169     0.017173     0.017176     0.017179     0.017181     0.017183     0.017185     0.017187     0.017189     0.017191     0.017192     0.017194     0.017195     0.017195     0.017195     0.017194     0.017191     0.017187     0.017182     0.017175     0.017167     0.017158     0.017148     0.017138     0.017127     0.017117     0.017107     0.017098     0.017089     0.017082     0.017074     0.017068     0.017061     0.017055     0.017049     0.017042     0.017035     0.017028     0.000000
    0.016962     0.016968     0.016973     0.016977     0.016981     0.016984     0.016987     0.016989     0.016991     0.016993     0.016995     0.016997     0.016999     0.017001     0.017002     0.017003     0.017004     0.017003     0.017002     0.016999     0.016995     0.016990     0.016983     0.016976     0.016967     0.016957     0.016947     0.016937     0.016927     0.016917     0.016908     0.016900     0.016892     0.016885     0.016879     0.016873     0.016867     0.016860     0.016854     0.016847     0.016840     0.000000
    0.016772     0.016777     0.016782     0.016786     0.016790     0.016793     0.016796     0.016798     0.016800     0.016802     0.016804     0.016806     0.016808     0.016809     0.016811     0.016812     0.016812     0.016812     0.016811     0.016808     0.016804     0.016799     0.016793     0.016785     0.016776     0.016767     0.016757     0.016747     0.016738     0.016728     0.016720     0.016711     0.016704     0.016697     0.016691     0.016685     0.016679     0.016673     0.016667     0.016660     0.016653     0.000000
    0.016581     0.016587     0.016592     0.016596     0.016600     0.016603     0.016605     0.016608     0.016610     0.016612     0.016614     0.016616     0.016617     0.016619     0.016620     0.016621     0.016622     0.016622     0.016620     0.016618     0.016614     0.016609     0.016603     0.016595     0.016587     0.016578     0.016568     0.016559     0.016549     0.016540     0.016531     0.016523     0.016516     0.016510     0.016503     0.016497     0.016492     0.016486     0.016480     0.016473     0.016466     0.000000
    0.016392     0.016397     0.016402     0.016406     0.016410     0.016413     0.016416     0.016418     0.016420     0.016422     0.016424     0.016426     0.016428     0.016429     0.016431     0.016432     0.016432     0.016432     0.016431     0.016428     0.016424     0.016420     0.016413     0.016406     0.016398     0.016389     0.016380     0.016370     0.016361     0.016352     0.016344     0.016336     0.016329     0.016323     0.016317     0.016311     0.016305     0.016300     0.016294     0.016287     0.016280     0.000000
    0.016203     0.016209     0.016213     0.016217     0.016221     0.016224     0.016227     0.016229     0.016231     0.016233     0.016235     0.016237     0.016239     0.016240     0.016242     0.016243     0.016243     0.016243     0.016242     0.016239     0.016236     0.016231     0.016225     0.016218     0.016210     0.016201     0.016192     0.016183     0.016174     0.016165     0.016157     0.016150     0.016143     0.016136     0.016131     0.016125     0.016120     0.016114     0.016108     0.016102     0.016095     0.000000
    0.016015     0.016021     0.016025     0.016029     0.016033     0.016036     0.016038     0.016041     0.016043     0.016045     0.016047     0.016048     0.016050     0.016052     0.016053     0.016054     0.016055     0.016055     0.016053     0.016051     0.016048     0.016043     0.016037     0.016030     0.016022     0.016014     0.016005     0.015996     0.015987     0.015979     0.015971     0.015964     0.015957     0.015951     0.015945     0.015940     0.015934     0.015929     0.015923     0.015917     0.015910     0.000000
    0.015828     0.015833     0.015838     0.015842     0.015845     0.015848     0.015851     0.015853     0.015855     0.015857     0.015859     0.015861     0.015863     0.015864     0.015866     0.015867     0.015867     0.015867     0.015866     0.015864     0.015860     0.015856     0.015850     0.015843     0.015836     0.015827     0.015819     0.015810     0.015802     0.015793     0.015786     0.015779     0.015772     0.015766     0.015760     0.015755     0.015750     0.015745     0.015739     0.015733     0.015727     0.000000
    0.015641     0.015646     0.015651     0.015655     0.015658     0.015661     0.015664     0.015666     0.015668     0.015670     0.015672     0.015674     0.015676     0.015677     0.015679     0.015680     0.015680     0.015680     0.015679     0.015677     0.015673     0.015669     0.015663     0.015657     0.015649     0.015641     0.015633     0.015625     0.015616     0.015608     0.015601     0.015594     0.015588     0.015582     0.015576     0.015571     0.015566     0.015561     0.015556     0.015550     0.015543     0.000000
    0.015455     0.015460     0.015465     0.015469     0.015472     0.015475     0.015478     0.015480     0.015482     0.015484     0.015486     0.015488     0.015489     0.015491     0.015493     0.015494     0.015494     0.015494     0.015493     0.015491     0.015487     0.015483     0.015478     0.015471     0.015464     0.015456     0.015448     0.015440     0.015432     0.015424     0.015417     0.015410     0.015404     0.015398     0.015393     0.015388     0.015383     0.015378     0.015373     0.015367     0.015361     0.000000
    0.015270     0.015275     0.015279     0.015283     0.015287     0.015289     0.015292     0.015294     0.015296     0.015298     0.015300     0.015302     0.015304     0.015306     0.015307     0.015308     0.015309     0.015308     0.015307     0.015305     0.015302     0.015298     0.015293     0.015286     0.015279     0.015272     0.015264     0.015256     0.015248     0.015241     0.015233     0.015227     0.015221     0.015215     0.015210     0.015205     0.015201     0.015196     0.015190     0.015185     0.015179     0.000000
    0.015085     0.015090     0.015095     0.015099     0.015102     0.015105     0.015107     0.015109     0.015111     0.015113     0.015115     0.015117     0.015119     0.015121     0.015122     0.015123     0.015124     0.015124     0.015123     0.015121     0.015118     0.015113     0.015108     0.015102     0.015095     0.015088     0.015080     0.015073     0.015065     0.015058     0.015051     0.015044     0.015039     0.015033     0.015028     0.015023     0.015019     0.015014     0.015009     0.015003     0.014997     0.000000
    0.014901     0.014906     0.014911     0.014914     0.014918     0.014920     0.014923     0.014925     0.014927     0.014929     0.014931     0.014933     0.014935     0.014936     0.014938     0.014939     0.014939     0.014939     0.014938     0.014937     0.014934     0.014930     0.014925     0.014919     0.014912     0.014905     0.014898     0.014890     0.014883     0.014875     0.014869     0.014862     0.014857     0.014852     0.014847     0.014842     0.014837     0.014833     0.014828     0.014822     0.014817     0.000000
    0.014718     0.014723     0.014727     0.014731     0.014734     0.014737     0.014739     0.014742     0.014744     0.014746     0.014748     0.014749     0.014751     0.014753     0.014754     0.014755     0.014756     0.014756     0.014755     0.014753     0.014750     0.014746     0.014742     0.014736     0.014730     0.014723     0.014715     0.014708     0.014701     0.014694     0.014687     0.014681     0.014676     0.014671     0.014666     0.014661     0.014657     0.014652     0.014647     0.014642     0.014636     0.000000
    0.014536     0.014540     0.014545     0.014548     0.014551     0.014554     0.014557     0.014559     0.014561     0.014563     0.014565     0.014566     0.014568     0.014570     0.014571     0.014573     0.014573     0.014573     0.014572     0.014570     0.014568     0.014564     0.014559     0.014554     0.014548     0.014541     0.014534     0.014527     0.014520     0.014513     0.014506     0.014501     0.014495     0.014490     0.014486     0.014481     0.014477     0.014472     0.014468     0.014463     0.014457     0.000000
    0.014354     0.014358     0.014363     0.014366     0.014369     0.014372     0.014374     0.014377     0.014379     0.014380     0.014382     0.014384     0.014386     0.014388     0.014389     0.014390     0.014391     0.014391     0.014390     0.014388     0.014386     0.014382     0.014378     0.014372     0.014366     0.014360     0.014353     0.014346     0.014339     0.014332     0.014326     0.014320     0.014315     0.014310     0.014306     0.014302     0.014297     0.014293     0.014289     0.014284     0.014278     0.000000
    0.014172     0.014177     0.014181     0.014185     0.014188     0.014190     0.014193     0.014195     0.014197     0.014199     0.014201     0.014203     0.014205     0.014206     0.014208     0.014209     0.014209     0.014209     0.014209     0.014207     0.014205     0.014201     0.014197     0.014191     0.014186     0.014179     0.014172     0.014166     0.014159     0.014153     0.014147     0.014141     0.014136     0.014131     0.014127     0.014123     0.014119     0.014114     0.014110     0.014105     0.014100     0.000000
    0.013992     0.013996     0.014000     0.014004     0.014007     0.014010     0.014012     0.014014     0.014016     0.014018     0.014020     0.014022     0.014024     0.014025     0.014027     0.014028     0.014029     0.014029     0.014028     0.014026     0.014024     0.014021     0.014016     0.014011     0.014005     0.013999     0.013993     0.013986     0.013980     0.013974     0.013968     0.013962     0.013957     0.013953     0.013949     0.013944     0.013940     0.013936     0.013932     0.013927     0.013922     0.000000
    0.013812     0.013816     0.013820     0.013824     0.013827     0.013829     0.013832     0.013834     0.013836     0.013838     0.013840     0.013841     0.013843     0.013845     0.013846     0.013848     0.013848     0.013848     0.013848     0.013846     0.013844     0.013841     0.013837     0.013832     0.013826     0.013820     0.013814     0.013807     0.013801     0.013795     0.013789     0.013784     0.013779     0.013775     0.013771     0.013767     0.013763     0.013759     0.013755     0.013750     0.013745     0.000000
    0.013633     0.013637     0.013641     0.013644     0.013647     0.013650     0.013652     0.013654     0.013656     0.013658     0.013660     0.013662     0.013664     0.013665     0.013667     0.013668     0.013669     0.013669     0.013668     0.013667     0.013665     0.013661     0.013657     0.013653     0.013647     0.013641     0.013635     0.013629     0.013623     0.013617     0.013612     0.013606     0.013602     0.013597     0.013593     0.013590     0.013586     0.013582     0.013578     0.013573     0.013568     0.000000
    0.013454     0.013458     0.013462     0.013465     0.013468     0.013471     0.013473     0.013475     0.013477     0.013479     0.013481     0.013483     0.013485     0.013486     0.013488     0.013489     0.013490     0.013490     0.013489     0.013488     0.013486     0.013483     0.013479     0.013474     0.013469     0.013463     0.013457     0.013451     0.013445     0.013440     0.013434     0.013429     0.013425     0.013421     0.013417     0.013413     0.013409     0.013405     0.013401     0.013397     0.013392     0.000000
    0.013276     0.013280     0.013284     0.013287     0.013290     0.013292     0.013295     0.013297     0.013299     0.013301     0.013303     0.013304     0.013306     0.013308     0.013309     0.013311     0.013311     0.013312     0.013311     0.013310     0.013308     0.013305     0.013301     0.013297     0.013291     0.013286     0.013280     0.013274     0.013269     0.013263     0.013258     0.013253     0.013249     0.013244     0.013241     0.013237     0.013233     0.013230     0.013226     0.013221     0.013216     0.000000
    0.013098     0.013103     0.013106     0.013110     0.013112     0.013115     0.013117     0.013119     0.013121     0.013123     0.013125     0.013127     0.013128     0.013130     0.013132     0.013133     0.013134     0.013134     0.013133     0.013132     0.013130     0.013127     0.013124     0.013119     0.013114     0.013109     0.013103     0.013098     0.013092     0.013087     0.013082     0.013077     0.013073     0.013069     0.013065     0.013062     0.013058     0.013054     0.013050     0.013046     0.013041     0.000000
    0.012921     0.012926     0.012929     0.012932     0.012935     0.012938     0.012940     0.012942     0.012944     0.012946     0.012948     0.012949     0.012951     0.012953     0.012954     0.012956     0.012957     0.012957     0.012956     0.012955     0.012953     0.012951     0.012947     0.012943     0.012938     0.012933     0.012927     0.012922     0.012916     0.012911     0.012906     0.012902     0.012898     0.012894     0.012890     0.012887     0.012883     0.012880     0.012876     0.012872     0.012867     0.000000
    0.012745     0.012749     0.012753     0.012756     0.012759     0.012761     0.012763     0.012765     0.012767     0.012769     0.012771     0.012773     0.012775     0.012776     0.012778     0.012779     0.012780     0.012780     0.012780     0.012779     0.012777     0.012774     0.012771     0.012767     0.012762     0.012757     0.012752     0.012747     0.012741     0.012736     0.012731     0.012727     0.012723     0.012719     0.012716     0.012712     0.012709     0.012705     0.012702     0.012698     0.012693     0.000000
    0.012570     0.012574     0.012577     0.012580     0.012583     0.012585     0.012587     0.012589     0.012591     0.012593     0.012595     0.012597     0.012599     0.012600     0.012602     0.012603     0.012604     0.012604     0.012604     0.012603     0.012601     0.012599     0.012595     0.012591     0.012587     0.012582     0.012577     0.012572     0.012567     0.012562     0.012557     0.012553     0.012549     0.012545     0.012542     0.012538     0.012535     0.012532     0.012528     0.012524     0.012520     0.000000
    0.012394     0.012398     0.012402     0.012405     0.012408     0.012410     0.012412     0.012414     0.012416     0.012418     0.012419     0.012421     0.012423     0.012425     0.012426     0.012428     0.012429     0.012429     0.012429     0.012428     0.012426     0.012424     0.012420     0.012417     0.012412     0.012407     0.012402     0.012397     0.012392     0.012388     0.012383     0.012379     0.012375     0.012372     0.012368     0.012365     0.012362     0.012359     0.012355     0.012351     0.012347     0.000000
    0.012220     0.012224     0.012227     0.012230     0.012233     0.012235     0.012237     0.012239     0.012241     0.012243     0.012245     0.012246     0.012248     0.012250     0.012252     0.012253     0.012254     0.012254     0.012254     0.012253     0.012251     0.012249     0.012246     0.012242     0.012238     0.012233     0.012229     0.012224     0.012219     0.012214     0.012210     0.012206     0.012202     0.012199     0.012195     0.012192     0.012189     0.012186     0.012182     0.012179     0.012174     0.000000
    0.012046     0.012050     0.012053     0.012056     0.012059     0.012061     0.012063     0.012065     0.012067     0.012069     0.012070     0.012072     0.012074     0.012076     0.012077     0.012079     0.012079     0.012080     0.012080     0.012079     0.012077     0.012075     0.012072     0.012068     0.012064     0.012060     0.012055     0.012051     0.012046     0.012041     0.012037     0.012033     0.012029     0.012026     0.012023     0.012020     0.012017     0.012014     0.012010     0.012007     0.012003     0.000000
    0.011873     0.011876     0.011880     0.011883     0.011885     0.011887     0.011889     0.011891     0.011893     0.011895     0.011897     0.011898     0.011900     0.011902     0.011904     0.011905     0.011906     0.011906     0.011906     0.011905     0.011904     0.011902     0.011899     0.011895     0.011891     0.011887     0.011882     0.011878     0.011873     0.011869     0.011865     0.011861     0.011857     0.011854     0.011851     0.011848     0.011845     0.011842     0.011839     0.011835     0.011831     0.000000
    0.011700     0.011704     0.011707     0.011710     0.011712     0.011714     0.011716     0.011718     0.011720     0.011722     0.011723     0.011725     0.011727     0.011729     0.011730     0.011732     0.011733     0.011733     0.011733     0.011732     0.011731     0.011729     0.011726     0.011723     0.011719     0.011715     0.011710     0.011706     0.011701     0.011697     0.011693     0.011689     0.011686     0.011683     0.011680     0.011677     0.011674     0.011671     0.011668     0.011664     0.011660     0.000000
    0.011527     0.011531     0.011534     0.011537     0.011540     0.011542     0.011544     0.011545     0.011547     0.011549     0.011551     0.011553     0.011554     0.011556     0.011558     0.011559     0.011560     0.011560     0.011560     0.011560     0.011558     0.011556     0.011554     0.011550     0.011547     0.011543     0.011538     0.011534     0.011530     0.011526     0.011522     0.011518     0.011515     0.011512     0.011509     0.011506     0.011503     0.011500     0.011497     0.011494     0.011490     0.000000
    0.011356     0.011359     0.011362     0.011365     0.011368     0.011370     0.011372     0.011373     0.011375     0.011377     0.011379     0.011381     0.011382     0.011384     0.011386     0.011387     0.011388     0.011388     0.011388     0.011388     0.011386     0.011384     0.011382     0.011379     0.011375     0.011371     0.011367     0.011363     0.011359     0.011355     0.011351     0.011347     0.011344     0.011341     0.011338     0.011336     0.011333     0.011330     0.011327     0.011324     0.011320     0.000000
    0.011184     0.011188     0.011191     0.011194     0.011196     0.011198     0.011200     0.011202     0.011204     0.011205     0.011207     0.011209     0.011211     0.011212     0.011214     0.011215     0.011216     0.011217     0.011217     0.011216     0.011215     0.011213     0.011211     0.011208     0.011204     0.011200     0.011196     0.011192     0.011188     0.011184     0.011181     0.011177     0.011174     0.011171     0.011168     0.011166     0.011163     0.011160     0.011157     0.011154     0.011150     0.000000
    0.011014     0.011017     0.011020     0.011023     0.011025     0.011027     0.011029     0.011031     0.011033     0.011034     0.011036     0.011038     0.011040     0.011041     0.011043     0.011044     0.011045     0.011046     0.011046     0.011045     0.011044     0.011042     0.011040     0.011037     0.011034     0.011030     0.011026     0.011022     0.011018     0.011014     0.011011     0.011007     0.011004     0.011002     0.010999     0.010996     0.010994     0.010991     0.010988     0.010985     0.010981     0.000000
    0.010843     0.010847     0.010850     0.010852     0.010855     0.010857     0.010859     0.010860     0.010862     0.010864     0.010865     0.010867     0.010869     0.010871     0.010872     0.010874     0.010875     0.010875     0.010875     0.010875     0.010874     0.010872     0.010870     0.010867     0.010864     0.010860     0.010856     0.010852     0.010849     0.010845     0.010841     0.010838     0.010835     0.010832     0.010830     0.010827     0.010825     0.010822     0.010819     0.010816     0.010813     0.000000
    0.010674     0.010677     0.010680     0.010683     0.010685     0.010687     0.010689     0.010690     0.010692     0.010694     0.010695     0.010697     0.010699     0.010701     0.010702     0.010703     0.010704     0.010705     0.010705     0.010705     0.010704     0.010702     0.010700     0.010697     0.010694     0.010691     0.010687     0.010683     0.010679     0.010676     0.010672     0.010669     0.010666     0.010664     0.010661     0.010659     0.010656     0.010654     0.010651     0.010648     0.010644     0.000000
    0.010505     0.010508     0.010511     0.010513     0.010515     0.010517     0.010519     0.010521     0.010522     0.010524     0.010526     0.010528     0.010529     0.010531     0.010533     0.010534     0.010535     0.010536     0.010536     0.010535     0.010534     0.010533     0.010531     0.010528     0.010525     0.010522     0.010518     0.010514     0.010511     0.010507     0.010504     0.010501     0.010498     0.010496     0.010493     0.010491     0.010488     0.010486     0.010483     0.010480     0.010477     0.000000
    0.010336     0.010339     0.010342     0.010344     0.010346     0.010348     0.010350     0.010352     0.010353     0.010355     0.010357     0.010358     0.010360     0.010362     0.010363     0.010365     0.010366     0.010366     0.010367     0.010366     0.010365     0.010364     0.010362     0.010359     0.010356     0.010353     0.010350     0.010346     0.010343     0.010339     0.010336     0.010333     0.010330     0.010328     0.010325     0.010323     0.010321     0.010318     0.010316     0.010313     0.010309     0.000000
    0.010167     0.010171     0.010173     0.010176     0.010178     0.010180     0.010182     0.010183     0.010185     0.010186     0.010188     0.010190     0.010192     0.010193     0.010195     0.010196     0.010197     0.010198     0.010198     0.010198     0.010197     0.010195     0.010193     0.010191     0.010188     0.010185     0.010182     0.010178     0.010175     0.010172     0.010168     0.010166     0.010163     0.010160     0.010158     0.010156     0.010154     0.010151     0.010149     0.010146     0.010142     0.000000
    0.010000     0.010003     0.010005     0.010008     0.010010     0.010012     0.010013     0.010015     0.010017     0.010018     0.010020     0.010022     0.010023     0.010025     0.010027     0.010028     0.010029     0.010030     0.010030     0.010030     0.010029     0.010027     0.010025     0.010023     0.010020     0.010017     0.010014     0.010011     0.010007     0.010004     0.010001     0.009998     0.009996     0.009993     0.009991     0.009989     0.009987     0.009984     0.009982     0.009979     0.009976     0.000000
    0.009832     0.009835     0.009838     0.009840     0.009842     0.009844     0.009846     0.009847     0.009849     0.009851     0.009852     0.009854     0.009856     0.009857     0.009859     0.009860     0.009861     0.009862     0.009862     0.009862     0.009861     0.009860     0.009858     0.009856     0.009853     0.009850     0.009847     0.009844     0.009841     0.009837     0.009835     0.009832     0.009829     0.009827     0.009825     0.009823     0.009820     0.009818     0.009816     0.009813     0.009810     0.000000
    0.009665     0.009668     0.009671     0.009673     0.009675     0.009677     0.009679     0.009680     0.009682     0.009683     0.009685     0.009687     0.009688     0.009690     0.009692     0.009693     0.009694     0.009695     0.009695     0.009695     0.009694     0.009693     0.009691     0.009689     0.009686     0.009683     0.009680     0.009677     0.009674     0.009671     0.009668     0.009666     0.009663     0.009661     0.009659     0.009657     0.009654     0.009652     0.009650     0.009647     0.009644     0.000000
    0.009499     0.009502     0.009504     0.009507     0.009509     0.009510     0.009512     0.009514     0.009515     0.009517     0.009518     0.009520     0.009522     0.009523     0.009525     0.009526     0.009527     0.009528     0.009528     0.009528     0.009527     0.009526     0.009524     0.009522     0.009520     0.009517     0.009514     0.009511     0.009508     0.009505     0.009502     0.009500     0.009497     0.009495     0.009493     0.009491     0.009489     0.009487     0.009484     0.009482     0.009479     0.000000
    0.009333     0.009336     0.009338     0.009340     0.009342     0.009344     0.009346     0.009347     0.009349     0.009350     0.009352     0.009353     0.009355     0.009357     0.009358     0.009360     0.009361     0.009361     0.009362     0.009361     0.009361     0.009360     0.009358     0.009356     0.009354     0.009351     0.009348     0.009345     0.009342     0.009339     0.009337     0.009334     0.009332     0.009330     0.009328     0.009326     0.009324     0.009322     0.009319     0.009317     0.009314     0.000000
    0.009167     0.009170     0.009173     0.009175     0.009177     0.009178     0.009180     0.009181     0.009183     0.009184     0.009186     0.009188     0.009189     0.009191     0.009192     0.009194     0.009195     0.009195     0.009196     0.009196     0.009195     0.009194     0.009192     0.009190     0.009188     0.009185     0.009183     0.009180     0.009177     0.009174     0.009172     0.009169     0.009167     0.009165     0.009163     0.009161     0.009159     0.009157     0.009155     0.009152     0.009149     0.000000
    0.009002     0.009005     0.009007     0.009009     0.009011     0.009013     0.009014     0.009016     0.009017     0.009019     0.009020     0.009022     0.009024     0.009025     0.009027     0.009028     0.009029     0.009030     0.009030     0.009030     0.009029     0.009028     0.009027     0.009025     0.009023     0.009020     0.009018     0.009015     0.009012     0.009009     0.009007     0.009004     0.009002     0.009000     0.008998     0.008996     0.008995     0.008993     0.008990     0.008988     0.008985     0.000000
    0.008837     0.008840     0.008842     0.008844     0.008846     0.008848     0.008849     0.008851     0.008852     0.008854     0.008855     0.008857     0.008858     0.008860     0.008861     0.008863     0.008864     0.008865     0.008865     0.008865     0.008864     0.008863     0.008862     0.008860     0.008858     0.008855     0.008853     0.008850     0.008848     0.008845     0.008842     0.008840     0.008838     0.008836     0.008834     0.008832     0.008831     0.008829     0.008826     0.008824     0.008821     0.000000
    0.008673     0.008675     0.008678     0.008680     0.008682     0.008683     0.008685     0.008686     0.008688     0.008689     0.008691     0.008692     0.008694     0.008695     0.008697     0.008698     0.008699     0.008700     0.008700     0.008700     0.008700     0.008699     0.008697     0.008696     0.008693     0.008691     0.008689     0.008686     0.008683     0.008681     0.008678     0.008676     0.008674     0.008672     0.008670     0.008669     0.008667     0.008665     0.008663     0.008660     0.008658     0.000000
    0.008509     0.008511     0.008514     0.008516     0.008517     0.008519     0.008520     0.008522     0.008523     0.008525     0.008526     0.008528     0.008529     0.008531     0.008532     0.008534     0.008535     0.008535     0.008536     0.008536     0.008535     0.008534     0.008533     0.008531     0.008529     0.008527     0.008525     0.008522     0.008520     0.008517     0.008515     0.008513     0.008511     0.008509     0.008507     0.008505     0.008504     0.008502     0.008500     0.008497     0.008495     0.000000
    0.008345     0.008348     0.008350     0.008352     0.008354     0.008355     0.008357     0.008358     0.008359     0.008361     0.008362     0.008364     0.008365     0.008367     0.008368     0.008370     0.008371     0.008371     0.008372     0.008372     0.008371     0.008371     0.008369     0.008368     0.008366     0.008363     0.008361     0.008359     0.008356     0.008354     0.008352     0.008349     0.008347     0.008346     0.008344     0.008342     0.008341     0.008339     0.008337     0.008334     0.008332     0.000000
    0.008182     0.008184     0.008187     0.008189     0.008190     0.008192     0.008193     0.008194     0.008196     0.008197     0.008199     0.008200     0.008202     0.008203     0.008205     0.008206     0.008207     0.008208     0.008208     0.008208     0.008208     0.008207     0.008206     0.008204     0.008202     0.008200     0.008198     0.008195     0.008193     0.008191     0.008189     0.008187     0.008185     0.008183     0.008181     0.008180     0.008178     0.008176     0.008174     0.008172     0.008169     0.000000
    0.008019     0.008021     0.008024     0.008025     0.008027     0.008029     0.008030     0.008031     0.008033     0.008034     0.008036     0.008037     0.008039     0.008040     0.008041     0.008043     0.008044     0.008045     0.008045     0.008045     0.008045     0.008044     0.008043     0.008041     0.008039     0.008037     0.008035     0.008033     0.008030     0.008028     0.008026     0.008024     0.008022     0.008020     0.008019     0.008017     0.008016     0.008014     0.008012     0.008010     0.008007     0.000000
    0.007856     0.007859     0.007861     0.007863     0.007864     0.007866     0.007867     0.007869     0.007870     0.007871     0.007873     0.007874     0.007876     0.007877     0.007879     0.007880     0.007881     0.007882     0.007882     0.007882     0.007882     0.007881     0.007880     0.007878     0.007877     0.007875     0.007873     0.007870     0.007868     0.007866     0.007864     0.007862     0.007860     0.007858     0.007857     0.007855     0.007854     0.007852     0.007850     0.007848     0.007846     0.000000
    0.007694     0.007697     0.007699     0.007701     0.007702     0.007704     0.007705     0.007706     0.007708     0.007709     0.007710     0.007712     0.007713     0.007715     0.007716     0.007717     0.007718     0.007719     0.007720     0.007720     0.007719     0.007719     0.007718     0.007716     0.007714     0.007712     0.007710     0.007708     0.007706     0.007704     0.007702     0.007700     0.007698     0.007697     0.007695     0.007694     0.007692     0.007690     0.007688     0.007686     0.007684     0.000000
    0.007532     0.007535     0.007537     0.007539     0.007540     0.007542     0.007543     0.007544     0.007545     0.007547     0.007548     0.007550     0.007551     0.007552     0.007554     0.007555     0.007556     0.007557     0.007557     0.007557     0.007557     0.007557     0.007555     0.007554     0.007552     0.007551     0.007549     0.007546     0.007544     0.007542     0.007540     0.007538     0.007537     0.007535     0.007534     0.007532     0.007531     0.007529     0.007527     0.007525     0.007523     0.000000
    0.007371     0.007373     0.007375     0.007377     0.007379     0.007380     0.007381     0.007382     0.007384     0.007385     0.007386     0.007388     0.007389     0.007391     0.007392     0.007393     0.007394     0.007395     0.007396     0.007396     0.007395     0.007395     0.007394     0.007392     0.007391     0.007389     0.007387     0.007385     0.007383     0.007381     0.007379     0.007377     0.007376     0.007374     0.007373     0.007371     0.007370     0.007368     0.007366     0.007364     0.007362     0.000000
    0.007210     0.007212     0.007214     0.007216     0.007217     0.007219     0.007220     0.007221     0.007222     0.007224     0.007225     0.007226     0.007228     0.007229     0.007231     0.007232     0.007233     0.007234     0.007234     0.007234     0.007234     0.007233     0.007232     0.007231     0.007230     0.007228     0.007226     0.007224     0.007222     0.007220     0.007218     0.007216     0.007215     0.007213     0.007212     0.007210     0.007209     0.007207     0.007206     0.007204     0.007202     0.000000
    0.007049     0.007051     0.007053     0.007055     0.007056     0.007058     0.007059     0.007060     0.007061     0.007063     0.007064     0.007065     0.007067     0.007068     0.007069     0.007071     0.007072     0.007072     0.007073     0.007073     0.007073     0.007072     0.007071     0.007070     0.007069     0.007067     0.007065     0.007063     0.007061     0.007059     0.007057     0.007056     0.007054     0.007053     0.007051     0.007050     0.007049     0.007047     0.007045     0.007043     0.007041     0.000000
    0.006889     0.006891     0.006893     0.006894     0.006896     0.006897     0.006898     0.006899     0.006901     0.006902     0.006903     0.006905     0.006906     0.006907     0.006909     0.006910     0.006911     0.006912     0.006912     0.006912     0.006912     0.006911     0.006911     0.006909     0.006908     0.006906     0.006904     0.006903     0.006901     0.006899     0.006897     0.006895     0.006894     0.006893     0.006891     0.006890     0.006888     0.006887     0.006885     0.006883     0.006881     0.000000
    0.006728     0.006731     0.006732     0.006734     0.006735     0.006737     0.006738     0.006739     0.006740     0.006741     0.006743     0.006744     0.006745     0.006747     0.006748     0.006749     0.006750     0.006751     0.006752     0.006752     0.006752     0.006751     0.006750     0.006749     0.006748     0.006746     0.006744     0.006742     0.006741     0.006739     0.006737     0.006736     0.006734     0.006733     0.006731     0.006730     0.006729     0.006727     0.006726     0.006724     0.006722     0.000000
    0.006569     0.006571     0.006572     0.006574     0.006575     0.006577     0.006578     0.006579     0.006580     0.006581     0.006583     0.006584     0.006585     0.006587     0.006588     0.006589     0.006590     0.006591     0.006591     0.006591     0.006591     0.006591     0.006590     0.006589     0.006588     0.006586     0.006584     0.006583     0.006581     0.006579     0.006577     0.006576     0.006574     0.006573     0.006572     0.006570     0.006569     0.006568     0.006566     0.006564     0.006562     0.000000
    0.006409     0.006411     0.006413     0.006414     0.006416     0.006417     0.006418     0.006419     0.006420     0.006421     0.006423     0.006424     0.006425     0.006427     0.006428     0.006429     0.006430     0.006431     0.006431     0.006432     0.006431     0.006431     0.006430     0.006429     0.006428     0.006426     0.006425     0.006423     0.006421     0.006420     0.006418     0.006416     0.006415     0.006414     0.006412     0.006411     0.006410     0.006408     0.006407     0.006405     0.006403     0.000000
    0.006250     0.006252     0.006253     0.006255     0.006256     0.006257     0.006259     0.006260     0.006261     0.006262     0.006263     0.006265     0.006266     0.006267     0.006268     0.006270     0.006270     0.006271     0.006272     0.006272     0.006272     0.006271     0.006271     0.006270     0.006268     0.006267     0.006265     0.006264     0.006262     0.006260     0.006259     0.006257     0.006256     0.006255     0.006253     0.006252     0.006251     0.006250     0.006248     0.006246     0.006244     0.000000
    0.006091     0.006093     0.006094     0.006096     0.006097     0.006098     0.006099     0.006101     0.006102     0.006103     0.006104     0.006105     0.006107     0.006108     0.006109     0.006110     0.006111     0.006112     0.006112     0.006113     0.006113     0.006112     0.006111     0.006110     0.006109     0.006108     0.006106     0.006105     0.006103     0.006101     0.006100     0.006098     0.006097     0.006096     0.006095     0.006093     0.006092     0.006091     0.006089     0.006088     0.006086     0.000000
    0.005932     0.005934     0.005936     0.005937     0.005938     0.005939     0.005941     0.005942     0.005943     0.005944     0.005945     0.005946     0.005948     0.005949     0.005950     0.005951     0.005952     0.005953     0.005953     0.005954     0.005954     0.005953     0.005952     0.005951     0.005950     0.005949     0.005947     0.005946     0.005944     0.005943     0.005941     0.005940     0.005938     0.005937     0.005936     0.005935     0.005934     0.005932     0.005931     0.005929     0.005928     0.000000
    0.005774     0.005775     0.005777     0.005779     0.005780     0.005781     0.005782     0.005783     0.005784     0.005785     0.005786     0.005788     0.005789     0.005790     0.005791     0.005792     0.005793     0.005794     0.005795     0.005795     0.005795     0.005794     0.005794     0.005793     0.005792     0.005790     0.005789     0.005787     0.005786     0.005784     0.005783     0.005781     0.005780     0.005779     0.005778     0.005777     0.005776     0.005774     0.005773     0.005771     0.005770     0.000000
    0.005615     0.005617     0.005619     0.005620     0.005621     0.005623     0.005624     0.005625     0.005626     0.005627     0.005628     0.005629     0.005630     0.005632     0.005633     0.005634     0.005635     0.005636     0.005636     0.005636     0.005636     0.005636     0.005635     0.005634     0.005633     0.005632     0.005631     0.005629     0.005628     0.005626     0.005625     0.005623     0.005622     0.005621     0.005620     0.005619     0.005618     0.005616     0.005615     0.005613     0.005612     0.000000
    0.005458     0.005459     0.005461     0.005462     0.005463     0.005465     0.005466     0.005467     0.005468     0.005469     0.005470     0.005471     0.005472     0.005474     0.005475     0.005476     0.005477     0.005477     0.005478     0.005478     0.005478     0.005478     0.005477     0.005476     0.005475     0.005474     0.005473     0.005471     0.005470     0.005468     0.005467     0.005466     0.005464     0.005463     0.005462     0.005461     0.005460     0.005459     0.005457     0.005456     0.005454     0.000000
    0.005300     0.005302     0.005303     0.005305     0.005306     0.005307     0.005308     0.005309     0.005310     0.005311     0.005312     0.005313     0.005314     0.005316     0.005317     0.005318     0.005319     0.005320     0.005320     0.005320     0.005320     0.005320     0.005319     0.005319     0.005317     0.005316     0.005315     0.005313     0.005312     0.005311     0.005309     0.005308     0.005307     0.005306     0.005305     0.005304     0.005303     0.005301     0.005300     0.005299     0.005297     0.000000
    0.005143     0.005144     0.005146     0.005147     0.005148     0.005149     0.005150     0.005151     0.005152     0.005153     0.005154     0.005156     0.005157     0.005158     0.005159     0.005160     0.005161     0.005162     0.005162     0.005163     0.005163     0.005162     0.005162     0.005161     0.005160     0.005159     0.005157     0.005156     0.005155     0.005153     0.005152     0.005151     0.005150     0.005148     0.005147     0.005146     0.005145     0.005144     0.005143     0.005141     0.005140     0.000000
    0.004986     0.004987     0.004989     0.004990     0.004991     0.004992     0.004993     0.004994     0.004995     0.004996     0.004997     0.004998     0.004999     0.005001     0.005002     0.005003     0.005004     0.005004     0.005005     0.005005     0.005005     0.005005     0.005004     0.005004     0.005003     0.005001     0.005000     0.004999     0.004997     0.004996     0.004995     0.004994     0.004993     0.004991     0.004990     0.004989     0.004988     0.004987     0.004986     0.004985     0.004983     0.000000
    0.004829     0.004830     0.004832     0.004833     0.004834     0.004835     0.004836     0.004837     0.004838     0.004839     0.004840     0.004841     0.004842     0.004843     0.004845     0.004846     0.004847     0.004847     0.004848     0.004848     0.004848     0.004848     0.004847     0.004847     0.004846     0.004844     0.004843     0.004842     0.004841     0.004839     0.004838     0.004837     0.004836     0.004835     0.004834     0.004833     0.004832     0.004831     0.004829     0.004828     0.004826     0.000000
    0.004672     0.004674     0.004675     0.004676     0.004677     0.004678     0.004679     0.004680     0.004681     0.004682     0.004683     0.004684     0.004685     0.004687     0.004688     0.004689     0.004690     0.004690     0.004691     0.004691     0.004691     0.004691     0.004690     0.004690     0.004689     0.004688     0.004686     0.004685     0.004684     0.004683     0.004681     0.004680     0.004679     0.004678     0.004677     0.004676     0.004675     0.004674     0.004673     0.004672     0.004670     0.000000
    0.004516     0.004517     0.004519     0.004520     0.004521     0.004522     0.004523     0.004524     0.004525     0.004526     0.004527     0.004528     0.004529     0.004530     0.004531     0.004532     0.004533     0.004534     0.004534     0.004534     0.004535     0.004534     0.004534     0.004533     0.004532     0.004531     0.004530     0.004529     0.004527     0.004526     0.004525     0.004524     0.004523     0.004522     0.004521     0.004520     0.004519     0.004518     0.004517     0.004515     0.004514     0.000000
    0.004360     0.004361     0.004362     0.004364     0.004365     0.004366     0.004366     0.004367     0.004368     0.004369     0.004370     0.004371     0.004372     0.004374     0.004375     0.004376     0.004377     0.004377     0.004378     0.004378     0.004378     0.004378     0.004377     0.004377     0.004376     0.004375     0.004374     0.004372     0.004371     0.004370     0.004369     0.004368     0.004367     0.004366     0.004365     0.004364     0.004363     0.004362     0.004361     0.004359     0.004358     0.000000
    0.004204     0.004205     0.004206     0.004208     0.004209     0.004209     0.004210     0.004211     0.004212     0.004213     0.004214     0.004215     0.004216     0.004217     0.004218     0.004219     0.004220     0.004221     0.004222     0.004222     0.004222     0.004222     0.004221     0.004221     0.004220     0.004219     0.004218     0.004216     0.004215     0.004214     0.004213     0.004212     0.004211     0.004210     0.004209     0.004208     0.004207     0.004206     0.004205     0.004204     0.004202     0.000000
    0.004048     0.004049     0.004051     0.004052     0.004053     0.004054     0.004055     0.004055     0.004056     0.004057     0.004058     0.004059     0.004060     0.004061     0.004063     0.004064     0.004064     0.004065     0.004066     0.004066     0.004066     0.004066     0.004065     0.004065     0.004064     0.004063     0.004062     0.004061     0.004059     0.004058     0.004057     0.004056     0.004055     0.004054     0.004053     0.004052     0.004051     0.004050     0.004049     0.004048     0.004047     0.000000
    0.003892     0.003894     0.003895     0.003896     0.003897     0.003898     0.003899     0.003900     0.003901     0.003902     0.003903     0.003904     0.003905     0.003906     0.003907     0.003908     0.003909     0.003909     0.003910     0.003910     0.003910     0.003910     0.003910     0.003909     0.003908     0.003907     0.003906     0.003905     0.003904     0.003903     0.003902     0.003900     0.003900     0.003899     0.003898     0.003897     0.003896     0.003895     0.003894     0.003893     0.003891     0.000000
    0.003737     0.003738     0.003740     0.003741     0.003742     0.003743     0.003743     0.003744     0.003745     0.003746     0.003747     0.003748     0.003749     0.003750     0.003751     0.003752     0.003753     0.003754     0.003754     0.003755     0.003755     0.003755     0.003754     0.003754     0.003753     0.003752     0.003751     0.003750     0.003748     0.003747     0.003746     0.003745     0.003744     0.003743     0.003742     0.003742     0.003741     0.003740     0.003739     0.003738     0.003736     0.000000
    0.003582     0.003583     0.003585     0.003586     0.003587     0.003587     0.003588     0.003589     0.003590     0.003591     0.003592     0.003593     0.003594     0.003595     0.003596     0.003597     0.003598     0.003599     0.003599     0.003599     0.003599     0.003599     0.003599     0.003598     0.003597     0.003597     0.003596     0.003594     0.003593     0.003592     0.003591     0.003590     0.003589     0.003588     0.003587     0.003587     0.003586     0.003585     0.003584     0.003583     0.003581     0.000000
    0.003427     0.003428     0.003430     0.003431     0.003432     0.003432     0.003433     0.003434     0.003435     0.003436     0.003437     0.003438     0.003439     0.003440     0.003441     0.003442     0.003443     0.003444     0.003444     0.003444     0.003444     0.003444     0.003444     0.003443     0.003442     0.003442     0.003441     0.003439     0.003438     0.003437     0.003436     0.003435     0.003434     0.003433     0.003433     0.003432     0.003431     0.003430     0.003429     0.003428     0.003427     0.000000
    0.003272     0.003274     0.003275     0.003276     0.003277     0.003278     0.003278     0.003279     0.003280     0.003281     0.003282     0.003283     0.003284     0.003285     0.003286     0.003287     0.003288     0.003289     0.003289     0.003290     0.003290     0.003289     0.003289     0.003288     0.003288     0.003287     0.003286     0.003285     0.003284     0.003283     0.003281     0.003280     0.003280     0.003279     0.003278     0.003277     0.003276     0.003275     0.003274     0.003273     0.003272     0.000000
    0.003118     0.003119     0.003120     0.003121     0.003122     0.003123     0.003124     0.003125     0.003126     0.003126     0.003127     0.003128     0.003129     0.003131     0.003132     0.003133     0.003133     0.003134     0.003135     0.003135     0.003135     0.003135     0.003134     0.003134     0.003133     0.003132     0.003131     0.003130     0.003129     0.003128     0.003127     0.003126     0.003125     0.003124     0.003123     0.003123     0.003122     0.003121     0.003120     0.003119     0.003118     0.000000
    0.002964     0.002965     0.002966     0.002967     0.002968     0.002969     0.002969     0.002970     0.002971     0.002972     0.002973     0.002974     0.002975     0.002976     0.002977     0.002978     0.002979     0.002980     0.002980     0.002981     0.002981     0.002980     0.002980     0.002980     0.002979     0.002978     0.002977     0.002976     0.002975     0.002974     0.002973     0.002972     0.002971     0.002970     0.002969     0.002968     0.002967     0.002967     0.002966     0.002965     0.002963     0.000000
    0.002809     0.002811     0.002812     0.002813     0.002814     0.002814     0.002815     0.002816     0.002817     0.002818     0.002819     0.002820     0.002821     0.002822     0.002823     0.002824     0.002825     0.002826     0.002826     0.002826     0.002826     0.002826     0.002826     0.002825     0.002825     0.002824     0.002823     0.002822     0.002821     0.002819     0.002818     0.002817     0.002817     0.002816     0.002815     0.002814     0.002813     0.002813     0.002812     0.002811     0.002809     0.000000
    0.002656     0.002657     0.002658     0.002659     0.002660     0.002660     0.002661     0.002662     0.002663     0.002664     0.002665     0.002666     0.002667     0.002668     0.002669     0.002670     0.002671     0.002672     0.002672     0.002672     0.002673     0.002672     0.002672     0.002671     0.002671     0.002670     0.002669     0.002668     0.002667     0.002666     0.002664     0.002664     0.002663     0.002662     0.002661     0.002660     0.002659     0.002659     0.002658     0.002657     0.002656     0.000000
    0.002502     0.002503     0.002504     0.002505     0.002506     0.002506     0.002507     0.002508     0.002509     0.002510     0.002511     0.002512     0.002513     0.002514     0.002515     0.002516     0.002517     0.002518     0.002518     0.002519     0.002519     0.002519     0.002518     0.002518     0.002517     0.002516     0.002515     0.002514     0.002513     0.002512     0.002511     0.002510     0.002509     0.002508     0.002507     0.002506     0.002506     0.002505     0.002504     0.002503     0.002502     0.000000
    0.002348     0.002349     0.002350     0.002351     0.002352     0.002353     0.002354     0.002354     0.002355     0.002356     0.002357     0.002358     0.002359     0.002360     0.002362     0.002363     0.002364     0.002364     0.002365     0.002365     0.002365     0.002365     0.002365     0.002364     0.002363     0.002363     0.002361     0.002360     0.002359     0.002358     0.002357     0.002356     0.002355     0.002354     0.002354     0.002353     0.002352     0.002351     0.002350     0.002349     0.002348     0.000000
    0.002195     0.002196     0.002197     0.002198     0.002198     0.002199     0.002200     0.002201     0.002202     0.002203     0.002204     0.002205     0.002206     0.002207     0.002208     0.002209     0.002210     0.002211     0.002212     0.002212     0.002212     0.002212     0.002212     0.002211     0.002210     0.002209     0.002208     0.002207     0.002206     0.002205     0.002204     0.002203     0.002202     0.002201     0.002200     0.002199     0.002199     0.002198     0.002197     0.002196     0.002195     0.000000
    0.002041     0.002042     0.002043     0.002044     0.002045     0.002046     0.002047     0.002047     0.002048     0.002049     0.002050     0.002051     0.002053     0.002054     0.002055     0.002056     0.002057     0.002058     0.002059     0.002059     0.002059     0.002059     0.002059     0.002058     0.002057     0.002056     0.002055     0.002054     0.002053     0.002051     0.002050     0.002049     0.002048     0.002048     0.002047     0.002046     0.002045     0.002044     0.002044     0.002043     0.002042     0.000000
    0.001888     0.001889     0.001890     0.001891     0.001892     0.001893     0.001893     0.001894     0.001895     0.001896     0.001897     0.001898     0.001900     0.001901     0.001902     0.001903     0.001904     0.001905     0.001906     0.001906     0.001906     0.001906     0.001906     0.001905     0.001904     0.001903     0.001902     0.001901     0.001900     0.001898     0.001897     0.001896     0.001895     0.001894     0.001894     0.001893     0.001892     0.001891     0.001891     0.001890     0.001889     0.000000
    0.001735     0.001736     0.001737     0.001738     0.001739     0.001739     0.001740     0.001741     0.001742     0.001743     0.001744     0.001745     0.001747     0.001748     0.001749     0.001750     0.001752     0.001753     0.001753     0.001754     0.001754     0.001754     0.001753     0.001753     0.001752     0.001751     0.001749     0.001748     0.001747     0.001746     0.001744     0.001743     0.001742     0.001741     0.001741     0.001740     0.001739     0.001738     0.001738     0.001737     0.001736     0.000000
    0.001582     0.001583     0.001584     0.001585     0.001586     0.001587     0.001587     0.001588     0.001589     0.001590     0.001591     0.001593     0.001594     0.001595     0.001597     0.001598     0.001599     0.001600     0.001601     0.001601     0.001602     0.001601     0.001601     0.001600     0.001599     0.001598     0.001597     0.001596     0.001594     0.001593     0.001592     0.001590     0.001589     0.001588     0.001588     0.001587     0.001586     0.001585     0.001585     0.001584     0.001583     0.000000
    0.001430     0.001431     0.001431     0.001432     0.001433     0.001434     0.001434     0.001435     0.001436     0.001437     0.001439     0.001440     0.001441     0.001443     0.001444     0.001446     0.001447     0.001448     0.001449     0.001449     0.001450     0.001450     0.001449     0.001448     0.001447     0.001446     0.001445     0.001443     0.001442     0.001440     0.001439     0.001438     0.001437     0.001436     0.001435     0.001434     0.001433     0.001433     0.001432     0.001431     0.001430     0.000000
    0.001277     0.001278     0.001279     0.001280     0.001280     0.001281     0.001282     0.001283     0.001284     0.001285     0.001286     0.001288     0.001289     0.001291     0.001292     0.001294     0.001295     0.001296     0.001297     0.001298     0.001298     0.001298     0.001297     0.001297     0.001295     0.001294     0.001293     0.001291     0.001289     0.001288     0.001286     0.001285     0.001284     0.001283     0.001282     0.001281     0.001281     0.001280     0.001279     0.001279     0.001278     0.000000
    0.001125     0.001126     0.001126     0.001127     0.001128     0.001128     0.001129     0.001130     0.001131     0.001132     0.001134     0.001135     0.001137     0.001139     0.001141     0.001142     0.001144     0.001145     0.001146     0.001147     0.001147     0.001147     0.001146     0.001145     0.001144     0.001142     0.001141     0.001139     0.001137     0.001136     0.001134     0.001133     0.001131     0.001130     0.001130     0.001129     0.001128     0.001128     0.001127     0.001126     0.001125     0.000000
    0.000972     0.000973     0.000974     0.000975     0.000975     0.000976     0.000977     0.000977     0.000978     0.000980     0.000981     0.000983     0.000985     0.000987     0.000989     0.000991     0.000993     0.000994     0.000995     0.000996     0.000996     0.000996     0.000995     0.000994     0.000993     0.000991     0.000989     0.000987     0.000985     0.000983     0.000982     0.000980     0.000979     0.000978     0.000977     0.000976     0.000976     0.000975     0.000975     0.000974     0.000973     0.000000
    0.000820     0.000821     0.000822     0.000822     0.000823     0.000823     0.000824     0.000825     0.000826     0.000827     0.000829     0.000831     0.000833     0.000835     0.000838     0.000840     0.000842     0.000843     0.000845     0.000845     0.000846     0.000845     0.000845     0.000843     0.000842     0.000840     0.000838     0.000836     0.000833     0.000831     0.000829     0.000828     0.000826     0.000825     0.000825     0.000824     0.000823     0.000823     0.000822     0.000822     0.000821     0.000000
    0.000668     0.000669     0.000670     0.000670     0.000670     0.000671     0.000671     0.000672     0.000673     0.000675     0.000677     0.000679     0.000681     0.000684     0.000687     0.000689     0.000691     0.000693     0.000695     0.000695     0.000696     0.000696     0.000695     0.000693     0.000691     0.000689     0.000687     0.000684     0.000682     0.000679     0.000677     0.000676     0.000674     0.000673     0.000672     0.000671     0.000671     0.000671     0.000670     0.000670     0.000669     0.000000
    0.000516     0.000517     0.000517     0.000518     0.000518     0.000518     0.000519     0.000520     0.000521     0.000523     0.000525     0.000527     0.000530     0.000533     0.000536     0.000539     0.000541     0.000543     0.000545     0.000546     0.000547     0.000546     0.000545     0.000544     0.000541     0.000539     0.000536     0.000533     0.000530     0.000528     0.000525     0.000523     0.000522     0.000520     0.000519     0.000519     0.000519     0.000518     0.000518     0.000518     0.000517     0.000000
    0.000365     0.000365     0.000365     0.000365     0.000365     0.000366     0.000366     0.000367     0.000368     0.000370     0.000373     0.000375     0.000379     0.000382     0.000385     0.000389     0.000392     0.000394     0.000396     0.000398     0.000398     0.000398     0.000396     0.000395     0.000392     0.000389     0.000386     0.000382     0.000379     0.000376     0.000373     0.000371     0.000369     0.000368     0.000367     0.000366     0.000366     0.000366     0.000366     0.000366     0.000366     0.000000
    0.000217     0.000214     0.000213     0.000213     0.000213     0.000213     0.000213     0.000214     0.000216     0.000218     0.000220     0.000224     0.000227     0.000231     0.000235     0.000239     0.000243     0.000246     0.000248     0.000250     0.000250     0.000250     0.000248     0.000246     0.000243     0.000240     0.000236     0.000232     0.000228     0.000224     0.000221     0.000218     0.000216     0.000215     0.000214     0.000213     0.000213     0.000213     0.000214     0.000214     0.000217     0.000000
    0.000059     0.000061     0.000061     0.000061     0.000060     0.000060     0.000060     0.000061     0.000062     0.000065     0.000068     0.000072     0.000076     0.000081     0.000086     0.000091     0.000096     0.000100     0.000103     0.000105     0.000105     0.000105     0.000103     0.000100     0.000096     0.000092     0.000087     0.000082     0.000077     0.000072     0.000069     0.000065     0.000063     0.000062     0.000061     0.000061     0.000061     0.000061     0.000062     0.000062     0.000060     0.000000
    0.000000     0.000000     0.000000     0.000000     0.000000     0.000000     0.000000     0.000000     0.000000     0.000000     0.000000     0.000000     0.000000     0.000000     0.000000     0.000000     0.000000     0.000000     0.000000     0.000000     0.000000     0.000000     0.000000     0.000000     0.000000     0.000000     0.000000     0.000000     0.000000     0.000000     0.000000     0.000000     0.000000     0.000000     0.000000     0.000000     0.000000     0.000000     0.000000     0.000000     0.000000     0.000000
