    0.003719     0.019350     0.038054     0.056114     0.073529     0.090298     0.106423     0.121903     0.136737     0.150927     0.164472     0.177372     0.189626     0.201236     0.212201     0.222521     0.232196     0.241225     0.249610     0.257350     0.264445     0.270895     0.276700     0.281860     0.286375     0.290245     0.293469     0.296049     0.297984     0.299274     0.299919     0.299919     0.299274     0.297984     0.296049     0.293469     0.290245     0.286375     0.281860     0.276700     0.270895     0.264445     0.257350     0.249610     0.241225     0.232196     0.222521     0.212201     0.201236     0.189626     0.177372     0.164472     0.150927     0.136737     0.121903     0.106423     0.090298     0.073529     0.056114     0.038054     0.019329    -0.003658
    0.003724     0.019373     0.038117     0.056217     0.073658     0.090441     0.106572     0.122052     0.136885     0.151072     0.164612     0.177507     0.189755     0.201357     0.212312     0.222621     0.232283     0.241297     0.249665     0.257385     0.264458     0.270885     0.276665     0.281799     0.286287     0.290131     0.293331     0.295888     0.297802     0.299075     0.299706     0.299697     0.299048     0.297759     0.295829     0.293259     0.290048     0.286195     0.281700     0.276562     0.270780     0.264355     0.257284     0.249567     0.241205     0.232197     0.222542     0.212241     0.201293     0.189698     0.177457     0.164569     0.151035     0.136854     0.122026     0.106550     0.090424     0.073644     0.056207     0.038108     0.019355    -0.003664
    0.003746     0.019482     0.038330     0.056521     0.074027     0.090851     0.107002     0.122490     0.137322     0.151502     0.165031     0.177910     0.190140     0.201719     0.212646     0.222921     0.232544     0.241513     0.249828     0.257490     0.264498     0.270854     0.276559     0.281615     0.286025     0.289791     0.292915     0.295403     0.297255     0.298476     0.299068     0.299033     0.298371     0.297084     0.295170     0.292629     0.289459     0.285657     0.281222     0.276150     0.270438     0.264084     0.257085     0.249440     0.241146     0.232202     0.222607     0.212361     0.201463     0.189914     0.177712     0.164860     0.151355     0.137198     0.122386     0.106916     0.090781     0.073972     0.056480     0.038301     0.019459    -0.003684
    0.003793     0.019688     0.038703     0.057027     0.074631     0.091519     0.107707     0.123212     0.138045     0.152216     0.165728     0.178584     0.190783     0.202323     0.213205     0.223425     0.232982     0.241875     0.250104     0.257668     0.264568     0.270806     0.276386     0.281311     0.285588     0.289222     0.292221     0.294591     0.296340     0.297474     0.297999     0.297919     0.297237     0.295953     0.294066     0.291575     0.288474     0.284759     0.280424     0.275463     0.269869     0.263635     0.256757     0.249230     0.241050     0.232214     0.222719     0.212565     0.201750     0.190276     0.178140     0.165345     0.151888     0.137768     0.122980     0.107517     0.091365     0.074510     0.056936     0.038641     0.019649    -0.003723
    0.003863     0.019991     0.039238     0.057739     0.075471     0.092445     0.108685     0.124214     0.139052     0.153214     0.166705     0.179529     0.191687     0.203177     0.213995     0.224139     0.233606     0.242393     0.250500     0.257926     0.264674     0.270745     0.276148     0.280888     0.284976     0.288423     0.291242     0.293445     0.295046     0.296056     0.296486     0.296342     0.295631     0.294352     0.292505     0.290085     0.287084     0.283494     0.279302     0.274499     0.269072     0.263010     0.256303     0.248943     0.240923     0.232238     0.222884     0.212859     0.202161     0.190790     0.178746     0.166029     0.152637     0.138566     0.123808     0.108351     0.092176     0.075259     0.057581     0.039130     0.019929    -0.003780
    0.003956     0.020389     0.039934     0.058656     0.076547     0.093628     0.109934     0.125497     0.140345     0.154498     0.167965     0.180752     0.192860     0.204286     0.215025     0.225073     0.234425     0.243077     0.251028     0.258277     0.264826     0.270682     0.275852     0.280349     0.284188     0.287388     0.289969     0.291951     0.293356     0.294202     0.294505     0.294278     0.293529     0.292259     0.290465     0.288141     0.285274     0.281849     0.277848     0.273254     0.268047     0.262210     0.255727     0.248586     0.240775     0.232286     0.223113     0.213253     0.202704     0.191466     0.179537     0.166918     0.153607     0.139596     0.124874     0.109423     0.093217     0.076225     0.058415     0.039769     0.020297    -0.003855
    0.004072     0.020879     0.040787     0.059778     0.077860     0.095070     0.111456     0.127062     0.141926     0.156071     0.169513     0.182259     0.194310     0.205661     0.216307     0.226241     0.235455     0.243944     0.251705     0.258736     0.265041     0.270627     0.275507     0.279698     0.283224     0.286111     0.288390     0.290091     0.291246     0.291883     0.292027     0.291694     0.290898     0.289640     0.287917     0.285717     0.283022     0.279809     0.276051     0.271722     0.266793     0.261240     0.255038     0.248168     0.240616     0.232369     0.223419     0.213761     0.203393     0.192315     0.180525     0.168024     0.154807     0.140866     0.126185     0.110740     0.094497     0.077412     0.059444     0.040558     0.020752    -0.003948
    0.004208     0.021457     0.041795     0.061102     0.079409     0.096771     0.113252     0.128912     0.143796     0.157938     0.171356     0.184059     0.196048     0.207317     0.217858     0.227662     0.236717     0.245016     0.252553     0.259326     0.265337     0.270598     0.275125     0.278943     0.282084     0.284585     0.286489     0.287841     0.288686     0.289064     0.289009     0.288547     0.287694     0.286454     0.284822     0.282779     0.280301     0.277353     0.273898     0.269897     0.265311     0.260104     0.254244     0.247704     0.240463     0.232505     0.223819     0.214400     0.204245     0.193353     0.181725     0.169358     0.156250     0.142387     0.127752     0.112311     0.096020     0.078826     0.060669     0.041499     0.021295    -0.004059
    0.004364     0.022122     0.042953     0.062625     0.081191     0.098729     0.115323     0.131048     0.145961     0.160104     0.173501     0.186161     0.198086     0.209268     0.219697     0.229357     0.238236     0.246320     0.253601     0.260074     0.265743     0.270620     0.274727     0.278095     0.280769     0.282800     0.284247     0.285172     0.285636     0.285695     0.285397     0.284778     0.283858     0.282645     0.281128     0.279284     0.277075     0.274455     0.271372     0.267773     0.263603     0.258813     0.253361     0.247211     0.240336     0.232715     0.224336     0.215192     0.205280     0.194600     0.183152     0.170937     0.157948     0.144172     0.129583     0.114143     0.097796     0.080473     0.062096     0.042594     0.021926    -0.004188
    0.004540     0.022870     0.044259     0.064344     0.083203     0.100942     0.117667     0.133470     0.148423     0.162575     0.175955     0.188577     0.200440     0.211535     0.221846     0.231355     0.240042     0.247890     0.254884     0.261018     0.266294     0.270724     0.274335     0.277171     0.279286     0.280750     0.281642     0.282046     0.282046     0.281717     0.281124     0.280315     0.279318     0.278142     0.276772     0.275175     0.273301     0.271085     0.268456     0.265342     0.261671     0.257378     0.252407     0.246713     0.240262     0.233029     0.224999     0.216164     0.206524     0.196078     0.184829     0.172778     0.159918     0.146232     0.131692     0.116248     0.099832     0.082358     0.063728     0.043845     0.022646    -0.004335
    0.004733     0.023699     0.045707     0.066252     0.085441     0.103408     0.120283     0.136180     0.151184     0.165355     0.178728     0.191319     0.203126     0.214138     0.224333     0.233687     0.242173     0.249767     0.256449     0.262205     0.267035     0.270951     0.273987     0.276193     0.277642     0.278425     0.278646     0.278419     0.277854     0.277054     0.276103     0.275067     0.273982     0.272857     0.271675     0.270388     0.268927     0.267206     0.265130     0.262601     0.259525     0.255818     0.251410     0.246243     0.240276     0.233481     0.225841     0.217350     0.208006     0.197815     0.186780     0.174903     0.162177     0.148585     0.134090     0.118635     0.102137     0.084489     0.065570     0.045257     0.023459    -0.004501
    0.004945     0.024605     0.047293     0.068344     0.087899     0.106121     0.123168     0.139175     0.154245     0.168448     0.181828     0.194399     0.206162     0.217100     0.227186     0.236389     0.244672     0.252003     0.258350     0.263694     0.268026     0.271360     0.273729     0.275197     0.275855     0.275820     0.275230     0.274235     0.272983     0.271610     0.270228     0.268919     0.267732     0.266680     0.265736     0.264838     0.263891     0.262779     0.261375     0.259549     0.257180     0.254161     0.250405     0.245841     0.240422     0.234115     0.226905     0.218786     0.209762     0.199841     0.189030     0.177333     0.164745     0.151245     0.136791     0.121315     0.104718     0.086872     0.067628     0.046833     0.024365    -0.004686
    0.005174     0.025584     0.049010     0.070614     0.090569     0.109074     0.126315     0.142452     0.157605     0.171858     0.185259     0.197829     0.209565     0.220446     0.230439     0.239502     0.247590     0.254656     0.260656     0.265559     0.269346     0.272024     0.273629     0.274235     0.273952     0.272933     0.271359     0.269428     0.267338     0.265268     0.263362     0.261727     0.260425     0.259472     0.258834     0.258425     0.258119     0.257758     0.257173     0.256193     0.254663     0.252448     0.249442     0.245562     0.240754     0.234985     0.228241     0.220521     0.211833     0.202192     0.191610     0.180094     0.167642     0.154229     0.139807     0.124298     0.107584     0.089514     0.069906     0.048576     0.025367    -0.004891
    0.005418     0.026633     0.050850     0.073050     0.093442     0.112258     0.129717     0.146005     0.161261     0.175584     0.189029     0.201619     0.213352     0.224201     0.234125     0.243073     0.250984     0.257796     0.263449     0.267891     0.271091     0.273043     0.273778     0.273378     0.271979     0.269772     0.266995     0.263916     0.260799     0.257879     0.255339     0.253311     0.251877     0.251059     0.250814     0.251027     0.251525     0.252096     0.252512     0.252551     0.252014     0.250736     0.248588     0.245476     0.241343     0.236157     0.229908     0.222605     0.214264     0.204906     0.194551     0.183213     0.170888     0.157552     0.143151     0.127593     0.110742     0.092418     0.072408     0.050489     0.026467    -0.005116
    0.005677     0.027746     0.052806     0.075643     0.096505     0.115660     0.133363     0.149824     0.165207     0.179622     0.193137     0.205777     0.217537     0.228388     0.238281     0.247149     0.254917     0.261504     0.266825     0.270806     0.273389     0.274548     0.274302     0.272735     0.270005     0.266354     0.262097     0.257597     0.253214     0.249256     0.245948     0.243448     0.241859     0.241220     0.241481     0.242490     0.244008     0.245744     0.247392     0.248660     0.249299     0.249106     0.247931     0.245673     0.242274     0.237709     0.231978     0.225101     0.217106     0.208025     0.197888     0.186714     0.174503     0.161230     0.146834     0.131208     0.114195     0.095588     0.075136     0.052573     0.027666    -0.005361
    0.005948     0.028916     0.054864     0.078378     0.099742     0.119266     0.137237     0.153897     0.169431     0.183967     0.197581     0.210304     0.222132     0.233029     0.242938     0.251779     0.259458     0.265869     0.270900     0.274442     0.276401     0.276715     0.275378     0.272462     0.268144     0.262724     0.256620     0.250336     0.244383     0.239164     0.234935     0.231860     0.230078     0.229669     0.230587     0.232627     0.235454     0.238661     0.241831     0.244587     0.246613     0.247670     0.247589     0.246268     0.243653     0.239735     0.234531     0.228075     0.220414     0.211594     0.201655     0.190625     0.178508     0.165277     0.150863     0.135147     0.117947     0.099024     0.078088     0.054828     0.028963    -0.005626
    0.006231     0.030135     0.057013     0.081238     0.103137     0.123057     0.141323     0.158207     0.173919     0.188604     0.202352     0.215198     0.227140     0.238138     0.248125     0.257008     0.264674     0.270988     0.275802     0.278964     0.280327     0.279773     0.277247     0.272787     0.266573     0.258964     0.250513     0.241946     0.234029     0.227305     0.221995     0.218215     0.216163     0.216030     0.217803     0.221202     0.225734     0.230818     0.235884     0.240440     0.244099     0.246584     0.247718     0.247403     0.245609     0.242346     0.237658     0.231604     0.224249     0.215659     0.205887     0.194970     0.182917     0.169701     0.155245     0.139412     0.121997     0.102725     0.081263     0.057251     0.030356    -0.005911
    0.006521     0.031394     0.059237     0.084205     0.106666     0.127010     0.145596     0.162731     0.178649     0.193517     0.207435     0.220448     0.232557     0.243719     0.253861     0.262876     0.270630     0.276960     0.281675     0.284566     0.285415     0.284023     0.280245     0.274048     0.265580     0.255235     0.243729     0.232136     0.221733     0.213296     0.206807     0.202132     0.199629     0.199782     0.202684     0.207914     0.214713     0.222225     0.229665     0.236399     0.241965     0.246061     0.248516     0.249259     0.248293     0.245668     0.241462     0.235765     0.228670     0.220263     0.210614     0.199769     0.187745     0.174510     0.159980     0.144000     0.126339     0.106683     0.084654     0.059836     0.031843    -0.006215
    0.006818     0.032682     0.061517     0.087256     0.110306     0.131098     0.150030     0.167441     0.183595     0.198677     0.212804     0.226033     0.238366     0.249765     0.260150     0.269406     0.277379     0.283877     0.288664     0.291463     0.291964     0.289848     0.284831     0.276742     0.265624     0.251847     0.236241     0.220390     0.206765     0.196659     0.189143     0.183242     0.179826     0.180173     0.184602     0.192389     0.202274     0.212964     0.223383     0.232739     0.240507     0.246385     0.250237     0.252050     0.251883     0.249841     0.246050     0.240640     0.233736     0.225447     0.215862     0.205039     0.192997     0.179704     0.165065     0.148905     0.130963     0.110888     0.088248     0.062573     0.033417    -0.006537
    0.007117     0.033986     0.063834     0.090365     0.114027     0.135291     0.154593     0.172306     0.188722     0.204051     0.218427     0.231918     0.244537     0.256249     0.266976     0.276598     0.284948     0.291810     0.296903     0.299879     0.300315     0.297726     0.291616     0.281572     0.267424     0.249385     0.228133     0.205656     0.187624     0.176819     0.169272     0.161357     0.155833     0.156064     0.162681     0.174191     0.188370     0.203253     0.217403     0.229879     0.240136     0.247924     0.253195     0.256029     0.256575     0.255013     0.251529     0.246304     0.239497     0.231244     0.221651     0.210786     0.198673     0.185276     0.170487     0.154111     0.135854     0.115322     0.092031     0.065450     0.035070    -0.006875
    0.007416     0.035294     0.066165     0.093505     0.117799     0.139555     0.159249     0.177287     0.193991     0.209596     0.224257     0.238056     0.251020     0.263123     0.274295     0.284418     0.293325     0.300786     0.306490     0.310019     0.310824     0.308208     0.301350     0.289428     0.271893     0.248741     0.219823     0.185571     0.160865     0.153326     0.149273     0.136931     0.126289     0.125778     0.135791     0.152917     0.173127     0.193515     0.212282     0.228401     0.241391     0.251140     0.257761     0.261481     0.262579     0.261332     0.258003     0.252824     0.245993     0.237673     0.227985     0.217007     0.204763     0.191211     0.176229     0.159598     0.140989     0.119963     0.095982     0.068449     0.036790    -0.007226
    0.007710     0.036591     0.068487     0.096645     0.121585     0.143852     0.163957     0.182340     0.199355     0.215262     0.230238     0.244386     0.257747     0.270312     0.282026     0.292785     0.302438     0.310762     0.317438     0.322003     0.323787     0.321819     0.314766     0.300999     0.279207     0.249899     0.212120     0.155071     0.118961     0.127264     0.136878     0.111885     0.089302     0.087450     0.102924     0.128404     0.156849     0.184302     0.208697     0.229002     0.244905     0.256555     0.264334     0.268698     0.270096     0.268931     0.265551     0.260244     0.253244     0.244737     0.234856     0.223684     0.211244     0.197483     0.182262     0.165336     0.146339     0.124784     0.100073     0.071547     0.038565    -0.007588
    0.007995     0.037863     0.070775     0.099754     0.125350     0.148142     0.168673     0.187418     0.204760     0.220989     0.236304     0.250830     0.264630     0.277714     0.290051     0.301566     0.312139     0.321584     0.329611     0.335753     0.339230     0.338713     0.331952     0.315407     0.284988     0.244673     0.199614     0.108325     0.062027     0.054462     0.068394     0.062659     0.043733     0.041755     0.064248     0.100576     0.139386     0.175637     0.206972     0.232191     0.251216     0.264637     0.273273     0.277927     0.279284     0.277901     0.274217     0.268575     0.261240     0.252413     0.242234     0.230784     0.218079     0.204054     0.188549     0.171289     0.151868     0.129747     0.104272     0.074718     0.040377    -0.007958
    0.008269     0.039093     0.073003     0.102799     0.129056     0.152381     0.173350     0.192469     0.210151     0.226713     0.242380     0.257302     0.271563     0.285200     0.298211     0.310560     0.322175     0.332930     0.342594     0.350724     0.356429     0.357888     0.351436     0.329637     0.276611     0.201902     0.132323     0.000000     0.000000     0.000000     0.000000     0.000000     0.000000    -0.000173     0.021302     0.066438     0.117634     0.165287     0.206024     0.237653     0.260372     0.275544     0.284731     0.289273     0.290196     0.288251     0.283981     0.277780     0.269934     0.260650     0.250066     0.238255     0.225220     0.210878     0.195044     0.177411     0.157531     0.134813     0.108542     0.077932     0.042207    -0.008330
    0.008527     0.040267     0.075147     0.105747     0.132665     0.156529     0.177943     0.197441     0.215468     0.232366     0.248388     0.263705     0.278429     0.292621     0.306314     0.319515     0.332207     0.344336     0.355758     0.366089     0.374340     0.378108     0.372241     0.346648     0.262446     0.130117     0.000000     0.000000     0.000000     0.000000     0.000000     0.000000     0.000000     0.000000     0.000000     0.017541     0.082362     0.147580     0.202794     0.243747     0.271478     0.288783     0.298420     0.302550     0.302690     0.299860     0.294733     0.287756     0.279231     0.269360     0.258272     0.246023     0.232598     0.217892     0.201690     0.183649     0.163278     0.139933     0.112842     0.081153     0.044034    -0.008701
    0.008766     0.041372     0.077180     0.108566     0.136138     0.160541     0.182402     0.202283     0.220652     0.237881     0.254245     0.269942     0.285105     0.299820     0.314149     0.328128     0.341772     0.355034     0.367684     0.378963     0.386697     0.385227     0.360953     0.286745     0.159372     0.000000     0.000000     0.000000     0.000000     0.000000     0.000000     0.000000     0.000000     0.000000     0.000000     0.000000     0.029114     0.119882     0.194774     0.248139     0.282619     0.302954     0.313387     0.317118     0.316330     0.312418     0.306240     0.298320     0.288982     0.278421     0.266747     0.253999     0.240135     0.225024     0.208421     0.189943     0.169054     0.145057     0.117124     0.084345     0.045834    -0.009065
    0.008983     0.042392     0.079081     0.111226     0.139439     0.164378     0.186684     0.206943     0.225646     0.243191     0.259876     0.275919     0.291472     0.306640     0.321497     0.336078     0.350364     0.364180     0.376974     0.387308     0.391913     0.384112     0.351968     0.257761     0.000000     0.000000     0.000000     0.000000     0.000000     0.000000     0.000000     0.000000     0.000000     0.000000     0.000000     0.000000     0.000000     0.072136     0.177932     0.246714     0.290263     0.315429     0.327817     0.331772     0.330319     0.325386     0.318126     0.309200     0.298980     0.287668     0.275360     0.262072     0.247737     0.232194     0.215165     0.196227     0.174797     0.150129     0.121339     0.087469     0.047583    -0.009418
    0.009175     0.043318     0.080828     0.113698     0.142535     0.168000     0.190747     0.211375     0.230400     0.248238     0.265210     0.281551     0.297424     0.312942     0.328166     0.343085     0.357550     0.371090     0.382544     0.389430     0.387187     0.369254     0.331458     0.000000     0.000000     0.000000     0.000000     0.000000     0.000000     0.000000     0.000000     0.000000     0.000000     0.000000     0.000000     0.000000     0.000000     0.022688     0.146307     0.232695     0.289273     0.322525     0.339154     0.344785     0.343510     0.338004     0.329878     0.320037     0.308965     0.296906     0.283957     0.270118     0.255300     0.239314     0.221845     0.202431     0.180445     0.155091     0.125438     0.090484     0.049258    -0.009753
    0.009339     0.044138     0.082404     0.115958     0.145397     0.171375     0.194551     0.215538     0.234866     0.252971     0.270189     0.286768     0.302876     0.318616     0.334009     0.348950     0.363073     0.375471     0.384178     0.385383     0.372618     0.337993     0.263474     0.000000     0.000000     0.000000     0.000000     0.000000     0.000000     0.000000     0.000000     0.000000     0.000000     0.000000     0.000000     0.000000     0.000000     0.000000     0.110610     0.210709     0.280079     0.322822     0.345576     0.354560     0.354692     0.349413     0.340899     0.330414     0.318642     0.305917     0.292371     0.278006     0.262718     0.246291     0.228380     0.208484     0.185932     0.159884     0.129369     0.093351     0.050833    -0.010067
    0.009475     0.044846     0.083793     0.117985     0.147998     0.174473     0.198066     0.219396     0.239007     0.257347     0.274766     0.291517     0.307765     0.323587     0.338944     0.353602     0.366959     0.377729     0.383454     0.379982     0.361370     0.320008     0.223554     0.000000     0.000000     0.000000     0.000000     0.000000     0.000000     0.000000     0.000000     0.000000     0.000000     0.000000     0.000000     0.000000     0.000000     0.000000     0.069265     0.186837     0.265593     0.316800     0.346414     0.360086     0.362905     0.358838     0.350612     0.339916     0.327707     0.314478     0.300433     0.285603     0.269881     0.253035     0.234692     0.214315     0.191195     0.164453     0.133084     0.096031     0.052288    -0.010354
    0.009581     0.045435     0.084985     0.119763     0.150317     0.177269     0.201265     0.222922     0.242794     0.261337     0.278909     0.295764     0.312054     0.327819     0.342941     0.357051     0.369339     0.378269     0.381241     0.374333     0.352089     0.305447     0.203742     0.000000     0.000000     0.000000     0.000000     0.000000     0.000000     0.000000     0.000000     0.000000     0.000000     0.000000     0.000000     0.000000     0.000000     0.000000     0.051428     0.161070     0.245079     0.304261     0.341389     0.360874     0.367566     0.365727     0.358554     0.348179     0.335888     0.322382     0.307985     0.292783     0.276687     0.259460     0.240705     0.219857     0.196173     0.168742     0.136537     0.098489     0.053600    -0.010611
    0.009657     0.045903     0.085972     0.121280     0.152340     0.179746     0.204126     0.226095     0.246205     0.264920     0.282599     0.299492     0.315731     0.331306     0.346015     0.359348     0.370303     0.377150     0.377199     0.366704     0.340899     0.293739     0.203159     0.000000     0.000000     0.000000     0.000000     0.000000     0.000000     0.000000     0.000000     0.000000     0.000000     0.000000     0.000000     0.000000     0.000000     0.000000     0.042771     0.138283     0.222428     0.287393     0.331562     0.357279     0.368634     0.369858     0.364458     0.354955     0.342974     0.329460     0.314891     0.299437     0.283046     0.265487     0.246351     0.225050     0.200811     0.172704     0.139686     0.100696     0.054753    -0.010833
    0.009703     0.046248     0.086749     0.122527     0.154054     0.181889     0.206637     0.228900     0.249228     0.268085     0.285830     0.302701     0.318804     0.334076     0.348219     0.360577     0.369952     0.374366     0.370842     0.355286     0.322792     0.270621     0.216610     0.000000     0.000000     0.000000     0.000000     0.000000     0.000000     0.000000     0.000000     0.000000     0.000000     0.000000     0.000000     0.000000     0.000000     0.000000     0.040541     0.120786     0.201518     0.269303     0.318913     0.350380     0.366587     0.371361     0.368279     0.360130     0.348838     0.335594     0.321049     0.305478     0.288882     0.271050     0.251570     0.229837     0.205061     0.176294     0.142497     0.102625     0.055734    -0.011018
    0.009720     0.046471     0.087317     0.123503     0.155455     0.183691     0.208788     0.231330     0.251857     0.270831     0.288604     0.305403     0.321302     0.336180     0.349646     0.360905     0.368574     0.370471     0.363475     0.343799     0.308865     0.264996     0.243843     0.000000     0.000000     0.000000     0.000000     0.000000     0.000000     0.000000     0.000000     0.000000     0.000000     0.000000     0.000000     0.000000     0.000000     0.002963     0.044115     0.111371     0.185570     0.252835     0.305566     0.341565     0.362226     0.370635     0.370172     0.363728     0.353442     0.340724     0.326394     0.310843     0.294139     0.276098     0.256315     0.234176     0.208880     0.179477     0.144940     0.104256     0.056532    -0.011164
    0.009709     0.046576     0.087678     0.124208     0.156540     0.185149     0.210576     0.233380     0.254091     0.273161     0.290934     0.307621     0.323265     0.337690     0.350422     0.360556     0.366605     0.366376     0.357118     0.336513     0.305945     0.277761     0.279038     0.202509     0.000000     0.000000     0.000000     0.000000     0.000000     0.000000     0.000000     0.000000     0.000000     0.000000     0.000000     0.000000     0.000000     0.009118     0.048107     0.106902     0.174457     0.239217     0.292999     0.332072     0.356416     0.368210     0.370423     0.365880     0.356831     0.344846     0.330902     0.315499     0.298778     0.280592     0.260547     0.238030     0.212237     0.182226     0.146994     0.105576     0.057141    -0.011271
    0.009672     0.046567     0.087838     0.124646     0.157314     0.186265     0.212001     0.235055     0.255935     0.275085     0.292836     0.309383     0.324738     0.338680     0.350671     0.359746     0.364413     0.362678     0.352475     0.333030     0.307510     0.284620     0.267014     0.195645     0.091237     0.000000     0.000000     0.000000     0.000000     0.000000     0.000000     0.000000     0.000000     0.000000     0.000000     0.000000    -0.000363     0.015732     0.052366     0.105362     0.167156     0.228600     0.281972     0.322783     0.349908     0.364625     0.369375     0.366783     0.359102     0.348003     0.334581     0.319438     0.302783     0.284510     0.264242     0.241374     0.215109     0.184521     0.148646     0.106578     0.057560    -0.011338
    0.009611     0.046449     0.087804     0.124826     0.157782     0.187044     0.213070     0.236358     0.257397     0.276614     0.294328     0.310717     0.325766     0.339219     0.350498     0.358624     0.362185     0.359484     0.349117     0.331195     0.308630     0.285407     0.256098     0.190710     0.104726     0.040342     0.000000     0.000000     0.000000     0.000000     0.000000     0.000000     0.000000     0.000000     0.000000    -0.001285     0.003002     0.022007     0.057098     0.105816     0.162753     0.220690     0.272748     0.314229     0.343265     0.360351     0.367371     0.366661     0.360391     0.350268     0.337467     0.322671     0.306152     0.287842     0.267387     0.244193     0.217481     0.186352     0.149891     0.107261     0.057792    -0.011366
    0.009527     0.046230     0.087587     0.124757     0.157954     0.187494     0.213789     0.237299     0.258488     0.277763     0.295431     0.311650     0.326388     0.339361     0.349974     0.357272     0.359961     0.356639     0.346364     0.329493     0.307885     0.282348     0.246519     0.186716     0.112603     0.051205     0.022541     0.000000     0.000000     0.000000     0.000000     0.000000     0.000000    -0.000020    -0.002209    -0.001327     0.007588     0.028431     0.062309     0.107680     0.160519     0.215054     0.265298     0.306669     0.336863     0.355759     0.364714     0.365735     0.360846     0.351735     0.339615     0.325227     0.308896     0.290590     0.269977     0.246482     0.219348     0.187716     0.150728     0.107629     0.057841    -0.011357
    0.009424     0.045918     0.087199     0.124454     0.157843     0.187628     0.214169     0.237889     0.259219     0.278547     0.296162     0.312209     0.326637     0.339148     0.349148     0.355724     0.357713     0.353950     0.343744     0.327345     0.305590     0.277773     0.238957     0.183497     0.119293     0.063837     0.028392     0.007253    -0.001928    -0.004904    -0.004383    -0.001509    -0.001183    -0.002759    -0.003067     0.001092     0.012946     0.034901     0.067781     0.110475     0.159860     0.211240     0.259444     0.300174     0.330922     0.351116     0.361652     0.364205     0.360616     0.352504     0.341090     0.327148     0.311041     0.292767     0.272018     0.248243     0.220713     0.188618     0.151167     0.107694     0.057716    -0.011312
    0.009303     0.045521     0.086651     0.123931     0.157464     0.187459     0.214225     0.238139     0.259604     0.278981     0.296542     0.312418     0.326545     0.338618     0.348055     0.353999     0.355406     0.351283     0.341045     0.324720     0.302448     0.273071     0.233424     0.181877     0.124970     0.074258     0.037290     0.013352     0.000654    -0.004677    -0.005738    -0.004836    -0.004722    -0.004773    -0.002593     0.004344     0.018360     0.041136     0.073249     0.113809     0.160299     0.208831     0.254947     0.294703     0.325546     0.346597     0.358377     0.362242     0.359833     0.352675     0.341961     0.328480     0.312615     0.294391     0.273524     0.249486     0.221587     0.189070     0.151222     0.107470     0.057429    -0.011234
    0.009166     0.045048     0.085959     0.123203     0.156834     0.187004     0.213970     0.238066     0.259658     0.279082     0.296591     0.312300     0.326138     0.337800     0.346725     0.352112     0.353020     0.348576     0.338224     0.321788     0.299029     0.268871     0.229597     0.181530     0.130035     0.083129     0.046341     0.020632     0.004877    -0.003499    -0.007084    -0.007993    -0.007799    -0.006203    -0.001666     0.007654     0.023456     0.046953     0.078522     0.117391     0.161466     0.207475     0.251561     0.290155     0.320761     0.342310     0.355024     0.359981     0.358617     0.352341     0.342300     0.329272     0.313655     0.295489     0.274513     0.250227     0.221984     0.189090     0.150913     0.106975     0.056992    -0.011127
    0.009017     0.044507     0.085136     0.122288     0.155969     0.186279     0.213421     0.237686     0.259398     0.278867     0.296327     0.311879     0.325444     0.336724     0.345184     0.350080     0.350557     0.345821     0.335321     0.318739     0.295686     0.265363     0.227074     0.182035     0.134657     0.090794     0.054714     0.027844     0.009676    -0.001444    -0.007406    -0.009808    -0.009636    -0.006798    -0.000369     0.010892     0.028175     0.052315     0.083508     0.121035     0.163093     0.206887     0.249061     0.286406     0.316544     0.338306     0.351688     0.357527     0.357065     0.351585     0.342170     0.329576     0.314198     0.296089     0.275008     0.250487     0.221927     0.188700     0.150262     0.106231     0.056421    -0.010994
    0.008856     0.043907     0.084197     0.121204     0.154890     0.185303     0.212598     0.237015     0.258841     0.278356     0.295771     0.311176     0.324489     0.335419     0.343462     0.347926     0.348028     0.343036     0.332396     0.315717     0.292594     0.262533     0.225500     0.183071     0.138909     0.097492     0.062231     0.034639     0.014675     0.001371    -0.006533    -0.010139    -0.010102    -0.006434     0.001389     0.014146     0.032606     0.057285     0.088201     0.124640     0.165003     0.206855     0.247256     0.283330     0.312849     0.334604     0.348430     0.354960     0.355258     0.350480     0.341633     0.329438     0.314281     0.296221     0.275036     0.250291     0.221440     0.187928     0.149295     0.105262     0.055731    -0.010837
    0.008687     0.043258     0.083156     0.119968     0.153615     0.184098     0.211519     0.236072     0.258006     0.277567     0.294945     0.310217     0.323298     0.333913     0.341584     0.345671     0.345453     0.340246     0.329504     0.312813     0.289818     0.260291     0.224602     0.184425     0.142843     0.103420     0.068971     0.040983     0.019750     0.004812    -0.004586    -0.009149    -0.009310    -0.005126     0.003672     0.017528     0.036878     0.061966     0.092642     0.128167     0.167079     0.207221     0.245993     0.280814     0.309618     0.331201     0.345285     0.352337     0.353259     0.349086     0.340743     0.328906     0.313944     0.295919     0.274626     0.249669     0.220554     0.186802     0.148043     0.104091     0.054936    -0.010661
    0.008511     0.042566     0.082028     0.118600     0.152166     0.182682     0.210204     0.234878     0.256912     0.276519     0.293868     0.309023     0.321898     0.332232     0.339577     0.343339     0.342853     0.337479     0.326687     0.310075     0.287364     0.258531     0.224181     0.185961     0.146506     0.108748     0.075082     0.046945     0.024864     0.008755    -0.001754    -0.007064    -0.007444    -0.002963     0.006490     0.021118     0.041102     0.066460     0.096890     0.131613     0.169257     0.207877     0.245152     0.278758     0.306792     0.328081     0.342272     0.349697     0.351120     0.347455     0.339546     0.328019     0.313222     0.295214     0.273810     0.248650     0.219300     0.185355     0.146536     0.102745     0.054055    -0.010468
    0.008330     0.041842     0.080826     0.117116     0.150562     0.181079     0.208675     0.233453     0.255579     0.275234     0.292562     0.307617     0.320312     0.330399     0.337462     0.340951     0.340248     0.334757     0.323972     0.307522     0.285210     0.257160     0.224100     0.187599     0.149944     0.113616     0.080709     0.052610     0.030008     0.013092     0.001780    -0.004101    -0.004693    -0.000058     0.009814     0.024957     0.045358     0.070851     0.101003     0.134989     0.171499     0.208747     0.244642     0.277081     0.304315     0.325221     0.339396     0.347068     0.348878     0.345630     0.338084     0.326818     0.312150     0.294139     0.272618     0.247267     0.217710     0.183619     0.144803     0.101248     0.053100    -0.010262
    0.008146     0.041092     0.079565     0.115535     0.148824     0.179307     0.206953     0.231818     0.254028     0.273732     0.291049     0.306020     0.318561     0.328438     0.335262     0.338525     0.337654     0.332094     0.321372     0.305156     0.283322     0.256097     0.224264     0.189295     0.153200     0.118136     0.085972     0.058052     0.035178     0.017738     0.005863    -0.000445    -0.001227     0.003470     0.013592     0.029054     0.049693     0.075199     0.105031     0.138317     0.173785     0.209780     0.244394     0.275717     0.302140     0.322596     0.336658     0.344469     0.346562     0.343644     0.336394     0.325335     0.310762     0.292728     0.271084     0.245552     0.215818     0.181629     0.142877     0.099626     0.052088    -0.010046
    0.007960     0.040323     0.078256     0.113874     0.146971     0.177390     0.205059     0.229994     0.252280     0.272032     0.289348     0.304254     0.316668     0.326368     0.332994     0.336076     0.335085     0.329503     0.318895     0.302971     0.281668     0.255281     0.224609     0.191021     0.156312     0.122392     0.090961     0.063327     0.040370     0.022622     0.010371     0.003755     0.002812     0.007514     0.017765     0.033395     0.054130     0.079546     0.109011     0.141612     0.176106     0.210940     0.244357     0.274612     0.300223     0.320183     0.334053     0.341910     0.344196     0.341526     0.334504     0.323603     0.309088     0.291010     0.269239     0.243540     0.213659     0.179418     0.140786     0.097901     0.051031    -0.009823
    0.007775     0.039542     0.076913     0.112149     0.145022     0.175348     0.203016     0.228002     0.250355     0.270156     0.287479     0.302338     0.314650     0.324207     0.330675     0.333619     0.332550     0.326990     0.316541     0.300954     0.280217     0.254664     0.225090     0.192766     0.159310     0.126445     0.095744     0.068477     0.045579     0.027686     0.015207     0.008379     0.007305     0.011976     0.022271     0.037958     0.058676     0.083914     0.112967     0.144888     0.178458     0.212202     0.244492     0.273723     0.298527     0.317958     0.331573     0.339397     0.341795     0.339299     0.332444     0.321650     0.307159     0.289017     0.267117     0.241264     0.211267     0.177019     0.138561     0.096097     0.049943    -0.009595
    0.007590     0.038755     0.075547     0.110375     0.142997     0.173201     0.200843     0.225864     0.248274     0.268123     0.285462     0.300291     0.312526     0.321971     0.328318     0.331164     0.330057     0.324558     0.314307     0.299092     0.278939     0.254211     0.225676     0.194520     0.162217     0.130343     0.100367     0.073529     0.050798     0.032887     0.020292     0.013330     0.012155     0.016775     0.027052     0.042710     0.063324     0.088313     0.116915     0.148156     0.180834     0.213546     0.244768     0.273015     0.297023     0.315901     0.329209     0.336934     0.339373     0.336982     0.330234     0.319502     0.305001     0.286778     0.264747     0.238757     0.208675     0.174463     0.136230     0.094235     0.048835    -0.009365
    0.007408     0.037967     0.074167     0.108568     0.140913     0.170968     0.198562     0.223599     0.246056     0.265953     0.283315     0.298129     0.310311     0.319675     0.325935     0.328719     0.327611     0.322209     0.312187     0.297370     0.277814     0.253891     0.226345     0.196278     0.165051     0.134117     0.104863     0.078500     0.056018     0.038185     0.025564     0.018531     0.017281     0.021839     0.032056     0.047621     0.068062     0.092744     0.120861     0.151418     0.183233     0.214956     0.245159     0.272460     0.295682     0.313990     0.326953     0.334522     0.336937     0.334591     0.327896     0.317182     0.302642     0.284323     0.262162     0.236051     0.205916     0.171781     0.133817     0.092333     0.047717    -0.009134
    0.007229     0.037185     0.072784     0.106740     0.138786     0.168670     0.196192     0.221229     0.243723     0.263664     0.281055     0.295870     0.308020     0.317331     0.323535     0.326291     0.325216     0.319942     0.310176     0.295776     0.276819     0.253683     0.227079     0.198039     0.167824     0.137789     0.109253     0.083399     0.061229     0.043549     0.030972     0.023919     0.022619     0.027109     0.037234     0.052658     0.072873     0.097202     0.124806     0.154677     0.185648     0.216422     0.245647     0.272033     0.294483     0.312210     0.324793     0.332158     0.334495     0.332139     0.325447     0.314712     0.300105     0.281678     0.259390     0.233178     0.203020     0.169002     0.131348     0.090409     0.046600    -0.008905
    0.007055     0.036411     0.071406     0.104905     0.136632     0.166322     0.193753     0.218772     0.241292     0.261274     0.278699     0.293527     0.305666     0.314949     0.321128     0.323886     0.322874     0.317755     0.308268     0.294297     0.275940     0.253569     0.227865     0.199798     0.170543     0.141376     0.113554     0.088234     0.066422     0.048953     0.036475     0.029444     0.028114     0.032533     0.042544     0.057791     0.077738     0.101679     0.128748     0.157930     0.188074     0.217930     0.246214     0.271715     0.293406     0.310545     0.322722     0.329842     0.332052     0.329636     0.322904     0.312112     0.297415     0.278870     0.256461     0.230166     0.200016     0.166151     0.128844     0.088479     0.045490    -0.008679
    0.006885     0.035650     0.070041     0.103072     0.134466     0.163942     0.191262     0.216246     0.238781     0.258801     0.276264     0.291116     0.303261     0.312540     0.318719     0.321508     0.320585     0.315644     0.306455     0.292923     0.275160     0.253533     0.228694     0.201553     0.173216     0.144887     0.117773     0.093004     0.071588     0.054374     0.042038     0.035063     0.033721     0.038070     0.047949     0.062992     0.082639     0.106163     0.132680     0.161172     0.190506     0.219471     0.246846     0.271488     0.292433     0.308980     0.320729     0.327570     0.329612     0.327092     0.320280     0.309399     0.294594     0.275924     0.253402     0.227044     0.196932     0.163254     0.126325     0.086556     0.044395    -0.008457
    0.006720     0.034906     0.068695     0.101254     0.132300     0.161545     0.188735     0.213670     0.236208     0.256260     0.273763     0.288649     0.300817     0.310112     0.316316     0.319161     0.318351     0.313609     0.304730     0.291642     0.274467     0.253564     0.229555     0.203300     0.175843     0.148328     0.121915     0.097710     0.076716     0.059792     0.047633     0.040740     0.039401     0.043681     0.053418     0.068235     0.087558     0.110644     0.136597     0.164399     0.192936     0.221034     0.247529     0.271337     0.291550     0.307503     0.318807     0.325339     0.327176     0.324515     0.317588     0.306593     0.291662     0.272864     0.250238     0.223839     0.193793     0.160333     0.123808     0.084653     0.043322    -0.008240
    0.006562     0.034181     0.067376     0.099458     0.130146     0.159146     0.186190     0.211058     0.233589     0.253668     0.271211     0.286138     0.298343     0.307672     0.313923     0.316846     0.316169     0.311643     0.303087     0.290446     0.273850     0.253651     0.230441     0.205036     0.178427     0.151703     0.125984     0.102350     0.081797     0.065190     0.053235     0.046446     0.045123     0.049335     0.058921     0.073496     0.092478     0.115108     0.140488     0.167603     0.195357     0.222612     0.248252     0.271248     0.290742     0.306101     0.316948     0.323146     0.324747     0.321913     0.314841     0.303708     0.288639     0.269714     0.246995     0.220575     0.190622     0.157408     0.121311     0.082780     0.042274    -0.008030
    0.006409     0.033477     0.066087     0.097693     0.128015     0.156757     0.183639     0.208427     0.230938     0.251038     0.268622     0.283596     0.295848     0.305229     0.311545     0.314565     0.314040     0.309745     0.301519     0.289326     0.273300     0.253784     0.231345     0.206759     0.180967     0.155013     0.129979     0.106921     0.086824     0.070554     0.058824     0.052157     0.050860     0.055006     0.064435     0.078757     0.097381     0.119546     0.144347     0.170779     0.197762     0.224195     0.249004     0.271210     0.289998     0.304765     0.315144     0.320989     0.322327     0.319290     0.312048     0.300759     0.285544     0.266493     0.243694     0.217275     0.187441     0.154498     0.118846     0.080946     0.041256    -0.007826
    0.006264     0.032796     0.064833     0.095965     0.125917     0.154389     0.181097     0.205791     0.228271     0.248384     0.266007     0.281033     0.293343     0.302788     0.309186     0.312320     0.311962     0.307909     0.300021     0.288274     0.272807     0.253955     0.232261     0.208464     0.183463     0.158260     0.133900     0.111419     0.091788     0.075871     0.064382     0.057850     0.056588     0.060671     0.069938     0.083997     0.102255     0.123945     0.148165     0.173918     0.200145     0.225775     0.249775     0.271212     0.289307     0.303485     0.313388     0.318863     0.319916     0.316654     0.309221     0.297762     0.282395     0.263222     0.240357     0.213959     0.184268     0.151617     0.116424     0.079158     0.040271    -0.007630
    0.006124     0.032141     0.063618     0.094281     0.123859     0.152053     0.178574     0.203162     0.225601     0.245719     0.263379     0.278459     0.290833     0.300355     0.306848     0.310111     0.309934     0.306133     0.298586     0.287283     0.272365     0.254158     0.233183     0.210148     0.185913     0.161441     0.137747     0.115842     0.096683     0.081129     0.069894     0.063509     0.062288     0.066309     0.075411     0.089202     0.107085     0.128295     0.151934     0.177015     0.202499     0.227345     0.250558     0.271243     0.288659     0.302252     0.311675     0.316767     0.317517     0.314009     0.306369     0.294729     0.279207     0.259920     0.237003     0.210647     0.181120     0.148779     0.114057     0.077422     0.039322    -0.007442
    0.005992     0.031512     0.062444     0.092645     0.121848     0.149758     0.176082     0.200552     0.222938     0.243054     0.260747     0.275882     0.288327     0.297935     0.304535     0.307939     0.307954     0.304412     0.297209     0.286346     0.271965     0.254385     0.234107     0.211809     0.188316     0.164558     0.141517     0.120184     0.101502     0.086319     0.075348     0.069117     0.067943     0.071904     0.080839     0.094356     0.111861     0.132588     0.155647     0.180063     0.204818     0.228898     0.251344     0.271297     0.288045     0.301059     0.309998     0.314697     0.315130     0.311361     0.303501     0.291673     0.275997     0.256603     0.233651     0.207355     0.178012     0.145997     0.111752     0.075744     0.038410    -0.007263
    0.005867     0.030909     0.061314     0.091062     0.119891     0.147512     0.173630     0.197971     0.220295     0.240400     0.258121     0.273312     0.285832     0.295532     0.302250     0.305804     0.306020     0.302743     0.295886     0.285457     0.271602     0.254631     0.235027     0.213443     0.190670     0.167607     0.145210     0.124445     0.106239     0.091433     0.080731     0.074662     0.073539     0.077441     0.086208     0.099449     0.116571     0.136815     0.159297     0.183057     0.207096     0.230428     0.252126     0.271364     0.287459     0.299900     0.308354     0.312652     0.312756     0.308715     0.300625     0.288605     0.272778     0.253288     0.230314     0.204098     0.174957     0.143281     0.109516     0.074127     0.037538    -0.007091
    0.005748     0.030334     0.060230     0.089534     0.117993     0.145321     0.171226     0.195428     0.217680     0.237767     0.255511     0.270755     0.283352     0.293152     0.299993     0.303707     0.304130     0.301123     0.294610     0.284610     0.271269     0.254891     0.235941     0.215047     0.192973     0.170589     0.148823     0.128619     0.110890     0.096463     0.086036     0.080132     0.079063     0.082908     0.091506     0.104469     0.121208     0.140969     0.162879     0.185990     0.209327     0.231930     0.252899     0.271438     0.286892     0.298767     0.306736     0.310629     0.310396     0.306074     0.297750     0.285536     0.269563     0.249987     0.227009     0.200890     0.171965     0.140637     0.107355     0.072573     0.036705    -0.006928
    0.005636     0.029787     0.059193     0.088064     0.116157     0.143192     0.168877     0.192933     0.215103     0.235164     0.252925     0.268220     0.280895     0.290797     0.297768     0.301648     0.302283     0.299548     0.293379     0.283801     0.270963     0.255159     0.236843     0.216619     0.195224     0.173501     0.152354     0.132706     0.115450     0.101403     0.091254     0.085519     0.084507     0.088295     0.096724     0.109408     0.125763     0.145043     0.166386     0.188860     0.211509     0.233398     0.253655     0.271513     0.286339     0.297656     0.305143     0.308628     0.308053     0.303445     0.294882     0.282476     0.266364     0.246714     0.223746     0.197740     0.169046     0.138074     0.105271     0.071084     0.035911    -0.006774
    0.005531     0.029268     0.058203     0.086654     0.114387     0.141128     0.166590     0.190491     0.212570     0.232597     0.250370     0.265712     0.278465     0.288471     0.295577     0.299626     0.300477     0.298016     0.292188     0.283025     0.270677     0.255433     0.237731     0.218156     0.197421     0.176344     0.155803     0.136702     0.119916     0.106249     0.096378     0.090814     0.089860     0.093592     0.101852     0.114257     0.130229     0.149032     0.169814     0.191661     0.213635     0.234827     0.254391     0.271584     0.285795     0.296562     0.303571     0.306647     0.305727     0.300830     0.292029     0.279435     0.263191     0.243481     0.220538     0.194660     0.166208     0.135596     0.103269     0.069661     0.035158    -0.006628
    0.005433     0.028777     0.057260     0.085305     0.112685     0.139133     0.164368     0.188109     0.210090     0.230074     0.247852     0.263238     0.276066     0.286178     0.293420     0.297642     0.298711     0.296523     0.291032     0.282277     0.270408     0.255708     0.238602     0.219656     0.199563     0.179115     0.159168     0.140605     0.124285     0.110996     0.101403     0.096010     0.095115     0.098792     0.106883     0.119011     0.134602     0.152931     0.173160     0.194389     0.215704     0.236215     0.255102     0.271646     0.285256     0.295481     0.302016     0.304686     0.303421     0.298235     0.289197     0.276421     0.260055     0.240297     0.217394     0.191657     0.163455     0.133207     0.101350     0.068305     0.034444    -0.006489
    0.005341     0.028313     0.056366     0.084018     0.111052     0.137211     0.162217     0.185791     0.207667     0.227601     0.245377     0.260802     0.273703     0.283920     0.291299     0.295696     0.296984     0.295068     0.289910     0.281555     0.270153     0.255981     0.239453     0.221118     0.201649     0.181813     0.162449     0.144416     0.128555     0.115640     0.106325     0.101103     0.100267     0.103890     0.111813     0.123663     0.138877     0.156737     0.176420     0.197044     0.217711     0.237558     0.255785     0.271695     0.284716     0.294410     0.300478     0.302744     0.301136     0.295663     0.286393     0.273440     0.256964     0.237170     0.214321     0.188737     0.160794     0.130910     0.099514     0.067016     0.033769    -0.006359
    0.005254     0.027875     0.055518     0.082793     0.109490     0.135362     0.160139     0.183542     0.205307     0.225184     0.242951     0.258409     0.271380     0.281700     0.289216     0.293787     0.295293     0.293647     0.288818     0.280855     0.269908     0.256249     0.240282     0.222541     0.203677     0.184440     0.165644     0.148131     0.132723     0.120179     0.111139     0.106088     0.105311     0.108879     0.116635     0.128211     0.143050     0.160446     0.179592     0.199620     0.219656     0.238853     0.256436     0.271728     0.284174     0.293347     0.298954     0.300821     0.298874     0.293118     0.283621     0.270502     0.253925     0.234109     0.211326     0.185905     0.158228     0.128706     0.097763     0.065791     0.033131    -0.006237
    0.005174     0.027464     0.054717     0.081629     0.107999     0.133590     0.158136     0.181366     0.203012     0.222825     0.240577     0.256063     0.269099     0.279520     0.287171     0.291916     0.293639     0.292260     0.287754     0.280173     0.269670     0.256510     0.241088     0.223922     0.205648     0.186994     0.168754     0.151751     0.136789     0.124610     0.115843     0.110961     0.110243     0.113757     0.121347     0.132650     0.147118     0.164057     0.182674     0.202118     0.221534     0.240098     0.257053     0.271743     0.283626     0.292289     0.297444     0.298918     0.296636     0.290603     0.280887     0.267610     0.250945     0.231120     0.208414     0.183166     0.155758     0.126597     0.096095     0.064632     0.032531    -0.006122
    0.005100     0.027079     0.053962     0.080526     0.106579     0.131893     0.156210     0.179264     0.200788     0.220530     0.238260     0.253767     0.266864     0.277382     0.285166     0.290083     0.292020     0.290903     0.286714     0.279508     0.269436     0.256761     0.241868     0.225262     0.207560     0.189474     0.171778     0.155275     0.140752     0.128933     0.120435     0.115720     0.115060     0.118519     0.125945     0.136978     0.151079     0.167567     0.185664     0.204536     0.223347     0.241291     0.257634     0.271736     0.283071     0.291235     0.295946     0.297034     0.294425     0.288122     0.278195     0.264771     0.248030     0.228206     0.205590     0.180523     0.153386     0.124581     0.094509     0.063535     0.031966    -0.006014
    0.005031     0.026718     0.053252     0.079482     0.105230     0.130273     0.154363     0.177238     0.198635     0.218301     0.236002     0.251525     0.264677     0.275288     0.283202     0.288287     0.290434     0.289576     0.285697     0.278857     0.269205     0.257002     0.242622     0.226559     0.209415     0.191882     0.174717     0.158704     0.144611     0.133147     0.124914     0.120362     0.119759     0.123165     0.130427     0.141192     0.154932     0.170976     0.188561     0.206873     0.225091     0.242432     0.258178     0.271707     0.282506     0.290183     0.294461     0.295172     0.292242     0.285677     0.275549     0.261989     0.245183     0.225374     0.202857     0.177977     0.151112     0.122659     0.093004     0.062499     0.031435    -0.005913
    0.004968     0.026382     0.052584     0.078498     0.103949     0.128728     0.152594     0.175289     0.196555     0.216140     0.233806     0.249338     0.262541     0.273239     0.281279     0.286528     0.288883     0.288277     0.284702     0.278218     0.268975     0.257230     0.243348     0.227813     0.211211     0.194217     0.177571     0.162037     0.148365     0.137250     0.129277     0.124888     0.124340     0.127692     0.134792     0.145293     0.158675     0.174283     0.191366     0.209128     0.226768     0.243519     0.258684     0.271654     0.281931     0.289132     0.292987     0.293330     0.290090     0.283272     0.272953     0.259268     0.242409     0.222625     0.200217     0.175528     0.148937     0.120829     0.091578     0.061523     0.030938    -0.005819
    0.004909     0.026068     0.051959     0.077570     0.102737     0.127259     0.150902     0.173418     0.194551     0.214048     0.231674     0.247209     0.260456     0.271237     0.279398     0.284807     0.287364     0.287006     0.283726     0.277589     0.268745     0.257444     0.244046     0.229024     0.212949     0.196481     0.180341     0.165275     0.152017     0.141243     0.133526     0.129295     0.128801     0.132099     0.139039     0.149279     0.162309     0.177487     0.194077     0.211302     0.228376     0.244553     0.259150     0.271576     0.281345     0.288083     0.291525     0.291511     0.287969     0.280910     0.270410     0.256611     0.239711     0.219963     0.197670     0.173178     0.146858     0.119088     0.090229     0.060603     0.030472    -0.005731
    0.004855     0.025776     0.051374     0.076697     0.101591     0.125863     0.149289     0.171626     0.192621     0.212028     0.229607     0.245140     0.258424     0.269283     0.277560     0.283124     0.285877     0.285760     0.282769     0.276970     0.268512     0.257643     0.244716     0.230192     0.214629     0.198674     0.183027     0.168419     0.155566     0.145127     0.137660     0.133584     0.133142     0.136386     0.143167     0.153150     0.165834     0.180589     0.196697     0.213394     0.229916     0.245532     0.259577     0.271474     0.280748     0.287035     0.290076     0.289714     0.285882     0.278591     0.267922     0.254021     0.237091     0.217388     0.195218     0.170926     0.144876     0.117436     0.088954     0.059738     0.030035    -0.005649
    0.004806     0.025505     0.050827     0.075878     0.100510     0.124540     0.147752     0.169910     0.190768     0.210079     0.227607     0.243130     0.256447     0.267377     0.275764     0.281478     0.284422     0.284539     0.281830     0.276359     0.268277     0.257827     0.245357     0.231317     0.216253     0.200796     0.185631     0.171470     0.159013     0.148901     0.141680     0.137755     0.137364     0.140553     0.147178     0.156907     0.169250     0.183590     0.199224     0.215407     0.231389     0.246459     0.259965     0.271347     0.280140     0.285988     0.288640     0.287942     0.283830     0.276318     0.265492     0.251500     0.234550     0.214901     0.192861     0.168770     0.142987     0.115869     0.087751     0.058925     0.029628    -0.005573
    0.004761     0.025254     0.050318     0.075110     0.099491     0.123287     0.146290     0.168271     0.188989     0.208202     0.225673     0.241182     0.254525     0.265520     0.274011     0.279869     0.282997     0.283343     0.280906     0.275755     0.268038     0.257996     0.245969     0.232400     0.217821     0.202849     0.188154     0.174430     0.162359     0.152568     0.145586     0.141809     0.141466     0.144602     0.151071     0.160550     0.172558     0.186491     0.201661     0.217340     0.232796     0.247332     0.260315     0.271194     0.279520     0.284943     0.287217     0.286195     0.281814     0.274094     0.263121     0.249049     0.232089     0.212503     0.190598     0.166709     0.141189     0.114384     0.086615     0.058163     0.029247    -0.005502
    0.004719     0.025023     0.049844     0.074391     0.098533     0.122102     0.144901     0.166707     0.187285     0.206396     0.223807     0.239295     0.252658     0.263713     0.272302     0.278298     0.281604     0.282171     0.279999     0.275158     0.267795     0.258149     0.246553     0.233441     0.219334     0.204835     0.190597     0.177299     0.165606     0.156128     0.149380     0.145747     0.145451     0.148532     0.154848     0.164080     0.175759     0.189293     0.204009     0.219195     0.234137     0.248154     0.260626     0.271018     0.278889     0.283899     0.285809     0.284474     0.279837     0.271918     0.260810     0.246670     0.229709     0.210193     0.188427     0.164741     0.139480     0.112978     0.085546     0.057447     0.028892    -0.005436
    0.004682     0.024809     0.049405     0.073720     0.097633     0.120984     0.143583     0.165216     0.185654     0.204661     0.222007     0.237470     0.250847     0.261955     0.270636     0.276763     0.280241     0.281021     0.279107     0.274567     0.267548     0.258286     0.247109     0.234441     0.220793     0.206754     0.192963     0.180081     0.168755     0.159582     0.153063     0.149570     0.149318     0.152345     0.158509     0.167500     0.178855     0.191997     0.206269     0.220974     0.235414     0.248924     0.260900     0.270819     0.278249     0.282859     0.284416     0.282780     0.277897     0.269793     0.258561     0.244362     0.227410     0.207971     0.186346     0.162863     0.137856     0.111649     0.084539     0.056777     0.028561    -0.005374
    0.004648     0.024612     0.048997     0.073094     0.096789     0.119929     0.142335     0.163797     0.184095     0.202996     0.220273     0.235705     0.249091     0.260246     0.269014     0.275266     0.278909     0.279895     0.278229     0.273981     0.267296     0.258407     0.247637     0.235400     0.222200     0.208609     0.195252     0.182775     0.171809     0.162934     0.156637     0.153280     0.153070     0.156043     0.162058     0.170810     0.181848     0.194606     0.208443     0.222678     0.236629     0.249646     0.261139     0.270596     0.277599     0.281822     0.283038     0.281114     0.275998     0.267718     0.256374     0.242126     0.225192     0.205835     0.184355     0.161073     0.136314     0.110393     0.083591     0.056149     0.028252    -0.005317
    0.004618     0.024432     0.048619     0.072511     0.095997     0.118936     0.141153     0.162449     0.182606     0.201399     0.218604     0.234002     0.247391     0.258587     0.267435     0.273805     0.277606     0.278791     0.277366     0.273401     0.267040     0.258513     0.248138     0.236321     0.223555     0.210400     0.197467     0.185384     0.174769     0.166184     0.160104     0.156879     0.156709     0.159627     0.165495     0.174013     0.184739     0.197122     0.210534     0.224309     0.237782     0.250319     0.261342     0.270353     0.276940     0.280789     0.281678     0.279476     0.274138     0.265695     0.254249     0.239961     0.223052     0.203783     0.182450     0.159367     0.134852     0.109206     0.082700     0.055561     0.027965    -0.005264
    0.004590     0.024266     0.048270     0.071968     0.095257     0.118002     0.140036     0.161167     0.181185     0.199870     0.217000     0.232358     0.245745     0.256977     0.265898     0.272380     0.276333     0.277710     0.276517     0.272826     0.266779     0.258604     0.248612     0.237204     0.224860     0.212130     0.199609     0.187911     0.177637     0.169335     0.163466     0.160369     0.160237     0.163101     0.168823     0.177111     0.187532     0.199547     0.212543     0.225870     0.238877     0.250946     0.261512     0.270089     0.276274     0.279761     0.280334     0.277868     0.272320     0.263724     0.252185     0.237868     0.220990     0.201813     0.180629     0.157744     0.133466     0.108085     0.081862     0.055011     0.027697    -0.005215
    0.004565     0.024115     0.047948     0.071464     0.094565     0.117124     0.138981     0.159951     0.179832     0.198407     0.215458     0.230774     0.244153     0.255416     0.264404     0.270992     0.275089     0.276650     0.275682     0.272256     0.266515     0.258680     0.249061     0.238050     0.226117     0.213800     0.201680     0.190357     0.180416     0.172389     0.166724     0.163751     0.163656     0.166465     0.172044     0.180106     0.190228     0.201883     0.214472     0.227361     0.239915     0.251528     0.261651     0.269806     0.275602     0.278740     0.279009     0.276290     0.270543     0.261805     0.250184     0.235845     0.219005     0.199924     0.178889     0.156198     0.132152     0.107028     0.081074     0.054496     0.027448    -0.005170
    0.004543     0.023977     0.047652     0.070996     0.093919     0.116299     0.137985     0.158798     0.178542     0.197007     0.213978     0.229247     0.242615     0.253902     0.262952     0.269639     0.273874     0.275612     0.274861     0.271692     0.266246     0.258743     0.249486     0.238860     0.227327     0.215412     0.203683     0.192725     0.183107     0.175348     0.169882     0.167029     0.166968     0.169723     0.175161     0.183001     0.192830     0.204132     0.216324     0.228786     0.240898     0.252068     0.261759     0.269505     0.274925     0.277726     0.277703     0.274742     0.268807     0.259938     0.248244     0.233890     0.217095     0.198113     0.177227     0.154728     0.130906     0.106029     0.080334     0.054014     0.027216    -0.005127
    0.004524     0.023851     0.047379     0.070563     0.093317     0.115525     0.137045     0.157705     0.177314     0.195669     0.212559     0.227778     0.241130     0.252436     0.261542     0.268322     0.272688     0.274596     0.274054     0.271134     0.265974     0.258792     0.249887     0.239635     0.228491     0.216968     0.205619     0.195016     0.185713     0.178214     0.172942     0.170205     0.170176     0.172876     0.178176     0.185798     0.195340     0.206298     0.218102     0.230147     0.241828     0.252566     0.261838     0.269188     0.274244     0.276719     0.276417     0.273226     0.267113     0.258123     0.246364     0.232004     0.215257     0.196377     0.175640     0.153330     0.129727     0.105087     0.079638     0.053563     0.027001    -0.005088
    0.004506     0.023736     0.047129     0.070162     0.092755     0.114800     0.136160     0.156670     0.176146     0.194390     0.211197     0.226363     0.239695     0.251016     0.260172     0.267040     0.271530     0.273601     0.273262     0.270581     0.265699     0.258829     0.250265     0.240378     0.229612     0.218469     0.207491     0.197234     0.188237     0.180991     0.175906     0.173281     0.173282     0.175929     0.181092     0.188500     0.197761     0.208382     0.219808     0.231446     0.242707     0.253026     0.261891     0.268857     0.273560     0.275722     0.275151     0.271740     0.265461     0.256359     0.244544     0.230183     0.213490     0.194715     0.174126     0.152000     0.128609     0.104198     0.078985     0.053142     0.026800    -0.005052
    0.004491     0.023632     0.046899     0.069790     0.092232     0.114120     0.135326     0.155690     0.175036     0.193170     0.209892     0.225003     0.238311     0.249642     0.258843     0.265792     0.270401     0.272628     0.272483     0.270034     0.265421     0.258854     0.250622     0.241089     0.230691     0.219919     0.209301     0.199379     0.190680     0.183681     0.178778     0.176261     0.176290     0.178882     0.183911     0.191110     0.200096     0.210388     0.221444     0.232686     0.243538     0.253449     0.261918     0.268511     0.272874     0.274735     0.273907     0.270287     0.263851     0.254645     0.242781     0.228427     0.211792     0.193122     0.172680     0.150736     0.127550     0.103359     0.078370     0.052747     0.026613    -0.005018
    0.004477     0.023538     0.046689     0.069447     0.091745     0.113484     0.134540     0.154763     0.173980     0.192005     0.208641     0.223694     0.236976     0.248313     0.257554     0.264578     0.269299     0.271676     0.271718     0.269494     0.265141     0.258868     0.250958     0.241770     0.231730     0.221317     0.211050     0.201455     0.193046     0.186285     0.181559     0.179146     0.179202     0.181740     0.186637     0.193631     0.202347     0.212318     0.223013     0.233869     0.244322     0.253836     0.261921     0.268154     0.272188     0.273758     0.272683     0.268865     0.262281     0.252981     0.241077     0.226733     0.210160     0.191596     0.171300     0.149533     0.126546     0.102567     0.077792     0.052377     0.026438    -0.004987
    0.004466     0.023453     0.046496     0.069131     0.091292     0.112888     0.133801     0.153886     0.172977     0.190893     0.207444     0.222437     0.235688     0.247026     0.256303     0.263397     0.268225     0.270745     0.270967     0.268960     0.264860     0.258872     0.251275     0.242422     0.232729     0.222667     0.212741     0.203464     0.195336     0.188808     0.184252     0.181940     0.182020     0.184505     0.189271     0.196065     0.204518     0.214175     0.224517     0.234996     0.245062     0.254190     0.261903     0.267786     0.271502     0.272792     0.271482     0.267475     0.260753     0.251366     0.239427     0.225100     0.208591     0.190135     0.169983     0.148389     0.125595     0.101819     0.077248     0.052031     0.026276    -0.004958
    0.004456     0.023377     0.046320     0.068838     0.090871     0.112330     0.133105     0.153056     0.172024     0.189833     0.206297     0.221228     0.234447     0.245783     0.255090     0.262250     0.267178     0.269835     0.270230     0.268434     0.264578     0.258866     0.251574     0.243046     0.233692     0.223971     0.214375     0.205408     0.197554     0.191250     0.186860     0.184645     0.184748     0.187180     0.191818     0.198415     0.206611     0.215961     0.225960     0.236072     0.245761     0.254514     0.261864     0.267409     0.270818     0.271839     0.270302     0.266117     0.259265     0.249800     0.237832     0.223526     0.207084     0.188736     0.168726     0.147301     0.124693     0.101112     0.076736     0.051706     0.026124    -0.004931
    0.004447     0.023308     0.046160     0.068569     0.090479     0.111809     0.132450     0.152271     0.171118     0.188821     0.205198     0.220067     0.233250     0.244581     0.253915     0.261134     0.266158     0.268946     0.269508     0.267914     0.264296     0.258853     0.251856     0.243644     0.234619     0.225229     0.215956     0.207290     0.199701     0.193616     0.189386     0.187265     0.187389     0.189767     0.194280     0.200684     0.208628     0.217679     0.227343     0.237097     0.246419     0.254807     0.261807     0.267025     0.270137     0.270899     0.269146     0.264790     0.257817     0.248280     0.236290     0.222009     0.205636     0.187395     0.167526     0.146265     0.123837     0.100443     0.076253     0.051401     0.025982    -0.004906
    0.004439     0.023246     0.046013     0.068321     0.090115     0.111320     0.131834     0.151529     0.170258     0.187856     0.204147     0.218952     0.232097     0.243419     0.252775     0.260051     0.265164     0.268077     0.268801     0.267403     0.264014     0.258831     0.252121     0.244218     0.235512     0.226445     0.217485     0.209111     0.201780     0.195907     0.191832     0.189801     0.189944     0.192270     0.196660     0.202875     0.210573     0.219332     0.228669     0.238075     0.247040     0.255074     0.261733     0.266633     0.269459     0.269972     0.268012     0.263495     0.256408     0.246806     0.234799     0.220546     0.204244     0.186111     0.166379     0.145278     0.123024     0.099810     0.075798     0.051114     0.025849    -0.004882
    0.004433     0.023190     0.045879     0.068091     0.089777     0.110863     0.131254     0.150827     0.169441     0.186935     0.203140     0.217880     0.230985     0.242296     0.251671     0.258998     0.264196     0.267229     0.268108     0.266899     0.263732     0.258803     0.252372     0.244768     0.236373     0.227619     0.218965     0.210874     0.203794     0.198126     0.194201     0.192257     0.192418     0.194692     0.198960     0.204990     0.212449     0.220922     0.229941     0.239008     0.247624     0.255314     0.261643     0.266236     0.268785     0.269059     0.266901     0.262231     0.255038     0.245377     0.233358     0.219137     0.202906     0.184880     0.165283     0.144338     0.122252     0.099211     0.075368     0.050844     0.025725    -0.004860
    0.004428     0.023141     0.045758     0.067880     0.089462     0.110436     0.130708     0.150163     0.168664     0.186057     0.202176     0.216850     0.229914     0.241210     0.250601     0.257975     0.263254     0.266402     0.267429     0.266403     0.263452     0.258768     0.252609     0.245295     0.237203     0.228754     0.220396     0.212581     0.205744     0.200276     0.196496     0.194635     0.194813     0.197034     0.201183     0.207033     0.214257     0.222452     0.231160     0.239897     0.248176     0.255531     0.261539     0.265835     0.268117     0.268161     0.265814     0.260998     0.253706     0.243991     0.231964     0.217778     0.201620     0.183700     0.164236     0.143442     0.121518     0.098642     0.074962     0.050590     0.025608    -0.004840
    0.004424     0.023096     0.045647     0.067686     0.089170     0.110035     0.130193     0.149534     0.167926     0.185218     0.201252     0.215861     0.228882     0.240162     0.249565     0.256983     0.262337     0.265594     0.266765     0.265916     0.263174     0.258729     0.252833     0.245802     0.238004     0.229852     0.221781     0.214234     0.207633     0.202358     0.198719     0.196938     0.197131     0.199300     0.203333     0.209006     0.216001     0.223925     0.232330     0.240745     0.248695     0.255725     0.261423     0.265430     0.267455     0.267277     0.264749     0.259796     0.252411     0.242648     0.230617     0.216467     0.200383     0.182568     0.163233     0.142586     0.120820     0.098103     0.074577     0.050350     0.025498    -0.004820
    0.004420     0.023056     0.045546     0.067506     0.088898     0.109660     0.129709     0.148939     0.167224     0.184418     0.200368     0.214911     0.227888     0.239149     0.248562     0.256019     0.261445     0.264807     0.266116     0.265438     0.262899     0.258685     0.253045     0.246289     0.238777     0.230913     0.223122     0.215835     0.209464     0.204376     0.200873     0.199168     0.199375     0.201493     0.205411     0.210911     0.217683     0.225342     0.233453     0.241555     0.249184     0.255899     0.261295     0.265024     0.266800     0.266409     0.263707     0.258623     0.251152     0.241346     0.229314     0.215204     0.199194     0.181482     0.162274     0.141770     0.120154     0.097591     0.074213     0.050123     0.025395    -0.004802
    0.004417     0.023021     0.045453     0.067340     0.088644     0.109308     0.129252     0.148375     0.166556     0.183654     0.199521     0.213997     0.226929     0.238170     0.247590     0.255083     0.260578     0.264039     0.265481     0.264969     0.262626     0.258637     0.253246     0.246757     0.239524     0.231939     0.224421     0.217387     0.211238     0.206331     0.202959     0.201329     0.201548     0.203615     0.207421     0.212752     0.219306     0.226706     0.234530     0.242327     0.249645     0.256053     0.261157     0.264616     0.266152     0.265556     0.262689     0.257481     0.249928     0.240084     0.228055     0.213985     0.198049     0.180439     0.161355     0.140989     0.119520     0.097103     0.073866     0.049908     0.025297    -0.004785
    0.004415     0.022989     0.045369     0.067187     0.088408     0.108978     0.128821     0.147841     0.165920     0.182925     0.198708     0.213119     0.226005     0.237224     0.246648     0.254175     0.259734     0.263292     0.264862     0.264510     0.262357     0.258586     0.253437     0.247208     0.240245     0.232933     0.225679     0.218890     0.212957     0.208227     0.204982     0.203423     0.203653     0.205669     0.209365     0.214531     0.220871     0.228020     0.235564     0.243064     0.250080     0.256190     0.261010     0.264208     0.265513     0.264719     0.261693     0.256367     0.248739     0.238861     0.226837     0.212809     0.196947     0.179438     0.160474     0.140243     0.118914     0.096638     0.073537     0.049704     0.025204    -0.004769
    0.004413     0.022961     0.045292     0.067045     0.088187     0.108667     0.128414     0.147334     0.165314     0.182227     0.197930     0.212275     0.225115     0.236310     0.245737     0.253294     0.258914     0.262563     0.264257     0.264059     0.262092     0.258533     0.253619     0.247642     0.240943     0.233896     0.226898     0.220348     0.214624     0.210064     0.206942     0.205451     0.205691     0.207658     0.211245     0.216250     0.222382     0.229286     0.236557     0.243768     0.250490     0.256311     0.260856     0.263801     0.264881     0.263898     0.260720     0.255283     0.247583     0.237675     0.225658     0.211673     0.195885     0.178475     0.159629     0.139528     0.118335     0.096195     0.073224     0.049511     0.025116    -0.004754
    0.004412     0.022935     0.045222     0.066914     0.087981     0.108376     0.128029     0.146852     0.164737     0.181560     0.197183     0.211463     0.224256     0.235427     0.244854     0.252440     0.258116     0.261854     0.263666     0.263619     0.261831     0.258477     0.253792     0.248061     0.241618     0.234829     0.228081     0.221762     0.216241     0.211846     0.208842     0.207417     0.207666     0.209583     0.213065     0.217911     0.223841     0.230505     0.237511     0.244441     0.250877     0.256416     0.260695     0.263395     0.264259     0.263093     0.259770     0.254226     0.246460     0.236524     0.224518     0.210577     0.194862     0.177549     0.158818     0.138843     0.117782     0.095772     0.072925     0.049326     0.025033    -0.004739
    0.004411     0.022912     0.045157     0.066792     0.087788     0.108101     0.127664     0.146394     0.164187     0.180922     0.196466     0.210682     0.223428     0.234573     0.243999     0.251610     0.257341     0.261163     0.263091     0.263189     0.261574     0.258421     0.253958     0.248466     0.242272     0.235733     0.229227     0.223134     0.217810     0.213575     0.210685     0.209323     0.209579     0.211448     0.214826     0.219518     0.225249     0.231680     0.238428     0.245084     0.251242     0.256508     0.260528     0.262991     0.263646     0.262305     0.258842     0.253197     0.245369     0.235409     0.223415     0.209518     0.193875     0.176658     0.158038     0.138185     0.117251     0.095366     0.072639     0.049149     0.024953    -0.004725
    0.004411     0.022892     0.045097     0.066678     0.087607     0.107841     0.127319     0.145959     0.163661     0.180310     0.195778     0.209930     0.222629     0.233748     0.243171     0.250806     0.256588     0.260491     0.262530     0.262768     0.261323     0.258364     0.254117     0.248858     0.242905     0.236610     0.230340     0.224465     0.219332     0.215252     0.212473     0.211171     0.211434     0.213254     0.216530     0.221071     0.226610     0.232813     0.239309     0.245699     0.251586     0.256588     0.260356     0.262590     0.263043     0.261532     0.257935     0.252195     0.244308     0.234328     0.222347     0.208495     0.192924     0.175799     0.157288     0.137554     0.116741     0.094978     0.072365     0.048980     0.024876    -0.004712
    0.004410     0.022873     0.045042     0.066572     0.087436     0.107596     0.126991     0.145544     0.163159     0.179725     0.195117     0.209205     0.221858     0.232950     0.242369     0.250025     0.255857     0.259837     0.261983     0.262358     0.261076     0.258306     0.254270     0.249237     0.243520     0.237461     0.231420     0.225757     0.220810     0.216879     0.214207     0.212964     0.213232     0.215004     0.218180     0.222574     0.227924     0.233906     0.240157     0.246288     0.251912     0.256656     0.260181     0.262192     0.262450     0.260776     0.257051     0.251218     0.243278     0.233278     0.221312     0.207505     0.192005     0.174971     0.156566     0.136946     0.116252     0.094604     0.072102     0.048818     0.024803    -0.004699
    0.004410     0.022856     0.044991     0.066472     0.087276     0.107363     0.126679     0.145148     0.162678     0.179163     0.194482     0.208508     0.221114     0.232178     0.241592     0.249268     0.255146     0.259202     0.261451     0.261958     0.260835     0.258249     0.254418     0.249605     0.244116     0.238288     0.232470     0.227012     0.222245     0.218459     0.215891     0.214702     0.214975     0.216700     0.219778     0.224029     0.229195     0.234961     0.240973     0.246852     0.252220     0.256714     0.260002     0.261798     0.261867     0.260036     0.256188     0.250268     0.242276     0.232260     0.220310     0.206548     0.191117     0.174173     0.155871     0.136361     0.115781     0.094246     0.071849     0.048662     0.024732    -0.004687
    0.004410     0.022841     0.044943     0.066378     0.087124     0.107143     0.126382     0.144770     0.162218     0.178624     0.193870     0.207835     0.220395     0.231432     0.240840     0.248534     0.254456     0.258584     0.260933     0.261568     0.260600     0.258193     0.254560     0.249961     0.244696     0.239091     0.233489     0.228231     0.223638     0.219993     0.217525     0.216390     0.216666     0.218344     0.221327     0.225437     0.230423     0.235979     0.241758     0.247392     0.252511     0.256762     0.259821     0.261408     0.261295     0.259312     0.255346     0.249343     0.241302     0.231272     0.219339     0.205622     0.190260     0.173401     0.155199     0.135798     0.115327     0.093900     0.071605     0.048512     0.024664    -0.004675
    0.004410     0.022826     0.044898     0.066290     0.086979     0.106933     0.126098     0.144408     0.161777     0.178106     0.193282     0.207187     0.219701     0.230710     0.240111     0.247821     0.253786     0.257983     0.260430     0.261189     0.260371     0.258138     0.254699     0.250308     0.245259     0.239872     0.234480     0.229416     0.224992     0.221484     0.219111     0.218027     0.218306     0.219938     0.222827     0.226800     0.231611     0.236962     0.242515     0.247910     0.252788     0.256802     0.259638     0.261023     0.260734     0.258604     0.254524     0.248442     0.240356     0.230313     0.218398     0.204726     0.189430     0.172656     0.154551     0.135253     0.114889     0.093566     0.071370     0.048366     0.024598    -0.004664
    0.004411     0.022813     0.044856     0.066206     0.086842     0.106732     0.125827     0.144061     0.161354     0.177607     0.192715     0.206561     0.219030     0.230011     0.239404     0.247130     0.253136     0.257399     0.259940     0.260820     0.260148     0.258084     0.254833     0.250645     0.245807     0.240631     0.235444     0.230568     0.226309     0.222932     0.220652     0.219617     0.219899     0.221484     0.224282     0.228120     0.232761     0.237912     0.243244     0.248407     0.253050     0.256834     0.259455     0.260643     0.260183     0.257912     0.253723     0.247564     0.239436     0.229382     0.217485     0.203857     0.188627     0.171936     0.153924     0.134728     0.114466     0.093243     0.071143     0.048225     0.024534    -0.004652
    0.004411     0.022800     0.044816     0.066126     0.086711     0.106541     0.125567     0.143729     0.160947     0.177128     0.192168     0.205957     0.218381     0.229334     0.238720     0.246460     0.252504     0.256832     0.259464     0.260461     0.259932     0.258032     0.254965     0.250974     0.246341     0.241371     0.236382     0.231689     0.227588     0.224339     0.222149     0.221162     0.221444     0.222985     0.225692     0.229399     0.233874     0.238831     0.243948     0.248885     0.253298     0.256860     0.259270     0.260269     0.259644     0.257236     0.252942     0.246710     0.238541     0.228478     0.216600     0.203015     0.187849     0.171238     0.153318     0.134219     0.114057     0.092931     0.070922     0.048089     0.024472    -0.004642
    0.004411     0.022788     0.044777     0.066049     0.086586     0.106357     0.125318     0.143409     0.160555     0.176665     0.191640     0.205373     0.217754     0.228679     0.238056     0.245810     0.251891     0.256282     0.259002     0.260113     0.259722     0.257982     0.255093     0.251295     0.246861     0.242091     0.237295     0.232780     0.228833     0.225708     0.223605     0.222662     0.222945     0.224441     0.227060     0.230639     0.234952     0.239718     0.244627     0.249343     0.253535     0.256880     0.259086     0.259900     0.259115     0.256575     0.252180     0.245879     0.237671     0.227599     0.215740     0.202198     0.187095     0.170562     0.152731     0.133726     0.113660     0.092628     0.070708     0.047956     0.024411    -0.004631
    0.004411     0.022776     0.044740     0.065976     0.086465     0.106180     0.125078     0.143102     0.160177     0.176219     0.191131     0.204808     0.217147     0.228045     0.237413     0.245179     0.251296     0.255747     0.258553     0.259775     0.259518     0.257935     0.255219     0.251608     0.247368     0.242793     0.238184     0.233841     0.230045     0.227039     0.225019     0.224120     0.224402     0.225854     0.228387     0.231842     0.235996     0.240578     0.245282     0.249785     0.253759     0.256894     0.258902     0.259538     0.258597     0.255930     0.251437     0.245069     0.236825     0.226746     0.214906     0.201406     0.186364     0.169907     0.152161     0.133248     0.113275     0.092334     0.070499     0.047826     0.024351    -0.004620
    0.004411     0.022764     0.044704     0.065905     0.086349     0.106010     0.124847     0.142805     0.159813     0.175789     0.190639     0.204262     0.216559     0.227430     0.236789     0.244568     0.250719     0.255229     0.258118     0.259447     0.259321     0.257890     0.255344     0.251914     0.247863     0.243477     0.239051     0.234875     0.231224     0.228334     0.226395     0.225537     0.225819     0.227227     0.229676     0.233008     0.237007     0.241409     0.245915     0.250209     0.253974     0.256903     0.258720     0.259181     0.258091     0.255300     0.250712     0.244280     0.236002     0.225916     0.214095     0.200636     0.185654     0.169271     0.151609     0.132784     0.112900     0.092047     0.070296     0.047699     0.024293    -0.004610
    0.004411     0.022753     0.044669     0.065835     0.086236     0.105846     0.124624     0.142518     0.159461     0.175372     0.190162     0.203734     0.215989     0.226834     0.236185     0.243974     0.250159     0.254725     0.257695     0.259129     0.259131     0.257847     0.255466     0.252214     0.248347     0.244145     0.239895     0.235883     0.232372     0.229594     0.227733     0.226914     0.227195     0.228561     0.230927     0.234140     0.237988     0.242215     0.246527     0.250619     0.254178     0.256909     0.258538     0.258831     0.257595     0.254685     0.250006     0.243512     0.235200     0.225109     0.213307     0.199889     0.184965     0.168653     0.151072     0.132333     0.112536     0.091768     0.070097     0.047575     0.024236    -0.004600
    0.004411     0.022741     0.044635     0.065768     0.086127     0.105686     0.124408     0.142241     0.159120     0.174969     0.189701     0.203222     0.215438     0.226257     0.235598     0.243398     0.249615     0.254237     0.257285     0.258822     0.258948     0.257808     0.255588     0.252508     0.248820     0.244797     0.240719     0.236864     0.233490     0.230821     0.229036     0.228255     0.228533     0.229857     0.232142     0.235238     0.238940     0.242995     0.247120     0.251013     0.254374     0.256910     0.258358     0.258488     0.257110     0.254084     0.249318     0.242764     0.234421     0.224324     0.212541     0.199163     0.184295     0.168053     0.150550     0.131894     0.112181     0.091496     0.069903     0.047453     0.024179    -0.004590
    0.004411     0.022730     0.044600     0.065702     0.086020     0.105531     0.124198     0.141972     0.158790     0.174579     0.189254     0.202726     0.214903     0.225696     0.235029     0.242839     0.249087     0.253763     0.256888     0.258524     0.258771     0.257772     0.255708     0.252796     0.249282     0.245433     0.241523     0.237821     0.234580     0.232016     0.230303     0.229558     0.229834     0.231117     0.233322     0.236305     0.239863     0.243751     0.247693     0.251394     0.254561     0.256909     0.258181     0.258151     0.256636     0.253498     0.248646     0.242035     0.233662     0.223561     0.211796     0.198457     0.183644     0.167469     0.150042     0.131466     0.111835     0.091230     0.069713     0.047334     0.024124    -0.004580
    0.004410     0.022718     0.044566     0.065637     0.085916     0.105379     0.123994     0.141710     0.158470     0.174200     0.188821     0.202245     0.214384     0.225153     0.234477     0.242297     0.248575     0.253303     0.256503     0.258236     0.258601     0.257739     0.255827     0.253079     0.249735     0.246055     0.242308     0.238755     0.235642     0.233180     0.231537     0.230827     0.231100     0.232341     0.234469     0.237341     0.240759     0.244485     0.248248     0.251762     0.254740     0.256905     0.258005     0.257821     0.256173     0.252926     0.247992     0.241325     0.232923     0.222817     0.211071     0.197769     0.183010     0.166901     0.149547     0.131049     0.111497     0.090970     0.069527     0.047216     0.024069    -0.004570
    0.004410     0.022705     0.044532     0.065572     0.085813     0.105232     0.123795     0.141456     0.158158     0.173832     0.188400     0.201778     0.213880     0.224625     0.233941     0.241771     0.248079     0.252857     0.256130     0.257958     0.258438     0.257709     0.255946     0.253357     0.250179     0.246664     0.243074     0.239666     0.236677     0.234314     0.232740     0.232063     0.232332     0.233533     0.235584     0.238347     0.241629     0.245197     0.248786     0.252118     0.254912     0.256898     0.257832     0.257497     0.255720     0.252368     0.247354     0.240634     0.232203     0.222094     0.210366     0.197100     0.182393     0.166347     0.149064     0.130642     0.111167     0.090715     0.069344     0.047100     0.024014    -0.004560
    0.004409     0.022693     0.044498     0.065508     0.085712     0.105087     0.123600     0.141209     0.157856     0.173475     0.187991     0.201324     0.213391     0.224113     0.233421     0.241260     0.247597     0.252425     0.255769     0.257689     0.258282     0.257683     0.256065     0.253631     0.250613     0.247259     0.243823     0.240555     0.237687     0.235420     0.233911     0.233266     0.233531     0.234692     0.236669     0.239326     0.242475     0.245888     0.249307     0.252462     0.255077     0.256890     0.257661     0.257181     0.255278     0.251824     0.246732     0.239960     0.231502     0.221389     0.209679     0.196449     0.181792     0.165807     0.148593     0.130244     0.110844     0.090465     0.069164     0.046986     0.023960    -0.004551
    0.004408     0.022680     0.044463     0.065445     0.085612     0.104944     0.123410     0.140967     0.157561     0.173127     0.187594     0.200883     0.212916     0.223615     0.232915     0.240764     0.247129     0.252006     0.255420     0.257430     0.258132     0.257660     0.256183     0.253901     0.251040     0.247841     0.244555     0.241424     0.238673     0.236498     0.235052     0.234438     0.234699     0.235820     0.237724     0.240278     0.243297     0.246559     0.249813     0.252795     0.255236     0.256880     0.257493     0.256871     0.254847     0.251293     0.246126     0.239303     0.230820     0.220703     0.209009     0.195814     0.181206     0.165280     0.148133     0.129855     0.110527     0.090219     0.068987     0.046873     0.023907    -0.004541
    0.004407     0.022666     0.044428     0.065381     0.085513     0.104804     0.123224     0.140731     0.157273     0.172788     0.187207     0.200454     0.212454     0.223132     0.232425     0.240282     0.246676     0.251600     0.255082     0.257180     0.257989     0.257641     0.256302     0.254167     0.251458     0.248412     0.245270     0.242272     0.239635     0.237550     0.236165     0.235580     0.235836     0.236919     0.238751     0.241203     0.244096     0.247211     0.250305     0.253117     0.255389     0.256869     0.257329     0.256569     0.254425     0.250775     0.245535     0.238663     0.230154     0.220034     0.208357     0.195195     0.180634     0.164766     0.147684     0.129474     0.110217     0.089978     0.068813     0.046762     0.023854    -0.004531
    0.004406     0.022652     0.044393     0.065318     0.085415     0.104666     0.123041     0.140499     0.156992     0.172458     0.186830     0.200037     0.212004     0.222662     0.231948     0.239815     0.246236     0.251207     0.254755     0.256939     0.257852     0.257625     0.256420     0.254429     0.251869     0.248970     0.245971     0.243101     0.240574     0.238576     0.237250     0.236692     0.236944     0.237988     0.239751     0.242104     0.244873     0.247845     0.250782     0.253430     0.255537     0.256857     0.257167     0.256273     0.254014     0.250269     0.244959     0.238039     0.229506     0.219382     0.207721     0.194591     0.180076     0.164264     0.147244     0.129102     0.109912     0.089741     0.068641     0.046652     0.023801    -0.004522
    0.004404     0.022638     0.044357     0.065254     0.085318     0.104530     0.122861     0.140273     0.156717     0.172135     0.186463     0.199631     0.211567     0.222205     0.231484     0.239361     0.245809     0.250825     0.254438     0.256706     0.257722     0.257613     0.256539     0.254688     0.252273     0.249518     0.246656     0.243911     0.241492     0.239578     0.238309     0.237778     0.238024     0.239031     0.240725     0.242981     0.245629     0.248462     0.251245     0.253734     0.255680     0.256844     0.257009     0.255984     0.253612     0.249777     0.244397     0.237431     0.228873     0.218747     0.207100     0.194002     0.179531     0.163773     0.146814     0.128736     0.109613     0.089507     0.068471     0.046543     0.023749    -0.004512
    0.004402     0.022623     0.044320     0.065190     0.085221     0.104395     0.122683     0.140050     0.156447     0.171820     0.186105     0.199235     0.211141     0.221760     0.231034     0.238920     0.245394     0.250456     0.254132     0.256483     0.257598     0.257604     0.256658     0.254944     0.252669     0.250055     0.247326     0.244703     0.242388     0.240556     0.239342     0.238836     0.239076     0.240046     0.241673     0.243835     0.246365     0.249062     0.251696     0.254029     0.255818     0.256831     0.256854     0.255701     0.253221     0.249296     0.243849     0.236838     0.228256     0.218127     0.206495     0.193427     0.178998     0.163293     0.146393     0.128378     0.109319     0.089277     0.068303     0.046435     0.023697    -0.004503
    0.004400     0.022607     0.044282     0.065125     0.085124     0.104261     0.122508     0.139831     0.156184     0.171512     0.185755     0.198848     0.210727     0.221327     0.230596     0.238492     0.244992     0.250098     0.253837     0.256267     0.257480     0.257599     0.256778     0.255197     0.253060     0.250582     0.247983     0.245478     0.243264     0.241511     0.240350     0.239868     0.240103     0.241036     0.242597     0.244667     0.247082     0.249646     0.252135     0.254316     0.255953     0.256817     0.256702     0.255426     0.252839     0.248827     0.243314     0.236260     0.227655     0.217522     0.205904     0.192865     0.178478     0.162823     0.145980     0.128026     0.109030     0.089051     0.068138     0.046327     0.023645    -0.004493
    0.004398     0.022591     0.044244     0.065060     0.085027     0.104128     0.122336     0.139616     0.155925     0.171210     0.185413     0.198472     0.210323     0.220906     0.230170     0.238075     0.244602     0.249751     0.253551     0.256060     0.257369     0.257597     0.256898     0.255447     0.253444     0.251098     0.248626     0.246236     0.244120     0.242443     0.241334     0.240876     0.241104     0.242001     0.243498     0.245478     0.247781     0.250215     0.252562     0.254595     0.256083     0.256804     0.256554     0.255157     0.252466     0.248370     0.242793     0.235695     0.227068     0.216931     0.205327     0.192316     0.177968     0.162362     0.145575     0.127680     0.108745     0.088827     0.067974     0.046221     0.023594    -0.004484
    0.004396     0.022574     0.044205     0.064994     0.084930     0.103995     0.122165     0.139404     0.155670     0.170914     0.185079     0.198104     0.209929     0.220496     0.229755     0.237671     0.244223     0.249415     0.253275     0.255862     0.257263     0.257599     0.257018     0.255695     0.253822     0.251606     0.249257     0.246978     0.244958     0.243355     0.242295     0.241859     0.242081     0.242942     0.244376     0.246268     0.248461     0.250769     0.252978     0.254867     0.256210     0.256790     0.256409     0.254894     0.252102     0.247924     0.242285     0.235145     0.226495     0.216355     0.204763     0.191779     0.177470     0.161912     0.145178     0.127341     0.108465     0.088607     0.067812     0.046116     0.023543    -0.004475
    0.004394     0.022556     0.044165     0.064928     0.084833     0.103864     0.121995     0.139194     0.155420     0.170624     0.184752     0.197744     0.209544     0.220096     0.229352     0.237278     0.243856     0.249089     0.253008     0.255670     0.257163     0.257604     0.257140     0.255940     0.254194     0.252104     0.249875     0.247705     0.245776     0.244246     0.243234     0.242819     0.243034     0.243861     0.245233     0.247038     0.249125     0.251309     0.253384     0.255132     0.256333     0.256776     0.256268     0.254638     0.251748     0.247489     0.241789     0.234608     0.225937     0.215792     0.204212     0.191254     0.176983     0.161470     0.144788     0.127007     0.108189     0.088389     0.067651     0.046011     0.023492    -0.004465
    0.004391     0.022538     0.044124     0.064860     0.084735     0.103732     0.121827     0.138988     0.155174     0.170340     0.184431     0.197393     0.209169     0.219706     0.228959     0.236896     0.243499     0.248774     0.252751     0.255487     0.257069     0.257613     0.257261     0.256182     0.254560     0.252593     0.250481     0.248416     0.246578     0.245117     0.244151     0.243756     0.243964     0.244757     0.246069     0.247790     0.249772     0.251836     0.253779     0.255390     0.256453     0.256763     0.256130     0.254389     0.251402     0.247065     0.241305     0.234084     0.225391     0.215242     0.203674     0.190741     0.176505     0.161037     0.144405     0.126678     0.107917     0.088174     0.067493     0.045907     0.023441    -0.004456
    0.004388     0.022519     0.044083     0.064792     0.084638     0.103602     0.121661     0.138784     0.154932     0.170060     0.184117     0.197049     0.208803     0.219326     0.228577     0.236524     0.243152     0.248468     0.252502     0.255311     0.256980     0.257625     0.257384     0.256422     0.254921     0.253074     0.251075     0.249113     0.247362     0.245968     0.245047     0.244672     0.244873     0.245632     0.246884     0.248523     0.250403     0.252349     0.254165     0.255642     0.256571     0.256751     0.255996     0.254146     0.251065     0.246651     0.240833     0.233573     0.224858     0.214705     0.203148     0.190238     0.176037     0.160612     0.144029     0.126355     0.107649     0.087961     0.067335     0.045804     0.023390    -0.004446
    0.004385     0.022500     0.044040     0.064724     0.084539     0.103471     0.121495     0.138582     0.154693     0.169785     0.183809     0.196713     0.208445     0.218956     0.228205     0.236163     0.242816     0.248172     0.252262     0.255142     0.256897     0.257640     0.257507     0.256660     0.255278     0.253546     0.251658     0.249796     0.248129     0.246801     0.245923     0.245567     0.245760     0.246486     0.247680     0.249239     0.251019     0.252851     0.254541     0.255888     0.256686     0.256739     0.255866     0.253908     0.250736     0.246247     0.240373     0.233073     0.224338     0.214180     0.202633     0.189746     0.175579     0.160195     0.143660     0.126037     0.107384     0.087751     0.067179     0.045701     0.023340    -0.004437
    0.004382     0.022480     0.043997     0.064654     0.084441     0.103340     0.121331     0.138382     0.154458     0.169515     0.183507     0.196384     0.208095     0.218594     0.227842     0.235811     0.242490     0.247886     0.252031     0.254980     0.256819     0.257658     0.257631     0.256897     0.255629     0.254011     0.252230     0.250465     0.248881     0.247616     0.246780     0.246441     0.246627     0.247320     0.248458     0.249937     0.251621     0.253340     0.254909     0.256128     0.256798     0.256727     0.255738     0.253677     0.250415     0.245854     0.239923     0.232586     0.223829     0.213666     0.202129     0.189265     0.175129     0.159785     0.143297     0.125724     0.107123     0.087544     0.067025     0.045600     0.023290    -0.004428
    0.004378     0.022459     0.043953     0.064584     0.084341     0.103210     0.121167     0.138184     0.154225     0.169249     0.183211     0.196061     0.207753     0.218241     0.227488     0.235469     0.242173     0.247608     0.251807     0.254826     0.256746     0.257679     0.257755     0.257131     0.255975     0.254468     0.252792     0.251121     0.249616     0.248414     0.247618     0.247296     0.247474     0.248135     0.249217     0.250620     0.252208     0.253818     0.255267     0.256362     0.256908     0.256716     0.255615     0.253452     0.250103     0.245469     0.239485     0.232110     0.223333     0.213165     0.201636     0.188793     0.174688     0.159384     0.142940     0.125416     0.106866     0.087338     0.066872     0.045499     0.023240    -0.004419
    0.004375     0.022438     0.043908     0.064513     0.084242     0.103080     0.121005     0.137988     0.153996     0.168988     0.182920     0.195745     0.207418     0.217896     0.227144     0.235136     0.241865     0.247339     0.251591     0.254677     0.256679     0.257703     0.257880     0.257363     0.256316     0.254917     0.253343     0.251764     0.250337     0.249194     0.248437     0.248132     0.248302     0.248931     0.249958     0.251286     0.252781     0.254285     0.255618     0.256592     0.257015     0.256706     0.255495     0.253233     0.249798     0.245095     0.239057     0.231645     0.222847     0.212674     0.201154     0.188330     0.174256     0.158989     0.142588     0.125112     0.106612     0.087135     0.066720     0.045398     0.023190    -0.004409
    0.004371     0.022416     0.043862     0.064441     0.084142     0.102949     0.120843     0.137794     0.153769     0.168730     0.182634     0.195435     0.207091     0.217560     0.226808     0.234812     0.241566     0.247079     0.251383     0.254535     0.256616     0.257730     0.258006     0.257593     0.256653     0.255359     0.253884     0.252395     0.251043     0.249959     0.249239     0.248949     0.249112     0.249709     0.250683     0.251937     0.253342     0.254741     0.255961     0.256816     0.257121     0.256697     0.255378     0.253019     0.249501     0.244729     0.238639     0.231191     0.222373     0.212194     0.200682     0.187877     0.173832     0.158601     0.142242     0.124812     0.106361     0.086934     0.066570     0.045298     0.023140    -0.004400
    0.004367     0.022394     0.043816     0.064368     0.084041     0.102819     0.120681     0.137601     0.153545     0.168476     0.182352     0.195131     0.206771     0.217231     0.226480     0.234497     0.241275     0.246826     0.251182     0.254399     0.256557     0.257759     0.258132     0.257821     0.256986     0.255794     0.254416     0.253014     0.251735     0.250707     0.250024     0.249749     0.249903     0.250470     0.251391     0.252573     0.253890     0.255187     0.256296     0.257036     0.257225     0.256688     0.255264     0.252811     0.249211     0.244373     0.238231     0.230747     0.221909     0.211724     0.200219     0.187433     0.173415     0.158220     0.141902     0.124517     0.106113     0.086736     0.066421     0.045199     0.023091    -0.004391
    0.004363     0.022371     0.043768     0.064294     0.083940     0.102689     0.120521     0.137409     0.153323     0.168225     0.182076     0.194833     0.206457     0.216909     0.226160     0.234190     0.240993     0.246582     0.250989     0.254270     0.256503     0.257792     0.258259     0.258047     0.257314     0.256222     0.254938     0.253621     0.252414     0.251440     0.250792     0.250531     0.250677     0.251213     0.252084     0.253195     0.254425     0.255623     0.256624     0.257251     0.257327     0.256680     0.255154     0.252609     0.248929     0.244025     0.237832     0.230313     0.221455     0.211264     0.199766     0.186997     0.173006     0.157845     0.141567     0.124225     0.105868     0.086539     0.066274     0.045101     0.023042    -0.004382
    0.004359     0.022348     0.043720     0.064220     0.083838     0.102558     0.120360     0.137219     0.153103     0.167978     0.181803     0.194540     0.206149     0.216595     0.225848     0.233890     0.240718     0.246345     0.250802     0.254146     0.256454     0.257826     0.258386     0.258272     0.257638     0.256644     0.255452     0.254216     0.253079     0.252158     0.251544     0.251296     0.251434     0.251941     0.252761     0.253804     0.254949     0.256050     0.256945     0.257462     0.257427     0.256674     0.255047     0.252412     0.248654     0.243685     0.237443     0.229890     0.221011     0.210814     0.199322     0.186570     0.172605     0.157477     0.141237     0.123938     0.105627     0.086344     0.066127     0.045003     0.022993    -0.004372
    0.004355     0.022324     0.043671     0.064145     0.083736     0.102427     0.120201     0.137030     0.152886     0.167733     0.181535     0.194253     0.205848     0.216287     0.225543     0.233599     0.240452     0.246115     0.250622     0.254027     0.256408     0.257864     0.258514     0.258495     0.257958     0.257059     0.255956     0.254801     0.253731     0.252861     0.252280     0.252045     0.252175     0.252652     0.253423     0.254399     0.255461     0.256467     0.257259     0.257669     0.257526     0.256668     0.254943     0.252220     0.248385     0.243354     0.237063     0.229476     0.220577     0.210374     0.198887     0.186151     0.172211     0.157114     0.140913     0.123655     0.105388     0.086152     0.065982     0.044906     0.022944    -0.004363
    0.004351     0.022300     0.043622     0.064069     0.083633     0.102297     0.120042     0.136843     0.152671     0.167492     0.181271     0.193970     0.205552     0.215986     0.225245     0.233315     0.240192     0.245892     0.250448     0.253914     0.256367     0.257904     0.258642     0.258716     0.258273     0.257467     0.256452     0.255375     0.254370     0.253550     0.253001     0.252778     0.252900     0.253348     0.254071     0.254980     0.255962     0.256876     0.257567     0.257871     0.257623     0.256663     0.254843     0.252033     0.248124     0.243030     0.236692     0.229071     0.220153     0.209942     0.198460     0.185740     0.171823     0.156758     0.140593     0.123376     0.105152     0.085962     0.065839     0.044810     0.022896    -0.004354
    0.004346     0.022275     0.043572     0.063993     0.083530     0.102166     0.119883     0.136657     0.152458     0.167254     0.181011     0.193692     0.205262     0.215691     0.224955     0.233038     0.239940     0.245677     0.250281     0.253807     0.256329     0.257946     0.258770     0.258936     0.258585     0.257870     0.256939     0.255938     0.254997     0.254226     0.253708     0.253496     0.253609     0.254029     0.254704     0.255550     0.256452     0.257276     0.257868     0.258070     0.257719     0.256659     0.254745     0.251851     0.247868     0.242715     0.236329     0.228675     0.219737     0.209520     0.198042     0.185336     0.171443     0.156407     0.140278     0.123100     0.104919     0.085773     0.065696     0.044715     0.022848    -0.004345
    0.004341     0.022250     0.043521     0.063916     0.083426     0.102035     0.119725     0.136472     0.152247     0.167019     0.180755     0.193419     0.204978     0.215403     0.224671     0.232768     0.239695     0.245468     0.250119     0.253704     0.256296     0.257990     0.258899     0.259154     0.258893     0.258266     0.257418     0.256491     0.255612     0.254888     0.254400     0.254199     0.254304     0.254696     0.255325     0.256107     0.256932     0.257667     0.258164     0.258265     0.257814     0.256656     0.254651     0.251674     0.247620     0.242407     0.235975     0.228288     0.219331     0.209106     0.197632     0.184940     0.171069     0.156062     0.139967     0.122828     0.104689     0.085587     0.065555     0.044620     0.022800    -0.004336
    0.004337     0.022224     0.043470     0.063839     0.083322     0.101904     0.119567     0.136288     0.152038     0.166787     0.180502     0.193150     0.204699     0.215121     0.224393     0.232505     0.239457     0.245265     0.249964     0.253606     0.256266     0.258036     0.259028     0.259370     0.259198     0.258656     0.257890     0.257035     0.256216     0.255537     0.255078     0.254888     0.254984     0.255349     0.255932     0.256652     0.257402     0.258051     0.258453     0.258457     0.257907     0.256654     0.254559     0.251501     0.247377     0.242106     0.235629     0.227910     0.218933     0.208700     0.197230     0.184551     0.170701     0.155723     0.139661     0.122560     0.104461     0.085402     0.065415     0.044526     0.022753    -0.004327
    0.004332     0.022198     0.043418     0.063761     0.083217     0.101774     0.119410     0.136105     0.151830     0.166557     0.180253     0.192886     0.204425     0.214844     0.224122     0.232248     0.239225     0.245069     0.249814     0.253513     0.256239     0.258084     0.259158     0.259584     0.259498     0.259041     0.258353     0.257568     0.256808     0.256173     0.255742     0.255562     0.255650     0.255988     0.256526     0.257186     0.257862     0.258426     0.258737     0.258645     0.257999     0.256652     0.254471     0.251333     0.247141     0.241812     0.235290     0.227539     0.218543     0.208303     0.196836     0.184169     0.170340     0.155389     0.139360     0.122295     0.104237     0.085220     0.065277     0.044432     0.022706    -0.004318
    0.004327     0.022172     0.043365     0.063682     0.083113     0.101643     0.119254     0.135923     0.151625     0.166330     0.180007     0.192626     0.204156     0.214573     0.223857     0.231998     0.238999     0.244878     0.249669     0.253424     0.256216     0.258134     0.259287     0.259797     0.259795     0.259420     0.258809     0.258092     0.257389     0.256798     0.256394     0.256223     0.256302     0.256613     0.257108     0.257709     0.258313     0.258794     0.259015     0.258830     0.258090     0.256652     0.254385     0.251170     0.246910     0.241525     0.234960     0.227177     0.218162     0.207914     0.196449     0.183794     0.169985     0.155060     0.139063     0.122034     0.104015     0.085039     0.065139     0.044340     0.022659    -0.004309
    0.004322     0.022146     0.043313     0.063603     0.083008     0.101512     0.119097     0.135742     0.151421     0.166105     0.179764     0.192370     0.203892     0.214307     0.223597     0.231754     0.238780     0.244694     0.249529     0.253340     0.256196     0.258186     0.259417     0.260008     0.260088     0.259793     0.259257     0.258607     0.257959     0.257410     0.257032     0.256871     0.256941     0.257226     0.257679     0.258222     0.258754     0.259155     0.259289     0.259012     0.258180     0.256653     0.254302     0.251011     0.246685     0.241245     0.234636     0.226823     0.217788     0.207532     0.196070     0.183426     0.169636     0.154737     0.138770     0.121777     0.103795     0.084861     0.065003     0.044248     0.022612    -0.004301
    0.004317     0.022119     0.043259     0.063524     0.082902     0.101381     0.118942     0.135563     0.151219     0.165883     0.179525     0.192118     0.203632     0.214047     0.223343     0.231515     0.238566     0.244515     0.249395     0.253260     0.256178     0.258239     0.259547     0.260217     0.260378     0.260161     0.259698     0.259113     0.258519     0.258011     0.257658     0.257505     0.257567     0.257827     0.258237     0.258723     0.259187     0.259509     0.259556     0.259190     0.258268     0.256654     0.254221     0.250857     0.246465     0.240972     0.234321     0.226476     0.217422     0.207158     0.195697     0.183064     0.169292     0.154418     0.138482     0.121522     0.103579     0.084684     0.064869     0.044157     0.022566    -0.004292
    0.004312     0.022092     0.043206     0.063444     0.082797     0.101250     0.118786     0.135384     0.151018     0.165663     0.179289     0.191869     0.203377     0.213791     0.223095     0.231282     0.238358     0.244341     0.249265     0.253183     0.256164     0.258294     0.259676     0.260425     0.260664     0.260524     0.260132     0.259610     0.259069     0.258600     0.258272     0.258128     0.258181     0.258415     0.258784     0.259215     0.259611     0.259855     0.259819     0.259366     0.258356     0.256657     0.254143     0.250706     0.246251     0.240705     0.234012     0.226137     0.217064     0.206791     0.195332     0.182709     0.168955     0.154104     0.138197     0.121272     0.103364     0.084509     0.064736     0.044067     0.022520    -0.004283
    0.004306     0.022065     0.043152     0.063364     0.082691     0.101120     0.118632     0.135206     0.150819     0.165445     0.179056     0.191625     0.203127     0.213540     0.222852     0.231055     0.238155     0.244172     0.249140     0.253111     0.256153     0.258351     0.259806     0.260631     0.260947     0.260881     0.260559     0.260099     0.259609     0.259178     0.258874     0.258737     0.258782     0.258991     0.259320     0.259697     0.260026     0.260195     0.260077     0.259538     0.258443     0.256660     0.254068     0.250560     0.246043     0.240444     0.233710     0.225805     0.216713     0.206431     0.194973     0.182360     0.168623     0.153796     0.137917     0.121024     0.103153     0.084337     0.064604     0.043977     0.022475    -0.004275
    0.004301     0.022037     0.043097     0.063283     0.082585     0.100989     0.118478     0.135030     0.150622     0.165230     0.178826     0.191384     0.202880     0.213295     0.222614     0.230833     0.237958     0.244009     0.249020     0.253042     0.256144     0.258409     0.259936     0.260835     0.261226     0.261233     0.260979     0.260579     0.260139     0.259745     0.259464     0.259335     0.259371     0.259556     0.259845     0.260169     0.260434     0.260529     0.260331     0.259708     0.258528     0.256664     0.253995     0.250417     0.245839     0.240189     0.233414     0.225480     0.216369     0.206079     0.194621     0.182017     0.168296     0.153492     0.137641     0.120780     0.102944     0.084166     0.064473     0.043888     0.022430    -0.004266
    0.004296     0.022009     0.043043     0.063203     0.082479     0.100859     0.118324     0.134854     0.150427     0.165017     0.178598     0.191146     0.202638     0.213053     0.222381     0.230616     0.237766     0.243850     0.248904     0.252977     0.256138     0.258468     0.260065     0.261037     0.261502     0.261580     0.261392     0.261051     0.260660     0.260302     0.260043     0.259922     0.259949     0.260110     0.260360     0.260632     0.260833     0.260856     0.260579     0.259875     0.258613     0.256669     0.253925     0.250278     0.245640     0.239940     0.233125     0.225162     0.216032     0.205733     0.194275     0.181680     0.167975     0.153192     0.137369     0.120539     0.102738     0.083997     0.064344     0.043801     0.022385    -0.004258
    0.004290     0.021981     0.042988     0.063122     0.082374     0.100729     0.118171     0.134680     0.150233     0.164806     0.178374     0.190912     0.202399     0.212816     0.222152     0.230404     0.237578     0.243696     0.248792     0.252916     0.256134     0.258529     0.260194     0.261238     0.261775     0.261922     0.261799     0.261515     0.261171     0.260849     0.260611     0.260497     0.260515     0.260652     0.260865     0.261085     0.261225     0.261177     0.260824     0.260039     0.258697     0.256675     0.253857     0.250143     0.245446     0.239697     0.232843     0.224850     0.215701     0.205393     0.193936     0.181349     0.167659     0.152898     0.137100     0.120301     0.102534     0.083830     0.064216     0.043714     0.022341    -0.004249
    0.004285     0.021953     0.042933     0.063041     0.082268     0.100599     0.118019     0.134506     0.150040     0.164597     0.178152     0.190681     0.202164     0.212584     0.221929     0.230197     0.237396     0.243546     0.248684     0.252857     0.256133     0.258590     0.260323     0.261437     0.262044     0.262260     0.262199     0.261971     0.261673     0.261385     0.261169     0.261060     0.261071     0.261185     0.261360     0.261530     0.261609     0.261492     0.261064     0.260201     0.258780     0.256681     0.253792     0.250012     0.245257     0.239459     0.232566     0.224545     0.215378     0.205060     0.193603     0.181023     0.167348     0.152607     0.136836     0.120067     0.102333     0.083665     0.064089     0.043628     0.022297    -0.004241
    0.004279     0.021925     0.042878     0.062960     0.082162     0.100469     0.117867     0.134334     0.149850     0.164390     0.177933     0.190454     0.201934     0.212355     0.221710     0.229994     0.237217     0.243401     0.248579     0.252802     0.256133     0.258653     0.260452     0.261634     0.262310     0.262592     0.262593     0.262420     0.262167     0.261912     0.261716     0.261614     0.261616     0.261706     0.261845     0.261967     0.261986     0.261802     0.261300     0.260360     0.258862     0.256688     0.253728     0.249884     0.245073     0.239227     0.232296     0.224246     0.215060     0.204734     0.193276     0.180703     0.167042     0.152322     0.136575     0.119835     0.102134     0.083502     0.063964     0.043542     0.022253    -0.004232
    0.004274     0.021897     0.042822     0.062879     0.082056     0.100340     0.117716     0.134163     0.149660     0.164186     0.177716     0.190230     0.201706     0.212131     0.221495     0.229796     0.237044     0.243260     0.248479     0.252750     0.256136     0.258716     0.260580     0.261830     0.262573     0.262920     0.262981     0.262861     0.262651     0.262429     0.262253     0.262156     0.262150     0.262218     0.262321     0.262395     0.262356     0.262105     0.261531     0.260517     0.258944     0.256696     0.253667     0.249760     0.244893     0.239000     0.232031     0.223954     0.214749     0.204414     0.192954     0.180389     0.166741     0.152040     0.136318     0.119607     0.101938     0.083341     0.063840     0.043458     0.022210    -0.004224
    0.004268     0.021868     0.042767     0.062797     0.081950     0.100211     0.117565     0.133993     0.149473     0.163983     0.177502     0.190008     0.201483     0.211911     0.221284     0.229602     0.236875     0.243123     0.248382     0.252700     0.256141     0.258781     0.260708     0.262024     0.262832     0.263243     0.263363     0.263295     0.263128     0.262937     0.262780     0.262689     0.262674     0.262720     0.262788     0.262814     0.262719     0.262403     0.261759     0.260672     0.259024     0.256705     0.253608     0.249638     0.244717     0.238778     0.231772     0.223667     0.214444     0.204099     0.192639     0.180080     0.166445     0.151763     0.136065     0.119382     0.101744     0.083181     0.063718     0.043374     0.022167    -0.004216
    0.004263     0.021840     0.042711     0.062716     0.081844     0.100083     0.117415     0.133823     0.149286     0.163783     0.177291     0.189790     0.201263     0.211694     0.221078     0.229412     0.236709     0.242990     0.248288     0.252653     0.256147     0.258846     0.260836     0.262216     0.263089     0.263561     0.263739     0.263721     0.263595     0.263436     0.263297     0.263211     0.263188     0.263212     0.263245     0.263226     0.263075     0.262696     0.261983     0.260824     0.259104     0.256714     0.253550     0.249520     0.244545     0.238561     0.231519     0.223386     0.214145     0.203791     0.192329     0.179776     0.166154     0.151490     0.135815     0.119159     0.101553     0.083024     0.063596     0.043292     0.022125    -0.004208
    0.004257     0.021811     0.042656     0.062635     0.081739     0.099955     0.117266     0.133655     0.149102     0.163584     0.177082     0.189575     0.201046     0.211482     0.220875     0.229227     0.236548     0.242860     0.248198     0.252609     0.256156     0.258912     0.260963     0.262406     0.263342     0.263875     0.264109     0.264140     0.264055     0.263926     0.263804     0.263724     0.263692     0.263695     0.263695     0.263630     0.263424     0.262983     0.262203     0.260973     0.259183     0.256724     0.253495     0.249406     0.244378     0.238349     0.231271     0.223111     0.213852     0.203488     0.192025     0.179477     0.165867     0.151222     0.135569     0.118940     0.101364     0.082868     0.063477     0.043210     0.022083    -0.004200
    0.004251     0.021782     0.042600     0.062554     0.081634     0.099827     0.117118     0.133489     0.148919     0.163388     0.176876     0.189363     0.200832     0.211272     0.220676     0.229045     0.236391     0.242735     0.248111     0.252568     0.256166     0.258978     0.261090     0.262594     0.263592     0.264185     0.264473     0.264553     0.264507     0.264407     0.264303     0.264227     0.264187     0.264169     0.264135     0.264027     0.263767     0.263265     0.262419     0.261121     0.259261     0.256735     0.253442     0.249294     0.244214     0.238142     0.231028     0.222842     0.213565     0.203191     0.191726     0.179183     0.165585     0.150957     0.135327     0.118724     0.101178     0.082715     0.063358     0.043129     0.022041    -0.004192
    0.004246     0.021754     0.042544     0.062473     0.081529     0.099700     0.116971     0.133323     0.148737     0.163193     0.176672     0.189153     0.200622     0.211067     0.220481     0.228868     0.236237     0.242612     0.248027     0.252529     0.256177     0.259045     0.261216     0.262781     0.263839     0.264490     0.264832     0.264958     0.264951     0.264879     0.264792     0.264721     0.264673     0.264634     0.264568     0.264416     0.264104     0.263543     0.262632     0.261266     0.259339     0.256746     0.253390     0.249185     0.244055     0.237939     0.230791     0.222578     0.213283     0.202899     0.191432     0.178895     0.165308     0.150696     0.135088     0.118511     0.100994     0.082563     0.063241     0.043049     0.022000    -0.004184
    0.004240     0.021725     0.042489     0.062392     0.081424     0.099574     0.116824     0.133158     0.148557     0.163001     0.176470     0.188947     0.200415     0.210865     0.220290     0.228694     0.236087     0.242493     0.247946     0.252492     0.256190     0.259113     0.261341     0.262966     0.264083     0.264791     0.265185     0.265357     0.265388     0.265343     0.265273     0.265206     0.265150     0.265090     0.264992     0.264798     0.264435     0.263815     0.262841     0.261409     0.259416     0.256758     0.253341     0.249079     0.243899     0.237741     0.230558     0.222319     0.213006     0.202613     0.191143     0.178611     0.165035     0.150440     0.134852     0.118301     0.100812     0.082413     0.063126     0.042970     0.021959    -0.004177
    0.004234     0.021696     0.042433     0.062311     0.081320     0.099448     0.116678     0.132995     0.148379     0.162810     0.176271     0.188743     0.200211     0.210666     0.220102     0.228523     0.235941     0.242378     0.247868     0.252457     0.256205     0.259181     0.261466     0.263149     0.264324     0.265087     0.265533     0.265750     0.265817     0.265799     0.265744     0.265681     0.265617     0.265538     0.265408     0.265173     0.264759     0.264083     0.263047     0.261550     0.259492     0.256770     0.253293     0.248976     0.243747     0.237547     0.230330     0.222066     0.212735     0.202332     0.190860     0.178332     0.164766     0.150187     0.134620     0.118093     0.100633     0.082265     0.063011     0.042891     0.021919    -0.004169
    0.004228     0.021668     0.042378     0.062230     0.081216     0.099322     0.116533     0.132833     0.148202     0.162622     0.176074     0.188541     0.200010     0.210470     0.219918     0.228356     0.235798     0.242265     0.247792     0.252425     0.256221     0.259250     0.261590     0.263330     0.264562     0.265379     0.265875     0.266136     0.266239     0.266247     0.266208     0.266149     0.266077     0.265978     0.265817     0.265541     0.265078     0.264345     0.263249     0.261689     0.259567     0.256783     0.253247     0.248876     0.243599     0.237357     0.230107     0.221817     0.212469     0.202056     0.190581     0.178057     0.164502     0.149938     0.134392     0.117889     0.100456     0.082119     0.062898     0.042814     0.021879    -0.004161
    0.004223     0.021639     0.042322     0.062150     0.081113     0.099197     0.116389     0.132672     0.148026     0.162435     0.175879     0.188343     0.199812     0.210278     0.219737     0.228193     0.235658     0.242156     0.247719     0.252394     0.256238     0.259318     0.261714     0.263510     0.264797     0.265667     0.266212     0.266516     0.266653     0.266687     0.266663     0.266607     0.266527     0.266409     0.266218     0.265902     0.265391     0.264604     0.263448     0.261826     0.259641     0.256796     0.253202     0.248778     0.243454     0.237172     0.229889     0.221574     0.212208     0.201785     0.190308     0.177788     0.164242     0.149693     0.134166     0.117687     0.100282     0.081974     0.062787     0.042737     0.021840    -0.004154
    0.004217     0.021610     0.042267     0.062070     0.081009     0.099073     0.116246     0.132512     0.147852     0.162250     0.175687     0.188147     0.199617     0.210089     0.219559     0.228033     0.235522     0.242049     0.247649     0.252365     0.256256     0.259388     0.261837     0.263687     0.265029     0.265951     0.266544     0.266889     0.267061     0.267120     0.267110     0.267058     0.266970     0.266833     0.266612     0.266257     0.265699     0.264858     0.263644     0.261962     0.259715     0.256810     0.253159     0.248683     0.243312     0.236991     0.229675     0.221335     0.211952     0.201519     0.190039     0.177522     0.163986     0.149452     0.133944     0.117488     0.100110     0.081832     0.062677     0.042662     0.021801    -0.004146
    0.004211     0.021582     0.042212     0.061990     0.080907     0.098950     0.116104     0.132353     0.147680     0.162067     0.175496     0.187953     0.199425     0.209903     0.219385     0.227876     0.235388     0.241945     0.247581     0.252339     0.256275     0.259457     0.261959     0.263863     0.265258     0.266231     0.266871     0.267257     0.267462     0.267545     0.267549     0.267500     0.267404     0.267248     0.266999     0.266605     0.266001     0.265107     0.263836     0.262095     0.259788     0.256825     0.253118     0.248590     0.243174     0.236813     0.229466     0.221101     0.211701     0.201258     0.189775     0.177262     0.163734     0.149215     0.133726     0.117292     0.099940     0.081691     0.062568     0.042587     0.021763    -0.004139
    0.004206     0.021553     0.042157     0.061911     0.080805     0.098827     0.115963     0.132196     0.147509     0.161886     0.175308     0.187762     0.199235     0.209720     0.219214     0.227722     0.235258     0.241844     0.247515     0.252314     0.256296     0.259526     0.262080     0.264037     0.265484     0.266507     0.267193     0.267619     0.267856     0.267962     0.267980     0.267934     0.267831     0.267657     0.267379     0.266947     0.266298     0.265353     0.264026     0.262226     0.259861     0.256840     0.253078     0.248500     0.243039     0.236640     0.229261     0.220872     0.211455     0.201002     0.189515     0.177005     0.163487     0.148981     0.133510     0.117099     0.099772     0.081553     0.062460     0.042513     0.021725    -0.004132
    0.004200     0.021525     0.042102     0.061831     0.080703     0.098705     0.115822     0.132040     0.147340     0.161706     0.175122     0.187574     0.199048     0.209539     0.219045     0.227571     0.235130     0.241746     0.247451     0.252290     0.256317     0.259596     0.262200     0.264209     0.265707     0.266780     0.267509     0.267974     0.268243     0.268373     0.268404     0.268361     0.268250     0.268057     0.267752     0.267284     0.266590     0.265594     0.264212     0.262355     0.259932     0.256855     0.253040     0.248412     0.242907     0.236470     0.229060     0.220647     0.211213     0.200750     0.189260     0.176753     0.163243     0.148750     0.133298     0.116909     0.099607     0.081416     0.062354     0.042440     0.021687    -0.004125
    0.004194     0.021496     0.042048     0.061753     0.080602     0.098583     0.115683     0.131885     0.147172     0.161529     0.174939     0.187387     0.198864     0.209362     0.218880     0.227423     0.235005     0.241650     0.247390     0.252268     0.256339     0.259666     0.262320     0.264380     0.265928     0.267048     0.267821     0.268324     0.268624     0.268776     0.268820     0.268780     0.268662     0.268451     0.268118     0.267614     0.266876     0.265831     0.264396     0.262483     0.260003     0.256870     0.253003     0.248327     0.242778     0.236304     0.228863     0.220427     0.210976     0.200503     0.189010     0.176505     0.163003     0.148524     0.133089     0.116721     0.099444     0.081280     0.062249     0.042368     0.021650    -0.004117
    0.004189     0.021468     0.041993     0.061674     0.080501     0.098463     0.115545     0.131731     0.147006     0.161353     0.174757     0.187204     0.198683     0.209187     0.218717     0.227278     0.234883     0.241556     0.247330     0.252248     0.256362     0.259735     0.262438     0.264548     0.266145     0.267312     0.268128     0.268669     0.268999     0.269172     0.269229     0.269192     0.269066     0.268838     0.268477     0.267938     0.267158     0.266064     0.264576     0.262608     0.260073     0.256886     0.252967     0.248243     0.242652     0.236141     0.228671     0.220210     0.210743     0.200260     0.188764     0.176261     0.162767     0.148300     0.132882     0.116536     0.099284     0.081147     0.062146     0.042297     0.021613    -0.004110
    0.004183     0.021440     0.041939     0.061596     0.080401     0.098343     0.115407     0.131579     0.146842     0.161180     0.174578     0.187022     0.198504     0.209015     0.218557     0.227135     0.234764     0.241465     0.247273     0.252229     0.256386     0.259805     0.262556     0.264715     0.266360     0.267573     0.268431     0.269008     0.269367     0.269562     0.269631     0.269596     0.269462     0.269217     0.268831     0.268256     0.267434     0.266293     0.264754     0.262732     0.260143     0.256903     0.252933     0.248162     0.242529     0.235982     0.228482     0.219999     0.210515     0.200022     0.188522     0.176021     0.162535     0.148081     0.132679     0.116353     0.099125     0.081015     0.062044     0.042227     0.021577    -0.004103
    0.004177     0.021412     0.041886     0.061519     0.080302     0.098224     0.115271     0.131428     0.146679     0.161008     0.174400     0.186843     0.198327     0.208846     0.218400     0.226996     0.234647     0.241376     0.247217     0.252211     0.256410     0.259875     0.262673     0.264879     0.266572     0.267830     0.268729     0.269341     0.269729     0.269945     0.270026     0.269993     0.269852     0.269590     0.269178     0.268569     0.267706     0.266519     0.264929     0.262855     0.260212     0.256919     0.252900     0.248083     0.242409     0.235827     0.228297     0.219791     0.210290     0.199788     0.188284     0.175785     0.162306     0.147864     0.132479     0.116174     0.098969     0.080886     0.061943     0.042157     0.021541    -0.004097
    0.004172     0.021384     0.041832     0.061441     0.080203     0.098106     0.115136     0.131278     0.146517     0.160838     0.174225     0.186667     0.198153     0.208680     0.218246     0.226859     0.234532     0.241290     0.247164     0.252195     0.256435     0.259944     0.262789     0.265042     0.266781     0.268083     0.269022     0.269669     0.270086     0.270322     0.270414     0.270384     0.270235     0.269957     0.269519     0.268877     0.267973     0.266740     0.265101     0.262975     0.260280     0.256936     0.252868     0.248006     0.242292     0.235674     0.228116     0.219587     0.210070     0.199558     0.188050     0.175554     0.162082     0.147651     0.132282     0.115996     0.098815     0.080758     0.061844     0.042089     0.021506    -0.004090
    0.004166     0.021356     0.041779     0.061365     0.080105     0.097989     0.115002     0.131130     0.146357     0.160669     0.174052     0.186492     0.197982     0.208515     0.218094     0.226724     0.234420     0.241205     0.247111     0.252180     0.256461     0.260013     0.262904     0.265203     0.266988     0.268332     0.269311     0.269992     0.270436     0.270692     0.270795     0.270767     0.270612     0.270317     0.269853     0.269179     0.268236     0.266958     0.265271     0.263094     0.260348     0.256954     0.252837     0.247931     0.242177     0.235525     0.227938     0.219387     0.209855     0.199332     0.187820     0.175326     0.161860     0.147442     0.132088     0.115822     0.098663     0.080631     0.061746     0.042021     0.021471    -0.004083
    0.004161     0.021329     0.041726     0.061288     0.080008     0.097872     0.114869     0.130983     0.146199     0.160503     0.173880     0.186320     0.197812     0.208354     0.217945     0.226592     0.234310     0.241123     0.247061     0.252166     0.256487     0.260083     0.263018     0.265363     0.267191     0.268578     0.269595     0.270310     0.270780     0.271055     0.271170     0.271144     0.270981     0.270670     0.270182     0.269476     0.268494     0.267173     0.265437     0.263211     0.260415     0.256971     0.252808     0.247858     0.242065     0.235379     0.227764     0.219191     0.209643     0.199111     0.187595     0.175101     0.161643     0.147235     0.131897     0.115650     0.098513     0.080507     0.061649     0.041955     0.021436    -0.004077
    0.004155     0.021301     0.041673     0.061213     0.079911     0.097757     0.114737     0.130837     0.146042     0.160338     0.173711     0.186150     0.197646     0.208195     0.217798     0.226462     0.234203     0.241042     0.247012     0.252153     0.256514     0.260151     0.263130     0.265520     0.267392     0.268821     0.269875     0.270622     0.271119     0.271413     0.271538     0.271514     0.271344     0.271017     0.270506     0.269767     0.268748     0.267383     0.265602     0.263327     0.260481     0.256989     0.252779     0.247787     0.241955     0.235237     0.227593     0.218999     0.209435     0.198893     0.187373     0.174881     0.161429     0.147032     0.131709     0.115480     0.098365     0.080384     0.061553     0.041889     0.021402    -0.004070
    0.004149     0.021274     0.041621     0.061137     0.079815     0.097642     0.114606     0.130692     0.145887     0.160175     0.173544     0.185982     0.197481     0.208038     0.217653     0.226335     0.234098     0.240964     0.246965     0.252141     0.256541     0.260220     0.263242     0.265676     0.267591     0.269059     0.270151     0.270930     0.271453     0.271765     0.271900     0.271878     0.271701     0.271359     0.270823     0.270054     0.268998     0.267591     0.265763     0.263441     0.260547     0.257007     0.252752     0.247718     0.241848     0.235097     0.227426     0.218810     0.209230     0.198679     0.187155     0.174664     0.161218     0.146832     0.131524     0.115313     0.098220     0.080262     0.061459     0.041824     0.021369    -0.004064
    0.004144     0.021247     0.041569     0.061063     0.079720     0.097528     0.114476     0.130549     0.145733     0.160014     0.173378     0.185816     0.197319     0.207883     0.217511     0.226210     0.233994     0.240887     0.246919     0.252130     0.256568     0.260289     0.263353     0.265829     0.267786     0.269295     0.270423     0.271233     0.271780     0.272111     0.272256     0.272235     0.272052     0.271694     0.271135     0.270336     0.269243     0.267795     0.265923     0.263553     0.260612     0.257025     0.252726     0.247650     0.241744     0.234960     0.227262     0.218625     0.209030     0.198469     0.186940     0.174451     0.161010     0.146635     0.131341     0.115148     0.098076     0.080143     0.061366     0.041760     0.021335    -0.004057
    0.004139     0.021220     0.041517     0.060989     0.079625     0.097416     0.114348     0.130408     0.145581     0.159854     0.173215     0.185652     0.197159     0.207731     0.217372     0.226087     0.233893     0.240812     0.246875     0.252121     0.256596     0.260357     0.263463     0.265981     0.267980     0.269527     0.270690     0.271531     0.272103     0.272451     0.272606     0.272586     0.272396     0.272023     0.271442     0.270613     0.269484     0.267996     0.266079     0.263664     0.260676     0.257044     0.252701     0.247585     0.241641     0.234826     0.227102     0.218443     0.208833     0.198262     0.186730     0.174241     0.160806     0.146441     0.131161     0.114986     0.097935     0.080025     0.061274     0.041696     0.021303    -0.004051
    0.004133     0.021193     0.041466     0.060915     0.079531     0.097304     0.114220     0.130267     0.145431     0.159697     0.173054     0.185491     0.197001     0.207582     0.217234     0.225967     0.233794     0.240739     0.246832     0.252112     0.256624     0.260425     0.263572     0.266131     0.268170     0.269756     0.270953     0.271824     0.272420     0.272785     0.272950     0.272932     0.272735     0.272347     0.271744     0.270885     0.269721     0.268193     0.266234     0.263773     0.260739     0.257063     0.252677     0.247520     0.241541     0.234694     0.226945     0.218265     0.208640     0.198060     0.186523     0.174035     0.160606     0.146250     0.130984     0.114826     0.097795     0.079909     0.061184     0.041634     0.021270    -0.004045
    0.004128     0.021167     0.041415     0.060842     0.079438     0.097193     0.114094     0.130128     0.145282     0.159541     0.172894     0.185331     0.196845     0.207434     0.217099     0.225848     0.233697     0.240668     0.246790     0.252104     0.256653     0.260492     0.263680     0.266280     0.268358     0.269981     0.271213     0.272113     0.272732     0.273114     0.273287     0.273271     0.273067     0.272665     0.272040     0.271153     0.269955     0.268387     0.266386     0.263881     0.260802     0.257082     0.252653     0.247458     0.241443     0.234566     0.226790     0.218091     0.208450     0.197860     0.186319     0.173832     0.160408     0.146062     0.130810     0.114669     0.097658     0.079794     0.061094     0.041572     0.021238    -0.004039
    0.004122     0.021140     0.041365     0.060769     0.079346     0.097083     0.113969     0.129990     0.145134     0.159387     0.172736     0.185174     0.196692     0.207289     0.216966     0.225732     0.233602     0.240598     0.246750     0.252096     0.256682     0.260559     0.263786     0.266426     0.268543     0.270203     0.271468     0.272396     0.273039     0.273437     0.273620     0.273605     0.273394     0.272978     0.272331     0.271416     0.270184     0.268578     0.266535     0.263987     0.260865     0.257101     0.252631     0.247397     0.241348     0.234440     0.226639     0.217919     0.208264     0.197665     0.186119     0.173633     0.160214     0.145877     0.130638     0.114514     0.097522     0.079681     0.061006     0.041511     0.021207    -0.004033
    0.004117     0.021114     0.041315     0.060697     0.079254     0.096974     0.113845     0.129854     0.144988     0.159234     0.172581     0.185018     0.196541     0.207145     0.216835     0.225617     0.233508     0.240530     0.246711     0.252090     0.256711     0.260626     0.263892     0.266571     0.268726     0.270422     0.271720     0.272676     0.273341     0.273755     0.273946     0.273933     0.273716     0.273286     0.272617     0.271674     0.270410     0.268767     0.266683     0.264092     0.260926     0.257120     0.252610     0.247338     0.241254     0.234317     0.226491     0.217751     0.208081     0.197473     0.185923     0.173436     0.160023     0.145695     0.130469     0.114361     0.097389     0.079570     0.060920     0.041451     0.021176    -0.004027
    0.004112     0.021088     0.041265     0.060626     0.079163     0.096866     0.113722     0.129719     0.144844     0.159083     0.172427     0.184865     0.196391     0.207004     0.216706     0.225505     0.233417     0.240463     0.246673     0.252084     0.256740     0.260692     0.263996     0.266714     0.268907     0.270638     0.271967     0.272951     0.273638     0.274067     0.274268     0.274255     0.274032     0.273588     0.272899     0.271929     0.270631     0.268952     0.266828     0.264195     0.260987     0.257139     0.252589     0.247280     0.241163     0.234196     0.226345     0.217586     0.207902     0.197284     0.185730     0.173244     0.159835     0.145516     0.130302     0.114210     0.097257     0.079460     0.060834     0.041392     0.021145    -0.004021
    0.004107     0.021062     0.041216     0.060555     0.079073     0.096759     0.113600     0.129585     0.144701     0.158934     0.172275     0.184713     0.196244     0.206865     0.216579     0.225395     0.233327     0.240398     0.246636     0.252079     0.256769     0.260758     0.264100     0.266855     0.269085     0.270850     0.272211     0.273222     0.273930     0.274375     0.274583     0.274572     0.274342     0.273885     0.273175     0.272179     0.270850     0.269134     0.266971     0.264297     0.261048     0.257159     0.252569     0.247224     0.241074     0.234078     0.226203     0.217424     0.207726     0.197098     0.185540     0.173054     0.159650     0.145339     0.130138     0.114062     0.097128     0.079352     0.060750     0.041334     0.021115    -0.004015
    0.004101     0.021037     0.041167     0.060485     0.078984     0.096653     0.113480     0.129453     0.144560     0.158787     0.172125     0.184564     0.196099     0.206728     0.216454     0.225286     0.233239     0.240334     0.246600     0.252074     0.256799     0.260823     0.264202     0.266994     0.269260     0.271060     0.272451     0.273488     0.274218     0.274677     0.274894     0.274883     0.274648     0.274177     0.273447     0.272425     0.271064     0.269313     0.267112     0.264398     0.261108     0.257178     0.252550     0.247169     0.240986     0.233962     0.226063     0.217266     0.207553     0.196916     0.185353     0.172867     0.159468     0.145166     0.129977     0.113916     0.097000     0.079245     0.060666     0.041276     0.021085    -0.004009
    0.004096     0.021011     0.041118     0.060416     0.078895     0.096548     0.113361     0.129322     0.144420     0.158641     0.171976     0.184416     0.195955     0.206593     0.216331     0.225179     0.233152     0.240271     0.246565     0.252070     0.256828     0.260888     0.264303     0.267132     0.269433     0.271266     0.272688     0.273750     0.274500     0.274974     0.275199     0.275189     0.274948     0.274464     0.273714     0.272666     0.271275     0.269489     0.267250     0.264497     0.261167     0.257198     0.252532     0.247115     0.240901     0.233849     0.225926     0.217110     0.207383     0.196737     0.185169     0.172684     0.159289     0.144995     0.129818     0.113772     0.096874     0.079140     0.060584     0.041219     0.021055    -0.004003
    0.004091     0.020986     0.041070     0.060347     0.078808     0.096444     0.113243     0.129193     0.144282     0.158497     0.171830     0.184270     0.195814     0.206460     0.216210     0.225074     0.233067     0.240210     0.246531     0.252067     0.256858     0.260952     0.264404     0.267268     0.269604     0.271469     0.272920     0.274008     0.274779     0.275267     0.275499     0.275490     0.275243     0.274746     0.273977     0.272904     0.271483     0.269663     0.267387     0.264595     0.261225     0.257218     0.252515     0.247063     0.240817     0.233738     0.225792     0.216957     0.207216     0.196561     0.184989     0.172504     0.159112     0.144827     0.129661     0.113630     0.096750     0.079036     0.060504     0.041164     0.021026    -0.003998
    0.004086     0.020961     0.041022     0.060278     0.078721     0.096341     0.113126     0.129065     0.144145     0.158355     0.171685     0.184126     0.195675     0.206328     0.216091     0.224971     0.232984     0.240150     0.246499     0.252064     0.256887     0.261016     0.264503     0.267402     0.269772     0.271670     0.273150     0.274262     0.275052     0.275554     0.275794     0.275786     0.275533     0.275023     0.274236     0.273138     0.271687     0.269833     0.267521     0.264691     0.261283     0.257238     0.252498     0.247013     0.240736     0.233629     0.225660     0.216807     0.207052     0.196388     0.184812     0.172326     0.158939     0.144661     0.129507     0.113490     0.096628     0.078934     0.060424     0.041108     0.020998    -0.003992
    0.004081     0.020936     0.040975     0.060211     0.078635     0.096239     0.113010     0.128938     0.144010     0.158214     0.171542     0.183984     0.195537     0.206199     0.215974     0.224870     0.232902     0.240092     0.246467     0.252061     0.256917     0.261079     0.264600     0.267535     0.269938     0.271867     0.273375     0.274512     0.275322     0.275837     0.276085     0.276078     0.275818     0.275296     0.274490     0.273368     0.271888     0.270002     0.267654     0.264787     0.261341     0.257258     0.252482     0.246963     0.240656     0.233522     0.225531     0.216659     0.206891     0.196218     0.184637     0.172152     0.158768     0.144498     0.129355     0.113353     0.096508     0.078834     0.060345     0.041054     0.020969    -0.003987
    0.004076     0.020912     0.040928     0.060144     0.078550     0.096138     0.112896     0.128812     0.143876     0.158075     0.171400     0.183844     0.195401     0.206072     0.215858     0.224770     0.232822     0.240034     0.246436     0.252060     0.256946     0.261142     0.264697     0.267665     0.270102     0.272061     0.273598     0.274759     0.275587     0.276116     0.276370     0.276364     0.276098     0.275564     0.274739     0.273594     0.272086     0.270167     0.267784     0.264880     0.261397     0.257277     0.252467     0.246915     0.240578     0.233418     0.225404     0.216515     0.206734     0.196051     0.184466     0.171980     0.158601     0.144338     0.129206     0.113218     0.096389     0.078735     0.060268     0.041000     0.020942    -0.003982
    0.004071     0.020888     0.040882     0.060077     0.078466     0.096038     0.112782     0.128688     0.143744     0.157938     0.171261     0.183706     0.195268     0.205946     0.215744     0.224672     0.232743     0.239978     0.246405     0.252058     0.256976     0.261204     0.264793     0.267794     0.270263     0.272253     0.273816     0.275001     0.275847     0.276389     0.276651     0.276645     0.276374     0.275827     0.274985     0.273816     0.272280     0.270330     0.267913     0.264973     0.261453     0.257297     0.252452     0.246868     0.240501     0.233315     0.225280     0.216373     0.206578     0.195888     0.184298     0.171811     0.158435     0.144180     0.129058     0.113084     0.096272     0.078637     0.060191     0.040947     0.020914    -0.003976
    0.004066     0.020863     0.040836     0.060012     0.078382     0.095939     0.112670     0.128565     0.143613     0.157802     0.171123     0.183569     0.195136     0.205822     0.215632     0.224575     0.232665     0.239923     0.246376     0.252057     0.257006     0.261266     0.264887     0.267922     0.270422     0.272442     0.274032     0.275239     0.276104     0.276659     0.276927     0.276922     0.276645     0.276087     0.275227     0.274035     0.272471     0.270490     0.268039     0.265064     0.261509     0.257318     0.252438     0.246822     0.240426     0.233215     0.225158     0.216234     0.206426     0.195726     0.184132     0.171645     0.158273     0.144025     0.128914     0.112953     0.096157     0.078541     0.060116     0.040895     0.020887    -0.003971
    0.004061     0.020840     0.040791     0.059946     0.078300     0.095841     0.112559     0.128444     0.143484     0.157668     0.170987     0.183434     0.195005     0.205700     0.215522     0.224480     0.232589     0.239869     0.246347     0.252056     0.257035     0.261327     0.264981     0.268047     0.270579     0.272628     0.274244     0.275474     0.276356     0.276923     0.277199     0.277194     0.276911     0.276341     0.275464     0.274250     0.272659     0.270648     0.268164     0.265154     0.261564     0.257338     0.252425     0.246777     0.240353     0.233117     0.225039     0.216097     0.206276     0.195568     0.183969     0.171482     0.158113     0.143872     0.128771     0.112824     0.096044     0.078446     0.060042     0.040844     0.020860    -0.003966
    0.004057     0.020816     0.040746     0.059882     0.078218     0.095744     0.112450     0.128324     0.143356     0.157535     0.170853     0.183301     0.194877     0.205580     0.215413     0.224387     0.232514     0.239816     0.246320     0.252056     0.257064     0.261388     0.265073     0.268171     0.270733     0.272811     0.274453     0.275705     0.276604     0.277184     0.277466     0.277462     0.277173     0.276592     0.275698     0.274461     0.272845     0.270803     0.268287     0.265243     0.261618     0.257358     0.252412     0.246734     0.240282     0.233020     0.224921     0.215963     0.206129     0.195413     0.183809     0.171322     0.157956     0.143722     0.128631     0.112696     0.095932     0.078352     0.059969     0.040793     0.020834    -0.003961
    0.004052     0.020793     0.040701     0.059818     0.078137     0.095648     0.112341     0.128205     0.143230     0.157404     0.170720     0.183170     0.194750     0.205461     0.215306     0.224295     0.232441     0.239765     0.246292     0.252056     0.257094     0.261448     0.265164     0.268294     0.270886     0.272992     0.274659     0.275932     0.276849     0.277440     0.277728     0.277725     0.277431     0.276839     0.275928     0.274669     0.273027     0.270956     0.268408     0.265331     0.261672     0.257378     0.252400     0.246691     0.240212     0.232926     0.224806     0.215831     0.205985     0.195260     0.183652     0.171164     0.157801     0.143574     0.128492     0.112571     0.095822     0.078260     0.059897     0.040743     0.020808    -0.003956
    0.004047     0.020770     0.040657     0.059755     0.078057     0.095553     0.112234     0.128088     0.143105     0.157275     0.170589     0.183040     0.194625     0.205344     0.215201     0.224204     0.232369     0.239714     0.246266     0.252057     0.257123     0.261507     0.265254     0.268414     0.271036     0.273169     0.274862     0.276156     0.277089     0.277692     0.277987     0.277983     0.277685     0.277081     0.276154     0.274874     0.273206     0.271106     0.268527     0.265417     0.261725     0.257398     0.252388     0.246650     0.240143     0.232834     0.224694     0.215702     0.205843     0.195110     0.183497     0.171009     0.157649     0.143428     0.128356     0.112447     0.095714     0.078169     0.059826     0.040694     0.020782    -0.003951
    0.004042     0.020747     0.040613     0.059693     0.077978     0.095459     0.112128     0.127972     0.142982     0.157147     0.170459     0.182912     0.194502     0.205229     0.215097     0.224115     0.232298     0.239664     0.246240     0.252057     0.257152     0.261566     0.265343     0.268533     0.271184     0.273345     0.275061     0.276376     0.277326     0.277940     0.278241     0.278238     0.277934     0.277319     0.276376     0.275075     0.273383     0.271255     0.268645     0.265503     0.261777     0.257418     0.252377     0.246609     0.240076     0.232743     0.224583     0.215575     0.205704     0.194962     0.183345     0.170856     0.157499     0.143285     0.128222     0.112326     0.095607     0.078080     0.059756     0.040645     0.020757    -0.003946
    0.004038     0.020724     0.040570     0.059631     0.077899     0.095366     0.112023     0.127857     0.142860     0.157021     0.170331     0.182786     0.194381     0.205116     0.214995     0.224028     0.232228     0.239615     0.246215     0.252058     0.257181     0.261624     0.265431     0.268651     0.271330     0.273517     0.275257     0.276593     0.277559     0.278184     0.278491     0.278488     0.278179     0.277554     0.276594     0.275274     0.273556     0.271400     0.268760     0.265587     0.261829     0.257438     0.252366     0.246570     0.240010     0.232654     0.224474     0.215450     0.205567     0.194817     0.183196     0.170706     0.157352     0.143143     0.128091     0.112206     0.095502     0.077992     0.059687     0.040597     0.020732    -0.003941
    0.004033     0.020701     0.040527     0.059570     0.077822     0.095275     0.111919     0.127744     0.142739     0.156896     0.170205     0.182661     0.194261     0.205004     0.214894     0.223942     0.232160     0.239568     0.246191     0.252060     0.257210     0.261681     0.265518     0.268767     0.271474     0.273687     0.275451     0.276806     0.277788     0.278424     0.278736     0.278735     0.278420     0.277784     0.276809     0.275468     0.273727     0.271544     0.268874     0.265670     0.261880     0.257458     0.252356     0.246532     0.239946     0.232567     0.224368     0.215328     0.205433     0.194675     0.183049     0.170558     0.157207     0.143004     0.127961     0.112088     0.095398     0.077905     0.059619     0.040550     0.020707    -0.003937
    0.004029     0.020679     0.040485     0.059509     0.077745     0.095184     0.111816     0.127632     0.142620     0.156773     0.170081     0.182538     0.194142     0.204893     0.214795     0.223857     0.232092     0.239521     0.246167     0.252061     0.257238     0.261738     0.265604     0.268881     0.271616     0.273855     0.275641     0.277016     0.278013     0.278661     0.278978     0.278977     0.278657     0.278011     0.277021     0.275660     0.273895     0.271685     0.268987     0.265751     0.261931     0.257478     0.252347     0.246494     0.239883     0.232482     0.224264     0.215208     0.205301     0.194534     0.182905     0.170413     0.157065     0.142868     0.127833     0.111972     0.095296     0.077819     0.059552     0.040504     0.020683    -0.003932
    0.004024     0.020657     0.040443     0.059449     0.077669     0.095094     0.111715     0.127521     0.142503     0.156651     0.169958     0.182417     0.194026     0.204784     0.214697     0.223773     0.232026     0.239475     0.246144     0.252063     0.257267     0.261795     0.265689     0.268994     0.271756     0.274020     0.275829     0.277223     0.278235     0.278893     0.279216     0.279215     0.278890     0.278234     0.277229     0.275849     0.274060     0.271825     0.269097     0.265832     0.261981     0.257498     0.252337     0.246458     0.239822     0.232398     0.224161     0.215090     0.205172     0.194397     0.182763     0.170270     0.156924     0.142733     0.127707     0.111857     0.095196     0.077735     0.059486     0.040458     0.020659    -0.003927
    0.004020     0.020635     0.040402     0.059390     0.077594     0.095005     0.111614     0.127411     0.142387     0.156531     0.169836     0.182297     0.193911     0.204677     0.214601     0.223691     0.231961     0.239429     0.246121     0.252065     0.257295     0.261850     0.265772     0.269105     0.271893     0.274182     0.276014     0.277426     0.278453     0.279122     0.279450     0.279449     0.279120     0.278454     0.277434     0.276034     0.274223     0.271962     0.269206     0.265912     0.262031     0.257518     0.252329     0.246422     0.239762     0.232316     0.224060     0.214974     0.205044     0.194262     0.182623     0.170130     0.156786     0.142601     0.127583     0.111745     0.095097     0.077652     0.059421     0.040413     0.020636    -0.003923
    0.004015     0.020614     0.040361     0.059331     0.077520     0.094918     0.111515     0.127303     0.142272     0.156412     0.169716     0.182179     0.193797     0.204572     0.214506     0.223610     0.231897     0.239385     0.246099     0.252067     0.257323     0.261905     0.265855     0.269215     0.272029     0.274342     0.276195     0.277626     0.278668     0.279347     0.279680     0.279680     0.279346     0.278670     0.277635     0.276217     0.274384     0.272096     0.269314     0.265990     0.262080     0.257538     0.252320     0.246387     0.239703     0.232236     0.223962     0.214861     0.204919     0.194129     0.182486     0.169991     0.156651     0.142471     0.127461     0.111634     0.095000     0.077570     0.059357     0.040368     0.020613    -0.003918
    0.004011     0.020593     0.040320     0.059274     0.077446     0.094831     0.111417     0.127196     0.142158     0.156295     0.169598     0.182062     0.193685     0.204467     0.214413     0.223531     0.231834     0.239342     0.246077     0.252069     0.257351     0.261960     0.265936     0.269323     0.272163     0.274500     0.276374     0.277823     0.278879     0.279568     0.279907     0.279907     0.279567     0.278882     0.277833     0.276397     0.274541     0.272229     0.269419     0.266068     0.262129     0.257558     0.252313     0.246353     0.239645     0.232157     0.223865     0.214749     0.204796     0.193998     0.182351     0.169856     0.156517     0.142342     0.127341     0.111525     0.094904     0.077490     0.059294     0.040325     0.020590    -0.003914
    0.004007     0.020572     0.040280     0.059216     0.077374     0.094745     0.111321     0.127091     0.142046     0.156179     0.169481     0.181947     0.193575     0.204365     0.214321     0.223452     0.231772     0.239299     0.246056     0.252072     0.257379     0.262014     0.266016     0.269429     0.272295     0.274655     0.276551     0.278018     0.279087     0.279786     0.280130     0.280130     0.279786     0.279091     0.278028     0.276574     0.274696     0.272360     0.269524     0.266144     0.262177     0.257578     0.252305     0.246320     0.239589     0.232080     0.223770     0.214640     0.204676     0.193869     0.182218     0.169722     0.156386     0.142216     0.127223     0.111417     0.094809     0.077410     0.059231     0.040281     0.020567    -0.003910
    0.004003     0.020551     0.040240     0.059160     0.077302     0.094660     0.111225     0.126986     0.141936     0.156065     0.169366     0.181834     0.193466     0.204263     0.214230     0.223375     0.231711     0.239257     0.246035     0.252074     0.257406     0.262067     0.266096     0.269534     0.272425     0.274808     0.276724     0.278209     0.279292     0.280000     0.280349     0.280349     0.280001     0.279296     0.278220     0.276748     0.274849     0.272489     0.269626     0.266219     0.262224     0.257597     0.252298     0.246288     0.239533     0.232004     0.223677     0.214532     0.204557     0.193743     0.182088     0.169590     0.156256     0.142092     0.127107     0.111311     0.094716     0.077332     0.059170     0.040239     0.020545    -0.003905
    0.003998     0.020530     0.040201     0.059104     0.077231     0.094577     0.111130     0.126883     0.141827     0.155952     0.169252     0.181721     0.193358     0.204163     0.214141     0.223299     0.231651     0.239216     0.246015     0.252077     0.257433     0.262119     0.266174     0.269638     0.272553     0.274959     0.276895     0.278397     0.279494     0.280211     0.280565     0.280565     0.280212     0.279498     0.278408     0.276919     0.275000     0.272616     0.269727     0.266293     0.262271     0.257617     0.252291     0.246257     0.239479     0.231930     0.223585     0.214426     0.204440     0.193619     0.181959     0.169461     0.156129     0.141970     0.126992     0.111207     0.094624     0.077255     0.059110     0.040197     0.020523    -0.003901
    0.003994     0.020510     0.040162     0.059048     0.077161     0.094494     0.111037     0.126782     0.141719     0.155840     0.169139     0.181611     0.193252     0.204065     0.214053     0.223224     0.231592     0.239175     0.245995     0.252080     0.257460     0.262171     0.266251     0.269740     0.272679     0.275107     0.277063     0.278582     0.279692     0.280418     0.280777     0.280777     0.280420     0.279697     0.278594     0.277087     0.275148     0.272740     0.269827     0.266367     0.262317     0.257636     0.252285     0.246226     0.239426     0.231857     0.223495     0.214323     0.204326     0.193497     0.181833     0.169334     0.156004     0.141850     0.126880     0.111104     0.094534     0.077179     0.059050     0.040155     0.020502    -0.003897
    0.003990     0.020490     0.040124     0.058994     0.077092     0.094412     0.110945     0.126681     0.141612     0.155730     0.169028     0.181502     0.193148     0.203968     0.213966     0.223150     0.231534     0.239136     0.245976     0.252083     0.257487     0.262223     0.266328     0.269841     0.272803     0.275254     0.277229     0.278764     0.279887     0.280622     0.280986     0.280986     0.280624     0.279893     0.278777     0.277253     0.275293     0.272863     0.269925     0.266439     0.262363     0.257656     0.252279     0.246196     0.239374     0.231786     0.223407     0.214221     0.204214     0.193377     0.181709     0.169209     0.155881     0.141731     0.126769     0.111003     0.094445     0.077105     0.058992     0.040115     0.020480    -0.003893
    0.003986     0.020470     0.040086     0.058940     0.077024     0.094331     0.110853     0.126582     0.141507     0.155622     0.168919     0.181394     0.193045     0.203872     0.213880     0.223078     0.231477     0.239097     0.245957     0.252086     0.257513     0.262273     0.266403     0.269940     0.272926     0.275397     0.277392     0.278943     0.280079     0.280823     0.281191     0.281192     0.280825     0.280085     0.278956     0.277416     0.275437     0.272984     0.270022     0.266510     0.262408     0.257675     0.252274     0.246167     0.239324     0.231716     0.223321     0.214121     0.204103     0.193260     0.181587     0.169086     0.155760     0.141615     0.126660     0.110904     0.094358     0.077031     0.058934     0.040074     0.020459    -0.003889
    0.003982     0.020450     0.040049     0.058886     0.076956     0.094251     0.110763     0.126484     0.141403     0.155515     0.168811     0.181288     0.192943     0.203778     0.213796     0.223006     0.231421     0.239058     0.245939     0.252089     0.257539     0.262323     0.266477     0.270038     0.273047     0.275539     0.277553     0.279120     0.280268     0.281021     0.281393     0.281394     0.281023     0.280275     0.279133     0.277577     0.275578     0.273104     0.270118     0.266581     0.262453     0.257695     0.252268     0.246139     0.239274     0.231647     0.223236     0.214023     0.203994     0.193144     0.181467     0.168965     0.155640     0.141500     0.126552     0.110806     0.094271     0.076959     0.058877     0.040035     0.020439    -0.003885
    0.003978     0.020431     0.040012     0.058833     0.076889     0.094173     0.110674     0.126387     0.141301     0.155409     0.168704     0.181183     0.192843     0.203685     0.213713     0.222936     0.231366     0.239021     0.245921     0.252093     0.257565     0.262373     0.266550     0.270135     0.273165     0.275679     0.277711     0.279293     0.280454     0.281215     0.281592     0.281593     0.281218     0.280461     0.279307     0.277735     0.275717     0.273221     0.270211     0.266650     0.262497     0.257714     0.252263     0.246111     0.239225     0.231580     0.223153     0.213926     0.203888     0.193030     0.181349     0.168846     0.155523     0.141387     0.126446     0.110709     0.094186     0.076887     0.058821     0.039996     0.020419    -0.003881
    0.003974     0.020412     0.039975     0.058781     0.076824     0.094095     0.110587     0.126291     0.141199     0.155304     0.168599     0.181080     0.192744     0.203593     0.213631     0.222867     0.231312     0.238984     0.245903     0.252096     0.257591     0.262422     0.266622     0.270230     0.273283     0.275817     0.277867     0.279464     0.280637     0.281407     0.281788     0.281788     0.281410     0.280644     0.279478     0.277890     0.275854     0.273337     0.270304     0.266718     0.262541     0.257733     0.252259     0.246084     0.239178     0.231514     0.223071     0.213831     0.203783     0.192918     0.181233     0.168729     0.155408     0.141276     0.126342     0.110614     0.094103     0.076817     0.058766     0.039958     0.020398    -0.003877
    0.003970     0.020393     0.039939     0.058730     0.076758     0.094018     0.110500     0.126197     0.141099     0.155201     0.168495     0.180978     0.192647     0.203503     0.213551     0.222798     0.231258     0.238947     0.245886     0.252099     0.257617     0.262470     0.266693     0.270324     0.273398     0.275952     0.278020     0.279633     0.280817     0.281595     0.281980     0.281981     0.281598     0.280825     0.279647     0.278043     0.275988     0.273450     0.270395     0.266786     0.262584     0.257752     0.252254     0.246057     0.239131     0.231449     0.222991     0.213738     0.203680     0.192808     0.181119     0.168614     0.155294     0.141167     0.126240     0.110521     0.094020     0.076748     0.058711     0.039920     0.020379    -0.003873
    0.003966     0.020374     0.039904     0.058679     0.076694     0.093942     0.110414     0.126103     0.141001     0.155099     0.168393     0.180877     0.192551     0.203414     0.213471     0.222731     0.231206     0.238912     0.245869     0.252103     0.257642     0.262517     0.266764     0.270416     0.273512     0.276085     0.278171     0.279799     0.280995     0.281780     0.282170     0.282171     0.281784     0.281002     0.279812     0.278194     0.276121     0.273563     0.270485     0.266852     0.262626     0.257771     0.252250     0.246032     0.239085     0.231386     0.222912     0.213647     0.203579     0.192700     0.181007     0.168500     0.155183     0.141059     0.126139     0.110429     0.093939     0.076679     0.058658     0.039882     0.020359    -0.003870
    0.003963     0.020355     0.039868     0.058629     0.076630     0.093867     0.110330     0.126011     0.140903     0.154999     0.168292     0.180778     0.192456     0.203326     0.213393     0.222665     0.231154     0.238876     0.245852     0.252106     0.257667     0.262564     0.266833     0.270508     0.273624     0.276217     0.278320     0.279962     0.281169     0.281963     0.282356     0.282357     0.281966     0.281177     0.279975     0.278342     0.276251     0.273673     0.270574     0.266918     0.262669     0.257790     0.252247     0.246006     0.239041     0.231323     0.222834     0.213557     0.203479     0.192594     0.180897     0.168389     0.155073     0.140954     0.126039     0.110338     0.093859     0.076612     0.058605     0.039846     0.020340    -0.003866
    0.003959     0.020337     0.039834     0.058579     0.076568     0.093793     0.110246     0.125920     0.140807     0.154900     0.168192     0.180680     0.192362     0.203239     0.213316     0.222600     0.231103     0.238842     0.245836     0.252110     0.257691     0.262611     0.266901     0.270597     0.273734     0.276346     0.278466     0.280122     0.281341     0.282142     0.282539     0.282540     0.282146     0.281349     0.280136     0.278488     0.276380     0.273782     0.270661     0.266982     0.262710     0.257808     0.252243     0.245982     0.238997     0.231262     0.222758     0.213469     0.203381     0.192489     0.180789     0.168279     0.154964     0.140849     0.125942     0.110249     0.093781     0.076546     0.058553     0.039809     0.020321    -0.003862
    0.003955     0.020319     0.039799     0.058530     0.076506     0.093719     0.110164     0.125830     0.140712     0.154802     0.168094     0.180584     0.192270     0.203154     0.213240     0.222536     0.231053     0.238808     0.245820     0.252114     0.257716     0.262656     0.266969     0.270686     0.273843     0.276474     0.278610     0.280281     0.281510     0.282319     0.282720     0.282721     0.282322     0.281518     0.280294     0.278631     0.276506     0.273889     0.270747     0.267046     0.262751     0.257827     0.252240     0.245958     0.238954     0.231203     0.222684     0.213382     0.203285     0.192387     0.180682     0.168171     0.154858     0.140747     0.125845     0.110161     0.093703     0.076481     0.058502     0.039774     0.020302    -0.003859
    0.003952     0.020301     0.039765     0.058482     0.076444     0.093647     0.110082     0.125742     0.140618     0.154705     0.167997     0.180488     0.192179     0.203070     0.213165     0.222472     0.231004     0.238774     0.245805     0.252117     0.257740     0.262702     0.267035     0.270773     0.273950     0.276599     0.278752     0.280436     0.281677     0.282493     0.282898     0.282899     0.282496     0.281684     0.280449     0.278773     0.276631     0.273994     0.270832     0.267109     0.262792     0.257845     0.252237     0.245935     0.238912     0.231144     0.222611     0.213297     0.203191     0.192286     0.180577     0.168065     0.154753     0.140646     0.125750     0.110075     0.093627     0.076417     0.058451     0.039739     0.020284    -0.003855
    0.003948     0.020284     0.039732     0.058434     0.076384     0.093576     0.110002     0.125654     0.140526     0.154610     0.167901     0.180394     0.192089     0.202987     0.213091     0.222410     0.230955     0.238742     0.245789     0.252121     0.257764     0.262746     0.267100     0.270859     0.274056     0.276723     0.278892     0.280589     0.281840     0.282664     0.283072     0.283073     0.282667     0.281848     0.280602     0.278912     0.276753     0.274098     0.270915     0.267171     0.262832     0.257864     0.252234     0.245912     0.238871     0.231086     0.222539     0.213213     0.203098     0.192186     0.180474     0.167961     0.154650     0.140547     0.125657     0.109989     0.093552     0.076353     0.058402     0.039704     0.020266    -0.003852
    0.003944     0.020266     0.039699     0.058387     0.076324     0.093505     0.109922     0.125568     0.140435     0.154516     0.167806     0.180302     0.192001     0.202905     0.213018     0.222349     0.230907     0.238709     0.245774     0.252125     0.257787     0.262790     0.267165     0.270944     0.274160     0.276845     0.279029     0.280740     0.282002     0.282832     0.283244     0.283245     0.282836     0.282009     0.280753     0.279049     0.276874     0.274200     0.270997     0.267232     0.262872     0.257882     0.252231     0.245890     0.238830     0.231030     0.222468     0.213131     0.203007     0.192089     0.180373     0.167858     0.154549     0.140449     0.125565     0.109906     0.093478     0.076291     0.058353     0.039670     0.020248    -0.003848
    0.003941     0.020249     0.039666     0.058340     0.076265     0.093436     0.109844     0.125483     0.140345     0.154423     0.167713     0.180210     0.191914     0.202824     0.212947     0.222288     0.230860     0.238678     0.245760     0.252129     0.257811     0.262834     0.267229     0.271027     0.274262     0.276965     0.279164     0.280889     0.282160     0.282998     0.283414     0.283415     0.283001     0.282168     0.280901     0.279184     0.276993     0.274301     0.271078     0.267293     0.262911     0.257900     0.252229     0.245868     0.238791     0.230974     0.222399     0.213051     0.202917     0.191993     0.180273     0.167757     0.154449     0.140353     0.125475     0.109823     0.093405     0.076230     0.058304     0.039636     0.020231    -0.003845
    0.003937     0.020232     0.039634     0.058294     0.076207     0.093367     0.109767     0.125399     0.140256     0.154332     0.167621     0.180120     0.191828     0.202745     0.212876     0.222228     0.230814     0.238646     0.245745     0.252133     0.257834     0.262876     0.267291     0.271110     0.274363     0.277083     0.279298     0.281035     0.282317     0.283161     0.283580     0.283581     0.283164     0.282324     0.281047     0.279316     0.277110     0.274400     0.271158     0.267352     0.262950     0.257918     0.252227     0.245847     0.238752     0.230920     0.222331     0.212971     0.202829     0.191898     0.180175     0.167658     0.154351     0.140258     0.125386     0.109742     0.093333     0.076169     0.058257     0.039603     0.020213    -0.003841
    0.003934     0.020215     0.039602     0.058248     0.076150     0.093299     0.109690     0.125316     0.140168     0.154241     0.167530     0.180031     0.191743     0.202667     0.212806     0.222170     0.230768     0.238616     0.245731     0.252136     0.257856     0.262919     0.267353     0.271191     0.274462     0.277199     0.279429     0.281179     0.282470     0.283321     0.283744     0.283745     0.283325     0.282477     0.281190     0.279447     0.277225     0.274498     0.271237     0.267411     0.262988     0.257936     0.252225     0.245826     0.238714     0.230866     0.222264     0.212893     0.202743     0.191806     0.180078     0.167560     0.154254     0.140165     0.125298     0.109662     0.093263     0.076110     0.058210     0.039570     0.020196    -0.003838
    0.003931     0.020199     0.039570     0.058204     0.076093     0.093232     0.109615     0.125234     0.140082     0.154152     0.167441     0.179944     0.191659     0.202589     0.212738     0.222112     0.230723     0.238585     0.245717     0.252140     0.257879     0.262960     0.267414     0.271271     0.274560     0.277313     0.279558     0.281320     0.282622     0.283479     0.283906     0.283907     0.283483     0.282628     0.281332     0.279575     0.277338     0.274594     0.271314     0.267469     0.263026     0.257954     0.252223     0.245806     0.238677     0.230814     0.222199     0.212817     0.202658     0.191714     0.179983     0.167464     0.154159     0.140073     0.125212     0.109583     0.093193     0.076051     0.058164     0.039538     0.020179    -0.003835
    0.003927     0.020182     0.039539     0.058159     0.076037     0.093166     0.109541     0.125153     0.139996     0.154064     0.167352     0.179857     0.191577     0.202513     0.212670     0.222055     0.230679     0.238556     0.245704     0.252144     0.257901     0.263001     0.267474     0.271349     0.274657     0.277426     0.279686     0.281460     0.282771     0.283635     0.284064     0.284065     0.283638     0.282777     0.281471     0.279702     0.277450     0.274689     0.271391     0.267526     0.263063     0.257971     0.252222     0.245786     0.238640     0.230762     0.222134     0.212742     0.202574     0.191625     0.179890     0.167370     0.154066     0.139983     0.125127     0.109505     0.093125     0.075993     0.058119     0.039507     0.020163    -0.003832
    0.003924     0.020166     0.039509     0.058115     0.075982     0.093101     0.109467     0.125073     0.139912     0.153978     0.167265     0.179772     0.191496     0.202438     0.212603     0.221999     0.230635     0.238526     0.245690     0.252148     0.257923     0.263042     0.267533     0.271427     0.274752     0.277537     0.279811     0.281597     0.282917     0.283788     0.284221     0.284222     0.283791     0.282924     0.281607     0.279827     0.277560     0.274782     0.271466     0.267582     0.263100     0.257989     0.252220     0.245767     0.238605     0.230712     0.222071     0.212668     0.202492     0.191536     0.179798     0.167277     0.153974     0.139894     0.125044     0.109429     0.093057     0.075936     0.058074     0.039475     0.020147    -0.003829
    0.003921     0.020150     0.039478     0.058072     0.075927     0.093037     0.109395     0.124994     0.139829     0.153892     0.167179     0.179688     0.191415     0.202364     0.212538     0.221944     0.230592     0.238498     0.245677     0.252152     0.257944     0.263082     0.267592     0.271503     0.274845     0.277647     0.279934     0.281732     0.283062     0.283938     0.284374     0.284375     0.283942     0.283068     0.281742     0.279949     0.277668     0.274874     0.271540     0.267638     0.263136     0.258006     0.252219     0.245748     0.238570     0.230662     0.222009     0.212595     0.202411     0.191450     0.179708     0.167185     0.153883     0.139807     0.124961     0.109353     0.092991     0.075880     0.058030     0.039445     0.020130    -0.003825
    0.003917     0.020135     0.039449     0.058030     0.075873     0.092973     0.109323     0.124917     0.139747     0.153808     0.167095     0.179605     0.191336     0.202291     0.212473     0.221889     0.230550     0.238469     0.245664     0.252155     0.257966     0.263121     0.267649     0.271578     0.274937     0.277754     0.280056     0.281865     0.283204     0.284087     0.284526     0.284527     0.284090     0.283209     0.281875     0.280070     0.277775     0.274965     0.271613     0.267692     0.263172     0.258023     0.252218     0.245730     0.238535     0.230614     0.221948     0.212524     0.202332     0.191364     0.179619     0.167095     0.153794     0.139721     0.124880     0.109279     0.092925     0.075825     0.057986     0.039414     0.020115    -0.003822
    0.003914     0.020119     0.039419     0.057988     0.075820     0.092911     0.109253     0.124840     0.139666     0.153724     0.167011     0.179523     0.191259     0.202219     0.212409     0.221836     0.230508     0.238441     0.245652     0.252159     0.257987     0.263160     0.267706     0.271653     0.275028     0.277860     0.280175     0.281996     0.283343     0.284233     0.284675     0.284676     0.284236     0.283349     0.282005     0.280189     0.277880     0.275054     0.271686     0.267746     0.263207     0.258040     0.252217     0.245712     0.238502     0.230566     0.221888     0.212454     0.202253     0.191281     0.179532     0.167006     0.153707     0.139636     0.124801     0.109206     0.092861     0.075771     0.057944     0.039385     0.020099    -0.003819
    0.003911     0.020104     0.039390     0.057946     0.075768     0.092849     0.109183     0.124764     0.139586     0.153642     0.166929     0.179442     0.191182     0.202149     0.212346     0.221783     0.230467     0.238414     0.245639     0.252163     0.258008     0.263199     0.267762     0.271726     0.275118     0.277965     0.280293     0.282125     0.283481     0.284376     0.284821     0.284822     0.284379     0.283486     0.282134     0.280306     0.277983     0.275142     0.271756     0.267800     0.263243     0.258057     0.252216     0.245695     0.238469     0.230519     0.221829     0.212385     0.202177     0.191198     0.179446     0.166919     0.153620     0.139553     0.124722     0.109135     0.092797     0.075717     0.057901     0.039355     0.020084    -0.003816
    0.003908     0.020089     0.039361     0.057905     0.075716     0.092788     0.109114     0.124690     0.139507     0.153561     0.166847     0.179363     0.191106     0.202079     0.212285     0.221731     0.230427     0.238387     0.245627     0.252167     0.258028     0.263236     0.267817     0.271798     0.275206     0.278068     0.280409     0.282252     0.283617     0.284518     0.284966     0.284967     0.284520     0.283622     0.282260     0.280421     0.278085     0.275228     0.271826     0.267852     0.263277     0.258074     0.252216     0.245678     0.238437     0.230473     0.221771     0.212317     0.202101     0.191117     0.179361     0.166833     0.153535     0.139471     0.124645     0.109064     0.092735     0.075665     0.057860     0.039326     0.020068    -0.003813
    0.003905     0.020074     0.039333     0.057865     0.075665     0.092728     0.109047     0.124616     0.139430     0.153481     0.166767     0.179284     0.191031     0.202010     0.212224     0.221679     0.230387     0.238360     0.245615     0.252170     0.258049     0.263274     0.267871     0.271869     0.275292     0.278169     0.280523     0.282377     0.283750     0.284657     0.285108     0.285109     0.284659     0.283755     0.282385     0.280534     0.278185     0.275313     0.271895     0.267904     0.263311     0.258091     0.252215     0.245661     0.238405     0.230428     0.221715     0.212251     0.202027     0.191037     0.179278     0.166749     0.153452     0.139390     0.124569     0.108994     0.092673     0.075613     0.057819     0.039298     0.020054    -0.003811
    0.003902     0.020059     0.039305     0.057825     0.075614     0.092668     0.108980     0.124544     0.139353     0.153403     0.166688     0.179207     0.190958     0.201942     0.212163     0.221629     0.230348     0.238334     0.245603     0.252174     0.258069     0.263310     0.267925     0.271938     0.275378     0.278269     0.280635     0.282500     0.283881     0.284794     0.285248     0.285248     0.284796     0.283886     0.282507     0.280646     0.278284     0.275397     0.271963     0.267955     0.263345     0.258107     0.252215     0.245645     0.238374     0.230384     0.221659     0.212185     0.201954     0.190959     0.179196     0.166666     0.153369     0.139310     0.124494     0.108926     0.092613     0.075562     0.057779     0.039270     0.020039    -0.003808
    0.003899     0.020045     0.039277     0.057786     0.075565     0.092610     0.108914     0.124472     0.139277     0.153325     0.166610     0.179131     0.190885     0.201875     0.212104     0.221579     0.230310     0.238309     0.245592     0.252178     0.258088     0.263347     0.267978     0.272007     0.275462     0.278367     0.280746     0.282621     0.284011     0.284928     0.285385     0.285386     0.284931     0.284015     0.282628     0.280756     0.278381     0.275480     0.272030     0.268005     0.263378     0.258123     0.252215     0.245629     0.238344     0.230341     0.221604     0.212121     0.201882     0.190882     0.179116     0.166584     0.153289     0.139232     0.124420     0.108858     0.092553     0.075511     0.057739     0.039242     0.020024    -0.003805
    0.003896     0.020030     0.039250     0.057747     0.075516     0.092552     0.108849     0.124401     0.139203     0.153248     0.166533     0.179056     0.190814     0.201809     0.212046     0.221530     0.230272     0.238283     0.245580     0.252182     0.258108     0.263382     0.268029     0.272075     0.275545     0.278464     0.280855     0.282740     0.284138     0.285061     0.285521     0.285521     0.285063     0.284142     0.282747     0.280864     0.278476     0.275562     0.272096     0.268055     0.263411     0.258140     0.252215     0.245613     0.238314     0.230298     0.221550     0.212058     0.201812     0.190806     0.179037     0.166504     0.153209     0.139155     0.124347     0.108792     0.092494     0.075462     0.057700     0.039215     0.020010    -0.003802
    0.003893     0.020016     0.039223     0.057708     0.075467     0.092495     0.108785     0.124332     0.139129     0.153173     0.166458     0.178981     0.190743     0.201744     0.211988     0.221482     0.230234     0.238258     0.245569     0.252185     0.258127     0.263417     0.268081     0.272142     0.275626     0.278559     0.280962     0.282858     0.284263     0.285192     0.285654     0.285655     0.285194     0.284267     0.282864     0.280971     0.278571     0.275642     0.272161     0.268104     0.263444     0.258156     0.252215     0.245598     0.238285     0.230256     0.221497     0.211996     0.201743     0.190731     0.178959     0.166425     0.153130     0.139079     0.124276     0.108726     0.092436     0.075413     0.057661     0.039188     0.019996    -0.003799
    0.003890     0.020002     0.039197     0.057671     0.075420     0.092438     0.108721     0.124263     0.139057     0.153098     0.166383     0.178908     0.190674     0.201680     0.211931     0.221434     0.230197     0.238234     0.245558     0.252189     0.258146     0.263452     0.268131     0.272208     0.275707     0.278653     0.281068     0.282973     0.284386     0.285320     0.285785     0.285786     0.285322     0.284390     0.282979     0.281076     0.278663     0.275721     0.272225     0.268152     0.263476     0.258172     0.252215     0.245583     0.238256     0.230215     0.221445     0.211935     0.201674     0.190658     0.178882     0.166347     0.153053     0.139005     0.124206     0.108662     0.092379     0.075365     0.057623     0.039161     0.019982    -0.003797
    0.003888     0.019988     0.039171     0.057633     0.075373     0.092383     0.108659     0.124195     0.138985     0.153025     0.166309     0.178836     0.190605     0.201617     0.211875     0.221387     0.230161     0.238210     0.245547     0.252192     0.258165     0.263486     0.268181     0.272272     0.275786     0.278745     0.281172     0.283087     0.284508     0.285447     0.285914     0.285915     0.285448     0.284511     0.283092     0.281179     0.278755     0.275799     0.272288     0.268199     0.263507     0.258187     0.252215     0.245569     0.238228     0.230175     0.221394     0.211875     0.201607     0.190586     0.178807     0.166270     0.152977     0.138931     0.124136     0.108598     0.092323     0.075317     0.057586     0.039135     0.019968    -0.003794
    0.003885     0.019975     0.039145     0.057597     0.075326     0.092328     0.108597     0.124128     0.138915     0.152952     0.166236     0.178765     0.190538     0.201555     0.211820     0.221341     0.230125     0.238186     0.245537     0.252196     0.258183     0.263520     0.268230     0.272336     0.275864     0.278836     0.281274     0.283199     0.284627     0.285571     0.286042     0.286042     0.285573     0.284630     0.283203     0.281281     0.278845     0.275875     0.272350     0.268246     0.263539     0.258203     0.252216     0.245555     0.238201     0.230135     0.221344     0.211816     0.201541     0.190515     0.178733     0.166195     0.152903     0.138859     0.124068     0.108536     0.092268     0.075271     0.057549     0.039109     0.019955    -0.003792
    0.003882     0.019961     0.039119     0.057560     0.075280     0.092274     0.108537     0.124062     0.138845     0.152881     0.166165     0.178695     0.190471     0.201493     0.211766     0.221295     0.230090     0.238162     0.245526     0.252200     0.258201     0.263553     0.268278     0.272399     0.275941     0.278925     0.281375     0.283309     0.284745     0.285694     0.286167     0.286167     0.285695     0.284747     0.283313     0.281381     0.278933     0.275951     0.272412     0.268293     0.263569     0.258218     0.252216     0.245541     0.238174     0.230096     0.221295     0.211758     0.201477     0.190445     0.178660     0.166121     0.152829     0.138788     0.124001     0.108474     0.092214     0.075225     0.057513     0.039084     0.019942    -0.003789
    0.003879     0.019948     0.039094     0.057525     0.075235     0.092221     0.108477     0.123997     0.138777     0.152810     0.166094     0.178626     0.190405     0.201433     0.211713     0.221250     0.230055     0.238139     0.245516     0.252203     0.258219     0.263586     0.268325     0.272461     0.276016     0.279014     0.281474     0.283418     0.284860     0.285815     0.286290     0.286290     0.285816     0.284863     0.283421     0.281479     0.279020     0.276025     0.272472     0.268338     0.263600     0.258234     0.252217     0.245528     0.238147     0.230058     0.221247     0.211701     0.201413     0.190376     0.178588     0.166048     0.152757     0.138718     0.123935     0.108414     0.092160     0.075179     0.057477     0.039059     0.019929    -0.003786
    0.003877     0.019935     0.039069     0.057489     0.075191     0.092168     0.108418     0.123933     0.138709     0.152741     0.166024     0.178558     0.190341     0.201373     0.211660     0.221206     0.230021     0.238117     0.245506     0.252207     0.258237     0.263618     0.268372     0.272522     0.276091     0.279100     0.281572     0.283525     0.284974     0.285934     0.286411     0.286411     0.285935     0.284976     0.283528     0.281576     0.279106     0.276098     0.272532     0.268383     0.263630     0.258249     0.252217     0.245514     0.238121     0.230021     0.221199     0.211645     0.201350     0.190309     0.178518     0.165976     0.152685     0.138649     0.123870     0.108354     0.092107     0.075135     0.057442     0.039035     0.019916    -0.003784
    0.003874     0.019922     0.039045     0.057454     0.075147     0.092117     0.108360     0.123870     0.138642     0.152672     0.165956     0.178491     0.190277     0.201315     0.211608     0.221163     0.229988     0.238094     0.245496     0.252210     0.258254     0.263650     0.268418     0.272582     0.276164     0.279186     0.281668     0.283630     0.285087     0.286051     0.286531     0.286531     0.286051     0.285088     0.283632     0.281672     0.279191     0.276171     0.272590     0.268428     0.263660     0.258264     0.252218     0.245502     0.238096     0.229984     0.221152     0.211590     0.201289     0.190242     0.178448     0.165905     0.152615     0.138581     0.123806     0.108295     0.092055     0.075091     0.057408     0.039010     0.019903    -0.003781
    0.003871     0.019910     0.039021     0.057420     0.075103     0.092066     0.108302     0.123807     0.138576     0.152605     0.165888     0.178425     0.190214     0.201257     0.211557     0.221120     0.229955     0.238072     0.245486     0.252213     0.258272     0.263681     0.268464     0.272641     0.276236     0.279270     0.281763     0.283734     0.285197     0.286166     0.286648     0.286648     0.286166     0.285198     0.283736     0.281766     0.279274     0.276242     0.272648     0.268471     0.263689     0.258279     0.252219     0.245489     0.238071     0.229948     0.221107     0.211536     0.201228     0.190177     0.178380     0.165836     0.152546     0.138514     0.123743     0.108237     0.092004     0.075047     0.057373     0.038986     0.019890    -0.003779
    0.003869     0.019897     0.038997     0.057386     0.075060     0.092015     0.108245     0.123746     0.138512     0.152538     0.165821     0.178360     0.190152     0.201200     0.211506     0.221078     0.229922     0.238050     0.245477     0.252217     0.258289     0.263712     0.268509     0.272700     0.276307     0.279353     0.281856     0.283836     0.285306     0.286279     0.286764     0.286764     0.286280     0.285307     0.283837     0.281859     0.279356     0.276312     0.272705     0.268514     0.263718     0.258293     0.252220     0.245477     0.238046     0.229912     0.221061     0.211483     0.201168     0.190113     0.178313     0.165767     0.152478     0.138448     0.123680     0.108180     0.091953     0.075005     0.057340     0.038963     0.019878    -0.003777
    0.003866     0.019885     0.038974     0.057353     0.075018     0.091966     0.108190     0.123685     0.138448     0.152472     0.165756     0.178295     0.190091     0.201143     0.211457     0.221036     0.229890     0.238029     0.245467     0.252220     0.258305     0.263743     0.268553     0.272757     0.276377     0.279435     0.281948     0.283936     0.285413     0.286391     0.286878     0.286878     0.286391     0.285414     0.283937     0.281950     0.279437     0.276381     0.272761     0.268557     0.263746     0.258308     0.252221     0.245465     0.238022     0.229877     0.221017     0.211431     0.201110     0.190049     0.178246     0.165700     0.152411     0.138383     0.123619     0.108124     0.091904     0.074963     0.057307     0.038940     0.019866    -0.003774
    0.003864     0.019873     0.038951     0.057320     0.074977     0.091917     0.108134     0.123625     0.138385     0.152407     0.165691     0.178232     0.190031     0.201088     0.211408     0.220995     0.229858     0.238008     0.245458     0.252223     0.258322     0.263773     0.268596     0.272814     0.276446     0.279515     0.282039     0.284035     0.285518     0.286501     0.286990     0.286990     0.286501     0.285519     0.284036     0.282040     0.279517     0.276449     0.272816     0.268599     0.263775     0.258322     0.252222     0.245453     0.237999     0.229843     0.220974     0.211379     0.201052     0.189987     0.178181     0.165634     0.152346     0.138319     0.123559     0.108069     0.091855     0.074921     0.057274     0.038917     0.019854    -0.003772
    0.003861     0.019861     0.038928     0.057287     0.074936     0.091868     0.108080     0.123566     0.138322     0.152344     0.165627     0.178169     0.189971     0.201033     0.211359     0.220954     0.229827     0.237987     0.245449     0.252227     0.258338     0.263802     0.268639     0.272869     0.276514     0.279594     0.282128     0.284132     0.285622     0.286609     0.287100     0.287100     0.286609     0.285622     0.284132     0.282128     0.279595     0.276516     0.272871     0.268640     0.263802     0.258337     0.252223     0.245442     0.237976     0.229810     0.220931     0.211329     0.200996     0.189926     0.178117     0.165569     0.152281     0.138257     0.123500     0.108015     0.091807     0.074881     0.057242     0.038894     0.019842    -0.003770
    0.003859     0.019849     0.038905     0.057255     0.074895     0.091821     0.108027     0.123508     0.138261     0.152281     0.165564     0.178108     0.189913     0.200980     0.211312     0.220915     0.229796     0.237967     0.245440     0.252230     0.258354     0.263831     0.268681     0.272924     0.276581     0.279672     0.282215     0.284228     0.285724     0.286715     0.287209     0.287209     0.286715     0.285724     0.284228     0.282215     0.279672     0.276581     0.272924     0.268681     0.263830     0.258351     0.252224     0.245430     0.237953     0.229777     0.220889     0.211279     0.200940     0.189866     0.178054     0.165504     0.152217     0.138195     0.123441     0.107961     0.091759     0.074841     0.057210     0.038872     0.019831    -0.003768
    0.003857     0.019837     0.038883     0.057224     0.074855     0.091774     0.107974     0.123451     0.138201     0.152219     0.165501     0.178047     0.189855     0.200927     0.211265     0.220875     0.229766     0.237947     0.245431     0.252233     0.258370     0.263860     0.268723     0.272978     0.276647     0.279749     0.282302     0.284322     0.285825     0.286820     0.287316     0.287315     0.286820     0.285824     0.284322     0.282301     0.279748     0.276646     0.272977     0.268721     0.263857     0.258365     0.252225     0.245420     0.237931     0.229744     0.220847     0.211230     0.200885     0.189807     0.177992     0.165441     0.152154     0.138134     0.123384     0.107908     0.091712     0.074801     0.057179     0.038851     0.019819    -0.003765
    0.003854     0.019826     0.038861     0.057193     0.074816     0.091727     0.107922     0.123395     0.138141     0.152157     0.165440     0.177987     0.189798     0.200874     0.211219     0.220837     0.229736     0.237927     0.245422     0.252236     0.258385     0.263888     0.268763     0.273031     0.276712     0.279824     0.282387     0.284415     0.285924     0.286923     0.287421     0.287421     0.286923     0.285923     0.284414     0.282386     0.279823     0.276710     0.273029     0.268760     0.263884     0.258379     0.252227     0.245409     0.237909     0.229712     0.220807     0.211182     0.200831     0.189748     0.177931     0.165379     0.152092     0.138074     0.123327     0.107856     0.091666     0.074762     0.057148     0.038829     0.019808    -0.003763
    0.003852     0.019814     0.038840     0.057162     0.074777     0.091682     0.107870     0.123339     0.138082     0.152097     0.165380     0.177928     0.189742     0.200823     0.211173     0.220798     0.229707     0.237908     0.245414     0.252239     0.258401     0.263916     0.268804     0.273084     0.276776     0.279899     0.282470     0.284507     0.286021     0.287025     0.287525     0.287524     0.287024     0.286020     0.284505     0.282469     0.279897     0.276773     0.273081     0.268799     0.263910     0.258392     0.252228     0.245398     0.237888     0.229681     0.220767     0.211135     0.200778     0.189691     0.177871     0.165318     0.152032     0.138015     0.123271     0.107805     0.091621     0.074724     0.057118     0.038808     0.019797    -0.003761
    0.003850     0.019803     0.038819     0.057132     0.074739     0.091637     0.107820     0.123284     0.138025     0.152038     0.165320     0.177870     0.189687     0.200772     0.211128     0.220761     0.229678     0.237888     0.245405     0.252242     0.258416     0.263943     0.268843     0.273135     0.276839     0.279972     0.282553     0.284597     0.286117     0.287125     0.287627     0.287626     0.287124     0.286116     0.284595     0.282551     0.279969     0.276835     0.273131     0.268838     0.263936     0.258406     0.252229     0.245388     0.237867     0.229650     0.220727     0.211088     0.200726     0.189635     0.177812     0.165258     0.151972     0.137957     0.123217     0.107755     0.091576     0.074686     0.057088     0.038787     0.019786    -0.003759
    0.003847     0.019792     0.038798     0.057102     0.074701     0.091592     0.107770     0.123230     0.137967     0.151979     0.165262     0.177813     0.189633     0.200722     0.211084     0.220724     0.229649     0.237870     0.245397     0.252245     0.258431     0.263970     0.268883     0.273186     0.276901     0.280044     0.282634     0.284685     0.286212     0.287223     0.287727     0.287727     0.287222     0.286210     0.284683     0.282631     0.280041     0.276897     0.273181     0.268876     0.263962     0.258419     0.252231     0.245378     0.237846     0.229620     0.220689     0.211043     0.200674     0.189579     0.177754     0.165198     0.151913     0.137900     0.123162     0.107705     0.091532     0.074649     0.057059     0.038766     0.019775    -0.003757
    0.003845     0.019781     0.038777     0.057072     0.074664     0.091548     0.107721     0.123176     0.137911     0.151921     0.165204     0.177757     0.189579     0.200673     0.211041     0.220688     0.229621     0.237851     0.245389     0.252248     0.258445     0.263997     0.268921     0.273236     0.276962     0.280115     0.282714     0.284773     0.286305     0.287320     0.287826     0.287825     0.287319     0.286303     0.284770     0.282711     0.280111     0.276957     0.273230     0.268913     0.263987     0.258433     0.252232     0.245368     0.237826     0.229590     0.220651     0.210998     0.200624     0.189525     0.177697     0.165140     0.151855     0.137843     0.123109     0.107656     0.091489     0.074612     0.057030     0.038746     0.019764    -0.003755
    0.003843     0.019770     0.038757     0.057043     0.074628     0.091505     0.107672     0.123124     0.137856     0.151864     0.165147     0.177701     0.189526     0.200624     0.210998     0.220652     0.229593     0.237833     0.245381     0.252251     0.258460     0.264023     0.268959     0.273286     0.277022     0.280185     0.282792     0.284859     0.286396     0.287416     0.287923     0.287923     0.287414     0.286394     0.284856     0.282789     0.280181     0.277016     0.273279     0.268950     0.264012     0.258446     0.252234     0.245359     0.237806     0.229561     0.220614     0.210954     0.200574     0.189471     0.177640     0.165082     0.151798     0.137788     0.123057     0.107608     0.091446     0.074576     0.057001     0.038726     0.019754    -0.003753
    0.003841     0.019760     0.038737     0.057015     0.074592     0.091463     0.107624     0.123072     0.137801     0.151808     0.165091     0.177646     0.189474     0.200576     0.210955     0.220616     0.229566     0.237815     0.245373     0.252254     0.258474     0.264049     0.268996     0.273334     0.277081     0.280254     0.282870     0.284943     0.286486     0.287509     0.288019     0.288019     0.287508     0.286484     0.284940     0.282866     0.280249     0.277075     0.273326     0.268986     0.264037     0.258459     0.252235     0.245350     0.237786     0.229533     0.220577     0.210910     0.200525     0.189418     0.177585     0.165026     0.151741     0.137733     0.123005     0.107561     0.091404     0.074540     0.056973     0.038707     0.019744    -0.003751
    0.003839     0.019749     0.038717     0.056987     0.074556     0.091421     0.107577     0.123021     0.137747     0.151753     0.165035     0.177592     0.189423     0.200529     0.210914     0.220581     0.229539     0.237797     0.245365     0.252257     0.258488     0.264074     0.269033     0.273382     0.277139     0.280322     0.282946     0.285027     0.286575     0.287602     0.288113     0.288113     0.287600     0.286573     0.285023     0.282942     0.280316     0.277132     0.273373     0.269022     0.264061     0.258472     0.252237     0.245340     0.237767     0.229505     0.220541     0.210867     0.200477     0.189366     0.177531     0.164970     0.151686     0.137680     0.122954     0.107514     0.091363     0.074505     0.056946     0.038687     0.019733    -0.003749
    0.003837     0.019739     0.038697     0.056959     0.074521     0.091380     0.107531     0.122970     0.137694     0.151699     0.164981     0.177539     0.189372     0.200483     0.210873     0.220547     0.229513     0.237779     0.245357     0.252260     0.258502     0.264099     0.269069     0.273429     0.277197     0.280389     0.283021     0.285109     0.286663     0.287693     0.288206     0.288206     0.287691     0.286660     0.285105     0.283016     0.280382     0.277189     0.273420     0.269057     0.264085     0.258484     0.252239     0.245331     0.237749     0.229477     0.220505     0.210825     0.200430     0.189315     0.177477     0.164916     0.151631     0.137627     0.122904     0.107468     0.091322     0.074471     0.056918     0.038668     0.019723    -0.003747
    0.003834     0.019729     0.038678     0.056931     0.074486     0.091339     0.107485     0.122921     0.137642     0.151645     0.164927     0.177486     0.189323     0.200437     0.210832     0.220513     0.229487     0.237762     0.245350     0.252263     0.258516     0.264124     0.269105     0.273476     0.277253     0.280454     0.283095     0.285189     0.286749     0.287783     0.288298     0.288297     0.287781     0.286746     0.285185     0.283090     0.280448     0.277245     0.273465     0.269092     0.264109     0.258497     0.252240     0.245323     0.237730     0.229450     0.220471     0.210784     0.200384     0.189264     0.177424     0.164862     0.151578     0.137575     0.122855     0.107423     0.091282     0.074437     0.056891     0.038649     0.019714    -0.003745
    0.003832     0.019719     0.038659     0.056904     0.074452     0.091299     0.107440     0.122872     0.137590     0.151592     0.164874     0.177435     0.189274     0.200392     0.210792     0.220480     0.229461     0.237745     0.245342     0.252266     0.258529     0.264148     0.269140     0.273521     0.277309     0.280519     0.283168     0.285269     0.286833     0.287871     0.288388     0.288387     0.287869     0.286830     0.285264     0.283162     0.280512     0.277300     0.273510     0.269127     0.264132     0.258509     0.252242     0.245314     0.237712     0.229423     0.220436     0.210743     0.200338     0.189215     0.177372     0.164809     0.151525     0.137523     0.122807     0.107378     0.091242     0.074403     0.056865     0.038631     0.019704    -0.003743
    0.003830     0.019709     0.038640     0.056878     0.074419     0.091259     0.107395     0.122823     0.137539     0.151540     0.164822     0.177384     0.189225     0.200347     0.210753     0.220447     0.229436     0.237728     0.245335     0.252268     0.258542     0.264172     0.269175     0.273566     0.277364     0.280583     0.283240     0.285347     0.286917     0.287958     0.288476     0.288476     0.287956     0.286913     0.285342     0.283233     0.280575     0.277354     0.273554     0.269160     0.264155     0.258522     0.252244     0.245306     0.237694     0.229397     0.220403     0.210703     0.200293     0.189166     0.177321     0.164756     0.151473     0.137473     0.122759     0.107334     0.091204     0.074370     0.056839     0.038613     0.019694    -0.003741
    0.003828     0.019700     0.038622     0.056852     0.074385     0.091220     0.107352     0.122776     0.137489     0.151488     0.164770     0.177333     0.189178     0.200304     0.210714     0.220415     0.229411     0.237712     0.245328     0.252271     0.258555     0.264196     0.269209     0.273611     0.277418     0.280646     0.283310     0.285424     0.286999     0.288043     0.288564     0.288563     0.288041     0.286995     0.285419     0.283304     0.280637     0.277407     0.273598     0.269194     0.264178     0.258534     0.252245     0.245298     0.237677     0.229371     0.220370     0.210664     0.200248     0.189118     0.177271     0.164705     0.151422     0.137423     0.122712     0.107291     0.091165     0.074338     0.056813     0.038595     0.019685    -0.003739
    0.003826     0.019690     0.038604     0.056826     0.074353     0.091182     0.107308     0.122729     0.137440     0.151438     0.164719     0.177284     0.189131     0.200260     0.210676     0.220383     0.229386     0.237696     0.245321     0.252274     0.258568     0.264219     0.269242     0.273654     0.277471     0.280708     0.283380     0.285500     0.287080     0.288128     0.288650     0.288649     0.288125     0.287076     0.285495     0.283373     0.280699     0.277460     0.273641     0.269227     0.264200     0.258546     0.252247     0.245290     0.237660     0.229346     0.220337     0.210625     0.200205     0.189071     0.177221     0.164654     0.151371     0.137374     0.122665     0.107249     0.091127     0.074306     0.056788     0.038577     0.019676    -0.003738
    0.003825     0.019681     0.038586     0.056800     0.074321     0.091144     0.107266     0.122683     0.137391     0.151388     0.164669     0.177235     0.189084     0.200218     0.210639     0.220351     0.229362     0.237680     0.245314     0.252276     0.258581     0.264242     0.269276     0.273697     0.277523     0.280769     0.283448     0.285575     0.287159     0.288211     0.288734     0.288733     0.288208     0.287155     0.285569     0.283441     0.280759     0.277512     0.273683     0.269259     0.264222     0.258558     0.252249     0.245282     0.237643     0.229321     0.220305     0.210587     0.200162     0.189024     0.177172     0.164604     0.151322     0.137326     0.122620     0.107207     0.091090     0.074274     0.056763     0.038559     0.019666    -0.003736
    0.003823     0.019671     0.038568     0.056775     0.074289     0.091106     0.107224     0.122637     0.137343     0.151338     0.164620     0.177187     0.189039     0.200176     0.210602     0.220321     0.229338     0.237664     0.245307     0.252279     0.258593     0.264265     0.269308     0.273739     0.277575     0.280828     0.283515     0.285648     0.287238     0.288292     0.288818     0.288817     0.288290     0.287234     0.285643     0.283508     0.280819     0.277563     0.273725     0.269291     0.264244     0.258569     0.252251     0.245274     0.237627     0.229296     0.220273     0.210550     0.200120     0.188979     0.177124     0.164555     0.151273     0.137278     0.122575     0.107165     0.091053     0.074243     0.056738     0.038542     0.019657    -0.003734
    0.003821     0.019662     0.038551     0.056750     0.074258     0.091069     0.107182     0.122592     0.137296     0.151290     0.164572     0.177140     0.188994     0.200135     0.210565     0.220290     0.229315     0.237648     0.245300     0.252281     0.258606     0.264287     0.269340     0.273781     0.277625     0.280887     0.283582     0.285721     0.287315     0.288373     0.288900     0.288899     0.288370     0.287311     0.285715     0.283574     0.280878     0.277613     0.273766     0.269322     0.264266     0.258581     0.252253     0.245267     0.237610     0.229272     0.220243     0.210513     0.200078     0.188934     0.177077     0.164507     0.151225     0.137232     0.122531     0.107125     0.091017     0.074213     0.056714     0.038525     0.019648    -0.003732
    0.003819     0.019653     0.038534     0.056726     0.074227     0.091033     0.107142     0.122548     0.137249     0.151242     0.164524     0.177093     0.188949     0.200094     0.210529     0.220260     0.229292     0.237633     0.245293     0.252284     0.258618     0.264309     0.269372     0.273822     0.277675     0.280946     0.283647     0.285792     0.287391     0.288452     0.288980     0.288979     0.288449     0.287386     0.285786     0.283639     0.280935     0.277663     0.273807     0.269353     0.264287     0.258592     0.252254     0.245259     0.237595     0.229249     0.220212     0.210477     0.200037     0.188889     0.177030     0.164460     0.151177     0.137186     0.122487     0.107085     0.090982     0.074183     0.056690     0.038509     0.019640    -0.003731
    0.003817     0.019644     0.038517     0.056702     0.074196     0.090997     0.107101     0.122505     0.137203     0.151195     0.164477     0.177047     0.188906     0.200054     0.210494     0.220230     0.229269     0.237618     0.245287     0.252286     0.258630     0.264330     0.269403     0.273863     0.277724     0.281003     0.283711     0.285862     0.287466     0.288530     0.289060     0.289059     0.288527     0.287461     0.285856     0.283703     0.280992     0.277711     0.273847     0.269384     0.264308     0.258604     0.252256     0.245252     0.237579     0.229225     0.220182     0.210441     0.199997     0.188846     0.176985     0.164413     0.151131     0.137140     0.122444     0.107045     0.090947     0.074153     0.056667     0.038492     0.019631    -0.003729
    0.003815     0.019635     0.038500     0.056678     0.074166     0.090962     0.107062     0.122462     0.137158     0.151148     0.164430     0.177002     0.188863     0.200014     0.210459     0.220201     0.229247     0.237603     0.245280     0.252289     0.258641     0.264351     0.269434     0.273902     0.277773     0.281059     0.283775     0.285931     0.287539     0.288606     0.289138     0.289137     0.288604     0.287535     0.285925     0.283766     0.281048     0.277759     0.273886     0.269414     0.264329     0.258615     0.252258     0.245245     0.237564     0.229203     0.220153     0.210406     0.199958     0.188803     0.176939     0.164367     0.151085     0.137096     0.122402     0.107006     0.090912     0.074124     0.056644     0.038476     0.019623    -0.003727
    0.003814     0.019627     0.038484     0.056655     0.074137     0.090927     0.107023     0.122419     0.137114     0.151103     0.164384     0.176957     0.188820     0.199976     0.210425     0.220173     0.229225     0.237589     0.245274     0.252291     0.258653     0.264372     0.269464     0.273942     0.277821     0.281115     0.283837     0.285999     0.287612     0.288682     0.289215     0.289214     0.288679     0.287607     0.285993     0.283828     0.281103     0.277807     0.273925     0.269444     0.264349     0.258626     0.252260     0.245238     0.237549     0.229180     0.220124     0.210372     0.199919     0.188761     0.176895     0.164321     0.151040     0.137052     0.122360     0.106968     0.090878     0.074095     0.056621     0.038460     0.019614    -0.003726
    0.003812     0.019618     0.038468     0.056632     0.074108     0.090893     0.106984     0.122378     0.137070     0.151058     0.164339     0.176913     0.188779     0.199937     0.210391     0.220144     0.229203     0.237574     0.245268     0.252293     0.258664     0.264393     0.269493     0.273980     0.277868     0.281169     0.283898     0.286066     0.287683     0.288756     0.289291     0.289290     0.288753     0.287678     0.286059     0.283889     0.281158     0.277853     0.273963     0.269473     0.264369     0.258637     0.252262     0.245232     0.237534     0.229158     0.220095     0.210338     0.199881     0.188719     0.176851     0.164277     0.150995     0.137009     0.122319     0.106930     0.090845     0.074066     0.056599     0.038444     0.019606    -0.003724
    0.003810     0.019610     0.038452     0.056609     0.074079     0.090860     0.106946     0.122336     0.137026     0.151013     0.164295     0.176870     0.188738     0.199899     0.210358     0.220117     0.229182     0.237560     0.245261     0.252296     0.258675     0.264413     0.269523     0.274018     0.277914     0.281223     0.283959     0.286132     0.287753     0.288829     0.289366     0.289365     0.288826     0.287748     0.286125     0.283949     0.281211     0.277899     0.274001     0.269502     0.264389     0.258647     0.252264     0.245225     0.237519     0.229136     0.220067     0.210305     0.199843     0.188678     0.176808     0.164233     0.150951     0.136966     0.122279     0.106893     0.090812     0.074039     0.056577     0.038429     0.019598    -0.003722
    0.003808     0.019602     0.038436     0.056587     0.074051     0.090826     0.106909     0.122296     0.136984     0.150969     0.164251     0.176827     0.188697     0.199862     0.210325     0.220089     0.229160     0.237546     0.245255     0.252298     0.258686     0.264433     0.269552     0.274056     0.277959     0.281276     0.284018     0.286197     0.287823     0.288902     0.289439     0.289438     0.288898     0.287817     0.286190     0.284009     0.281264     0.277944     0.274038     0.269530     0.264408     0.258658     0.252266     0.245219     0.237505     0.229115     0.220040     0.210272     0.199806     0.188638     0.176766     0.164189     0.150908     0.136924     0.122239     0.106856     0.090779     0.074011     0.056555     0.038414     0.019590    -0.003721
    0.003807     0.019593     0.038421     0.056565     0.074023     0.090794     0.106872     0.122256     0.136942     0.150926     0.164208     0.176785     0.188657     0.199826     0.210293     0.220062     0.229140     0.237532     0.245249     0.252300     0.258697     0.264453     0.269580     0.274093     0.278004     0.281328     0.284077     0.286261     0.287891     0.288972     0.289512     0.289511     0.288969     0.287885     0.286254     0.284067     0.281316     0.277989     0.274074     0.269558     0.264428     0.258669     0.252268     0.245212     0.237491     0.229094     0.220013     0.210239     0.199769     0.188598     0.176724     0.164147     0.150866     0.136883     0.122200     0.106820     0.090747     0.073984     0.056533     0.038398     0.019582    -0.003719
    0.003805     0.019585     0.038405     0.056543     0.073996     0.090761     0.106836     0.122217     0.136900     0.150884     0.164165     0.176743     0.188618     0.199789     0.210261     0.220035     0.229119     0.237519     0.245243     0.252303     0.258708     0.264472     0.269608     0.274129     0.278048     0.281380     0.284135     0.286324     0.287958     0.289042     0.289583     0.289582     0.289039     0.287952     0.286317     0.284125     0.281367     0.278033     0.274110     0.269586     0.264447     0.258679     0.252269     0.245206     0.237477     0.229074     0.219986     0.210208     0.199733     0.188559     0.176683     0.164105     0.150824     0.136842     0.122161     0.106785     0.090716     0.073957     0.056512     0.038384     0.019574    -0.003718
    0.003803     0.019578     0.038390     0.056521     0.073969     0.090729     0.106800     0.122178     0.136859     0.150842     0.164123     0.176703     0.188579     0.199754     0.210229     0.220009     0.229099     0.237506     0.245237     0.252305     0.258719     0.264491     0.269635     0.274165     0.278092     0.281430     0.284192     0.286386     0.288024     0.289111     0.289653     0.289652     0.289108     0.288018     0.286379     0.284181     0.281417     0.278076     0.274146     0.269613     0.264466     0.258689     0.252271     0.245200     0.237464     0.229053     0.219960     0.210176     0.199698     0.188521     0.176643     0.164064     0.150783     0.136802     0.122123     0.106750     0.090685     0.073931     0.056491     0.038369     0.019566    -0.003716
    0.003802     0.019570     0.038375     0.056500     0.073942     0.090698     0.106765     0.122140     0.136819     0.150801     0.164082     0.176662     0.188541     0.199719     0.210198     0.219983     0.229079     0.237492     0.245232     0.252307     0.258729     0.264510     0.269663     0.274200     0.278135     0.281480     0.284247     0.286447     0.288089     0.289179     0.289722     0.289721     0.289176     0.288083     0.286440     0.284237     0.281467     0.278119     0.274181     0.269640     0.264484     0.258699     0.252273     0.245194     0.237451     0.229033     0.219934     0.210146     0.199663     0.188483     0.176603     0.164023     0.150742     0.136762     0.122086     0.106716     0.090654     0.073905     0.056471     0.038355     0.019559    -0.003715
    0.003800     0.019562     0.038361     0.056480     0.073916     0.090667     0.106730     0.122102     0.136780     0.150760     0.164042     0.176623     0.188503     0.199684     0.210168     0.219958     0.229060     0.237479     0.245226     0.252309     0.258739     0.264528     0.269689     0.274234     0.278177     0.281529     0.284303     0.286508     0.288153     0.289246     0.289790     0.289789     0.289242     0.288147     0.286500     0.284292     0.281516     0.278161     0.274215     0.269667     0.264502     0.258709     0.252275     0.245188     0.237438     0.229014     0.219909     0.210115     0.199629     0.188446     0.176564     0.163983     0.150702     0.136724     0.122049     0.106682     0.090624     0.073879     0.056451     0.038341     0.019551    -0.003713
    0.003799     0.019554     0.038346     0.056459     0.073890     0.090637     0.106696     0.122065     0.136741     0.150720     0.164001     0.176584     0.188466     0.199650     0.210138     0.219933     0.229040     0.237467     0.245221     0.252311     0.258749     0.264547     0.269716     0.274269     0.278218     0.281577     0.284357     0.286567     0.288216     0.289311     0.289857     0.289856     0.289308     0.288210     0.286559     0.284346     0.281564     0.278202     0.274249     0.269693     0.264520     0.258719     0.252277     0.245183     0.237425     0.228995     0.219884     0.210086     0.199595     0.188409     0.176526     0.163943     0.150663     0.136685     0.122013     0.106648     0.090594     0.073854     0.056431     0.038327     0.019544    -0.003712
    0.003797     0.019547     0.038332     0.056439     0.073865     0.090607     0.106662     0.122029     0.136702     0.150681     0.163962     0.176545     0.188430     0.199617     0.210108     0.219908     0.229021     0.237454     0.245215     0.252313     0.258759     0.264565     0.269741     0.274302     0.278259     0.281625     0.284410     0.286625     0.288278     0.289376     0.289923     0.289922     0.289373     0.288272     0.286617     0.284399     0.281611     0.278243     0.274282     0.269718     0.264538     0.258729     0.252279     0.245177     0.237412     0.228976     0.219859     0.210056     0.199562     0.188373     0.176488     0.163905     0.150624     0.136648     0.121977     0.106615     0.090565     0.073829     0.056411     0.038313     0.019537    -0.003711
    0.003796     0.019540     0.038318     0.056419     0.073840     0.090577     0.106629     0.121993     0.136664     0.150642     0.163923     0.176507     0.188394     0.199584     0.210079     0.219884     0.229003     0.237442     0.245210     0.252315     0.258769     0.264582     0.269767     0.274335     0.278300     0.281672     0.284463     0.286683     0.288339     0.289440     0.289988     0.289987     0.289436     0.288333     0.286674     0.284452     0.281658     0.278283     0.274315     0.269744     0.264555     0.258739     0.252281     0.245172     0.237400     0.228957     0.219835     0.210027     0.199530     0.188338     0.176450     0.163866     0.150586     0.136611     0.121942     0.106583     0.090536     0.073805     0.056392     0.038299     0.019530    -0.003709
    0.003794     0.019532     0.038305     0.056400     0.073815     0.090548     0.106597     0.121957     0.136627     0.150603     0.163885     0.176470     0.188358     0.199551     0.210051     0.219860     0.228984     0.237430     0.245204     0.252317     0.258779     0.264600     0.269792     0.274368     0.278339     0.281718     0.284515     0.286739     0.288399     0.289502     0.290052     0.290051     0.289499     0.288393     0.286730     0.284503     0.281704     0.278322     0.274348     0.269769     0.264573     0.258748     0.252283     0.245166     0.237388     0.228939     0.219811     0.209999     0.199497     0.188303     0.176414     0.163829     0.150548     0.136574     0.121907     0.106551     0.090508     0.073781     0.056373     0.038286     0.019523    -0.003708
    0.003793     0.019525     0.038291     0.056380     0.073791     0.090520     0.106564     0.121922     0.136590     0.150566     0.163847     0.176433     0.188324     0.199519     0.210022     0.219836     0.228966     0.237418     0.245199     0.252319     0.258788     0.264617     0.269817     0.274400     0.278378     0.281763     0.284566     0.286795     0.288459     0.289564     0.290115     0.290114     0.289560     0.288453     0.286786     0.284554     0.281749     0.278361     0.274380     0.269793     0.264590     0.258757     0.252285     0.245161     0.237376     0.228921     0.219788     0.209971     0.199466     0.188269     0.176378     0.163792     0.150511     0.136538     0.121873     0.106520     0.090480     0.073757     0.056354     0.038273     0.019516    -0.003707
    0.003791     0.019518     0.038278     0.056361     0.073767     0.090491     0.106533     0.121888     0.136554     0.150529     0.163810     0.176397     0.188289     0.199488     0.209995     0.219813     0.228948     0.237406     0.245194     0.252321     0.258797     0.264634     0.269841     0.274432     0.278417     0.281808     0.284616     0.286849     0.288517     0.289625     0.290177     0.290176     0.289621     0.288511     0.286841     0.284604     0.281794     0.278400     0.274411     0.269817     0.264606     0.258767     0.252287     0.245156     0.237364     0.228903     0.219765     0.209944     0.199435     0.188235     0.176342     0.163755     0.150475     0.136503     0.121840     0.106489     0.090453     0.073734     0.056336     0.038260     0.019509    -0.003705
    0.003790     0.019511     0.038265     0.056343     0.073743     0.090464     0.106501     0.121854     0.136518     0.150492     0.163773     0.176361     0.188255     0.199457     0.209967     0.219790     0.228931     0.237394     0.245189     0.252323     0.258807     0.264650     0.269865     0.274463     0.278455     0.281852     0.284665     0.286903     0.288575     0.289685     0.290238     0.290237     0.289681     0.288568     0.286895     0.284654     0.281838     0.278437     0.274442     0.269841     0.264623     0.258776     0.252289     0.245151     0.237353     0.228886     0.219742     0.209917     0.199404     0.188202     0.176307     0.163719     0.150439     0.136468     0.121807     0.106458     0.090426     0.073711     0.056317     0.038247     0.019502    -0.003704
    0.003788     0.019505     0.038252     0.056324     0.073720     0.090436     0.106471     0.121821     0.136483     0.150456     0.163737     0.176326     0.188222     0.199426     0.209940     0.219768     0.228913     0.237383     0.245184     0.252325     0.258816     0.264667     0.269889     0.274493     0.278492     0.281895     0.284714     0.286956     0.288631     0.289744     0.290298     0.290297     0.289740     0.288625     0.286948     0.284702     0.281881     0.278474     0.274473     0.269865     0.264639     0.258785     0.252290     0.245146     0.237341     0.228868     0.219720     0.209890     0.199374     0.188169     0.176272     0.163684     0.150404     0.136433     0.121774     0.106428     0.090399     0.073688     0.056300     0.038235     0.019496    -0.003703
    0.003787     0.019498     0.038239     0.056306     0.073697     0.090409     0.106440     0.121788     0.136448     0.150420     0.163702     0.176291     0.188189     0.199396     0.209914     0.219745     0.228896     0.237372     0.245179     0.252327     0.258825     0.264683     0.269912     0.274523     0.278529     0.281938     0.284762     0.287009     0.288687     0.289802     0.290357     0.290356     0.289798     0.288680     0.287000     0.284750     0.281923     0.278511     0.274503     0.269888     0.264655     0.258794     0.252292     0.245141     0.237330     0.228852     0.219698     0.209864     0.199344     0.188137     0.176238     0.163649     0.150369     0.136400     0.121742     0.106399     0.090373     0.073666     0.056282     0.038222     0.019489    -0.003701
    0.003786     0.019491     0.038226     0.056288     0.073674     0.090383     0.106410     0.121755     0.136414     0.150385     0.163667     0.176257     0.188157     0.199366     0.209887     0.219724     0.228879     0.237360     0.245174     0.252329     0.258833     0.264699     0.269935     0.274553     0.278565     0.281980     0.284809     0.287060     0.288742     0.289859     0.290416     0.290414     0.289855     0.288735     0.287051     0.284797     0.281965     0.278547     0.274532     0.269911     0.264671     0.258802     0.252294     0.245136     0.237319     0.228835     0.219677     0.209838     0.199315     0.188105     0.176205     0.163615     0.150335     0.136366     0.121710     0.106370     0.090347     0.073644     0.056264     0.038210     0.019483    -0.003700
    0.003784     0.019485     0.038214     0.056270     0.073652     0.090356     0.106381     0.121723     0.136381     0.150351     0.163632     0.176224     0.188125     0.199337     0.209862     0.219702     0.228863     0.237349     0.245169     0.252330     0.258842     0.264714     0.269957     0.274582     0.278600     0.282021     0.284855     0.287111     0.288796     0.289915     0.290473     0.290472     0.289911     0.288789     0.287102     0.284844     0.282007     0.278583     0.274562     0.269933     0.264687     0.258811     0.252296     0.245132     0.237308     0.228819     0.219655     0.209813     0.199286     0.188074     0.176172     0.163581     0.150301     0.136333     0.121679     0.106341     0.090321     0.073623     0.056247     0.038198     0.019476    -0.003699
    0.003783     0.019478     0.038202     0.056253     0.073630     0.090331     0.106352     0.121692     0.136348     0.150317     0.163598     0.176191     0.188094     0.199308     0.209836     0.219681     0.228846     0.237339     0.245165     0.252332     0.258851     0.264730     0.269980     0.274611     0.278635     0.282062     0.284901     0.287161     0.288849     0.289970     0.290529     0.290528     0.289966     0.288842     0.287152     0.284889     0.282047     0.278618     0.274590     0.269955     0.264702     0.258820     0.252298     0.245127     0.237298     0.228803     0.219634     0.209788     0.199258     0.188043     0.176140     0.163548     0.150268     0.136301     0.121649     0.106313     0.090296     0.073601     0.056231     0.038186     0.019470    -0.003698
    0.003782     0.019472     0.038190     0.056236     0.073609     0.090305     0.106324     0.121661     0.136315     0.150284     0.163565     0.176158     0.188063     0.199280     0.209811     0.219660     0.228830     0.237328     0.245160     0.252334     0.258859     0.264745     0.270001     0.274640     0.278670     0.282102     0.284946     0.287210     0.288901     0.290025     0.290585     0.290584     0.290021     0.288895     0.287201     0.284934     0.282087     0.278652     0.274619     0.269977     0.264717     0.258828     0.252300     0.245122     0.237287     0.228787     0.219614     0.209763     0.199230     0.188013     0.176108     0.163515     0.150236     0.136269     0.121618     0.106285     0.090272     0.073580     0.056214     0.038175     0.019464    -0.003697
    0.003781     0.019466     0.038178     0.056219     0.073587     0.090280     0.106295     0.121631     0.136283     0.150251     0.163532     0.176126     0.188032     0.199252     0.209787     0.219639     0.228814     0.237318     0.245155     0.252336     0.258867     0.264760     0.270023     0.274667     0.278704     0.282142     0.284990     0.287258     0.288952     0.290078     0.290640     0.290638     0.290074     0.288946     0.287249     0.284978     0.282127     0.278686     0.274647     0.269999     0.264732     0.258836     0.252302     0.245118     0.237277     0.228771     0.219594     0.209739     0.199203     0.187983     0.176076     0.163483     0.150203     0.136238     0.121589     0.106258     0.090247     0.073560     0.056198     0.038163     0.019458    -0.003695
    0.003779     0.019460     0.038166     0.056203     0.073566     0.090256     0.106268     0.121601     0.136251     0.150218     0.163500     0.176094     0.188002     0.199224     0.209762     0.219619     0.228799     0.237307     0.245151     0.252337     0.258875     0.264774     0.270044     0.274695     0.278737     0.282180     0.285034     0.287306     0.289003     0.290131     0.290694     0.290692     0.290127     0.288997     0.287297     0.285022     0.282166     0.278719     0.274674     0.270020     0.264747     0.258845     0.252303     0.245114     0.237267     0.228756     0.219574     0.209715     0.199176     0.187953     0.176045     0.163451     0.150172     0.136207     0.121560     0.106231     0.090223     0.073539     0.056182     0.038152     0.019452    -0.003694
    0.003778     0.019454     0.038155     0.056186     0.073546     0.090231     0.106241     0.121571     0.136220     0.150186     0.163468     0.176063     0.187973     0.199197     0.209738     0.219599     0.228784     0.237297     0.245146     0.252339     0.258883     0.264789     0.270065     0.274722     0.278770     0.282219     0.285077     0.287353     0.289053     0.290183     0.290747     0.290745     0.290179     0.289047     0.287344     0.285065     0.282204     0.278752     0.274701     0.270041     0.264761     0.258853     0.252305     0.245110     0.237257     0.228741     0.219554     0.209692     0.199150     0.187924     0.176015     0.163420     0.150141     0.136177     0.121531     0.106204     0.090200     0.073519     0.056166     0.038141     0.019446    -0.003693
    0.003777     0.019448     0.038144     0.056170     0.073525     0.090207     0.106214     0.121542     0.136190     0.150155     0.163436     0.176033     0.187944     0.199171     0.209715     0.219579     0.228768     0.237287     0.245142     0.252341     0.258891     0.264803     0.270085     0.274749     0.278802     0.282256     0.285119     0.287399     0.289102     0.290234     0.290799     0.290797     0.290230     0.289096     0.287390     0.285107     0.282241     0.278785     0.274728     0.270061     0.264776     0.258861     0.252307     0.245105     0.237248     0.228726     0.219535     0.209669     0.199123     0.187896     0.175985     0.163390     0.150110     0.136147     0.121502     0.106178     0.090176     0.073500     0.056150     0.038130     0.019440    -0.003692
    0.003776     0.019442     0.038133     0.056154     0.073506     0.090184     0.106187     0.121513     0.136159     0.150124     0.163405     0.176002     0.187915     0.199144     0.209692     0.219560     0.228754     0.237277     0.245138     0.252342     0.258899     0.264817     0.270106     0.274775     0.278834     0.282293     0.285161     0.287444     0.289151     0.290285     0.290850     0.290849     0.290281     0.289144     0.287435     0.285149     0.282278     0.278816     0.274754     0.270082     0.264790     0.258869     0.252309     0.245101     0.237238     0.228712     0.219516     0.209646     0.199098     0.187868     0.175956     0.163359     0.150080     0.136118     0.121475     0.106152     0.090154     0.073480     0.056135     0.038119     0.019435    -0.003691
    0.003774     0.019436     0.038122     0.056139     0.073486     0.090161     0.106161     0.121485     0.136130     0.150093     0.163375     0.175973     0.187887     0.199118     0.209669     0.219541     0.228739     0.237268     0.245134     0.252344     0.258906     0.264831     0.270125     0.274801     0.278866     0.282330     0.285202     0.287489     0.289198     0.290334     0.290901     0.290899     0.290330     0.289192     0.287480     0.285190     0.282315     0.278848     0.274780     0.270101     0.264803     0.258876     0.252310     0.245097     0.237229     0.228698     0.219498     0.209624     0.199072     0.187841     0.175926     0.163330     0.150050     0.136089     0.121447     0.106127     0.090131     0.073461     0.056120     0.038108     0.019429    -0.003690
    0.003773     0.019430     0.038111     0.056123     0.073467     0.090138     0.106136     0.121457     0.136100     0.150063     0.163345     0.175943     0.187859     0.199093     0.209646     0.219522     0.228724     0.237258     0.245129     0.252345     0.258914     0.264844     0.270145     0.274826     0.278897     0.282366     0.285242     0.287533     0.289245     0.290383     0.290951     0.290949     0.290379     0.289238     0.287524     0.285230     0.282351     0.278879     0.274805     0.270121     0.264817     0.258884     0.252312     0.245093     0.237220     0.228684     0.219479     0.209602     0.199048     0.187813     0.175898     0.163300     0.150021     0.136060     0.121420     0.106102     0.090109     0.073442     0.056105     0.038098     0.019424    -0.003689
    0.003772     0.019425     0.038100     0.056108     0.073447     0.090116     0.106110     0.121430     0.136072     0.150034     0.163315     0.175915     0.187832     0.199068     0.209624     0.219504     0.228710     0.237249     0.245125     0.252347     0.258921     0.264857     0.270164     0.274851     0.278927     0.282401     0.285282     0.287576     0.289291     0.290431     0.290999     0.290998     0.290427     0.289285     0.287567     0.285270     0.282386     0.278909     0.274830     0.270140     0.264831     0.258891     0.252314     0.245090     0.237210     0.228670     0.219461     0.209580     0.199023     0.187787     0.175870     0.163271     0.149992     0.136032     0.121393     0.106078     0.090087     0.073424     0.056090     0.038088     0.019418    -0.003688
    0.003771     0.019419     0.038090     0.056094     0.073429     0.090094     0.106086     0.121403     0.136043     0.150005     0.163286     0.175886     0.187805     0.199043     0.209602     0.219486     0.228696     0.237239     0.245121     0.252348     0.258929     0.264871     0.270183     0.274876     0.278957     0.282436     0.285321     0.287619     0.289336     0.290478     0.291048     0.291046     0.290474     0.289330     0.287610     0.285309     0.282421     0.278939     0.274855     0.270159     0.264844     0.258899     0.252316     0.245086     0.237202     0.228656     0.219444     0.209559     0.198999     0.187761     0.175842     0.163243     0.149964     0.136005     0.121367     0.106054     0.090066     0.073406     0.056076     0.038078     0.019413    -0.003687
    0.003770     0.019414     0.038080     0.056079     0.073410     0.090072     0.106061     0.121377     0.136015     0.149976     0.163257     0.175858     0.187778     0.199019     0.209581     0.219468     0.228682     0.237230     0.245117     0.252350     0.258936     0.264883     0.270202     0.274900     0.278986     0.282470     0.285359     0.287661     0.289381     0.290525     0.291095     0.291094     0.290521     0.289375     0.287652     0.285347     0.282455     0.278969     0.274879     0.270178     0.264857     0.258906     0.252317     0.245082     0.237193     0.228643     0.219426     0.209538     0.198975     0.187735     0.175815     0.163215     0.149936     0.135977     0.121341     0.106030     0.090045     0.073388     0.056061     0.038068     0.019408    -0.003686
    0.003769     0.019409     0.038070     0.056065     0.073392     0.090050     0.106037     0.121350     0.135988     0.149948     0.163229     0.175831     0.187752     0.198995     0.209560     0.219450     0.228669     0.237221     0.245113     0.252351     0.258943     0.264896     0.270220     0.274924     0.279015     0.282504     0.285397     0.287702     0.289425     0.290571     0.291142     0.291141     0.290567     0.289418     0.287693     0.285385     0.282489     0.278998     0.274903     0.270197     0.264870     0.258913     0.252319     0.245078     0.237184     0.228630     0.219409     0.209518     0.198952     0.187709     0.175788     0.163188     0.149908     0.135951     0.121316     0.106006     0.090024     0.073370     0.056048     0.038058     0.019403    -0.003685
    0.003768     0.019403     0.038060     0.056050     0.073374     0.090029     0.106014     0.121325     0.135961     0.149920     0.163202     0.175804     0.187727     0.198971     0.209539     0.219433     0.228656     0.237213     0.245109     0.252353     0.258950     0.264909     0.270238     0.274947     0.279044     0.282537     0.285434     0.287743     0.289468     0.290616     0.291188     0.291186     0.290612     0.289462     0.287733     0.285422     0.282522     0.279026     0.274926     0.270215     0.264882     0.258920     0.252321     0.245075     0.237176     0.228617     0.219392     0.209497     0.198929     0.187684     0.175762     0.163161     0.149881     0.135924     0.121291     0.105983     0.090003     0.073353     0.056034     0.038048     0.019398    -0.003684
    0.003767     0.019398     0.038050     0.056037     0.073357     0.090009     0.105990     0.121300     0.135934     0.149893     0.163174     0.175777     0.187702     0.198948     0.209519     0.219416     0.228642     0.237204     0.245106     0.252354     0.258956     0.264921     0.270256     0.274970     0.279072     0.282569     0.285471     0.287783     0.289511     0.290660     0.291233     0.291232     0.290656     0.289504     0.287773     0.285459     0.282555     0.279054     0.274950     0.270233     0.264895     0.258927     0.252322     0.245071     0.237167     0.228604     0.219376     0.209478     0.198906     0.187660     0.175736     0.163134     0.149855     0.135898     0.121267     0.105961     0.089983     0.073336     0.056020     0.038039     0.019393    -0.003683
    0.003766     0.019393     0.038040     0.056023     0.073340     0.089988     0.105968     0.121275     0.135908     0.149866     0.163147     0.175751     0.187677     0.198925     0.209499     0.219399     0.228629     0.237195     0.245102     0.252355     0.258963     0.264933     0.270273     0.274993     0.279099     0.282601     0.285507     0.287822     0.289553     0.290703     0.291277     0.291276     0.290700     0.289546     0.287813     0.285495     0.282587     0.279082     0.274972     0.270250     0.264907     0.258934     0.252324     0.245068     0.237159     0.228591     0.219359     0.209458     0.198884     0.187636     0.175710     0.163108     0.149829     0.135873     0.121242     0.105939     0.089963     0.073319     0.056007     0.038029     0.019388    -0.003682
    0.003765     0.019388     0.038031     0.056009     0.073323     0.089968     0.105945     0.121250     0.135883     0.149840     0.163121     0.175725     0.187652     0.198903     0.209479     0.219382     0.228617     0.237187     0.245098     0.252357     0.258970     0.264945     0.270291     0.275015     0.279126     0.282633     0.285542     0.287860     0.289594     0.290746     0.291321     0.291320     0.290742     0.289587     0.287851     0.285530     0.282618     0.279109     0.274995     0.270267     0.264919     0.258941     0.252325     0.245064     0.237151     0.228579     0.219343     0.209439     0.198862     0.187612     0.175685     0.163082     0.149803     0.135848     0.121219     0.105917     0.089944     0.073302     0.055994     0.038020     0.019383    -0.003681
    0.003764     0.019383     0.038022     0.055996     0.073306     0.089949     0.105923     0.121226     0.135857     0.149814     0.163095     0.175700     0.187628     0.198881     0.209459     0.219366     0.228604     0.237179     0.245094     0.252358     0.258976     0.264957     0.270307     0.275037     0.279153     0.282664     0.285577     0.287898     0.289634     0.290788     0.291364     0.291363     0.290785     0.289628     0.287889     0.285565     0.282649     0.279136     0.275017     0.270284     0.264931     0.258948     0.252327     0.245061     0.237143     0.228567     0.219327     0.209420     0.198841     0.187588     0.175661     0.163057     0.149778     0.135823     0.121195     0.105895     0.089925     0.073286     0.055981     0.038011     0.019378    -0.003680
    0.003763     0.019379     0.038013     0.055983     0.073290     0.089929     0.105901     0.121203     0.135832     0.149788     0.163070     0.175675     0.187605     0.198859     0.209440     0.219350     0.228592     0.237170     0.245091     0.252359     0.258982     0.264968     0.270324     0.275058     0.279179     0.282694     0.285611     0.287936     0.289674     0.290830     0.291406     0.291405     0.290826     0.289667     0.287927     0.285599     0.282680     0.279162     0.275038     0.270301     0.264942     0.258954     0.252328     0.245058     0.237135     0.228555     0.219312     0.209401     0.198820     0.187565     0.175636     0.163032     0.149753     0.135799     0.121172     0.105874     0.089906     0.073270     0.055969     0.038002     0.019374    -0.003679
    0.003762     0.019374     0.038004     0.055971     0.073273     0.089911     0.105880     0.121180     0.135808     0.149763     0.163044     0.175650     0.187581     0.198838     0.209421     0.219334     0.228580     0.237162     0.245087     0.252360     0.258989     0.264979     0.270340     0.275080     0.279205     0.282724     0.285645     0.287972     0.289713     0.290871     0.291448     0.291447     0.290867     0.289707     0.287963     0.285633     0.282710     0.279188     0.275060     0.270318     0.264954     0.258961     0.252330     0.245055     0.237128     0.228543     0.219297     0.209383     0.198799     0.187543     0.175613     0.163008     0.149729     0.135775     0.121150     0.105853     0.089888     0.073255     0.055956     0.037994     0.019369    -0.003678
    0.003761     0.019369     0.037995     0.055958     0.073258     0.089892     0.105859     0.121157     0.135784     0.149739     0.163020     0.175626     0.187559     0.198817     0.209403     0.219319     0.228568     0.237154     0.245084     0.252361     0.258995     0.264990     0.270356     0.275100     0.279230     0.282754     0.285678     0.288009     0.289751     0.290911     0.291489     0.291487     0.290907     0.289745     0.287999     0.285666     0.282739     0.279213     0.275080     0.270334     0.264965     0.258967     0.252331     0.245051     0.237120     0.228532     0.219282     0.209365     0.198779     0.187521     0.175589     0.162984     0.149705     0.135752     0.121128     0.105833     0.089870     0.073239     0.055944     0.037985     0.019364    -0.003677
    0.003760     0.019365     0.037986     0.055946     0.073242     0.089874     0.105838     0.121135     0.135761     0.149715     0.162996     0.175603     0.187536     0.198796     0.209385     0.219303     0.228556     0.237147     0.245080     0.252363     0.259001     0.265001     0.270372     0.275121     0.279255     0.282783     0.285710     0.288044     0.289789     0.290950     0.291529     0.291528     0.290946     0.289783     0.288035     0.285699     0.282768     0.279238     0.275101     0.270350     0.264976     0.258973     0.252333     0.245048     0.237113     0.228521     0.219267     0.209347     0.198759     0.187499     0.175566     0.162960     0.149681     0.135729     0.121106     0.105813     0.089852     0.073224     0.055932     0.037977     0.019360    -0.003676
    0.003759     0.019360     0.037978     0.055934     0.073227     0.089856     0.105818     0.121113     0.135737     0.149691     0.162972     0.175580     0.187514     0.198776     0.209367     0.219288     0.228545     0.237139     0.245077     0.252364     0.259006     0.265012     0.270387     0.275141     0.279279     0.282811     0.285742     0.288079     0.289826     0.290988     0.291568     0.291567     0.290985     0.289820     0.288070     0.285730     0.282797     0.279263     0.275121     0.270365     0.264987     0.258979     0.252334     0.245045     0.237106     0.228510     0.219252     0.209330     0.198739     0.187477     0.175544     0.162937     0.149658     0.135707     0.121085     0.105793     0.089834     0.073209     0.055920     0.037969     0.019356    -0.003676
    0.003758     0.019356     0.037970     0.055922     0.073212     0.089838     0.105798     0.121091     0.135715     0.149667     0.162948     0.175557     0.187492     0.198756     0.209349     0.219274     0.228533     0.237131     0.245073     0.252365     0.259012     0.265022     0.270402     0.275160     0.279303     0.282839     0.285773     0.288113     0.289863     0.291026     0.291607     0.291606     0.291022     0.289856     0.288104     0.285762     0.282825     0.279287     0.275141     0.270380     0.264998     0.258985     0.252336     0.245042     0.237098     0.228499     0.219238     0.209313     0.198720     0.187456     0.175521     0.162914     0.149635     0.135685     0.121064     0.105774     0.089817     0.073195     0.055909     0.037961     0.019352    -0.003675
    0.003757     0.019352     0.037961     0.055910     0.073197     0.089821     0.105779     0.121070     0.135692     0.149645     0.162925     0.175534     0.187471     0.198737     0.209332     0.219259     0.228522     0.237124     0.245070     0.252366     0.259018     0.265032     0.270417     0.275180     0.279327     0.282866     0.285804     0.288146     0.289898     0.291063     0.291645     0.291643     0.291060     0.289892     0.288137     0.285793     0.282852     0.279310     0.275160     0.270395     0.265008     0.258991     0.252337     0.245039     0.237091     0.228488     0.219224     0.209296     0.198701     0.187436     0.175500     0.162892     0.149613     0.135663     0.121043     0.105755     0.089800     0.073181     0.055898     0.037953     0.019347    -0.003674
    0.003756     0.019348     0.037954     0.055899     0.073183     0.089804     0.105760     0.121049     0.135671     0.149622     0.162903     0.175512     0.187450     0.198717     0.209315     0.219245     0.228511     0.237117     0.245067     0.252367     0.259023     0.265042     0.270432     0.275199     0.279350     0.282893     0.285834     0.288179     0.289933     0.291100     0.291682     0.291681     0.291096     0.289927     0.288170     0.285823     0.282879     0.279333     0.275179     0.270410     0.265018     0.258997     0.252338     0.245036     0.237085     0.228478     0.219211     0.209280     0.198682     0.187415     0.175478     0.162870     0.149591     0.135642     0.121023     0.105737     0.089784     0.073167     0.055887     0.037945     0.019343    -0.003673
    0.003756     0.019344     0.037946     0.055888     0.073169     0.089787     0.105741     0.121029     0.135649     0.149600     0.162881     0.175491     0.187430     0.198699     0.209298     0.219231     0.228500     0.237110     0.245064     0.252368     0.259029     0.265052     0.270446     0.275217     0.279372     0.282919     0.285864     0.288211     0.289967     0.291136     0.291718     0.291717     0.291132     0.289961     0.288203     0.285852     0.282905     0.279356     0.275198     0.270425     0.265028     0.259002     0.252340     0.245033     0.237078     0.228467     0.219197     0.209264     0.198664     0.187396     0.175457     0.162849     0.149570     0.135621     0.121003     0.105719     0.089768     0.073153     0.055876     0.037938     0.019339    -0.003672
    0.003755     0.019340     0.037938     0.055877     0.073155     0.089771     0.105723     0.121009     0.135628     0.149579     0.162859     0.175470     0.187410     0.198680     0.209282     0.219218     0.228490     0.237103     0.245060     0.252369     0.259034     0.265062     0.270460     0.275235     0.279395     0.282945     0.285892     0.288243     0.290001     0.291171     0.291754     0.291753     0.291167     0.289995     0.288234     0.285881     0.282931     0.279378     0.275216     0.270439     0.265038     0.259008     0.252341     0.245031     0.237071     0.228457     0.219184     0.209248     0.198646     0.187376     0.175437     0.162828     0.149549     0.135601     0.120984     0.105701     0.089752     0.073140     0.055865     0.037930     0.019336    -0.003672
    0.003754     0.019336     0.037931     0.055866     0.073142     0.089755     0.105705     0.120990     0.135608     0.149558     0.162838     0.175449     0.187390     0.198662     0.209266     0.219204     0.228480     0.237096     0.245057     0.252370     0.259039     0.265071     0.270474     0.275253     0.279416     0.282970     0.285921     0.288274     0.290034     0.291205     0.291789     0.291788     0.291201     0.290028     0.288265     0.285909     0.282956     0.279400     0.275234     0.270452     0.265048     0.259013     0.252342     0.245028     0.237065     0.228447     0.219171     0.209233     0.198629     0.187357     0.175417     0.162807     0.149528     0.135581     0.120965     0.105683     0.089737     0.073127     0.055855     0.037923     0.019332    -0.003671
    0.003753     0.019332     0.037923     0.055856     0.073129     0.089740     0.105687     0.120971     0.135588     0.149537     0.162818     0.175429     0.187371     0.198645     0.209251     0.219191     0.228470     0.237089     0.245054     0.252371     0.259044     0.265080     0.270487     0.275270     0.279437     0.282995     0.285948     0.288304     0.290066     0.291238     0.291823     0.291822     0.291235     0.290060     0.288295     0.285937     0.282981     0.279421     0.275252     0.270466     0.265057     0.259019     0.252343     0.245025     0.237058     0.228438     0.219159     0.209218     0.198612     0.187339     0.175397     0.162787     0.149508     0.135561     0.120947     0.105666     0.089722     0.073114     0.055845     0.037916     0.019328    -0.003670
    0.003752     0.019328     0.037916     0.055846     0.073116     0.089724     0.105670     0.120952     0.135568     0.149517     0.162798     0.175409     0.187353     0.198628     0.209236     0.219179     0.228460     0.237083     0.245051     0.252372     0.259049     0.265089     0.270500     0.275287     0.279458     0.283019     0.285975     0.288333     0.290097     0.291271     0.291857     0.291855     0.291267     0.290091     0.288325     0.285964     0.283005     0.279442     0.275269     0.270479     0.265066     0.259024     0.252345     0.245023     0.237052     0.228428     0.219147     0.209203     0.198595     0.187321     0.175378     0.162768     0.149489     0.135542     0.120929     0.105650     0.089707     0.073101     0.055835     0.037909     0.019324    -0.003670
    0.003752     0.019324     0.037909     0.055836     0.073103     0.089709     0.105654     0.120934     0.135549     0.149497     0.162778     0.175390     0.187334     0.198611     0.209221     0.219166     0.228450     0.237076     0.245049     0.252373     0.259054     0.265098     0.270513     0.275304     0.279478     0.283042     0.286002     0.288362     0.290128     0.291303     0.291889     0.291888     0.291299     0.290122     0.288353     0.285991     0.283028     0.279462     0.275285     0.270492     0.265075     0.259029     0.252346     0.245020     0.237046     0.228419     0.219135     0.209189     0.198579     0.187303     0.175360     0.162749     0.149470     0.135524     0.120911     0.105633     0.089692     0.073089     0.055825     0.037902     0.019321    -0.003669
    0.003751     0.019321     0.037902     0.055826     0.073091     0.089695     0.105637     0.120916     0.135530     0.149478     0.162759     0.175372     0.187317     0.198595     0.209206     0.219154     0.228441     0.237070     0.245046     0.252373     0.259058     0.265107     0.270525     0.275320     0.279498     0.283065     0.286027     0.288390     0.290158     0.291334     0.291921     0.291919     0.291330     0.290152     0.288381     0.286016     0.283051     0.279482     0.275302     0.270505     0.265084     0.259034     0.252347     0.245018     0.237041     0.228411     0.219123     0.209175     0.198563     0.187286     0.175342     0.162730     0.149451     0.135505     0.120894     0.105618     0.089678     0.073077     0.055816     0.037895     0.019317    -0.003668
    0.003750     0.019317     0.037895     0.055816     0.073078     0.089681     0.105621     0.120899     0.135512     0.149460     0.162740     0.175354     0.187300     0.198579     0.209193     0.219143     0.228432     0.237064     0.245043     0.252374     0.259063     0.265115     0.270537     0.275335     0.279517     0.283087     0.286052     0.288417     0.290187     0.291364     0.291951     0.291950     0.291360     0.290181     0.288409     0.286041     0.283074     0.279501     0.275317     0.270517     0.265093     0.259038     0.252348     0.245015     0.237035     0.228402     0.219112     0.209162     0.198548     0.187269     0.175324     0.162712     0.149433     0.135488     0.120877     0.105602     0.089664     0.073065     0.055806     0.037889     0.019314    -0.003668
    0.003749     0.019314     0.037889     0.055807     0.073066     0.089667     0.105606     0.120882     0.135495     0.149442     0.162722     0.175336     0.187283     0.198564     0.209179     0.219132     0.228423     0.237058     0.245041     0.252375     0.259067     0.265123     0.270549     0.275350     0.279535     0.283108     0.286076     0.288443     0.290215     0.291393     0.291981     0.291980     0.291390     0.290209     0.288435     0.286065     0.283095     0.279520     0.275333     0.270529     0.265101     0.259043     0.252349     0.245013     0.237030     0.228394     0.219101     0.209149     0.198533     0.187253     0.175307     0.162695     0.149416     0.135471     0.120861     0.105587     0.089651     0.073054     0.055797     0.037882     0.019310    -0.003667
    0.003749     0.019310     0.037882     0.055797     0.073055     0.089653     0.105591     0.120866     0.135478     0.149425     0.162705     0.175320     0.187267     0.198549     0.209166     0.219121     0.228415     0.237053     0.245038     0.252376     0.259072     0.265131     0.270560     0.275365     0.279553     0.283129     0.286099     0.288469     0.290242     0.291422     0.292010     0.292009     0.291418     0.290236     0.288461     0.286089     0.283116     0.279537     0.275348     0.270540     0.265109     0.259048     0.252350     0.245011     0.237025     0.228386     0.219091     0.209136     0.198519     0.187238     0.175291     0.162678     0.149399     0.135455     0.120845     0.105572     0.089638     0.073042     0.055788     0.037876     0.019307    -0.003666
    0.003748     0.019306     0.037875     0.055788     0.073043     0.089640     0.105576     0.120851     0.135462     0.149408     0.162689     0.175304     0.187252     0.198535     0.209154     0.219111     0.228407     0.237048     0.245036     0.252377     0.259076     0.265138     0.270571     0.275379     0.279570     0.283149     0.286122     0.288493     0.290268     0.291449     0.292038     0.292037     0.291445     0.290262     0.288485     0.286111     0.283136     0.279555     0.275362     0.270551     0.265117     0.259052     0.252352     0.245009     0.237020     0.228378     0.219081     0.209125     0.198506     0.187223     0.175276     0.162662     0.149383     0.135439     0.120830     0.105558     0.089625     0.073031     0.055779     0.037869     0.019303    -0.003665
    0.003747     0.019302     0.037868     0.055778     0.073032     0.089627     0.105562     0.120836     0.135446     0.149392     0.162673     0.175288     0.187238     0.198522     0.209143     0.219101     0.228400     0.237043     0.245034     0.252378     0.259080     0.265146     0.270581     0.275393     0.279587     0.283168     0.286144     0.288517     0.290293     0.291475     0.292065     0.292063     0.291471     0.290287     0.288509     0.286133     0.283155     0.279572     0.275376     0.270562     0.265124     0.259057     0.252353     0.245008     0.237015     0.228371     0.219072     0.209113     0.198493     0.187209     0.175261     0.162647     0.149368     0.135424     0.120816     0.105545     0.089612     0.073020     0.055769     0.037862     0.019299    -0.003665
    0.003746     0.019297     0.037860     0.055769     0.073021     0.089615     0.105549     0.120822     0.135432     0.149378     0.162659     0.175274     0.187224     0.198510     0.209132     0.219092     0.228393     0.237038     0.245032     0.252379     0.259084     0.265153     0.270591     0.275406     0.279602     0.283187     0.286164     0.288540     0.290317     0.291500     0.292090     0.292089     0.291496     0.290311     0.288531     0.286154     0.283174     0.279587     0.275389     0.270572     0.265132     0.259061     0.252354     0.245006     0.237011     0.228365     0.219063     0.209103     0.198481     0.187196     0.175247     0.162633     0.149354     0.135410     0.120802     0.105532     0.089601     0.073009     0.055760     0.037854     0.019294    -0.003664
    0.003743     0.019291     0.037852     0.055759     0.073010     0.089603     0.105537     0.120809     0.135418     0.149364     0.162645     0.175261     0.187212     0.198498     0.209122     0.219083     0.228387     0.237034     0.245031     0.252380     0.259088     0.265160     0.270601     0.275418     0.279618     0.283204     0.286184     0.288561     0.290340     0.291524     0.292114     0.292113     0.291520     0.290334     0.288553     0.286173     0.283192     0.279603     0.275401     0.270582     0.265139     0.259065     0.252356     0.245005     0.237007     0.228359     0.219055     0.209093     0.198470     0.187184     0.175234     0.162620     0.149340     0.135397     0.120790     0.105520     0.089589     0.072999     0.055751     0.037846     0.019288    -0.003662
    0.003739     0.019283     0.037844     0.055750     0.073000     0.089592     0.105525     0.120796     0.135406     0.149351     0.162632     0.175249     0.187200     0.198488     0.209112     0.219076     0.228381     0.237031     0.245029     0.252381     0.259092     0.265166     0.270610     0.275430     0.279632     0.283221     0.286202     0.288581     0.290361     0.291546     0.292137     0.292136     0.291542     0.290356     0.288573     0.286192     0.283208     0.279617     0.275413     0.270591     0.265145     0.259069     0.252357     0.245004     0.237004     0.228353     0.219048     0.209084     0.198460     0.187173     0.175223     0.162608     0.149328     0.135385     0.120778     0.105509     0.089579     0.072989     0.055742     0.037838     0.019279    -0.003659
    0.003731     0.019275     0.037836     0.055741     0.072990     0.089582     0.105514     0.120785     0.135394     0.149340     0.162621     0.175238     0.187190     0.198478     0.209104     0.219069     0.228376     0.237028     0.245028     0.252383     0.259095     0.265172     0.270619     0.275441     0.279645     0.283236     0.286220     0.288600     0.290381     0.291567     0.292158     0.292157     0.291563     0.290376     0.288592     0.286209     0.283224     0.279631     0.275425     0.270600     0.265152     0.259073     0.252359     0.245003     0.237001     0.228349     0.219042     0.209077     0.198451     0.187164     0.175212     0.162597     0.149317     0.135374     0.120767     0.105498     0.089569     0.072980     0.055733     0.037832     0.019266    -0.003655
    0.003669     0.019244     0.037836     0.055741     0.072990     0.089582     0.105514     0.120785     0.135394     0.149340     0.162621     0.175238     0.187190     0.198478     0.209104     0.219069     0.228376     0.237028     0.245028     0.252383     0.259095     0.265172     0.270619     0.275441     0.279645     0.283236     0.286220     0.288600     0.290381     0.291567     0.292158     0.292157     0.291563     0.290376     0.288592     0.286209     0.283224     0.279631     0.275425     0.270600     0.265152     0.259073     0.252359     0.245003     0.237001     0.228349     0.219042     0.209077     0.198451     0.187164     0.175212     0.162597     0.149317     0.135374     0.120767     0.105498     0.089569     0.072980     0.055733     0.037842     0.019193    -0.003624
