    0.009755     0.028783     0.047165     0.064902     0.081994     0.098441     0.114243     0.129401     0.143913     0.157780     0.171002     0.183580     0.195512     0.206799     0.217442     0.227439     0.236791     0.245499     0.253561     0.260978     0.267751     0.273878     0.279360     0.284198     0.288390     0.291938     0.294840     0.297098     0.298710     0.299678     0.300000     0.299678     0.298710     0.297098     0.294840     0.291938     0.288390     0.284198     0.279360     0.273878     0.267751     0.260978     0.253561     0.245499     0.236791     0.227439     0.217442     0.206799     0.195512     0.183580     0.171002     0.157780     0.143913     0.129401     0.114243     0.098441     0.081994     0.064902     0.047165     0.028783     0.009755    -0.009755
    0.009768     0.028824     0.047256     0.065028     0.082140     0.098595     0.114397     0.129551     0.144057     0.157917     0.171131     0.183698     0.195619     0.206893     0.217521     0.227502     0.236836     0.245523     0.253564     0.260959     0.267708     0.273811     0.279269     0.284083     0.288253     0.291779     0.294663     0.296905     0.298505     0.299464     0.299782     0.299459     0.298495     0.296891     0.294645     0.291757     0.288227     0.284054     0.279239     0.273779     0.267675     0.260926     0.253532     0.245492     0.236805     0.227473     0.217494     0.206868     0.195596     0.183677     0.171112     0.157900     0.144042     0.129537     0.114385     0.098583     0.082130     0.065021     0.047250     0.028822     0.009769    -0.009769
    0.009829     0.028997     0.047535     0.065390     0.082554     0.099035     0.114846     0.129994     0.144487     0.158326     0.171515     0.184053     0.195940     0.207175     0.217759     0.227690     0.236970     0.245598     0.253575     0.260902     0.267580     0.273611     0.278997     0.283740     0.287842     0.291306     0.294134     0.296329     0.297893     0.298826     0.299130     0.298806     0.297853     0.296272     0.294060     0.291216     0.287739     0.283626     0.278875     0.273483     0.267449     0.260771     0.253445     0.245472     0.236849     0.227575     0.217651     0.207075     0.195848     0.183969     0.171439     0.158258     0.144425     0.129939     0.114796     0.098992     0.082516     0.065359     0.047513     0.028986     0.009827    -0.009827
    0.009947     0.029312     0.048010     0.065985     0.083229     0.099755     0.115582     0.130725     0.145198     0.159007     0.172156     0.184646     0.196476     0.207647     0.218158     0.228008     0.237197     0.245726     0.253596     0.260810     0.267369     0.273279     0.278543     0.283167     0.287155     0.290514     0.293249     0.295366     0.296867     0.297757     0.298039     0.297713     0.296779     0.295236     0.293081     0.290311     0.286923     0.282910     0.278268     0.272991     0.267075     0.260514     0.253304     0.245441     0.236924     0.227749     0.217915     0.207422     0.196270     0.184457     0.171986     0.158854     0.145061     0.130602     0.115472     0.099659     0.083147     0.065918     0.047961     0.029283     0.009940    -0.009940
    0.010125     0.029771     0.048685     0.066818     0.084167     0.100753     0.116604     0.131745     0.146193     0.159962     0.173057     0.185481     0.197234     0.208316     0.218725     0.228460     0.237522     0.245912     0.253632     0.260685     0.267077     0.272815     0.277907     0.282361     0.286188     0.289398     0.292000     0.294004     0.295418     0.296247     0.296496     0.296167     0.295260     0.293772     0.291700     0.289036     0.285773     0.281903     0.277416     0.272302     0.266552     0.260157     0.253111     0.245405     0.237036     0.228000     0.218294     0.207917     0.196868     0.185147     0.172755     0.159691     0.145950     0.131528     0.116412     0.100584     0.084022     0.066700     0.048597     0.029717     0.010108    -0.010108
    0.010360     0.030372     0.049562     0.067891     0.085370     0.102032     0.117915     0.133054     0.147475     0.161195     0.174224     0.186566     0.198221     0.209189     0.219468     0.229057     0.237956     0.246166     0.253690     0.260535     0.266709     0.272222     0.277087     0.281319     0.284933     0.287946     0.290374     0.292230     0.293527     0.294276     0.294483     0.294150     0.293279     0.291865     0.289900     0.287376     0.284280     0.280598     0.276315     0.271415     0.265883     0.259706     0.252872     0.245371     0.237194     0.228337     0.218795     0.208566     0.197650     0.186047     0.173755     0.160774     0.147099     0.132719     0.117619     0.101773     0.085148     0.067709     0.049424     0.030286     0.010330    -0.010330
    0.010651     0.031115     0.050641     0.069207     0.086842     0.103595     0.119519     0.134659     0.149049     0.162713     0.175665     0.187910     0.199448     0.210280     0.220402     0.229812     0.238510     0.246499     0.253782     0.260368     0.266270     0.271501     0.276082     0.280034     0.283380     0.286144     0.288350     0.290020     0.291171     0.291818     0.291971     0.291635     0.290809     0.289489     0.287662     0.285315     0.282430     0.278986     0.274959     0.270328     0.265070     0.259165     0.252596     0.245348     0.237409     0.228772     0.219431     0.209383     0.198628     0.187166     0.174995     0.162113     0.148514     0.134183     0.119099     0.103229     0.086529     0.068949     0.050444     0.030989     0.010606    -0.010606
    0.010997     0.031998     0.051922     0.070768     0.088588     0.105449     0.121422     0.136565     0.150923     0.164526     0.177391     0.189525     0.200929     0.211603     0.221541     0.230741     0.239203     0.246927     0.253922     0.260196     0.265767     0.270656     0.274890     0.278498     0.281514     0.283973     0.285906     0.287345     0.288315     0.288838     0.288926     0.288586     0.287817     0.286613     0.284957     0.282829     0.280205     0.277053     0.273342     0.269040     0.264117     0.258543     0.252294     0.245351     0.237697     0.229322     0.220218     0.210384     0.199817     0.188518     0.176486     0.163717     0.150204     0.135929     0.120862     0.104961     0.088170     0.070424     0.051658     0.031828     0.010935    -0.010935
    0.011397     0.033021     0.053406     0.072577     0.090610     0.107598     0.123630     0.138781     0.153107     0.166644     0.179414     0.191426     0.202682     0.213177     0.222907     0.231867     0.240055     0.247473     0.254129     0.260035     0.265214     0.269694     0.273510     0.276703     0.279320     0.281406     0.283008     0.284168     0.284919     0.285291     0.285300     0.284957     0.284259     0.283197     0.281749     0.279889     0.277581     0.274784     0.271456     0.267551     0.263028     0.257849     0.251981     0.245397     0.238076     0.230006     0.221177     0.211587     0.201234     0.190120     0.178244     0.165602     0.152183     0.137966     0.122915     0.106976     0.090079     0.072139     0.053070     0.032802     0.011316    -0.011316
    0.011852     0.034183     0.055093     0.074634     0.092911     0.110046     0.126150     0.141315     0.155610     0.169080     0.181751     0.193632     0.204726     0.215026     0.224526     0.233217     0.241096     0.248164     0.254429     0.259907     0.264626     0.268621     0.271941     0.274639     0.276776     0.278416     0.279619     0.280442     0.280931     0.281122     0.281039     0.280692     0.280081     0.279190     0.277995     0.276458     0.274532     0.272163     0.269292     0.265861     0.261814     0.257100     0.251676     0.245509     0.238573     0.230851     0.222333     0.213017     0.202903     0.191992     0.180286     0.167780     0.154463     0.140307     0.125268     0.109282     0.092261     0.074099     0.054682     0.033914     0.011751    -0.011751
    0.012360     0.035485     0.056984     0.076941     0.095496     0.112798     0.128987     0.144175     0.158444     0.171848     0.184417     0.196163     0.207086     0.217178     0.226427     0.234824     0.242359     0.249034     0.254854     0.259840     0.264025     0.267453     0.270186     0.272294     0.273859     0.274963     0.275689     0.276109     0.276285     0.276262     0.276070     0.275722     0.275215     0.274533     0.273641     0.272492     0.271024     0.269167     0.266842     0.263972     0.260485     0.256314     0.251406     0.245717     0.239218     0.231887     0.223717     0.214703     0.204849     0.194158     0.182633     0.170272     0.157058     0.142963     0.127932     0.111888     0.094724     0.076307     0.056498     0.035166     0.012240    -0.012240
    0.012923     0.036926     0.059079     0.079500     0.098365     0.115858     0.132149     0.147370     0.161620     0.174963     0.187432     0.199042     0.209790     0.219664     0.228649     0.236728     0.243888     0.250126     0.255448     0.259874     0.263442     0.266209     0.268251     0.269659     0.270540     0.271004     0.271158     0.271099     0.270903     0.270629     0.270310     0.269962     0.269582     0.269148     0.268620     0.267937     0.267019     0.265773     0.264098     0.261892     0.259061     0.255522     0.251206     0.246061     0.240051     0.233155     0.225364     0.216678     0.207102     0.196644     0.185309     0.173095     0.159986     0.145948     0.130917     0.114802     0.097472     0.078770     0.058521     0.036561     0.012785    -0.012785
    0.013540     0.038507     0.061378     0.082310     0.101519     0.119229     0.135639     0.150907     0.165150     0.178439     0.190816     0.202294     0.212869     0.222523     0.231233     0.238978     0.245736     0.251498     0.256265     0.260058     0.262920     0.264919     0.266147     0.266725     0.266788     0.266484     0.265953     0.265322     0.264689     0.264121     0.263656     0.263311     0.263083     0.262946     0.262853     0.262728     0.262469     0.261955     0.261053     0.259632     0.257570     0.254760     0.251120     0.246588     0.241123     0.234703     0.227321     0.218983     0.209698     0.199479     0.188336     0.176269     0.163262     0.149274     0.134233     0.118030     0.100513     0.081492     0.060755     0.038100     0.013387    -0.013387
    0.014212     0.040226     0.063879     0.085370     0.104958     0.122911     0.139460     0.154793     0.169042     0.182293     0.194590     0.205947     0.216356     0.225794     0.234230     0.241631     0.247966     0.253217     0.257376     0.260462     0.262519     0.263626     0.263898     0.263484     0.262565     0.261334     0.259981     0.258669     0.257523     0.256617     0.255989     0.255651     0.255600     0.255813     0.256238     0.256783     0.257318     0.257685     0.257708     0.257215     0.256051     0.254083     0.251210     0.247362     0.242494     0.236587     0.229640     0.221663     0.212676     0.202697     0.191744     0.179817     0.166903     0.152954     0.137889     0.121581     0.103851     0.084475     0.063203     0.039786     0.014046    -0.014046
    0.014936     0.042080     0.066579     0.088675     0.108680     0.126902     0.143615     0.159032     0.173307     0.186537     0.198772     0.210027     0.220289     0.229526     0.237696     0.244754     0.250657     0.255368     0.258872     0.261175     0.262321     0.262396     0.261539     0.259938     0.257828     0.255469     0.253120     0.251000     0.249260     0.247976     0.247169     0.246842     0.246993     0.247612     0.248650     0.250002     0.251500     0.252932     0.254066     0.254676     0.254562     0.253561     0.251554     0.248462     0.244241     0.238878     0.232381     0.224771     0.216079     0.206334     0.195559     0.183760     0.170924     0.156999     0.141893     0.125458     0.107488     0.087722     0.065864     0.041620     0.014764    -0.014764
    0.015712     0.044066     0.069471     0.092220     0.112677     0.131200     0.148101     0.163626     0.177950     0.191184     0.203384     0.214564     0.224704     0.233766     0.241694     0.248426     0.253899     0.258058     0.260867     0.262317     0.262439     0.261325     0.259132     0.256097     0.252527     0.248778     0.245211     0.242128     0.239717     0.238031     0.237044     0.236727     0.237093     0.238167     0.239928     0.242256     0.244932     0.247667     0.250147     0.252073     0.253188     0.253295     0.252256     0.249988     0.246456     0.241657     0.235615     0.228366     0.219956     0.210427     0.199809     0.188119     0.175340     0.161419     0.146250     0.129663     0.111424     0.091231     0.068738     0.043599     0.015539    -0.015539
    0.016536     0.046176     0.072547     0.095995     0.116941     0.135795     0.152912     0.168572     0.182974     0.196243     0.208441     0.219581     0.229641     0.238568     0.246292     0.252732     0.257800     0.261415     0.263509     0.264045     0.263033     0.260553     0.256779     0.251996     0.246609     0.241112     0.236028     0.231799     0.228661     0.226603     0.225463     0.225145     0.225699     0.227251     0.229852     0.233372     0.237512     0.241864     0.245992     0.249495     0.252049     0.253417     0.253449     0.252068     0.249252     0.245022     0.239422     0.232513     0.224357     0.215012     0.204524     0.192912     0.180164     0.166220     0.150961     0.134197     0.115658     0.094999     0.071822     0.045722     0.016371    -0.016371
    0.017406     0.048403     0.075794     0.099987     0.121458     0.140675     0.158038     0.173864     0.188377     0.201717     0.213954     0.225103     0.235133     0.243981     0.251561     0.257767     0.262483     0.265590     0.266980     0.266568     0.264323     0.260291     0.254644     0.247714     0.240022     0.232267     0.225239     0.219633     0.215786     0.213517     0.212319     0.211950     0.212566     0.214546     0.218108     0.223112     0.229114     0.235510     0.241679     0.247085     0.251320     0.254112     0.255310     0.254857     0.252763     0.249081     0.243890     0.237277     0.229331     0.220128     0.209726     0.198155     0.185402     0.171403     0.156025     0.139053     0.120180     0.099016     0.075106     0.047983     0.017257    -0.017257
    0.018316     0.050734     0.079198     0.104177     0.126211     0.145823     0.163465     0.179490     0.194151     0.207604     0.219929     0.231142     0.241208     0.250053     0.257571     0.263630     0.268081     0.270761     0.271502     0.270154     0.266611     0.260850     0.253001     0.243413     0.232739     0.221962     0.212322     0.205020     0.200655     0.198677     0.197659     0.197078     0.197378     0.199567     0.204218     0.211133     0.219581     0.228622     0.237356     0.245065     0.251251     0.255625     0.258061     0.258546     0.257144     0.253959     0.249112     0.242730     0.234928     0.225806     0.215436     0.203857     0.191057     0.176966     0.161435     0.144221     0.124980     0.103272     0.078581     0.050373     0.018193    -0.018193
    0.019259     0.053154     0.082738     0.108543     0.131175     0.151217     0.169170     0.185430     0.200278     0.213892     0.226362     0.237706     0.247887     0.256820     0.264383     0.270417     0.274736     0.277122     0.277338     0.275140     0.270306     0.262685     0.252289     0.239413     0.224807     0.209822     0.196429     0.186890     0.182580     0.182308     0.181968     0.180680     0.179644     0.181463     0.187389     0.196921     0.208726     0.221284     0.233282     0.243777     0.252200     0.258287     0.261983     0.263362     0.262571     0.259784     0.255182     0.248934     0.241189     0.232071     0.221666     0.210021     0.197125     0.182899     0.167176     0.149684     0.130040     0.107748     0.082229     0.052880     0.019176    -0.019176
    0.020229     0.055645     0.086390     0.113058     0.136322     0.156826     0.175125     0.191657     0.206735     0.220560     0.233234     0.244784     0.255170     0.264302     0.272042     0.278210     0.282580     0.284878     0.284783     0.281932     0.275937     0.266435     0.253190     0.236287     0.216441     0.195384     0.176171     0.163242     0.160310     0.165851     0.167019     0.163330     0.158279     0.158524     0.166224     0.179675     0.196325     0.213694     0.229888     0.243731     0.254658     0.262520     0.267415     0.269563     0.269231     0.266689     0.262187     0.255945     0.248146     0.238935     0.228416     0.216638     0.203591     0.189182     0.173227     0.155421     0.135337     0.112422     0.086031     0.055488     0.020197    -0.020197
    0.021216     0.058186     0.090125     0.117689     0.141617     0.162615     0.181294     0.198134     0.213486     0.227573     0.240516     0.252350     0.263040     0.272495     0.280568     0.287062     0.291718     0.294210     0.294130     0.290970     0.284122     0.272894     0.256607     0.234845     0.208000     0.178072     0.149341     0.130313     0.130949     0.155423     0.159278     0.145272     0.129831     0.126965     0.138262     0.158142     0.182091     0.206196     0.227819     0.245637     0.259264     0.268840     0.274743     0.277420     0.277307     0.274789     0.270195     0.263796     0.255808     0.246396     0.235672     0.223689     0.210429     0.195789     0.179558     0.161400     0.140838     0.117263     0.089960     0.058178     0.021248    -0.021248
    0.022209     0.060754     0.093910     0.122398     0.147020     0.168543     0.187632     0.204818     0.220483     0.234883     0.248158     0.260355     0.271452     0.281361     0.289937     0.296974     0.302198     0.305237     0.305598     0.302613     0.295384     0.282731     0.263222     0.235475     0.199127     0.156641     0.112802     0.081796     0.084212     0.087523     0.113954     0.111662     0.082345     0.079452     0.100123     0.130580     0.165577     0.199198     0.227865     0.250334     0.266737     0.277793     0.284348     0.287182     0.286947     0.284164     0.279240     0.272492     0.264162     0.254428     0.243403     0.231137     0.217604     0.202681     0.186132     0.167583     0.146508     0.122237     0.093985     0.060927     0.022320    -0.022320
    0.023197     0.063321     0.097710     0.127144     0.152485     0.174560     0.194091     0.211653     0.227671     0.242430     0.256093     0.268729     0.280329     0.290820     0.300068     0.307875     0.313959     0.317921     0.319175     0.316852     0.309636     0.295584     0.272008     0.235795     0.185226     0.126067     0.064455     0.300000     0.300000     0.300000     0.300000     0.300000     0.300000     0.010508     0.050974     0.094969     0.145843     0.192759     0.230563     0.258461     0.277635     0.289788     0.296494     0.298997     0.298218     0.294825     0.289299     0.281993     0.273159     0.262976     0.251553     0.238930     0.225063     0.209809     0.192901     0.173924     0.152302     0.127302     0.098070     0.063708     0.023400    -0.023400
    0.024169     0.065858     0.101485     0.131881     0.157962     0.180614     0.200611     0.218578     0.234981     0.250136     0.264236     0.277373     0.289559     0.300742     0.310809     0.319579     0.326770     0.331939     0.334357     0.332802     0.325237     0.308436     0.277726     0.227168     0.151341     0.300000     0.300000     0.300000     0.300000     0.300000     0.300000     0.300000     0.300000     0.300000    -0.003584     0.046799     0.120416     0.185617     0.235252     0.269695     0.291805     0.304743     0.311111     0.312784     0.311027     0.306673     0.300274     0.292202     0.282707     0.271958     0.260047     0.246997     0.232742     0.217112     0.199808     0.180370     0.158170     0.132412     0.102175     0.066490     0.024476    -0.024476
    0.025110     0.068336     0.105194     0.136559     0.163397     0.186646     0.207131     0.225525     0.242336     0.257915     0.272485     0.286166     0.298994     0.310942     0.321921     0.331758     0.340145     0.346520     0.349830     0.348142     0.338074     0.314242     0.269144     0.193170     0.300000     0.300000     0.300000     0.300000     0.300000     0.300000     0.300000     0.300000     0.300000     0.300000     0.300000    -0.028585     0.085497     0.174223     0.238760     0.281626     0.307590     0.321570     0.327489     0.328065     0.325034     0.319453     0.311962     0.302953     0.292669     0.281256     0.268784     0.255250     0.240563     0.224522     0.206789     0.186861     0.164056     0.137517     0.106256     0.069242     0.025534    -0.025534
    0.026009     0.070723     0.108794     0.141129     0.168735     0.192595     0.213584     0.232419     0.249651     0.265668     0.280724     0.294964     0.308452     0.321181     0.333068     0.343915     0.353309     0.360400     0.363514     0.359509     0.342934     0.305302     0.235730     0.300000     0.300000     0.300000     0.300000     0.300000     0.300000     0.300000     0.300000     0.300000     0.300000     0.300000     0.300000     0.300000     0.042271     0.151518     0.234451     0.289073     0.321284     0.337780     0.344018     0.343810     0.339566     0.332708     0.324040     0.314008     0.302859     0.290722     0.277642     0.263587     0.248438     0.231959     0.213774     0.193333     0.169900     0.142560     0.110266     0.071929     0.026559    -0.026559
    0.026853     0.072990     0.112243     0.145541     0.173919     0.198400     0.219901     0.239185     0.256841     0.273294     0.288827     0.303612     0.317728     0.331173     0.343839     0.355432     0.365308     0.372142     0.373390     0.364513     0.338034     0.282381     0.179665     0.300000     0.300000     0.300000     0.300000     0.300000     0.300000     0.300000     0.300000     0.300000     0.300000     0.300000     0.300000     0.300000     0.300000     0.103408     0.215576     0.286430     0.328267     0.349942     0.358342     0.358472     0.353625     0.345786     0.336066     0.325054     0.313049     0.300181     0.286481     0.271894     0.256269     0.239339     0.220687     0.199717     0.175640     0.147487     0.114158     0.074517     0.027537    -0.027537
    0.027630     0.075107     0.115499     0.149744     0.178893     0.203999     0.226016     0.245746     0.263818     0.280688     0.296667     0.311944     0.326602     0.340614     0.353790     0.365653     0.375182     0.380390     0.377713     0.361306     0.322428     0.248454     0.115353     0.300000     0.300000     0.300000     0.300000     0.300000     0.300000     0.300000     0.300000     0.300000     0.300000     0.300000     0.300000     0.300000     0.300000     0.071182     0.191297     0.273508     0.325894     0.355215     0.368143     0.370369     0.366059     0.357915     0.347521     0.335734     0.322980     0.309440     0.295153     0.280049     0.263957     0.246577     0.227452     0.205944     0.181213     0.152241     0.117884     0.076972     0.028453    -0.028453
    0.028329     0.077049     0.118525     0.153691     0.183604     0.209333     0.231863     0.252030     0.270497     0.287750     0.304121     0.319803     0.334864     0.349212     0.362515     0.374012     0.382185     0.384279     0.375748     0.349948     0.298822     0.216638     0.300000     0.300000     0.300000     0.300000     0.300000     0.300000     0.300000     0.300000     0.300000     0.300000     0.300000     0.300000     0.300000     0.300000     0.300000     0.040758     0.158736     0.249726     0.313238     0.352183     0.371905     0.378178     0.375844     0.368354     0.357884     0.345680     0.332389     0.318303     0.303505     0.287933     0.271402     0.253585     0.233994     0.211945     0.186557     0.156767     0.121398     0.079262     0.029294    -0.029294
    0.028942     0.078790     0.121286     0.157340     0.188002     0.214347     0.237381     0.257969     0.276802     0.294390     0.311077     0.327050     0.342331     0.356731     0.369720     0.380193     0.386116     0.384098     0.369120     0.334930     0.275917     0.190882     0.300000     0.300000     0.300000     0.300000     0.300000     0.300000     0.300000     0.300000     0.300000     0.300000     0.300000     0.300000     0.300000     0.300000     0.300000     0.021134     0.127705     0.221488     0.293587     0.342012     0.369622     0.381400     0.382373     0.376558     0.366723     0.354567     0.341034     0.326589     0.311397     0.295431     0.278507     0.260283     0.240239     0.217655     0.191611     0.161012     0.124658     0.081355     0.030049    -0.030049
    0.029461     0.080312     0.123750     0.160652     0.192042     0.218991     0.242517     0.263504     0.282667     0.300532     0.317445     0.333572     0.348871     0.363021     0.375264     0.384153     0.387222     0.380712     0.359675     0.318973     0.255718     0.173347     0.300000     0.300000     0.300000     0.300000     0.300000     0.300000     0.300000     0.300000     0.300000     0.300000     0.300000     0.300000     0.300000     0.300000     0.300000     0.017544     0.106335     0.195971     0.271892     0.327533     0.362587     0.380406     0.385565     0.382283     0.373770     0.362158     0.348723     0.334142     0.318705     0.302443     0.285190     0.266597     0.246121     0.223014     0.196323     0.164929     0.127626     0.083228     0.030707    -0.030707
    0.029880     0.081599     0.125894     0.163594     0.195687     0.223225     0.247225     0.268586     0.288036     0.306114     0.323156     0.339294     0.354404     0.368020     0.379157     0.386074     0.386023     0.375197     0.349187     0.304373     0.240207     0.160882     0.070192     0.300000     0.300000     0.300000     0.300000     0.300000     0.300000     0.300000     0.300000     0.300000     0.300000     0.300000     0.300000     0.300000     0.300000     0.022452     0.095077     0.176543     0.251857     0.311625     0.352610     0.376132     0.385783     0.385582     0.378940     0.368327     0.355329     0.340853     0.325335     0.308888     0.291379     0.272463     0.251584     0.227969     0.200644     0.168477     0.130267     0.084858     0.031261    -0.031261
    0.030198     0.082640     0.127699     0.166142     0.198905     0.227012     0.251468     0.273175     0.292870     0.311093     0.328167     0.344175     0.358908     0.371751     0.381519     0.386255     0.383096     0.368421     0.338575     0.291346     0.227831     0.153265     0.074942     0.300000     0.300000     0.300000     0.300000     0.300000     0.300000     0.300000     0.300000     0.300000     0.300000     0.300000     0.300000     0.300000     0.300000     0.027643     0.089126     0.162570     0.234957     0.296257     0.341345     0.369682     0.383645     0.386731     0.382315     0.373058     0.360797     0.346654     0.331222     0.314705     0.297018     0.277830     0.256578     0.232475     0.204533     0.171622     0.132558     0.086229     0.031705    -0.031705
    0.030412     0.083430     0.129152     0.168276     0.201674     0.230326     0.255217     0.277243     0.297141     0.315445     0.332458     0.348213     0.362408     0.374298     0.382539     0.385044     0.378973     0.361038     0.328365     0.279885     0.217778     0.148090     0.081000     0.300000     0.300000     0.300000     0.300000     0.300000     0.300000     0.300000     0.300000     0.300000     0.300000     0.300000     0.300000     0.300000    -0.000422     0.031836     0.086167     0.152907     0.221488     0.282522     0.330028     0.362070     0.379836     0.386132     0.384093     0.376428     0.365137     0.351527     0.336332     0.319855     0.302067     0.282658     0.261066     0.236496     0.207959     0.174335     0.134477     0.087331     0.032037    -0.032037
    0.030525     0.083967     0.130248     0.169985     0.203977     0.233150     0.258454     0.280772     0.300833     0.319161     0.336033     0.351430     0.364967     0.375789     0.382440     0.382792     0.374126     0.353575     0.319021     0.270355     0.210609     0.146292     0.086841     0.042380     0.300000     0.300000     0.300000     0.300000     0.300000     0.300000     0.300000     0.300000     0.300000     0.300000     0.300000    -0.000556     0.006382     0.036721     0.085821     0.146835     0.211318     0.270916     0.319462     0.354098     0.374993     0.384216     0.384535     0.378574     0.368414     0.355489     0.340660     0.324324     0.306505     0.286922     0.265020     0.240007     0.210898     0.176600     0.136013     0.088157     0.032255    -0.032255
    0.030538     0.084254     0.130987     0.171266     0.205808     0.235472     0.261169     0.283755     0.303945     0.322248     0.338913     0.353873     0.366671     0.376369     0.381452     0.379816     0.368943     0.346412     0.310789     0.262707     0.205644     0.145815     0.090870     0.047205     0.016414     0.300000     0.300000     0.300000     0.300000     0.300000     0.300000     0.300000     0.300000     0.300000    -0.001160    -0.000657     0.012302     0.042136     0.087431     0.143619     0.204065     0.261541     0.310088     0.346331     0.369642     0.381393     0.383918     0.379670     0.370722     0.358589     0.344227     0.328112     0.310324     0.290608     0.268424     0.242989     0.213336     0.178405     0.137162     0.088708     0.032363    -0.032363
    0.030457     0.084299     0.131374     0.172120     0.207164     0.237291     0.263359     0.286192     0.306484     0.324724     0.341134     0.355603     0.367620     0.376192     0.379790     0.376388     0.363713     0.339784     0.303742     0.256733     0.202362     0.146252     0.094607     0.052255     0.021475     0.004080    -0.004611     0.300000     0.300000     0.300000     0.300000     0.300000     0.300000    -0.002018    -0.003690     0.001935     0.018284     0.047908     0.090372     0.142551     0.199232     0.254254     0.302081     0.339122     0.364175     0.378005     0.382507     0.379896     0.372179     0.360897     0.347070     0.331238     0.313527     0.293712     0.271271     0.245435     0.215265     0.179748     0.137924     0.088989     0.032363    -0.032363
    0.030287     0.084112     0.131421     0.172557     0.208051     0.238610     0.265029     0.288091     0.308465     0.326615     0.342738     0.356689     0.367917     0.375403     0.377641     0.372725     0.358641     0.333813     0.297846     0.252208     0.200433     0.147526     0.098660     0.057795     0.027071     0.007240    -0.003267    -0.004613    -0.002823    -0.002956    -0.002186    -0.001474    -0.003232    -0.004738    -0.002718     0.006177     0.024502     0.053898     0.094170     0.143029     0.196314     0.248793     0.295440     0.332654     0.358859     0.374326     0.380529     0.379425     0.372904     0.362490     0.349237     0.333728     0.316129     0.296241     0.273562     0.247345     0.216687     0.180634     0.138308     0.089009     0.032261    -0.032261
    0.030036     0.083708     0.131142     0.172589     0.208482     0.239440     0.266190     0.289468     0.309909     0.327955     0.343776     0.357202     0.367660     0.374131     0.375160     0.368986     0.353853     0.328541     0.293010     0.248907     0.199597     0.149521     0.103096     0.063694     0.033214     0.012208    -0.000077    -0.004838    -0.005642    -0.005695    -0.005480    -0.005490    -0.006036    -0.005192    -0.000310     0.011018     0.030706     0.059902     0.098453     0.144569     0.194854     0.244851     0.290055     0.326989     0.353858     0.370552     0.378174     0.378413     0.373013     0.363451     0.350783     0.335619     0.318152     0.298208     0.275305     0.248726     0.217611     0.181074     0.138328     0.088781     0.032064    -0.032064
    0.029711     0.083102     0.130558     0.172236     0.208473     0.239796     0.266858     0.290340     0.310842     0.328777     0.344296     0.357211     0.366942     0.372489     0.372472     0.365284     0.349417     0.323953     0.289111     0.246617     0.199617     0.152060     0.107773     0.069672     0.039428     0.017514     0.003380    -0.004259    -0.007700    -0.009103    -0.009499    -0.009286    -0.008229    -0.004953     0.002457     0.015830     0.036640     0.065730     0.102941     0.146800     0.194471     0.242132     0.285771     0.322111     0.349257     0.366820     0.375587     0.376989     0.372614     0.363860     0.351766     0.336950     0.319623     0.299631     0.276515     0.249591     0.218051     0.181084     0.138002     0.088322     0.031781    -0.031781
    0.029319     0.082312     0.129689     0.171521     0.208046     0.239698     0.267053     0.290732     0.311292     0.329121     0.344350     0.356782     0.365842     0.370568     0.369667     0.361691     0.345358     0.319998     0.286013     0.245136     0.200278     0.154956     0.112516     0.075507     0.045401     0.022633     0.006776    -0.003232    -0.008948    -0.011846    -0.012826    -0.012203    -0.009689    -0.004320     0.005252     0.020383     0.042186     0.071272     0.107448     0.149449     0.194858     0.240368     0.282416     0.317959     0.345087     0.363217     0.372875     0.375261     0.371797     0.363791     0.352242     0.337763     0.320573     0.300534     0.277211     0.249959     0.218027     0.180687     0.137352     0.087649     0.031420    -0.031420
    0.028870     0.081358     0.128561     0.170468     0.207225     0.239170     0.266798     0.290668     0.311290     0.329024     0.343984     0.355972     0.364428     0.368441     0.366813     0.358251     0.341671     0.316607     0.283583     0.244288     0.201399     0.158051     0.117196     0.081081     0.051027     0.027467     0.010115    -0.001811    -0.009370    -0.013560    -0.015044    -0.014052    -0.010357    -0.003298     0.008052     0.024666     0.047344     0.076492     0.111865     0.152330     0.195783     0.239339     0.279827     0.314450     0.341340     0.359789     0.370116     0.373313     0.370641     0.363309     0.352263     0.338098     0.321033     0.300943     0.277417     0.249853     0.217564     0.179909     0.136402     0.086784     0.030990    -0.030990
    0.028373     0.080258     0.127198     0.169107     0.206038     0.238239     0.266121     0.290175     0.310865     0.328521     0.343242     0.354832     0.362759     0.366165     0.363956     0.354981     0.338335     0.313707     0.281697     0.243924     0.202833     0.161233     0.121741     0.086365     0.056320     0.032066     0.013470     0.000015    -0.008997    -0.014227    -0.016124    -0.014846    -0.010237    -0.001855     0.010922     0.028754     0.052178     0.081412     0.116143     0.155321     0.197077     0.238866     0.277857     0.311495     0.337990     0.356559     0.367361     0.371208     0.369211     0.362473     0.351879     0.337996     0.321037     0.300885     0.277159     0.249299     0.216689     0.178777     0.135181     0.085746     0.030501    -0.030501
    0.027834     0.079033     0.125628     0.167465     0.204514     0.236933     0.265048     0.289283     0.310050     0.327647     0.342163     0.353408     0.360880     0.363784     0.361124     0.351887     0.335315     0.311222     0.280247     0.243922     0.204475     0.164427     0.126122     0.091378     0.061338     0.036510     0.016913     0.002254    -0.007892    -0.013938    -0.016168    -0.014681    -0.009376     0.000028     0.013928     0.032738     0.056771     0.086080     0.120274     0.158351     0.198621     0.238810     0.276384     0.309011     0.334998     0.353530     0.364643     0.368996     0.367560     0.361332     0.351134     0.337494     0.320616     0.300391     0.276464     0.248327     0.215433     0.177322     0.133716     0.084559     0.029962    -0.029962
    0.027263     0.077701     0.123877     0.165574     0.202685     0.235282     0.263609     0.288019     0.308872     0.326435     0.340783     0.351737     0.358829     0.361329     0.358337     0.348963     0.332577     0.309087     0.279145     0.244188     0.206247     0.167592     0.130341     0.096162     0.066152     0.040877     0.020492     0.004895    -0.006130    -0.012811    -0.015307    -0.013672    -0.007842     0.002346     0.017118     0.036694     0.061203     0.090549     0.124268     0.161381     0.200332     0.239067     0.275305     0.306920     0.332324     0.350697     0.361982     0.366711     0.365728     0.359929     0.350065     0.336628     0.319803     0.299490     0.275364     0.246967     0.213828     0.175577     0.132036     0.083242     0.029381    -0.029381
    0.026666     0.076282     0.121971     0.163464     0.200582     0.233318     0.261835     0.286414     0.307363     0.324915     0.339135     0.349852     0.356638     0.358824     0.355604     0.346197     0.330083     0.307240     0.278317     0.244652     0.208096     0.170707     0.134411     0.100759     0.070822     0.045221     0.024234     0.007915    -0.003789    -0.010964    -0.013672    -0.011931    -0.005706     0.005078     0.020516     0.040679     0.065538     0.094873     0.128147     0.164392     0.202153     0.239559     0.274540     0.305155     0.329927     0.348045     0.359388     0.364379     0.363749     0.358299     0.348709     0.335429     0.318628     0.298213     0.273889     0.245252     0.211907     0.173574     0.130170     0.081816     0.028767    -0.028767
    0.026051     0.074793     0.119936     0.161165     0.198237     0.231072     0.259754     0.284496     0.305551     0.323117     0.337246     0.347781     0.354329     0.356284     0.352927     0.343576     0.327800     0.305632     0.277705     0.245259     0.209987     0.173761     0.138350     0.105210     0.075396     0.049582     0.028149     0.011283    -0.000942    -0.008498    -0.011375    -0.009561    -0.003042     0.008191     0.024133     0.044728     0.069824     0.099093     0.131932     0.167376     0.204049     0.240228     0.274023     0.303661     0.327768     0.345558     0.356863     0.362017     0.361650     0.356472     0.347096     0.333928     0.317121     0.296590     0.272070     0.243215     0.209704     0.171346     0.128146     0.080303     0.028129    -0.028129
    0.025423     0.073251     0.117796     0.158705     0.195682     0.228576     0.257399     0.282295     0.303463     0.321066     0.335142     0.345547     0.351922     0.353723     0.350307     0.341084     0.325698     0.304220     0.277261     0.245970     0.211896     0.176754     0.142178     0.109548     0.079909     0.053982     0.032236     0.014963     0.002345    -0.005505    -0.008515    -0.006651     0.000084     0.011651     0.027962     0.048863     0.074096     0.103242     0.135644     0.170332     0.205994     0.241029     0.273703     0.302390     0.325813     0.343219     0.354407     0.359638     0.359451     0.354473     0.345252     0.332153     0.315312     0.294651     0.269940     0.240889     0.207253     0.168924     0.125991     0.078720     0.027473    -0.027473
    0.024790     0.071672     0.115575     0.156115     0.192948     0.225861     0.254799     0.279840     0.301127     0.318788     0.332848     0.343171     0.349433     0.351146     0.347742     0.338706     0.323749     0.302968     0.276949     0.246755     0.213809     0.179686     0.145911     0.113798     0.084383     0.058432     0.036485     0.018922     0.006011    -0.002060    -0.005175    -0.003280     0.003613     0.015421     0.031992     0.053091     0.078374     0.107346     0.139299     0.173261     0.207972     0.241932     0.273541     0.301303     0.324033     0.341012     0.352018     0.357249     0.357168     0.352324     0.343203     0.330131     0.313227     0.292425     0.267530     0.238308     0.204587     0.166341     0.123731     0.077086     0.026806    -0.026806
    0.024155     0.070070     0.113294     0.153419     0.190064     0.222959     0.251985     0.277158     0.298568     0.316306     0.330383     0.340670     0.346874     0.348561     0.345227     0.336428     0.321929     0.301848     0.276740     0.247592     0.215713     0.182561     0.149561     0.117976     0.088834     0.062935     0.040880     0.023124     0.010005     0.001768    -0.001427     0.000487     0.007488     0.019464     0.036206     0.057414     0.082671     0.111418     0.142909     0.176164     0.209969     0.242911     0.273505     0.300368     0.322401     0.338919     0.349689     0.354856     0.354814     0.350042     0.340970     0.327885     0.310894     0.289943     0.264872     0.235504     0.201739     0.163624     0.121390     0.075417     0.026134    -0.026134
    0.023523     0.068457     0.110973     0.150645     0.187059     0.219898     0.248985     0.274276     0.295811     0.313643     0.327766     0.338059     0.344256     0.345970     0.342759     0.334239     0.320220     0.300835     0.276612     0.248465     0.217603     0.185380     0.153140     0.122095     0.093269     0.067488     0.045405     0.027535     0.014276     0.005923     0.002667     0.004590     0.011663     0.023744     0.040584     0.061825     0.086991     0.115470     0.146481     0.179043     0.211977     0.243947     0.273569     0.299559     0.320894     0.336927     0.347415     0.352462     0.352400     0.347644     0.338573     0.325439     0.308339     0.287232     0.261995     0.232509     0.198739     0.160804     0.118992     0.073727     0.025463    -0.025463
    0.022899     0.066846     0.108630     0.147815     0.183960     0.216707     0.245828     0.271222     0.292880     0.310819     0.325016     0.335352     0.341588     0.343377     0.340333     0.332125     0.318603     0.299910     0.276545     0.249359     0.219472     0.188147     0.156653     0.126162     0.097689     0.072084     0.050041     0.032125     0.018784     0.010355     0.007055     0.008979     0.016091     0.028229     0.045105     0.066316     0.091335     0.119506     0.150020     0.181896     0.213988     0.245026     0.273712     0.298852     0.319494     0.335023     0.345192     0.350069     0.349933     0.345143     0.336029     0.322814     0.305586     0.284320     0.258931     0.229353     0.195618     0.157905     0.116556     0.072029     0.024797    -0.024797
    0.022285     0.065245     0.106282     0.144951     0.180792     0.213413     0.242540     0.268021     0.289800     0.307857     0.322150     0.332562     0.338876     0.340783     0.337944     0.330077     0.317065     0.299057     0.276526     0.250265     0.221316     0.190861     0.160105     0.130180     0.102094     0.076714     0.054768     0.036864     0.023490     0.015018     0.011689     0.013608     0.020735     0.032887     0.049748     0.070874     0.095698     0.123527     0.153528     0.184724     0.215997     0.246135     0.273918     0.298231     0.318183     0.333193     0.343012     0.347678     0.347421     0.342551     0.333355     0.320030     0.302659     0.281234     0.255707     0.226067     0.192403     0.154952     0.114102     0.070336     0.024139    -0.024139
    0.021685     0.063665     0.103944     0.142073     0.177579     0.210043     0.239148     0.264698     0.286591     0.304773     0.319182     0.329701     0.336127     0.338189     0.335589     0.328086     0.315592     0.298262     0.276543     0.251175     0.223132     0.193524     0.163497     0.134150     0.106481     0.081368     0.059568     0.041724     0.028359     0.019874     0.016529     0.018438     0.025558     0.037690     0.054492     0.075488     0.100075     0.127531     0.157006     0.187524     0.217997     0.247264     0.274173     0.297679     0.316948     0.331428     0.340871     0.345288     0.344870     0.339880     0.330568     0.317108     0.299582     0.278000     0.252352     0.222677     0.189120     0.151969     0.111646     0.068658     0.023494    -0.023494
    0.021100     0.062114     0.101628     0.139199     0.174343     0.206619     0.235677     0.261277     0.283277     0.301588     0.316129     0.326777     0.333348     0.335597     0.333264     0.326145     0.314175     0.297513     0.276584     0.252081     0.224915     0.196134     0.166831     0.138072     0.110844     0.086034     0.064423     0.046681     0.033361     0.024886     0.021537     0.023433     0.030528     0.042610     0.059317     0.080142     0.104457     0.131514     0.160450     0.190294     0.219983     0.248404     0.274465     0.297183     0.315776     0.329718     0.338763     0.342901     0.342285     0.337139     0.327681     0.314066     0.296377     0.274643     0.248892     0.219211     0.185794     0.148974     0.109204     0.067004     0.022865    -0.022865
    0.020534     0.060596     0.099347     0.136345     0.171103     0.203164     0.232148     0.257780     0.279877     0.298319     0.313003     0.323803     0.330544     0.333007     0.330965     0.324245     0.312803     0.296801     0.276642     0.252978     0.226664     0.198691     0.170105     0.141942     0.115176     0.090702     0.069316     0.051712     0.038467     0.030025     0.026682     0.028562     0.035616     0.047624     0.064202     0.084824     0.108837     0.135472     0.163858     0.193030     0.221950     0.249547     0.274783     0.296732     0.314656     0.328055     0.336685     0.340516     0.339670     0.334339     0.324709     0.310922     0.293064     0.271186     0.245352     0.215692     0.182447     0.145987     0.106789     0.065381     0.022253    -0.022253
    0.019987     0.059119     0.097109     0.133524     0.167878     0.199699     0.228585     0.254228     0.276411     0.294982     0.309818     0.320787     0.327720     0.330421     0.328690     0.322381     0.311469     0.296117     0.276709     0.253860     0.228375     0.201193     0.173319     0.145757     0.119472     0.095360     0.074230     0.056794     0.043651     0.035262     0.031933     0.033794     0.040796     0.052708     0.069131     0.089521     0.113205     0.139400     0.167228     0.195730     0.223894     0.250686     0.275119     0.296316     0.313578     0.326431     0.334631     0.338133     0.337031     0.331487     0.321664     0.307694     0.289666     0.267653     0.241755     0.212143     0.179099     0.143024     0.104412     0.063797     0.021660    -0.021660
    0.019461     0.057686     0.094924     0.130751     0.164682     0.196242     0.225007     0.250641     0.272897     0.291594     0.306588     0.317738     0.324882     0.327840     0.326436     0.320548     0.310167     0.295455     0.276780     0.254723     0.230045     0.203639     0.176470     0.149515     0.123725     0.099997     0.079149     0.061910     0.048892     0.040571     0.037264     0.039106     0.046044     0.057841     0.074086     0.094219     0.117552     0.143291     0.170553     0.198390     0.225809     0.251816     0.275466     0.295926     0.312535     0.324840     0.332598     0.335752     0.334372     0.328593     0.318560     0.304397     0.286200     0.264064     0.238123     0.208585     0.175768     0.140098     0.102084     0.062255     0.021089    -0.021089
    0.018956     0.056301     0.092798     0.128034     0.161531     0.192809     0.221431     0.247038     0.269353     0.288170     0.303324     0.314665     0.322035     0.325265     0.324201     0.318741     0.308889     0.294808     0.276849     0.255563     0.231672     0.206027     0.179556     0.153210     0.127928     0.104603     0.084060     0.067040     0.054167     0.045930     0.042652     0.044472     0.051338     0.063004     0.079051     0.098907     0.121870     0.147139     0.173831     0.201005     0.227692     0.252930     0.275815     0.295554     0.311519     0.323275     0.330583     0.333373     0.331696     0.325665     0.315409     0.301047     0.282685     0.260440     0.234476     0.205037     0.172470     0.137223     0.099811     0.060762     0.020539    -0.020539
    0.018473     0.054968     0.090738     0.125383     0.158436     0.189416     0.217875     0.243436     0.265796     0.284725     0.300039     0.311577     0.319182     0.322698     0.321984     0.316957     0.307632     0.294170     0.276912     0.256377     0.233254     0.208355     0.182574     0.156840     0.132074     0.109168     0.088951     0.072169     0.059459     0.051317     0.048074     0.049873     0.056658     0.068180     0.084012     0.103572     0.126150     0.150939     0.177056     0.203572     0.229539     0.254025     0.276162     0.295195     0.310525     0.321733     0.328583     0.330998     0.329008     0.322711     0.312222     0.297659     0.279138     0.256798     0.230832     0.201515     0.169219     0.134409     0.097603     0.059320     0.020013    -0.020013
    0.018013     0.053687     0.088747     0.122806     0.155409     0.186075     0.214354     0.239849     0.262240     0.281271     0.296743     0.308482     0.316330     0.320140     0.319784     0.315192     0.306390     0.293539     0.276963     0.257161     0.234787     0.210620     0.185523     0.160399     0.136158     0.113684     0.093808     0.077282     0.064750     0.056715     0.053513     0.055288     0.061986     0.073353     0.088956     0.108205     0.130384     0.154684     0.180225     0.206088     0.231345     0.255094     0.276501     0.294842     0.309545     0.320208     0.326597     0.328626     0.326313     0.319739     0.309011     0.294248     0.275576     0.253157     0.227209     0.198034     0.166028     0.131665     0.095463     0.057933     0.019509    -0.019509
    0.017575     0.052460     0.086829     0.120310     0.152457     0.182799     0.210880     0.236294     0.258699     0.277823     0.293447     0.305387     0.313484     0.317593     0.317600     0.313445     0.305161     0.292908     0.277001     0.257913     0.236271     0.212822     0.188400     0.163886     0.140175     0.118143     0.098621     0.082366     0.070025     0.062106     0.058950     0.060702     0.067306     0.078508     0.093869     0.112795     0.134566     0.158370     0.183333     0.208549     0.233108     0.256135     0.276827     0.294491     0.308577     0.318697     0.324622     0.326259     0.323613     0.316756     0.305787     0.290826     0.272013     0.249530     0.223620     0.194608     0.162907     0.128998     0.093396     0.056600     0.019030    -0.019030
    0.017160     0.051289     0.084987     0.117897     0.149589     0.179597     0.207466     0.232781     0.255186     0.274391     0.290161     0.302301     0.310647     0.315060     0.315431     0.311712     0.303941     0.292276     0.277021     0.258630     0.237703     0.214958     0.191203     0.167296     0.144117     0.122537     0.103382     0.087409     0.075270     0.067476     0.064370     0.066098     0.072605     0.083633     0.098742     0.117333     0.138687     0.161991     0.186377     0.210951     0.234824     0.257144     0.277136     0.294136     0.307614     0.317197     0.322658     0.323898     0.320915     0.313769     0.302558     0.287405     0.268464     0.245933     0.220080     0.191248     0.159865     0.126414     0.091407     0.055325     0.018574    -0.018574
    0.016767     0.050173     0.083222     0.115574     0.146811     0.176478     0.204122     0.229323     0.251714     0.270987     0.286894     0.299230     0.307826     0.312542     0.313278     0.309993     0.302727     0.291639     0.277022     0.259311     0.239082     0.217028     0.193929     0.170626     0.147983     0.126859     0.108080     0.092400     0.080473     0.072811     0.069758     0.071463     0.077868     0.088715     0.103563     0.121812     0.142742     0.165542     0.189353     0.213293     0.236489     0.258117     0.277425     0.293774     0.306655     0.315706     0.320703     0.321544     0.318221     0.310786     0.299336     0.283999     0.264940     0.242379     0.216599     0.187964     0.156909     0.123919     0.089496     0.054108     0.018142    -0.018142
    0.016396     0.049113     0.081536     0.113341     0.144126     0.173448     0.200857     0.225930     0.248291     0.267620     0.283655     0.296181     0.305023     0.310042     0.311142     0.308286     0.301518     0.290996     0.277000     0.259953     0.240406     0.219029     0.196578     0.173874     0.151766     0.131105     0.112708     0.097331     0.085623     0.078100     0.075104     0.076784     0.083084     0.093745     0.108325     0.126225     0.146725     0.169021     0.192259     0.215571     0.238103     0.259052     0.277691     0.293402     0.305697     0.314221     0.318758     0.319200     0.315536     0.307813     0.296128     0.280616     0.261454     0.238878     0.213189     0.184764     0.154045     0.121516     0.087666     0.052948     0.017733    -0.017733
    0.016046     0.048107     0.079929     0.111202     0.141540     0.170513     0.197677     0.222610     0.244927     0.264299     0.280452     0.293161     0.302244     0.307563     0.309023     0.306590     0.300313     0.290343     0.276956     0.260555     0.241675     0.220961     0.199148     0.177038     0.155465     0.135268     0.117261     0.102192     0.090711     0.083331     0.080394     0.082051     0.088243     0.098713     0.113019     0.130564     0.150631     0.172422     0.195091     0.217783     0.239662     0.259946     0.277930     0.293018     0.304736     0.312742     0.316821     0.316868     0.312864     0.304857     0.292944     0.277266     0.258015     0.235440     0.209857     0.181655     0.151278     0.119206     0.085917     0.051846     0.017346    -0.017346
    0.015718     0.047156     0.078400     0.109156     0.139055     0.167677     0.194590     0.219370     0.241630     0.261033     0.277292     0.290175     0.299494     0.305107     0.306921     0.304906     0.299109     0.289680     0.276886     0.261117     0.242888     0.222823     0.201638     0.180115     0.159075     0.139345     0.121731     0.106976     0.095727     0.088495     0.085621     0.087253     0.093336     0.103611     0.117639     0.134825     0.154457     0.175743     0.197847     0.219927     0.241165     0.260797     0.278141     0.292618     0.303771     0.311267     0.314895     0.314549     0.310210     0.301924     0.289790     0.273959     0.254632     0.232073     0.206612     0.178642     0.148611     0.116992     0.084249     0.050800     0.016982    -0.016982
    0.015409     0.046257     0.076949     0.107205     0.136671     0.164944     0.191599     0.216217     0.238408     0.257828     0.274182     0.287229     0.296776     0.302677     0.304839     0.303233     0.297906     0.289006     0.276790     0.261637     0.244043     0.224614     0.204047     0.183105     0.162595     0.143333     0.126114     0.111678     0.100666     0.093585     0.090775     0.092383     0.098354     0.108432     0.122178     0.139003     0.158198     0.178981     0.200525     0.222002     0.242610     0.261604     0.278322     0.292201     0.302800     0.309795     0.312978     0.312246     0.307577     0.299019     0.286675     0.270702     0.251314     0.228786     0.203458     0.175730     0.146047     0.114874     0.082662     0.049811     0.016640    -0.016640
    0.015121     0.045411     0.075574     0.105347     0.134391     0.162316     0.188709     0.213155     0.235266     0.254690     0.271128     0.284329     0.294094     0.300275     0.302777     0.301571     0.296704     0.288320     0.276668     0.262115     0.245141     0.226335     0.206374     0.186006     0.166022     0.147227     0.130406     0.116292     0.105519     0.098592     0.095848     0.097433     0.103292     0.113169     0.126631     0.143093     0.161852     0.182133     0.203123     0.224006     0.243996     0.262366     0.278471     0.291767     0.301823     0.308326     0.311073     0.309961     0.304970     0.296148     0.283604     0.267503     0.248068     0.225584     0.200401     0.172921     0.143587     0.112853     0.081154     0.048875     0.016318    -0.016318
    0.014851     0.044614     0.074275     0.103581     0.132213     0.159794     0.185922     0.210190     0.232209     0.251626     0.268134     0.281478     0.291452     0.297903     0.300737     0.299921     0.295503     0.287622     0.276519     0.262550     0.246182     0.227985     0.208620     0.188818     0.169356     0.151025     0.134603     0.120813     0.110283     0.103512     0.100835     0.102397     0.108142     0.117818     0.130994     0.147091     0.165416     0.185200     0.205641     0.225939     0.245322     0.263081     0.278588     0.291313     0.300839     0.306861     0.309180     0.307697     0.302391     0.293316     0.280583     0.264366     0.244898     0.222472     0.197444     0.170218     0.141231     0.110927     0.079725     0.047993     0.016016    -0.016016
    0.014599     0.043867     0.073048     0.101907     0.130137     0.157378     0.183240     0.207323     0.229240     0.248639     0.265206     0.278681     0.288852     0.295565     0.298719     0.298284     0.294303     0.286911     0.276343     0.262944     0.247166     0.229565     0.210785     0.191541     0.172595     0.154727     0.138703     0.125237     0.114951     0.108339     0.105730     0.107269     0.112900     0.122373     0.135263     0.150996     0.168887     0.188178     0.208078     0.227800     0.246588     0.263750     0.278672     0.290840     0.299848     0.305399     0.307301     0.305455     0.299845     0.290527     0.277618     0.261299     0.241810     0.219454     0.194590     0.167621     0.138979     0.109095     0.078373     0.047162     0.015734    -0.015734
    0.014365     0.043166     0.071892     0.100321     0.128162     0.155069     0.180664     0.204556     0.226364     0.245732     0.262347     0.275941     0.286299     0.293262     0.296727     0.296660     0.293104     0.286187     0.276140     0.263296     0.248094     0.231075     0.212868     0.194173     0.175738     0.158330     0.142703     0.129562     0.119521     0.113068     0.110529     0.112045     0.117561     0.126832     0.139435     0.154805     0.172265     0.191067     0.210433     0.229589     0.247794     0.264371     0.278722     0.290347     0.298850     0.303942     0.305436     0.303239     0.297335     0.287785     0.274712     0.258304     0.238808     0.216533     0.191840     0.165132     0.136830     0.107355     0.077095     0.046381     0.015470    -0.015470
    0.014147     0.042510     0.070805     0.098822     0.126286     0.152865     0.178194     0.201892     0.223582     0.242910     0.259560     0.273262     0.283795     0.290996     0.294760     0.295051     0.291906     0.285452     0.275911     0.263606     0.248966     0.232516     0.214872     0.196717     0.178786     0.161833     0.146601     0.133785     0.123990     0.117697     0.115227     0.116720     0.122122     0.131190     0.143508     0.158516     0.175548     0.193867     0.212706     0.231306     0.248940     0.264945     0.278739     0.289833     0.297844     0.302489     0.303588     0.301049     0.294863     0.285094     0.271870     0.255386     0.235895     0.213711     0.189196     0.162749     0.134783     0.105706     0.075888     0.045648     0.015224    -0.015224
    0.013944     0.041897     0.069784     0.097407     0.124506     0.150765     0.175830     0.199330     0.220895     0.240174     0.256848     0.270646     0.281342     0.288770     0.292821     0.293457     0.290711     0.284706     0.275656     0.263877     0.249783     0.233890     0.216796     0.199172     0.181739     0.165237     0.150397     0.137904     0.128354     0.122221     0.119822     0.121292     0.126581     0.135446     0.147479     0.162129     0.178736     0.196577     0.214898     0.232951     0.250026     0.265473     0.278723     0.289301     0.296832     0.301043     0.301758     0.298890     0.292433     0.282457     0.269095     0.252547     0.233073     0.210989     0.186657     0.160471     0.132836     0.104144     0.074752     0.044960     0.014995    -0.014995
    0.013757     0.041325     0.068826     0.096074     0.122821     0.148767     0.173570     0.196871     0.218305     0.237525     0.254214     0.268095     0.278943     0.286585     0.290912     0.291880     0.289520     0.283950     0.275377     0.264107     0.250547     0.235197     0.218642     0.201540     0.184596     0.168540     0.154090     0.141918     0.132613     0.126640     0.124310     0.125759     0.130934     0.139599     0.151349     0.165641     0.181829     0.199198     0.217009     0.234526     0.251053     0.265954     0.278674     0.288749     0.295814     0.299604     0.299947     0.296761     0.290047     0.279876     0.266389     0.249790     0.230344     0.208368     0.184223     0.158298     0.130986     0.102667     0.073683     0.044316     0.014782    -0.014782
    0.013584     0.040793     0.067929     0.094819     0.121228     0.146869     0.171414     0.194513     0.215812     0.234965     0.251657     0.265611     0.276598     0.284443     0.289033     0.290320     0.288333     0.283183     0.275073     0.264300     0.251259     0.236438     0.220411     0.203821     0.187360     0.171744     0.157680     0.145827     0.136765     0.130951     0.128692     0.130119     0.135181     0.143646     0.155114     0.169054     0.184826     0.201731     0.219039     0.236030     0.252021     0.266390     0.278594     0.288180     0.294792     0.298172     0.298156     0.294667     0.287707     0.277354     0.263755     0.247116     0.227708     0.205847     0.181893     0.156227     0.129231     0.101273     0.072677     0.043714     0.014584    -0.014584
    0.013424     0.040297     0.067091     0.093640     0.119723     0.145067     0.169358     0.192256     0.213414     0.232494     0.249180     0.263196     0.274310     0.282346     0.287185     0.288779     0.287151     0.282409     0.274747     0.264456     0.251920     0.237616     0.222105     0.206018     0.190032     0.174850     0.161166     0.149630     0.140810     0.135154     0.132965     0.134371     0.139321     0.147587     0.158777     0.172367     0.187729     0.204175     0.220990     0.237466     0.252933     0.266782     0.278483     0.287593     0.293766     0.296750     0.296388     0.292607     0.285415     0.274894     0.261193     0.244527     0.225165     0.203426     0.179665     0.154255     0.127568     0.099958     0.071734     0.043151     0.014400    -0.014400
    0.013277     0.039838     0.066307     0.092533     0.118304     0.143360     0.167401     0.190098     0.211113     0.230111     0.246783     0.260850     0.272080     0.280294     0.285371     0.287258     0.285977     0.281627     0.274400     0.264576     0.252532     0.238732     0.223726     0.208131     0.192612     0.177858     0.164551     0.153328     0.144746     0.139248     0.137128     0.138513     0.143353     0.151422     0.162336     0.175580     0.190538     0.206533     0.222863     0.238834     0.253789     0.267131     0.278342     0.286990     0.292737     0.295339     0.294644     0.290584     0.283172     0.272495     0.258706     0.242023     0.222716     0.201104     0.177537     0.152380     0.125994     0.098719     0.070849     0.042626     0.014229    -0.014229
    0.013141     0.039411     0.065577     0.091494     0.116966     0.141744     0.165540     0.188037     0.208905     0.227817     0.244465     0.258574     0.269909     0.278288     0.283591     0.285759     0.284809     0.280839     0.274032     0.264662     0.253096     0.239788     0.225276     0.210162     0.195102     0.180769     0.167833     0.156920     0.148576     0.143233     0.141182     0.142546     0.147276     0.155150     0.165792     0.178695     0.193255     0.208806     0.224660     0.240136     0.254590     0.267439     0.278173     0.286372     0.291707     0.293940     0.292924     0.288599     0.280980     0.270159     0.256294     0.239603     0.220360     0.198879     0.175507     0.150599     0.124506     0.097552     0.070020     0.042137     0.014072    -0.014072
    0.013017     0.039016     0.064896     0.090522     0.115707     0.140216     0.163772     0.186071     0.206790     0.225610     0.242228     0.256367     0.267796     0.276330     0.281845     0.284281     0.283651     0.280047     0.273646     0.264717     0.253615     0.240786     0.226755     0.212115     0.197504     0.183586     0.171016     0.160408     0.152298     0.147109     0.145127     0.146470     0.151092     0.158774     0.169147     0.181713     0.195880     0.210995     0.226382     0.241374     0.255339     0.267706     0.277977     0.285741     0.290676     0.292553     0.291231     0.286653     0.278840     0.267887     0.253956     0.237268     0.218094     0.196749     0.173571     0.148908     0.123099     0.096454     0.069243     0.041682     0.013926    -0.013926
    0.012903     0.038651     0.064263     0.089612     0.114523     0.138771     0.162094     0.184196     0.204765     0.223489     0.240069     0.254231     0.265743     0.274420     0.280136     0.282827     0.282503     0.279251     0.273244     0.264741     0.254090     0.241728     0.228168     0.213990     0.199820     0.186309     0.174100     0.163793     0.155914     0.150878     0.148962     0.150286     0.154801     0.162293     0.172400     0.184634     0.198415     0.213102     0.228032     0.242550     0.256038     0.267935     0.277755     0.285097     0.289646     0.291181     0.289565     0.284747     0.276752     0.265680     0.251694     0.235016     0.215919     0.194712     0.171728     0.147305     0.121771     0.095423     0.068517     0.041258     0.013791    -0.013791
    0.012798     0.038314     0.063674     0.088761     0.113410     0.137408     0.160503     0.182410     0.202829     0.221453     0.237988     0.252164     0.263749     0.272559     0.278463     0.281396     0.281365     0.278453     0.272825     0.264736     0.254524     0.242617     0.229516     0.215790     0.202053     0.188942     0.177087     0.167076     0.159425     0.154539     0.152690     0.153994     0.158403     0.165708     0.175553     0.187462     0.200862     0.215129     0.229610     0.243665     0.256687     0.268127     0.277510     0.284442     0.288619     0.289824     0.287927     0.282882     0.274718     0.263537     0.249505     0.232847     0.213832     0.192765     0.169974     0.145786     0.120517     0.094454     0.067839     0.040864     0.013667    -0.013667
    0.012703     0.038003     0.063127     0.087967     0.112365     0.136122     0.158995     0.180711     0.200979     0.219499     0.235984     0.250166     0.261815     0.270745     0.276826     0.279991     0.280240     0.277654     0.272393     0.264704     0.254919     0.243453     0.230801     0.217517     0.204204     0.191485     0.179978     0.170259     0.162832     0.158095     0.156312     0.157596     0.161901     0.169021     0.178609     0.190196     0.203224     0.217077     0.231120     0.244721     0.257289     0.268284     0.277242     0.283779     0.287596     0.288484     0.286319     0.281059     0.272737     0.261458     0.247391     0.230759     0.211830     0.190906     0.168305     0.144347     0.119336     0.093545     0.067205     0.040498     0.013552    -0.013552
    0.012616     0.037716     0.062620     0.087225     0.111385     0.134909     0.157566     0.179095     0.199211     0.217626     0.234055     0.248236     0.259940     0.268981     0.275228     0.278610     0.279128     0.276856     0.271949     0.264647     0.255275     0.244241     0.232025     0.219173     0.206275     0.193942     0.182777     0.173345     0.166138     0.161546     0.159828     0.161093     0.165295     0.172234     0.181568     0.192840     0.205501     0.218950     0.232563     0.245722     0.257846     0.268408     0.276954     0.283107     0.286577     0.287161     0.284741     0.279277     0.270809     0.259443     0.245349     0.228750     0.209912     0.189131     0.166719     0.142985     0.118222     0.092691     0.066613     0.040158     0.013447    -0.013447
    0.012537     0.037452     0.062149     0.086533     0.110466     0.133766     0.156214     0.177558     0.197525     0.215831     0.232200     0.246373     0.258123     0.267265     0.273667     0.277256     0.278030     0.276059     0.271494     0.264567     0.255597     0.244981     0.233192     0.220762     0.208270     0.196314     0.185484     0.176334     0.169344     0.164896     0.163241     0.164487     0.168588     0.175348     0.184433     0.195395     0.207696     0.220749     0.233941     0.246668     0.258360     0.268501     0.276646     0.282428     0.285564     0.285857     0.283193     0.277538     0.268935     0.257491     0.243378     0.226818     0.208074     0.187438     0.165211     0.141695     0.117172     0.091891     0.066061     0.039842     0.013349    -0.013349
    0.012465     0.037209     0.061713     0.085888     0.109604     0.132690     0.154935     0.176098     0.195915     0.214111     0.230416     0.244575     0.256363     0.265597     0.272143     0.275929     0.276947     0.275266     0.271029     0.264466     0.255885     0.245677     0.234303     0.222285     0.210190     0.198603     0.188103     0.179229     0.172452     0.168144     0.166552     0.167779     0.171781     0.178366     0.187206     0.197863     0.209812     0.222477     0.235257     0.247562     0.258833     0.268565     0.276322     0.281745     0.284559     0.284572     0.281676     0.275842     0.267113     0.255601     0.241477     0.224962     0.206315     0.185823     0.163779     0.140476     0.116183     0.091140     0.065545     0.039550     0.013260    -0.013260
    0.012399     0.036986     0.061310     0.085287     0.108797     0.131676     0.153725     0.174712     0.194381     0.212466     0.228702     0.242841     0.254660     0.263977     0.270658     0.274629     0.275881     0.274476     0.270557     0.264345     0.256142     0.246330     0.235361     0.223746     0.212039     0.200813     0.190635     0.182032     0.175465     0.171295     0.169763     0.170972     0.174877     0.181289     0.189889     0.200247     0.211851     0.224136     0.236514     0.248407     0.259267     0.268601     0.275981     0.281057     0.283561     0.283307     0.280191     0.274188     0.265344     0.253772     0.239644     0.223179     0.204632     0.184283     0.162420     0.139322     0.115252     0.090437     0.065064     0.039278     0.013178    -0.013178
    0.012340     0.036781     0.060936     0.084728     0.108041     0.130722     0.152581     0.173395     0.192917     0.210890     0.227056     0.241170     0.253013     0.262404     0.269211     0.273356     0.274830     0.273692     0.270079     0.264206     0.256370     0.246943     0.236368     0.225146     0.213818     0.202946     0.193084     0.184746     0.178384     0.174349     0.172878     0.174068     0.177877     0.184120     0.192484     0.202550     0.213815     0.225728     0.237713     0.249204     0.259665     0.268611     0.275627     0.280368     0.282573     0.282063     0.278738     0.272576     0.263626     0.252003     0.237878     0.221466     0.203021     0.182815     0.161128     0.138231     0.114375     0.089777     0.064616     0.039027     0.013102    -0.013102
    0.012287     0.036593     0.060591     0.084207     0.107333     0.129825     0.151500     0.172145     0.191523     0.209384     0.225476     0.239559     0.251420     0.260878     0.267801     0.272111     0.273797     0.272914     0.269595     0.264051     0.256570     0.247518     0.237327     0.226487     0.215531     0.205005     0.195451     0.187374     0.181211     0.177310     0.175897     0.177069     0.180784     0.186860     0.194994     0.204773     0.215707     0.227256     0.238857     0.249956     0.260027     0.268598     0.275260     0.279677     0.281595     0.280840     0.277317     0.271006     0.261960     0.250293     0.236176     0.219822     0.201480     0.181417     0.159902     0.137200     0.113549     0.089159     0.064198     0.038794     0.013033    -0.013033
    0.012238     0.036421     0.060271     0.083721     0.106670     0.128980     0.150477     0.170958     0.190194     0.207942     0.223958     0.238008     0.249880     0.259398     0.266428     0.270895     0.272782     0.272144     0.269109     0.263882     0.256745     0.248057     0.238239     0.227774     0.217179     0.206991     0.197739     0.189917     0.183951     0.180179     0.178823     0.179978     0.183600     0.189514     0.197421     0.206919     0.217529     0.228722     0.239948     0.250664     0.260357     0.268563     0.274882     0.278987     0.280629     0.279639     0.275928     0.269478     0.260343     0.248640     0.234536     0.218244     0.200007     0.180083     0.158738     0.136224     0.112771     0.088579     0.063807     0.038577     0.012969    -0.012969
    0.012194     0.036263     0.059976     0.083270     0.106049     0.128185     0.149511     0.169832     0.188928     0.206564     0.222502     0.236514     0.248393     0.257962     0.265093     0.269706     0.271785     0.271381     0.268620     0.263699     0.256897     0.248562     0.239109     0.229007     0.218765     0.208908     0.199952     0.192378     0.186604     0.182959     0.181659     0.182796     0.186328     0.192082     0.199767     0.208990     0.219283     0.230129     0.240989     0.251332     0.260657     0.268508     0.274494     0.278297     0.279674     0.278461     0.274571     0.267991     0.258776     0.247043     0.232957     0.216730     0.198597     0.178813     0.157632     0.135300     0.112038     0.088035     0.063443     0.038377     0.012911    -0.012911
    0.012155     0.036118     0.059703     0.082849     0.105468     0.127436     0.148597     0.168762     0.187721     0.205245     0.221105     0.235076     0.246956     0.256571     0.263794     0.268545     0.270807     0.270628     0.268129     0.263506     0.257027     0.249035     0.239936     0.230190     0.220293     0.210758     0.202090     0.194759     0.189173     0.185652     0.184407     0.185527     0.188970     0.194568     0.202036     0.210990     0.220973     0.231479     0.241982     0.251962     0.260927     0.268434     0.274099     0.277611     0.278732     0.277305     0.273246     0.266544     0.257257     0.245499     0.231437     0.215276     0.197248     0.177601     0.156582     0.134426     0.111347     0.087524     0.063103     0.038190     0.012857    -0.012857
    0.012119     0.035986     0.059450     0.082457     0.104923     0.126732     0.147733     0.167747     0.186571     0.203984     0.219764     0.233691     0.245568     0.255224     0.262531     0.267412     0.269848     0.269885     0.267639     0.263302     0.257138     0.249479     0.240725     0.231324     0.221763     0.212543     0.204157     0.197064     0.191662     0.188262     0.187070     0.188173     0.191529     0.196974     0.204229     0.212920     0.222600     0.232774     0.242929     0.252555     0.261171     0.268343     0.273697     0.276927     0.277804     0.276172     0.271953     0.265138     0.255785     0.244008     0.229973     0.213881     0.195958     0.176446     0.155584     0.133599     0.110695     0.087045     0.062785     0.038017     0.012807    -0.012807
    0.012087     0.035864     0.059216     0.082092     0.104413     0.126068     0.146915     0.166783     0.185474     0.202778     0.218477     0.232358     0.244227     0.253918     0.261304     0.266307     0.268909     0.269152     0.267151     0.263091     0.257230     0.249896     0.241477     0.232413     0.223180     0.214267     0.206156     0.199295     0.194072     0.190790     0.189651     0.190736     0.194007     0.199302     0.206349     0.214783     0.224167     0.234018     0.243832     0.253113     0.261390     0.268237     0.273290     0.276248     0.276889     0.275062     0.270691     0.263771     0.254358     0.242569     0.228564     0.212541     0.194724     0.175344     0.154636     0.132816     0.110080     0.086594     0.062488     0.037856     0.012761    -0.012761
    0.012058     0.035753     0.059000     0.081751     0.103934     0.125443     0.146142     0.165867     0.184429     0.201625     0.217242     0.231075     0.242933     0.252654     0.260112     0.265230     0.267989     0.268430     0.266664     0.262872     0.257306     0.250286     0.242193     0.233458     0.224544     0.215931     0.208089     0.201454     0.196406     0.193240     0.192151     0.193220     0.196407     0.201555     0.208399     0.216582     0.225677     0.235211     0.244694     0.253639     0.261585     0.268118     0.272878     0.275575     0.275989     0.273975     0.269461     0.262442     0.252976     0.241178     0.227206     0.211255     0.193542     0.174293     0.153733     0.132073     0.109500     0.086170     0.062210     0.037706     0.012719    -0.012719
    0.012032     0.035650     0.058799     0.081434     0.103485     0.124853     0.145409     0.164996     0.183432     0.200521     0.216057     0.229840     0.241684     0.251429     0.258954     0.264181     0.267089     0.267720     0.266180     0.262647     0.257367     0.250652     0.242877     0.234461     0.225858     0.217538     0.209958     0.203545     0.198667     0.195613     0.194573     0.195626     0.198731     0.203736     0.210382     0.218319     0.227131     0.236357     0.245516     0.254134     0.261759     0.267986     0.272463     0.274907     0.275104     0.272912     0.268262     0.261151     0.251637     0.239834     0.225899     0.210020     0.192411     0.173290     0.152875     0.131369     0.108951     0.085772     0.061949     0.037567     0.012680    -0.012680
    0.012009     0.035556     0.058613     0.081137     0.103062     0.124296     0.144715     0.164168     0.182481     0.199464     0.214919     0.228650     0.240477     0.250244     0.257829     0.263158     0.266210     0.267022     0.265700     0.262417     0.257414     0.250996     0.243529     0.235425     0.227126     0.219090     0.211765     0.205568     0.200857     0.197913     0.196921     0.197957     0.200982     0.205847     0.212298     0.219996     0.228532     0.237457     0.246301     0.254600     0.261913     0.267843     0.272047     0.274247     0.274234     0.271872     0.267093     0.259896     0.250340     0.238537     0.224639     0.208834     0.191327     0.172331     0.152057     0.130700     0.108431     0.085395     0.061704     0.037436     0.012644    -0.012644
    0.011987     0.035470     0.058440     0.080859     0.102665     0.123771     0.144057     0.163380     0.181574     0.198453     0.213826     0.227505     0.239313     0.249096     0.256738     0.262163     0.265350     0.266337     0.265226     0.262184     0.257449     0.251320     0.244153     0.236351     0.228348     0.220590     0.213514     0.207527     0.202978     0.200141     0.199196     0.200216     0.203163     0.207891     0.214152     0.221615     0.229882     0.238514     0.247051     0.255039     0.262049     0.267691     0.271629     0.273593     0.273380     0.270855     0.265954     0.258678     0.249084     0.237283     0.223426     0.207695     0.190289     0.171416     0.151278     0.130064     0.107939     0.085040     0.061473     0.037314     0.012611    -0.012611
    0.011968     0.035390     0.058278     0.080598     0.102292     0.123274     0.143433     0.162630     0.180707     0.197484     0.212777     0.226403     0.238188     0.247986     0.255679     0.261194     0.264511     0.265665     0.264756     0.261949     0.257474     0.251624     0.244749     0.237242     0.229526     0.222039     0.215207     0.209425     0.205034     0.202301     0.201401     0.202405     0.205275     0.209869     0.215945     0.223179     0.231184     0.239529     0.247767     0.255454     0.262168     0.267530     0.271212     0.272949     0.272542     0.269861     0.264845     0.257494     0.247867     0.236072     0.222257     0.206599     0.189293     0.170540     0.150535     0.129460     0.107473     0.084705     0.061256     0.037200     0.012580    -0.012580
    0.011951     0.035316     0.058128     0.080354     0.101939     0.122803     0.142839     0.161916     0.179878     0.196556     0.211769     0.225341     0.237103     0.246910     0.254651     0.260252     0.263692     0.265007     0.264293     0.261711     0.257488     0.251911     0.245319     0.238099     0.230664     0.223441     0.216845     0.211263     0.207026     0.204395     0.203538     0.204526     0.207322     0.211785     0.217680     0.224691     0.232439     0.240505     0.248452     0.255844     0.262271     0.267362     0.270795     0.272312     0.271719     0.268890     0.263765     0.256345     0.246688     0.234902     0.221130     0.205545     0.188338     0.169702     0.149826     0.128885     0.107030     0.084387     0.061052     0.037092     0.012551    -0.012551
    0.011935     0.035247     0.057988     0.080125     0.101607     0.122357     0.142276     0.161234     0.179086     0.195666     0.210800     0.224317     0.236054     0.245870     0.253653     0.259335     0.262893     0.264362     0.263836     0.261473     0.257495     0.252181     0.245865     0.238924     0.231763     0.224796     0.218431     0.213043     0.208957     0.206424     0.205610     0.206582     0.209305     0.213640     0.219359     0.226152     0.233650     0.241444     0.249106     0.256212     0.262361     0.267188     0.270380     0.271685     0.270914     0.267942     0.262713     0.255228     0.245546     0.233770     0.220043     0.204532     0.187421     0.168899     0.149148     0.128336     0.106609     0.084086     0.060858     0.036991     0.012523    -0.012523
    0.011920     0.035184     0.057856     0.079908     0.101292     0.121934     0.141739     0.160584     0.178328     0.194812     0.209869     0.223331     0.235042     0.244862     0.252686     0.258443     0.262114     0.263730     0.263386     0.261236     0.257494     0.252436     0.246389     0.239720     0.232824     0.226107     0.219967     0.214769     0.210829     0.208392     0.207620     0.208576     0.211227     0.215437     0.220983     0.227564     0.234818     0.242347     0.249732     0.256560     0.262437     0.267009     0.269968     0.271068     0.270124     0.267016     0.261689     0.254144     0.244439     0.232677     0.218994     0.203556     0.186540     0.168130     0.148500     0.127813     0.106208     0.083799     0.060675     0.036895     0.012498    -0.012498
    0.011907     0.035124     0.057732     0.079704     0.100994     0.121532     0.141227     0.159963     0.177602     0.193993     0.208973     0.222381     0.234064     0.243887     0.251747     0.257576     0.261354     0.263113     0.262944     0.260999     0.257487     0.252678     0.246892     0.240487     0.233850     0.227377     0.221455     0.216442     0.212644     0.210300     0.209568     0.210509     0.213090     0.217178     0.222556     0.228930     0.235946     0.243216     0.250332     0.256889     0.262502     0.266825     0.269559     0.270461     0.269351     0.266113     0.260692     0.253091     0.243367     0.231619     0.217982     0.202616     0.185694     0.167391     0.147879     0.127312     0.105825     0.083527     0.060500     0.036804     0.012474    -0.012474
    0.011894     0.035068     0.057616     0.079511     0.100711     0.121149     0.140739     0.159369     0.176906     0.193206     0.208111     0.221464     0.233119     0.242943     0.250837     0.256734     0.260614     0.262510     0.262511     0.260763     0.257474     0.252907     0.247374     0.241227     0.234842     0.228606     0.222897     0.218064     0.214404     0.212152     0.211458     0.212384     0.214896     0.218866     0.224079     0.230251     0.237036     0.244054     0.250907     0.257200     0.262557     0.266639     0.269153     0.269864     0.268594     0.265231     0.259721     0.252068     0.242327     0.230596     0.217005     0.201710     0.184879     0.166683     0.147284     0.126834     0.105459     0.083266     0.060334     0.036718     0.012451    -0.012451
    0.011883     0.035016     0.057505     0.079327     0.100441     0.120785     0.140273     0.158800     0.176239     0.192449     0.207280     0.220580     0.232205     0.242030     0.249954     0.255915     0.259894     0.261922     0.262085     0.260530     0.257457     0.253125     0.247839     0.241941     0.235802     0.229797     0.224296     0.219637     0.216112     0.213948     0.213292     0.214203     0.216648     0.220501     0.225555     0.231529     0.238088     0.244860     0.251458     0.257494     0.262602     0.266450     0.268752     0.269277     0.267854     0.264371     0.258777     0.251075     0.241320     0.229606     0.216061     0.200837     0.184095     0.166001     0.146713     0.126375     0.105109     0.083018     0.060176     0.036635     0.012429    -0.012429
    0.011872     0.034966     0.057400     0.079153     0.100185     0.120436     0.139827     0.158255     0.175598     0.191722     0.206480     0.219727     0.231323     0.241145     0.249098     0.255120     0.259193     0.261347     0.261669     0.260299     0.257437     0.253333     0.248286     0.242632     0.236731     0.230951     0.225652     0.221163     0.217769     0.215691     0.215072     0.215968     0.218347     0.222087     0.226985     0.232766     0.239105     0.245638     0.251986     0.257772     0.262638     0.266259     0.268355     0.268702     0.267130     0.263532     0.257858     0.250110     0.240342     0.228647     0.215149     0.199994     0.183340     0.165346     0.146164     0.125934     0.104774     0.082779     0.060024     0.036556     0.012408    -0.012408
    0.011861     0.034918     0.057300     0.078986     0.099939     0.120103     0.139399     0.157731     0.174983     0.191022     0.205709     0.218903     0.230469     0.240288     0.248267     0.254347     0.258510     0.260787     0.261261     0.260072     0.257413     0.253531     0.248717     0.243300     0.237631     0.232070     0.226967     0.222644     0.219378     0.217383     0.216799     0.217681     0.219996     0.223625     0.228370     0.233964     0.240088     0.246388     0.252494     0.258037     0.262667     0.266067     0.267964     0.268137     0.266423     0.262714     0.256963     0.249173     0.239395     0.227719     0.214267     0.199180     0.182611     0.164714     0.145636     0.125510     0.104451     0.082550     0.059878     0.036480     0.012388    -0.012388
    0.011851     0.034873     0.057205     0.078827     0.099704     0.119783     0.138989     0.157229     0.174390     0.190348     0.204966     0.218108     0.229643     0.239458     0.247462     0.253597     0.257846     0.260241     0.260863     0.259848     0.257387     0.253720     0.249133     0.243947     0.238504     0.233156     0.228244     0.224082     0.220940     0.219027     0.218477     0.219344     0.221597     0.225118     0.229714     0.235125     0.241040     0.247113     0.252982     0.258288     0.262689     0.265875     0.267578     0.267584     0.265731     0.261917     0.256093     0.248262     0.238475     0.226820     0.213414     0.198394     0.181908     0.164105     0.145127     0.125103     0.104141     0.082330     0.059737     0.036407     0.012368    -0.012368
    0.011842     0.034829     0.057113     0.078674     0.099479     0.119476     0.138595     0.156745     0.173820     0.189698     0.204248     0.217339     0.228845     0.238654     0.246681     0.252868     0.257201     0.259709     0.260474     0.259629     0.257359     0.253902     0.249535     0.244573     0.239351     0.234210     0.229484     0.225479     0.222458     0.220623     0.220106     0.220959     0.223150     0.226566     0.231017     0.236250     0.241961     0.247812     0.253452     0.258527     0.262705     0.265682     0.267198     0.267042     0.265056     0.261139     0.255245     0.247377     0.237583     0.225949     0.212588     0.197633     0.181229     0.163517     0.144636     0.124709     0.103841     0.082117     0.059601     0.036336     0.012349    -0.012349
    0.011832     0.034787     0.057024     0.078527     0.099262     0.119181     0.138215     0.156280     0.173271     0.189071     0.203555     0.216596     0.228072     0.237876     0.245923     0.252160     0.256573     0.259191     0.260094     0.259413     0.257331     0.254077     0.249925     0.245181     0.240172     0.235233     0.230688     0.226836     0.223932     0.222174     0.221689     0.222528     0.224659     0.227972     0.232281     0.237340     0.242852     0.248488     0.253904     0.258755     0.262716     0.265491     0.266825     0.266511     0.264396     0.260382     0.254421     0.246517     0.236717     0.225104     0.211788     0.196898     0.180572     0.162949     0.144162     0.124329     0.103552     0.081911     0.059469     0.036268     0.012330    -0.012330
    0.011823     0.034745     0.056938     0.078384     0.099052     0.118896     0.137849     0.155831     0.172740     0.188465     0.202885     0.215877     0.227324     0.237121     0.245188     0.251473     0.255963     0.258687     0.259725     0.259203     0.257301     0.254245     0.250302     0.245770     0.240970     0.236227     0.231859     0.228155     0.225365     0.223681     0.223227     0.224052     0.226124     0.229337     0.233508     0.238398     0.243716     0.249142     0.254339     0.258972     0.262722     0.265301     0.266458     0.265992     0.263752     0.259643     0.253618     0.245681     0.235876     0.224284     0.211012     0.196185     0.179936     0.162400     0.143704     0.123962     0.103272     0.081712     0.059342     0.036200     0.012312    -0.012312
    0.011814     0.034705     0.056855     0.078246     0.098850     0.118620     0.137496     0.155397     0.172228     0.187880     0.202238     0.215182     0.226599     0.236390     0.244475     0.250806     0.255370     0.258197     0.259364     0.258998     0.257272     0.254408     0.250668     0.246343     0.241745     0.237193     0.232996     0.229437     0.226758     0.225146     0.224722     0.225533     0.227548     0.230663     0.234700     0.239424     0.244554     0.249775     0.254759     0.259180     0.262725     0.265112     0.266097     0.265484     0.263124     0.258923     0.252837     0.244868     0.235059     0.223489     0.210261     0.195495     0.179321     0.161868     0.143259     0.123605     0.103000     0.081518     0.059217     0.036135     0.012294    -0.012294
    0.011804     0.034666     0.056773     0.078112     0.098653     0.118354     0.137154     0.154978     0.171733     0.187315     0.201611     0.214509     0.225897     0.235681     0.243784     0.250159     0.254794     0.257721     0.259014     0.258797     0.257243     0.254566     0.251023     0.246899     0.242499     0.238133     0.234103     0.230684     0.228112     0.226570     0.226175     0.226973     0.228932     0.231951     0.235857     0.240420     0.245366     0.250388     0.255165     0.259379     0.262724     0.264925     0.265744     0.264987     0.262511     0.258222     0.252077     0.244078     0.234266     0.222717     0.209531     0.194825     0.178724     0.161352     0.142829     0.123260     0.102736     0.081330     0.059096     0.036071     0.012277    -0.012277
    0.011795     0.034626     0.056693     0.077981     0.098462     0.118096     0.136823     0.154572     0.171253     0.186767     0.201005     0.213856     0.225217     0.234993     0.243113     0.249530     0.254235     0.257258     0.258673     0.258603     0.257214     0.254720     0.251369     0.247440     0.243232     0.239047     0.235179     0.231897     0.229430     0.227956     0.227589     0.228373     0.230278     0.233203     0.236981     0.241388     0.246154     0.250981     0.255557     0.259569     0.262720     0.264741     0.265397     0.264501     0.261912     0.257539     0.251337     0.243309     0.233495     0.221967     0.208823     0.194175     0.178144     0.160851     0.142410     0.122924     0.102479     0.081146     0.058977     0.036007     0.012259    -0.012259
    0.011786     0.034588     0.056615     0.077853     0.098277     0.117845     0.136502     0.154179     0.170789     0.186236     0.200417     0.213224     0.224558     0.234327     0.242462     0.248920     0.253692     0.256808     0.258342     0.258414     0.257187     0.254869     0.251705     0.247967     0.243946     0.239937     0.236227     0.233078     0.230713     0.229305     0.228965     0.229735     0.231587     0.234421     0.238074     0.242327     0.246919     0.251557     0.255936     0.259752     0.262714     0.264559     0.265058     0.264027     0.261329     0.256873     0.250617     0.242561     0.232745     0.221239     0.208135     0.193544     0.177582     0.160365     0.142004     0.122597     0.102228     0.080966     0.058860     0.035945     0.012242    -0.012242
    0.011776     0.034549     0.056538     0.077728     0.098095     0.117600     0.136190     0.153797     0.170338     0.185722     0.199847     0.212612     0.223918     0.233680     0.241830     0.248328     0.253165     0.256371     0.258021     0.258230     0.257161     0.255016     0.252033     0.248481     0.244641     0.240804     0.237247     0.234227     0.231961     0.230617     0.230303     0.231060     0.232860     0.235605     0.239137     0.243241     0.247662     0.252116     0.256304     0.259928     0.262706     0.264380     0.264726     0.263564     0.260759     0.256224     0.249915     0.241833     0.232016     0.220530     0.207467     0.192931     0.177035     0.159892     0.141608     0.122278     0.101983     0.080789     0.058745     0.035883     0.012224    -0.012224
    0.011766     0.034510     0.056461     0.077605     0.097918     0.117362     0.135886     0.153426     0.169901     0.185223     0.199294     0.212017     0.223298     0.233052     0.241217     0.247753     0.252653     0.255947     0.257709     0.258052     0.257136     0.255159     0.252354     0.248981     0.245319     0.241648     0.238241     0.235346     0.233177     0.231895     0.231607     0.232350     0.234099     0.236757     0.240170     0.244129     0.248384     0.252658     0.256659     0.260098     0.262697     0.264204     0.264401     0.263112     0.260204     0.255592     0.249232     0.241125     0.231307     0.219841     0.206817     0.192334     0.176503     0.159431     0.141222     0.121966     0.101744     0.080616     0.058632     0.035822     0.012207    -0.012207
    0.011756     0.034472     0.056385     0.077484     0.097744     0.117129     0.135590     0.153064     0.169476     0.184738     0.198757     0.211440     0.222695     0.232443     0.240622     0.247195     0.252156     0.255536     0.257407     0.257881     0.257113     0.255299     0.252666     0.249470     0.245980     0.242471     0.239209     0.236437     0.234361     0.233140     0.232876     0.233606     0.235305     0.237879     0.241176     0.244993     0.249086     0.253185     0.257005     0.260262     0.262686     0.264031     0.264083     0.262671     0.259663     0.254976     0.248567     0.240436     0.230616     0.219171     0.206184     0.191754     0.175985     0.158982     0.140845     0.121662     0.101509     0.080446     0.058520     0.035762     0.012189    -0.012189
    0.011746     0.034433     0.056310     0.077364     0.097573     0.116901     0.135301     0.152713     0.169062     0.184266     0.198236     0.210880     0.222111     0.231852     0.240044     0.246653     0.251674     0.255137     0.257114     0.257715     0.257092     0.255437     0.252972     0.249947     0.246625     0.243274     0.240154     0.237500     0.235515     0.234352     0.234112     0.234830     0.236479     0.238971     0.242155     0.245833     0.249769     0.253697     0.257340     0.260420     0.262675     0.263862     0.263773     0.262240     0.259135     0.254375     0.247919     0.239765     0.229944     0.218518     0.205568     0.191188     0.175480     0.158544     0.140477     0.121364     0.101279     0.080279     0.058410     0.035701     0.012172    -0.012172
    0.011736     0.034394     0.056235     0.077246     0.097404     0.116678     0.135019     0.152370     0.168659     0.183808     0.197729     0.210335     0.221543     0.231277     0.239483     0.246127     0.251206     0.254750     0.256830     0.257555     0.257074     0.255573     0.253272     0.250413     0.247254     0.244057     0.241074     0.238537     0.236640     0.235534     0.235316     0.236021     0.237623     0.240034     0.243108     0.246652     0.250433     0.254195     0.257665     0.260574     0.262662     0.263696     0.263471     0.261820     0.258621     0.253790     0.247288     0.239111     0.229290     0.217883     0.204968     0.190637     0.174987     0.158117     0.140117     0.121072     0.101052     0.080114     0.058300     0.035641     0.012154    -0.012154
    0.011725     0.034355     0.056160     0.077128     0.097239     0.116458     0.134742     0.152035     0.168267     0.183361     0.197236     0.209806     0.220991     0.230720     0.238939     0.245617     0.250752     0.254375     0.256556     0.257401     0.257057     0.255708     0.253565     0.250869     0.247869     0.244821     0.241973     0.239547     0.237736     0.236686     0.236490     0.237183     0.238738     0.241070     0.244036     0.247449     0.251080     0.254680     0.257982     0.260723     0.262650     0.263534     0.263175     0.261411     0.258120     0.253221     0.246673     0.238474     0.228652     0.217264     0.204383     0.190100     0.174507     0.157699     0.139765     0.120786     0.100830     0.079951     0.058192     0.035581     0.012136    -0.012136
    0.011714     0.034315     0.056085     0.077012     0.097075     0.116243     0.134472     0.151707     0.167883     0.182926     0.196756     0.209291     0.220454     0.230178     0.238410     0.245121     0.250312     0.254012     0.256290     0.257253     0.257043     0.255841     0.253853     0.251314     0.248470     0.245568     0.242849     0.240534     0.238806     0.237809     0.237634     0.238315     0.239824     0.242079     0.244941     0.248225     0.251711     0.255152     0.258290     0.260868     0.262638     0.263376     0.262887     0.261012     0.257631     0.252665     0.246074     0.237853     0.228031     0.216660     0.203813     0.189575     0.174037     0.157290     0.139420     0.120505     0.100610     0.079790     0.058084     0.035521     0.012118    -0.012118
    0.011703     0.034275     0.056010     0.076896     0.096914     0.116031     0.134206     0.151387     0.167509     0.182502     0.196289     0.208790     0.219933     0.229651     0.237896     0.244640     0.249884     0.253660     0.256034     0.257111     0.257032     0.255972     0.254136     0.251751     0.249057     0.246297     0.243705     0.241496     0.239849     0.238905     0.238750     0.239418     0.240884     0.243063     0.245823     0.248982     0.252325     0.255612     0.258590     0.261009     0.262626     0.263222     0.262606     0.260623     0.257155     0.252124     0.245490     0.237248     0.227425     0.216071     0.203256     0.189063     0.173578     0.156890     0.139082     0.120228     0.100394     0.079631     0.057977     0.035462     0.012100    -0.012100
    0.011691     0.034234     0.055935     0.076781     0.096754     0.115822     0.133945     0.151073     0.167144     0.182089     0.195833     0.208303     0.219425     0.229139     0.237397     0.244173     0.249470     0.253319     0.255786     0.256975     0.257023     0.256103     0.254414     0.252179     0.249631     0.247009     0.244542     0.242435     0.240868     0.239974     0.239839     0.240495     0.241916     0.244023     0.246683     0.249720     0.252924     0.256060     0.258883     0.261146     0.262614     0.263071     0.262332     0.260244     0.256691     0.251596     0.244921     0.236659     0.226834     0.215497     0.202713     0.188562     0.173129     0.156498     0.138749     0.119956     0.100181     0.079473     0.057871     0.035402     0.012082    -0.012082
    0.011679     0.034193     0.055860     0.076667     0.096595     0.115616     0.133689     0.150765     0.166786     0.181684     0.195389     0.207827     0.218931     0.228641     0.236912     0.243720     0.249068     0.252988     0.255547     0.256844     0.257017     0.256232     0.254687     0.252598     0.250194     0.247706     0.245358     0.243353     0.241862     0.241017     0.240901     0.241545     0.242924     0.244959     0.247522     0.250440     0.253508     0.256498     0.259169     0.261280     0.262602     0.262925     0.262065     0.259874     0.256238     0.251082     0.244366     0.236083     0.226258     0.214936     0.202182     0.188073     0.172689     0.156113     0.138423     0.119688     0.099970     0.079316     0.057765     0.035342     0.012063    -0.012063
    0.011667     0.034152     0.055784     0.076552     0.096438     0.115412     0.133437     0.150464     0.166436     0.181290     0.194956     0.207364     0.218450     0.228156     0.236440     0.243280     0.248678     0.252668     0.255316     0.256719     0.257013     0.256361     0.254956     0.253009     0.250744     0.248387     0.246157     0.244249     0.242833     0.242035     0.241938     0.242570     0.243907     0.245872     0.248340     0.251142     0.254078     0.256925     0.259448     0.261412     0.262592     0.262782     0.261805     0.259514     0.255797     0.250581     0.243825     0.235523     0.225696     0.214389     0.201664     0.187594     0.172258     0.155736     0.138102     0.119424     0.099762     0.079161     0.057659     0.035282     0.012045    -0.012045
    0.011654     0.034110     0.055708     0.076438     0.096282     0.115211     0.133188     0.150167     0.166093     0.180904     0.194533     0.206913     0.217982     0.227685     0.235982     0.242852     0.248300     0.252359     0.255093     0.256600     0.257012     0.256490     0.255221     0.253412     0.251283     0.249054     0.246937     0.245125     0.243781     0.243030     0.242950     0.243570     0.244867     0.246764     0.249139     0.251827     0.254635     0.257342     0.259720     0.261540     0.262582     0.262644     0.261552     0.259163     0.255368     0.250092     0.243297     0.234975     0.225147     0.213854     0.201157     0.187126     0.171836     0.155366     0.137786     0.119164     0.099555     0.079007     0.057554     0.035222     0.012026    -0.012026
    0.011641     0.034067     0.055632     0.076325     0.096127     0.115012     0.132943     0.149876     0.165757     0.180526     0.194119     0.206473     0.217526     0.227226     0.235536     0.242437     0.247933     0.252059     0.254878     0.256487     0.257014     0.256618     0.255481     0.253808     0.251811     0.249706     0.247700     0.245981     0.244707     0.244001     0.243938     0.244547     0.245803     0.247634     0.249918     0.252497     0.255178     0.257750     0.259987     0.261666     0.262573     0.262510     0.261306     0.258822     0.254949     0.249616     0.242782     0.234441     0.224611     0.213331     0.200661     0.186667     0.171423     0.155002     0.137476     0.118907     0.099351     0.078854     0.057449     0.035162     0.012007    -0.012007
    0.011628     0.034024     0.055555     0.076211     0.095973     0.114815     0.132702     0.149590     0.165427     0.180156     0.193716     0.206043     0.217081     0.226780     0.235103     0.242033     0.247578     0.251769     0.254671     0.256379     0.257018     0.256745     0.255739     0.254197     0.252329     0.250345     0.248447     0.246818     0.245613     0.244950     0.244904     0.245501     0.246718     0.248484     0.250680     0.253151     0.255709     0.258148     0.260248     0.261790     0.262565     0.262379     0.261067     0.258489     0.254541     0.249151     0.242280     0.233920     0.224087     0.212821     0.200176     0.186217     0.171016     0.154644     0.137169     0.118653     0.099149     0.078702     0.057344     0.035101     0.011988    -0.011988
    0.011615     0.033980     0.055478     0.076097     0.095820     0.114620     0.132464     0.149308     0.165104     0.179794     0.193321     0.205624     0.216647     0.226345     0.234681     0.241642     0.247233     0.251488     0.254472     0.256276     0.257026     0.256872     0.255992     0.254579     0.252837     0.250971     0.249178     0.247636     0.246498     0.245877     0.245847     0.246433     0.247612     0.249314     0.251424     0.253789     0.256228     0.258537     0.260503     0.261912     0.262558     0.262253     0.260834     0.258165     0.254143     0.248698     0.241790     0.233411     0.223575     0.212321     0.199701     0.185777     0.170618     0.154293     0.136868     0.118402     0.098949     0.078550     0.057240     0.035041     0.011969    -0.011969
    0.011601     0.033936     0.055401     0.075984     0.095668     0.114427     0.132228     0.149031     0.164786     0.179439     0.192935     0.205214     0.216225     0.225921     0.234271     0.241261     0.246898     0.251217     0.254279     0.256178     0.257035     0.256999     0.256243     0.254955     0.253335     0.251583     0.249893     0.248437     0.247363     0.246784     0.246769     0.247343     0.248485     0.250125     0.252151     0.254413     0.256736     0.258918     0.260753     0.262031     0.262552     0.262130     0.260607     0.257849     0.253755     0.248256     0.241312     0.232913     0.223075     0.211832     0.199235     0.185345     0.170226     0.153947     0.136570     0.118154     0.098750     0.078400     0.057135     0.034980     0.011950    -0.011950
    0.011587     0.033892     0.055323     0.075870     0.095516     0.114235     0.131996     0.148758     0.164473     0.179091     0.192557     0.204814     0.215812     0.225508     0.233872     0.240891     0.246574     0.250954     0.254095     0.256086     0.257048     0.257126     0.256490     0.255324     0.253824     0.252184     0.250593     0.249220     0.248210     0.247670     0.247670     0.248233     0.249338     0.250917     0.252861     0.255024     0.257232     0.259291     0.260999     0.262149     0.262547     0.262012     0.260387     0.257542     0.253377     0.247825     0.240845     0.232428     0.222586     0.211354     0.198779     0.184921     0.169841     0.153606     0.136276     0.117909     0.098554     0.078250     0.057031     0.034920     0.011930    -0.011930
    0.011573     0.033846     0.055245     0.075756     0.095365     0.114045     0.131766     0.148488     0.164166     0.178750     0.192186     0.204423     0.215409     0.225106     0.233484     0.240532     0.246259     0.250700     0.253917     0.255999     0.257063     0.257253     0.256734     0.255687     0.254303     0.252773     0.251279     0.249987     0.249037     0.248537     0.248551     0.249103     0.250173     0.251692     0.253556     0.255621     0.257717     0.259656     0.261239     0.262265     0.262543     0.261897     0.260172     0.257242     0.253009     0.247404     0.240389     0.231953     0.222108     0.210886     0.198333     0.184505     0.169463     0.153270     0.135987     0.117667     0.098358     0.078101     0.056927     0.034859     0.011911    -0.011911
    0.011558     0.033801     0.055166     0.075643     0.095214     0.113857     0.131539     0.148223     0.163864     0.178415     0.191824     0.204040     0.215016     0.224714     0.233106     0.240182     0.245954     0.250454     0.253746     0.255916     0.257080     0.257380     0.256976     0.256045     0.254774     0.253350     0.251950     0.250737     0.249848     0.249384     0.249412     0.249954     0.250988     0.252450     0.254235     0.256204     0.258192     0.260014     0.261475     0.262380     0.262541     0.261786     0.259964     0.256951     0.252650     0.246994     0.239944     0.231489     0.221640     0.210427     0.197895     0.184096     0.169091     0.152940     0.135701     0.117426     0.098164     0.077953     0.056824     0.034798     0.011891    -0.011891
    0.011543     0.033755     0.055087     0.075529     0.095065     0.113670     0.131314     0.147961     0.163567     0.178086     0.191469     0.203666     0.214632     0.224331     0.232738     0.239843     0.245657     0.250217     0.253581     0.255838     0.257101     0.257506     0.257214     0.256397     0.255237     0.253916     0.252608     0.251472     0.250640     0.250214     0.250255     0.250786     0.251786     0.253191     0.254899     0.256776     0.258658     0.260365     0.261707     0.262493     0.262539     0.261678     0.259762     0.256667     0.252300     0.246593     0.239509     0.231036     0.221183     0.209978     0.197465     0.183695     0.168725     0.152614     0.135418     0.117189     0.097972     0.077806     0.056720     0.034737     0.011871    -0.011871
    0.011528     0.033709     0.055008     0.075416     0.094915     0.113484     0.131091     0.147702     0.163275     0.177763     0.191121     0.203300     0.214257     0.223958     0.232379     0.239513     0.245370     0.249987     0.253423     0.255765     0.257123     0.257633     0.257450     0.256743     0.255691     0.254471     0.253253     0.252192     0.251417     0.251025     0.251079     0.251600     0.252566     0.253916     0.255549     0.257335     0.259113     0.260708     0.261934     0.262604     0.262539     0.261575     0.259565     0.256391     0.251958     0.246202     0.239085     0.230593     0.220735     0.209538     0.197043     0.183301     0.168365     0.152293     0.135139     0.116953     0.097781     0.077659     0.056617     0.034676     0.011851    -0.011851
    0.011513     0.033662     0.054928     0.075302     0.094766     0.113299     0.130871     0.147447     0.162986     0.177446     0.190779     0.202941     0.213891     0.223594     0.232030     0.239192     0.245092     0.249765     0.253272     0.255696     0.257148     0.257760     0.257683     0.257085     0.256138     0.255016     0.253886     0.252897     0.252177     0.251820     0.251886     0.252396     0.253329     0.254625     0.256186     0.257882     0.259559     0.261045     0.262157     0.262715     0.262541     0.261474     0.259374     0.256121     0.251625     0.245821     0.238670     0.230159     0.220296     0.209107     0.196630     0.182913     0.168010     0.151976     0.134863     0.116720     0.097591     0.077513     0.056513     0.034615     0.011831    -0.011831
    0.011498     0.033615     0.054848     0.075188     0.094618     0.113116     0.130653     0.147195     0.162703     0.177134     0.190444     0.202590     0.213533     0.223239     0.231690     0.238879     0.244821     0.249550     0.253126     0.255632     0.257175     0.257886     0.257914     0.257421     0.256576     0.255551     0.254506     0.253588     0.252921     0.252597     0.252676     0.253175     0.254076     0.255319     0.256808     0.258418     0.259996     0.261375     0.262377     0.262824     0.262543     0.261378     0.259188     0.255859     0.251300     0.245448     0.238264     0.229735     0.219867     0.208684     0.196224     0.182532     0.167661     0.151664     0.134590     0.116489     0.097403     0.077367     0.056410     0.034554     0.011811    -0.011811
    0.011482     0.033567     0.054768     0.075075     0.094471     0.112934     0.130437     0.146946     0.162423     0.176827     0.190116     0.202247     0.213182     0.222893     0.231359     0.238576     0.244559     0.249343     0.252986     0.255571     0.257205     0.258013     0.258143     0.257752     0.257008     0.256076     0.255114     0.254265     0.253650     0.253359     0.253449     0.253938     0.254807     0.255999     0.257418     0.258943     0.260425     0.261699     0.262593     0.262932     0.262547     0.261284     0.259008     0.255604     0.250984     0.245084     0.237868     0.229320     0.219446     0.208269     0.195825     0.182158     0.167318     0.151355     0.134321     0.116261     0.097216     0.077222     0.056308     0.034492     0.011791    -0.011791
    0.011466     0.033520     0.054688     0.074961     0.094323     0.112753     0.130223     0.146700     0.162147     0.176526     0.189793     0.201910     0.212840     0.222554     0.231036     0.238281     0.244304     0.249142     0.252852     0.255515     0.257236     0.258140     0.258369     0.258079     0.257432     0.256591     0.255710     0.254929     0.254364     0.254105     0.254205     0.254685     0.255523     0.256664     0.258015     0.259457     0.260845     0.262017     0.262805     0.263038     0.262552     0.261194     0.258833     0.255355     0.250675     0.244729     0.237480     0.228913     0.219034     0.207862     0.195433     0.181789     0.166979     0.151051     0.134054     0.116034     0.097031     0.077078     0.056205     0.034431     0.011770    -0.011770
    0.011451     0.033472     0.054607     0.074848     0.094177     0.112573     0.130011     0.146457     0.161876     0.176229     0.189476     0.201580     0.212505     0.222224     0.230721     0.237993     0.244057     0.248948     0.252723     0.255463     0.257270     0.258266     0.258592     0.258400     0.257849     0.257097     0.256295     0.255579     0.255064     0.254835     0.254946     0.255416     0.256224     0.257315     0.258600     0.259961     0.261257     0.262330     0.263014     0.263144     0.262558     0.261108     0.258663     0.255113     0.250373     0.244382     0.237101     0.228516     0.218630     0.207463     0.195048     0.181427     0.166645     0.150750     0.133791     0.115809     0.096846     0.076935     0.056103     0.034370     0.011750    -0.011750
    0.011435     0.033423     0.054527     0.074734     0.094031     0.112395     0.129800     0.146216     0.161608     0.175937     0.189165     0.201256     0.212177     0.221901     0.230414     0.237714     0.243818     0.248761     0.252600     0.255415     0.257305     0.258393     0.258814     0.258718     0.258260     0.257594     0.256869     0.256217     0.255750     0.255551     0.255672     0.256132     0.256910     0.257953     0.259173     0.260455     0.261660     0.262636     0.263220     0.263249     0.262565     0.261024     0.258497     0.254877     0.250079     0.244043     0.236731     0.228126     0.218234     0.207071     0.194670     0.181070     0.166316     0.150454     0.133530     0.115587     0.096663     0.076792     0.056001     0.034309     0.011730    -0.011730
    0.011418     0.033375     0.054446     0.074621     0.093885     0.112218     0.129592     0.145979     0.161343     0.175649     0.188860     0.200939     0.211856     0.221585     0.230114     0.237442     0.243585     0.248579     0.252482     0.255370     0.257343     0.258519     0.259033     0.259031     0.258663     0.258083     0.257432     0.256843     0.256422     0.256252     0.256383     0.256833     0.257583     0.258578     0.259734     0.260939     0.262056     0.262937     0.263422     0.263353     0.262574     0.260944     0.258337     0.254647     0.249792     0.243712     0.236368     0.227745     0.217846     0.206687     0.194299     0.180719     0.165992     0.150161     0.133272     0.115366     0.096482     0.076650     0.055899     0.034248     0.011709    -0.011709
    0.011402     0.033326     0.054365     0.074508     0.093740     0.112041     0.129386     0.145744     0.161082     0.175366     0.188560     0.200628     0.211542     0.221277     0.229822     0.237177     0.243359     0.248404     0.252368     0.255329     0.257382     0.258646     0.259250     0.259339     0.259061     0.258562     0.257985     0.257456     0.257081     0.256939     0.257080     0.257520     0.258241     0.259190     0.260284     0.261413     0.262445     0.263233     0.263622     0.263455     0.262583     0.260866     0.258181     0.254423     0.249512     0.243388     0.236013     0.227372     0.217465     0.206309     0.193933     0.180374     0.165672     0.149872     0.133017     0.115148     0.096301     0.076509     0.055798     0.034186     0.011689    -0.011689
    0.011386     0.033277     0.054284     0.074395     0.093596     0.111866     0.129181     0.145511     0.160825     0.175088     0.188265     0.200323     0.211234     0.220976     0.229537     0.236919     0.243140     0.248235     0.252260     0.255291     0.257424     0.258772     0.259466     0.259644     0.259451     0.259034     0.258528     0.258058     0.257727     0.257613     0.257763     0.258194     0.258886     0.259790     0.260824     0.261879     0.262826     0.263523     0.263818     0.263557     0.262594     0.260792     0.258029     0.254205     0.249239     0.243071     0.235666     0.227006     0.217092     0.205939     0.193574     0.180033     0.165356     0.149586     0.132764     0.114931     0.096122     0.076369     0.055697     0.034126     0.011668    -0.011668
    0.011369     0.033229     0.054203     0.074283     0.093453     0.111693     0.128978     0.145282     0.160571     0.174813     0.187975     0.200024     0.210933     0.220681     0.229259     0.236668     0.242927     0.248071     0.252156     0.255256     0.257466     0.258898     0.259678     0.259944     0.259836     0.259497     0.259061     0.258649     0.258361     0.258273     0.258432     0.258853     0.259519     0.260378     0.261352     0.262335     0.263201     0.263809     0.264011     0.263658     0.262606     0.260720     0.257882     0.253992     0.248972     0.242762     0.235326     0.226647     0.216725     0.205575     0.193221     0.179698     0.165045     0.149304     0.132514     0.114716     0.095944     0.076229     0.055596     0.034065     0.011648    -0.011648
    0.011353     0.033180     0.054122     0.074170     0.093310     0.111520     0.128778     0.145055     0.160320     0.174543     0.187690     0.199730     0.210637     0.220393     0.228988     0.236424     0.242720     0.247913     0.252057     0.255225     0.257511     0.259024     0.259889     0.260240     0.260215     0.259953     0.259585     0.259228     0.258982     0.258920     0.259088     0.259500     0.260139     0.260955     0.261871     0.262783     0.263568     0.264089     0.264202     0.263758     0.262618     0.260651     0.257739     0.253785     0.248711     0.242460     0.234994     0.226296     0.216366     0.205217     0.192873     0.179368     0.164739     0.149025     0.132267     0.114503     0.095768     0.076090     0.055496     0.034004     0.011627    -0.011627
    0.011336     0.033130     0.054041     0.074059     0.093167     0.111349     0.128578     0.144830     0.160073     0.174277     0.187409     0.199441     0.210348     0.220112     0.228723     0.236186     0.242520     0.247760     0.251962     0.255197     0.257557     0.259150     0.260098     0.260532     0.260588     0.260401     0.260099     0.259797     0.259592     0.259555     0.259731     0.260134     0.260746     0.261520     0.262379     0.263222     0.263929     0.264365     0.264389     0.263858     0.262632     0.260584     0.257600     0.253583     0.248457     0.242164     0.234668     0.225952     0.216013     0.204865     0.192531     0.179043     0.164436     0.148750     0.132023     0.114292     0.095592     0.075952     0.055396     0.033944     0.011607    -0.011607
    0.011320     0.033081     0.053960     0.073947     0.093026     0.111178     0.128381     0.144608     0.159829     0.174014     0.187133     0.199158     0.210065     0.219836     0.228464     0.235954     0.242325     0.247613     0.251871     0.255171     0.257605     0.259276     0.260305     0.260820     0.260955     0.260841     0.260604     0.260355     0.260190     0.260177     0.260361     0.260755     0.261342     0.262074     0.262877     0.263653     0.264283     0.264636     0.264574     0.263956     0.262647     0.260521     0.257465     0.253386     0.248208     0.241875     0.234349     0.225614     0.215667     0.204520     0.192195     0.178722     0.164137     0.148478     0.131781     0.114083     0.095418     0.075815     0.055297     0.033883     0.011586    -0.011586
    0.011303     0.033032     0.053880     0.073836     0.092885     0.111009     0.128186     0.144388     0.159588     0.173756     0.186862     0.198880     0.209787     0.219566     0.228212     0.235728     0.242136     0.247470     0.251784     0.255149     0.257653     0.259402     0.260510     0.261105     0.261317     0.261274     0.261100     0.260904     0.260777     0.260788     0.260980     0.261364     0.261926     0.262617     0.263366     0.264076     0.264631     0.264903     0.264756     0.264054     0.262662     0.260459     0.257334     0.253194     0.247965     0.241592     0.234037     0.225283     0.215327     0.204181     0.191864     0.178407     0.163843     0.148209     0.131542     0.113876     0.095246     0.075679     0.055198     0.033823     0.011566    -0.011566
    0.011286     0.032983     0.053799     0.073725     0.092745     0.110842     0.127992     0.144170     0.159350     0.173501     0.186595     0.198607     0.209515     0.219302     0.227965     0.235508     0.241952     0.247332     0.251701     0.255129     0.257704     0.259527     0.260713     0.261386     0.261673     0.261700     0.261587     0.261442     0.261353     0.261387     0.261586     0.261962     0.262498     0.263150     0.263846     0.264491     0.264973     0.265165     0.264936     0.264150     0.262679     0.260400     0.257207     0.253007     0.247728     0.241315     0.233731     0.224959     0.214994     0.203847     0.191538     0.178096     0.163552     0.147943     0.131305     0.113671     0.095075     0.075543     0.055100     0.033763     0.011546    -0.011546
    0.011270     0.032934     0.053719     0.073614     0.092606     0.110675     0.127800     0.143955     0.159115     0.173250     0.186333     0.198339     0.209247     0.219044     0.227724     0.235293     0.241773     0.247198     0.251621     0.255112     0.257755     0.259652     0.260914     0.261663     0.262023     0.262119     0.262066     0.261970     0.261918     0.261975     0.262181     0.262548     0.263060     0.263673     0.264317     0.264898     0.265308     0.265423     0.265113     0.264246     0.262696     0.260344     0.257083     0.252825     0.247496     0.241044     0.233432     0.224640     0.214666     0.203519     0.191218     0.177789     0.163265     0.147681     0.131070     0.113468     0.094905     0.075409     0.055002     0.033704     0.011526    -0.011526
    0.011253     0.032885     0.053639     0.073504     0.092467     0.110510     0.127610     0.143743     0.158883     0.173002     0.186074     0.198076     0.208986     0.218791     0.227488     0.235084     0.241599     0.247069     0.251546     0.255097     0.257808     0.259776     0.261113     0.261937     0.262369     0.262531     0.262537     0.262489     0.262473     0.262551     0.262764     0.263123     0.263611     0.264186     0.264778     0.265299     0.265638     0.265677     0.265288     0.264342     0.262714     0.260289     0.256963     0.252647     0.247270     0.240779     0.233138     0.224328     0.214345     0.203197     0.190902     0.177487     0.162982     0.147421     0.130839     0.113267     0.094736     0.075275     0.054905     0.033644     0.011505    -0.011505
    0.011236     0.032836     0.053559     0.073395     0.092330     0.110346     0.127421     0.143532     0.158653     0.172758     0.185820     0.197817     0.208729     0.218544     0.227258     0.234880     0.241431     0.246944     0.251473     0.255085     0.257861     0.259901     0.261310     0.262206     0.262709     0.262936     0.262999     0.262998     0.263017     0.263117     0.263337     0.263687     0.264152     0.264689     0.265232     0.265691     0.265962     0.265926     0.265460     0.264436     0.262733     0.260237     0.256846     0.252473     0.247049     0.240519     0.232850     0.224021     0.214029     0.202879     0.190591     0.177189     0.162703     0.147165     0.130609     0.113067     0.094569     0.075142     0.054808     0.033585     0.011485    -0.011485
    0.011219     0.032787     0.053480     0.073286     0.092193     0.110183     0.127234     0.143324     0.158427     0.172517     0.185570     0.197562     0.208477     0.218301     0.227034     0.234682     0.241267     0.246824     0.251404     0.255075     0.257916     0.260024     0.261505     0.262473     0.263044     0.263335     0.263454     0.263499     0.263552     0.263672     0.263898     0.264240     0.264682     0.265183     0.265677     0.266077     0.266281     0.266172     0.265629     0.264530     0.262753     0.260187     0.256732     0.252304     0.246832     0.240265     0.232568     0.223721     0.213718     0.202568     0.190285     0.176896     0.162427     0.146912     0.130382     0.112870     0.094404     0.075011     0.054712     0.033526     0.011465    -0.011465
    0.011203     0.032739     0.053400     0.073178     0.092057     0.110021     0.127049     0.143118     0.158204     0.172280     0.185323     0.197312     0.208229     0.218064     0.226814     0.234488     0.241107     0.246707     0.251338     0.255067     0.257972     0.260148     0.261699     0.262736     0.263374     0.263727     0.263901     0.263991     0.264077     0.264217     0.264449     0.264783     0.265202     0.265667     0.266113     0.266456     0.266593     0.266414     0.265797     0.264622     0.262773     0.260139     0.256622     0.252139     0.246621     0.240017     0.232292     0.223426     0.213413     0.202261     0.189984     0.176606     0.162155     0.146662     0.130158     0.112674     0.094239     0.074880     0.054617     0.033468     0.011445    -0.011445
    0.011186     0.032690     0.053321     0.073070     0.091922     0.109861     0.126866     0.142915     0.157983     0.172046     0.185081     0.197067     0.207987     0.217831     0.226599     0.234299     0.240952     0.246595     0.251276     0.255061     0.258028     0.260271     0.261890     0.262996     0.263700     0.264113     0.264340     0.264474     0.264592     0.264752     0.264990     0.265315     0.265713     0.266143     0.266542     0.266828     0.266901     0.266651     0.265962     0.264714     0.262794     0.260092     0.256515     0.251978     0.246414     0.239773     0.232021     0.223136     0.213114     0.201959     0.189687     0.176321     0.161887     0.146415     0.129936     0.112480     0.094077     0.074750     0.054522     0.033410     0.011425    -0.011425
    0.011169     0.032642     0.053243     0.072963     0.091789     0.109703     0.126685     0.142714     0.157765     0.171815     0.184842     0.196825     0.207748     0.217603     0.226389     0.234114     0.240802     0.246486     0.251216     0.255057     0.258086     0.260393     0.262080     0.263252     0.264020     0.264493     0.264772     0.264948     0.265098     0.265278     0.265521     0.265838     0.266214     0.266609     0.266963     0.267193     0.267203     0.266885     0.266125     0.264805     0.262815     0.260048     0.256410     0.251820     0.246212     0.239535     0.231755     0.222852     0.212819     0.201662     0.189395     0.176040     0.161622     0.146170     0.129716     0.112288     0.093915     0.074621     0.054428     0.033352     0.011405    -0.011405
    0.011153     0.032594     0.053165     0.072856     0.091656     0.109545     0.126505     0.142515     0.157550     0.171588     0.184607     0.196588     0.207515     0.217380     0.226183     0.233934     0.240655     0.246380     0.251159     0.255055     0.258144     0.260515     0.262267     0.263505     0.264336     0.264866     0.265196     0.265415     0.265595     0.265793     0.266042     0.266351     0.266706     0.267068     0.267376     0.267552     0.267500     0.267115     0.266285     0.264896     0.262837     0.260006     0.256309     0.251667     0.246014     0.239301     0.231494     0.222572     0.212530     0.201370     0.189107     0.175762     0.161360     0.145929     0.129499     0.112099     0.093755     0.074494     0.054334     0.033295     0.011386    -0.011386
    0.011136     0.032546     0.053087     0.072751     0.091524     0.109389     0.126328     0.142318     0.157337     0.171364     0.184376     0.196354     0.207285     0.217161     0.225982     0.233759     0.240512     0.246278     0.251105     0.255055     0.258203     0.260637     0.262453     0.263755     0.264647     0.265234     0.265614     0.265873     0.266084     0.266300     0.266554     0.266855     0.267189     0.267517     0.267782     0.267905     0.267793     0.267342     0.266443     0.264985     0.262860     0.259965     0.256210     0.251517     0.245820     0.239072     0.231238     0.222298     0.212245     0.201083     0.188824     0.175489     0.161102     0.145691     0.129284     0.111910     0.093597     0.074367     0.054242     0.033238     0.011366    -0.011366
    0.011120     0.032498     0.053010     0.072646     0.091393     0.109234     0.126151     0.142123     0.157128     0.171143     0.184148     0.196125     0.207060     0.216947     0.225786     0.233587     0.240374     0.246180     0.251053     0.255056     0.258262     0.260758     0.262637     0.264001     0.264954     0.265596     0.266024     0.266323     0.266563     0.266797     0.267056     0.267349     0.267663     0.267959     0.268181     0.268251     0.268080     0.267565     0.266599     0.265074     0.262883     0.259926     0.256114     0.251370     0.245631     0.238848     0.230988     0.222029     0.211965     0.200800     0.188545     0.175219     0.160847     0.145455     0.129072     0.111724     0.093440     0.074241     0.054150     0.033181     0.011347    -0.011347
    0.011103     0.032450     0.052933     0.072541     0.091263     0.109081     0.125977     0.141931     0.156921     0.170925     0.183923     0.195899     0.206839     0.216737     0.225593     0.233420     0.240239     0.246085     0.251004     0.255059     0.258322     0.260878     0.262819     0.264245     0.265256     0.265953     0.266428     0.266766     0.267034     0.267285     0.267549     0.267835     0.268128     0.268393     0.268572     0.268591     0.268362     0.267785     0.266753     0.265162     0.262906     0.259888     0.256021     0.251227     0.245446     0.238628     0.230741     0.221765     0.211690     0.200522     0.188270     0.174953     0.160595     0.145222     0.128861     0.111540     0.093284     0.074117     0.054058     0.033125     0.011327    -0.011327
    0.011087     0.032403     0.052856     0.072438     0.091134     0.108929     0.125805     0.141741     0.156716     0.170710     0.183702     0.195677     0.206622     0.216531     0.225405     0.233257     0.240108     0.245992     0.250958     0.255064     0.258383     0.260998     0.262999     0.264485     0.265554     0.266303     0.266825     0.267201     0.267497     0.267765     0.268033     0.268311     0.268585     0.268818     0.268956     0.268926     0.268640     0.268001     0.266905     0.265249     0.262930     0.259852     0.255930     0.251088     0.245265     0.238413     0.230500     0.221505     0.211420     0.200248     0.187999     0.174691     0.160347     0.144992     0.128654     0.111358     0.093130     0.073993     0.053968     0.033069     0.011308    -0.011308
    0.011071     0.032356     0.052781     0.072335     0.091006     0.108778     0.125634     0.141553     0.156514     0.170498     0.183484     0.195459     0.206408     0.216328     0.225221     0.233097     0.239980     0.245903     0.250914     0.255070     0.258444     0.261117     0.263178     0.264722     0.265847     0.266649     0.267216     0.267628     0.267952     0.268236     0.268509     0.268779     0.269033     0.269236     0.269334     0.269255     0.268913     0.268213     0.267055     0.265335     0.262954     0.259818     0.255841     0.250951     0.245087     0.238202     0.230263     0.221250     0.211154     0.199978     0.187732     0.174433     0.160102     0.144765     0.128448     0.111177     0.092977     0.073871     0.053878     0.033013     0.011289    -0.011289
    0.011055     0.032309     0.052705     0.072233     0.090879     0.108629     0.125465     0.141367     0.156315     0.170288     0.183270     0.195244     0.206199     0.216130     0.225041     0.232942     0.239856     0.245817     0.250872     0.255078     0.258506     0.261235     0.263354     0.264956     0.266136     0.266988     0.267600     0.268049     0.268399     0.268698     0.268976     0.269239     0.269474     0.269647     0.269705     0.269578     0.269181     0.268423     0.267203     0.265421     0.262979     0.259785     0.255755     0.250818     0.244913     0.237995     0.230031     0.220999     0.210893     0.199713     0.187469     0.174178     0.159860     0.144541     0.128245     0.110999     0.092826     0.073750     0.053789     0.032958     0.011270    -0.011270
    0.011038     0.032263     0.052630     0.072131     0.090754     0.108482     0.125298     0.141183     0.156118     0.170082     0.183059     0.195033     0.205993     0.215936     0.224864     0.232790     0.239735     0.245734     0.250832     0.255087     0.258568     0.261353     0.263529     0.265187     0.266421     0.267323     0.267978     0.268462     0.268838     0.269153     0.269434     0.269690     0.269907     0.270051     0.270070     0.269895     0.269446     0.268629     0.267348     0.265505     0.263004     0.259753     0.255671     0.250688     0.244743     0.237792     0.229802     0.220753     0.210636     0.199452     0.187210     0.173926     0.159622     0.144319     0.128044     0.110822     0.092677     0.073630     0.053700     0.032904     0.011251    -0.011251
    0.011022     0.032217     0.052556     0.072031     0.090629     0.108335     0.125133     0.141002     0.155923     0.169879     0.182851     0.194825     0.205791     0.215746     0.224691     0.232641     0.239617     0.245653     0.250794     0.255097     0.258630     0.261470     0.263701     0.265415     0.266702     0.267652     0.268349     0.268868     0.269269     0.269599     0.269885     0.270133     0.270331     0.270447     0.270428     0.270207     0.269705     0.268832     0.267492     0.265589     0.263029     0.259723     0.255590     0.250560     0.244577     0.237593     0.229578     0.220511     0.210383     0.199195     0.186955     0.173678     0.159386     0.144100     0.127846     0.110647     0.092529     0.073511     0.053613     0.032850     0.011233    -0.011233
    0.011007     0.032171     0.052482     0.071931     0.090506     0.108191     0.124969     0.140822     0.155732     0.169678     0.182646     0.194621     0.205593     0.215559     0.224522     0.232496     0.239502     0.245575     0.250758     0.255108     0.258692     0.261586     0.263872     0.265640     0.266979     0.267977     0.268715     0.269267     0.269693     0.270038     0.270327     0.270569     0.270749     0.270836     0.270780     0.270514     0.269961     0.269032     0.267634     0.265672     0.263055     0.259694     0.255510     0.250436     0.244414     0.237398     0.229358     0.220273     0.210134     0.198941     0.186703     0.173434     0.159153     0.143884     0.127650     0.110475     0.092382     0.073393     0.053526     0.032796     0.011214    -0.011214
    0.010991     0.032126     0.052409     0.071832     0.090383     0.108047     0.124807     0.140645     0.155542     0.169481     0.182444     0.194420     0.205398     0.215375     0.224357     0.232354     0.239391     0.245499     0.250724     0.255121     0.258755     0.261701     0.264042     0.265862     0.267252     0.268296     0.269075     0.269660     0.270110     0.270469     0.270762     0.270996     0.271159     0.271218     0.271126     0.270816     0.270212     0.269228     0.267774     0.265754     0.263080     0.259666     0.255433     0.250314     0.244254     0.237207     0.229142     0.220040     0.209890     0.198692     0.186455     0.173193     0.158924     0.143671     0.127456     0.110304     0.092237     0.073276     0.053440     0.032743     0.011196    -0.011196
    0.010975     0.032080     0.052337     0.071734     0.090262     0.107905     0.124647     0.140470     0.155355     0.169286     0.182246     0.194222     0.205206     0.215195     0.224194     0.232216     0.239282     0.245426     0.250692     0.255135     0.258818     0.261816     0.264209     0.266082     0.267521     0.268610     0.269429     0.270046     0.270520     0.270892     0.271189     0.271416     0.271562     0.271594     0.271465     0.271112     0.270459     0.269422     0.267911     0.265836     0.263106     0.259639     0.255358     0.250195     0.244097     0.237019     0.228930     0.219810     0.209649     0.198447     0.186211     0.172955     0.158698     0.143460     0.127264     0.110135     0.092093     0.073160     0.053355     0.032690     0.011177    -0.011177
    0.010959     0.032036     0.052265     0.071637     0.090142     0.107765     0.124489     0.140297     0.155171     0.169093     0.182050     0.194027     0.205018     0.215019     0.224035     0.232080     0.239176     0.245356     0.250662     0.255149     0.258881     0.261930     0.264374     0.266298     0.267786     0.268920     0.269777     0.270426     0.270923     0.271309     0.271609     0.271829     0.271957     0.271963     0.271799     0.271404     0.270702     0.269613     0.268047     0.265916     0.263133     0.259613     0.255284     0.250079     0.243944     0.236835     0.228722     0.219584     0.209412     0.198205     0.185970     0.172721     0.158474     0.143251     0.127075     0.109967     0.091951     0.073046     0.053270     0.032638     0.011159    -0.011159
    0.010944     0.031991     0.052193     0.071541     0.090024     0.107626     0.124332     0.140126     0.154989     0.168904     0.181857     0.193836     0.204833     0.214846     0.223880     0.231948     0.239073     0.245287     0.250633     0.255165     0.258944     0.262043     0.264538     0.266512     0.268047     0.269224     0.270120     0.270799     0.271318     0.271718     0.272021     0.272234     0.272346     0.272326     0.272128     0.271690     0.270942     0.269801     0.268181     0.265996     0.263159     0.259589     0.255213     0.249965     0.243794     0.236655     0.228518     0.219362     0.209179     0.197967     0.185733     0.172490     0.158254     0.143046     0.126888     0.109802     0.091810     0.072933     0.053187     0.032586     0.011141    -0.011141
    0.010929     0.031947     0.052122     0.071446     0.089906     0.107488     0.124178     0.139957     0.154809     0.168717     0.181667     0.193647     0.204651     0.214676     0.223727     0.231819     0.238973     0.245221     0.250606     0.255181     0.259008     0.262155     0.264700     0.266723     0.268305     0.269525     0.270457     0.271166     0.271708     0.272120     0.272426     0.272633     0.272728     0.272682     0.272450     0.271972     0.271177     0.269986     0.268314     0.266075     0.263185     0.259565     0.255143     0.249854     0.243646     0.236477     0.228317     0.219144     0.208950     0.197733     0.185500     0.172262     0.158036     0.142843     0.126703     0.109639     0.091671     0.072821     0.053104     0.032535     0.011124    -0.011124
    0.010913     0.031904     0.052052     0.071351     0.089789     0.107352     0.124025     0.139790     0.154631     0.168533     0.181480     0.193462     0.204472     0.214509     0.223578     0.231692     0.238875     0.245157     0.250581     0.255199     0.259071     0.262267     0.264860     0.266931     0.268558     0.269820     0.270788     0.271528     0.272090     0.272515     0.272824     0.273024     0.273103     0.273032     0.272767     0.272249     0.271409     0.270168     0.268444     0.266153     0.263212     0.259543     0.255075     0.249745     0.243502     0.236303     0.228119     0.218930     0.208725     0.197503     0.185269     0.172037     0.157821     0.142642     0.126520     0.109477     0.091534     0.072710     0.053022     0.032484     0.011106    -0.011106
    0.010898     0.031860     0.051983     0.071258     0.089674     0.107218     0.123874     0.139625     0.154456     0.168351     0.181296     0.193280     0.204297     0.214345     0.223432     0.231569     0.238779     0.245095     0.250557     0.255217     0.259134     0.262377     0.265019     0.267136     0.268809     0.270111     0.271115     0.271883     0.272466     0.272903     0.273215     0.273409     0.273472     0.273377     0.273079     0.272521     0.271636     0.270347     0.268572     0.266230     0.263239     0.259521     0.255009     0.249639     0.243360     0.236133     0.227925     0.218719     0.208503     0.197275     0.185042     0.171815     0.157609     0.142444     0.126340     0.109317     0.091398     0.072600     0.052941     0.032434     0.011089    -0.011089
    0.010883     0.031817     0.051914     0.071165     0.089560     0.107085     0.123724     0.139463     0.154283     0.168172     0.181114     0.193100     0.204124     0.214185     0.223288     0.231448     0.238686     0.245035     0.250535     0.255236     0.259198     0.262487     0.265175     0.267339     0.269055     0.270398     0.271436     0.272232     0.272836     0.273285     0.273600     0.273787     0.273834     0.273715     0.273385     0.272789     0.271860     0.270523     0.268699     0.266306     0.263265     0.259501     0.254944     0.249534     0.243222     0.235965     0.227735     0.218512     0.208284     0.197052     0.184819     0.171596     0.157400     0.142248     0.126161     0.109159     0.091263     0.072491     0.052860     0.032384     0.011071    -0.011071
    0.010868     0.031775     0.051846     0.071074     0.089447     0.106953     0.123577     0.139302     0.154113     0.167995     0.180935     0.192924     0.203954     0.214027     0.223147     0.231330     0.238596     0.244977     0.250513     0.255255     0.259261     0.262596     0.265330     0.267539     0.269298     0.270680     0.271752     0.272576     0.273200     0.273660     0.273978     0.274158     0.274191     0.274047     0.273686     0.273053     0.272081     0.270697     0.268824     0.266382     0.263292     0.259481     0.254881     0.249432     0.243086     0.235801     0.227548     0.218308     0.208069     0.196831     0.184598     0.171381     0.157194     0.142055     0.125985     0.109003     0.091130     0.072384     0.052781     0.032334     0.011054    -0.011054
    0.010854     0.031733     0.051778     0.070983     0.089336     0.106823     0.123431     0.139143     0.153945     0.167821     0.180759     0.192750     0.203788     0.213872     0.223010     0.231214     0.238507     0.244920     0.250494     0.255276     0.259324     0.262703     0.265483     0.267737     0.269538     0.270958     0.272063     0.272914     0.273557     0.274029     0.274349     0.274523     0.274541     0.274374     0.273982     0.273312     0.272298     0.270868     0.268947     0.266456     0.263319     0.259462     0.254819     0.249333     0.242952     0.235639     0.227364     0.218107     0.207858     0.196615     0.184381     0.171168     0.156990     0.141865     0.125811     0.108849     0.090999     0.072278     0.052702     0.032286     0.011037    -0.011037
    0.010839     0.031691     0.051711     0.070893     0.089225     0.106694     0.123287     0.138986     0.153779     0.167649     0.180586     0.192579     0.203624     0.213720     0.222875     0.231101     0.238421     0.244866     0.250475     0.255297     0.259387     0.262810     0.265635     0.267932     0.269774     0.271231     0.272370     0.273246     0.273909     0.274391     0.274714     0.274882     0.274885     0.274695     0.274274     0.273567     0.272511     0.271037     0.269069     0.266530     0.263346     0.259444     0.254759     0.249235     0.242821     0.235481     0.227183     0.217910     0.207650     0.196401     0.184167     0.170959     0.156789     0.141677     0.125639     0.108697     0.090869     0.072173     0.052624     0.032237     0.011020    -0.011020
    0.010825     0.031649     0.051645     0.070804     0.089116     0.106567     0.123144     0.138832     0.153615     0.167480     0.180415     0.192411     0.203463     0.213571     0.222742     0.230990     0.238337     0.244813     0.250458     0.255318     0.259450     0.262917     0.265784     0.268124     0.270006     0.271501     0.272671     0.273573     0.274254     0.274748     0.275073     0.275235     0.275223     0.275011     0.274560     0.273817     0.272721     0.271203     0.269189     0.266603     0.263372     0.259426     0.254701     0.249139     0.242693     0.235325     0.227006     0.217716     0.207445     0.196190     0.183956     0.170752     0.156591     0.141491     0.125469     0.108546     0.090740     0.072069     0.052547     0.032189     0.011004    -0.011004
    0.010810     0.031608     0.051580     0.070716     0.089008     0.106441     0.123003     0.138679     0.153453     0.167313     0.180247     0.192245     0.203304     0.213424     0.222612     0.230882     0.238255     0.244762     0.250441     0.255340     0.259513     0.263022     0.265932     0.268314     0.270236     0.271766     0.272967     0.273895     0.274594     0.275098     0.275426     0.275581     0.275555     0.275321     0.274841     0.274064     0.272928     0.271366     0.269307     0.266675     0.263399     0.259410     0.254644     0.249045     0.242567     0.235172     0.226831     0.217525     0.207243     0.195983     0.183748     0.170548     0.156396     0.141307     0.125302     0.108397     0.090613     0.071966     0.052471     0.032142     0.010987    -0.010987
    0.010796     0.031568     0.051515     0.070629     0.088901     0.106317     0.122864     0.138528     0.153294     0.167149     0.180081     0.192082     0.203149     0.213281     0.222485     0.230776     0.238175     0.244713     0.250426     0.255363     0.259576     0.263126     0.266078     0.268501     0.270462     0.272027     0.273259     0.274212     0.274929     0.275443     0.275772     0.275922     0.275882     0.275627     0.275118     0.274306     0.273131     0.271527     0.269423     0.266746     0.263426     0.259394     0.254588     0.248953     0.242444     0.235022     0.226659     0.217337     0.207045     0.195779     0.183544     0.170347     0.156203     0.141126     0.125136     0.108250     0.090487     0.071864     0.052396     0.032095     0.010971    -0.010971
    0.010782     0.031528     0.051451     0.070543     0.088795     0.106194     0.122727     0.138379     0.153137     0.166986     0.179918     0.191922     0.202996     0.213139     0.222360     0.230673     0.238097     0.244665     0.250412     0.255386     0.259638     0.263229     0.266223     0.268686     0.270685     0.272285     0.273547     0.274523     0.275257     0.275781     0.276113     0.276257     0.276203     0.275927     0.275390     0.274544     0.273331     0.271686     0.269538     0.266817     0.263453     0.259378     0.254533     0.248863     0.242323     0.234874     0.226491     0.217152     0.206849     0.195578     0.183342     0.170149     0.156012     0.140948     0.124973     0.108105     0.090363     0.071764     0.052321     0.032049     0.010955    -0.010955
    0.010768     0.031488     0.051387     0.070458     0.088691     0.106073     0.122592     0.138232     0.152982     0.166827     0.179757     0.191764     0.202845     0.213001     0.222238     0.230571     0.238022     0.244618     0.250399     0.255409     0.259700     0.263332     0.266366     0.268868     0.270904     0.272538     0.273830     0.274830     0.275581     0.276115     0.276448     0.276586     0.276519     0.276221     0.275657     0.274779     0.273528     0.271842     0.269651     0.266887     0.263479     0.259364     0.254480     0.248775     0.242204     0.234729     0.226325     0.216971     0.206657     0.195380     0.183143     0.169953     0.155825     0.140771     0.124811     0.107962     0.090241     0.071664     0.052248     0.032003     0.010939    -0.010939
    0.010754     0.031449     0.051324     0.070374     0.088588     0.105953     0.122458     0.138087     0.152829     0.166669     0.179598     0.191609     0.202697     0.212864     0.222118     0.230472     0.237947     0.244573     0.250387     0.255433     0.259762     0.263433     0.266507     0.269048     0.271121     0.272788     0.274108     0.275131     0.275899     0.276442     0.276778     0.276910     0.276829     0.276511     0.275921     0.275009     0.273722     0.271995     0.269763     0.266955     0.263506     0.259350     0.254428     0.248689     0.242087     0.234587     0.226162     0.216792     0.206468     0.195185     0.182947     0.169761     0.155639     0.140597     0.124652     0.107820     0.090119     0.071566     0.052175     0.031958     0.010923    -0.010923
    0.010741     0.031410     0.051262     0.070291     0.088486     0.105835     0.122325     0.137944     0.152678     0.166514     0.179442     0.191456     0.202552     0.212731     0.222000     0.230375     0.237875     0.244530     0.250376     0.255457     0.259824     0.263533     0.266646     0.269225     0.271334     0.273034     0.274382     0.275428     0.276212     0.276764     0.277102     0.277229     0.277134     0.276796     0.276179     0.275236     0.273913     0.272147     0.269873     0.267023     0.263532     0.259336     0.254377     0.248604     0.241972     0.234447     0.226001     0.216616     0.206281     0.194993     0.182753     0.169571     0.155457     0.140426     0.124494     0.107680     0.090000     0.071469     0.052103     0.031913     0.010908    -0.010908
    0.010727     0.031371     0.051201     0.070209     0.088385     0.105718     0.122195     0.137803     0.152529     0.166361     0.179289     0.191306     0.202409     0.212599     0.221885     0.230280     0.237804     0.244488     0.250366     0.255482     0.259885     0.263633     0.266784     0.269400     0.271544     0.273276     0.274652     0.275720     0.276520     0.277081     0.277420     0.277541     0.277434     0.277077     0.276434     0.275459     0.274100     0.272296     0.269981     0.267090     0.263558     0.259323     0.254328     0.248521     0.241860     0.234310     0.225844     0.216443     0.206098     0.194803     0.182563     0.169383     0.155276     0.140256     0.124339     0.107542     0.089881     0.071373     0.052032     0.031869     0.010892    -0.010892
    0.010714     0.031333     0.051140     0.070127     0.088285     0.105602     0.122066     0.137663     0.152382     0.166210     0.179137     0.191158     0.202268     0.212470     0.221772     0.230187     0.237736     0.244447     0.250356     0.255506     0.259947     0.263731     0.266920     0.269573     0.271751     0.273515     0.274917     0.276007     0.276822     0.277393     0.277734     0.277849     0.277730     0.277352     0.276684     0.275679     0.274285     0.272442     0.270088     0.267157     0.263585     0.259311     0.254279     0.248439     0.241750     0.234175     0.225689     0.216273     0.205917     0.194617     0.182375     0.169199     0.155099     0.140089     0.124186     0.107405     0.089764     0.071278     0.051961     0.031825     0.010877    -0.010877
    0.010701     0.031296     0.051080     0.070047     0.088187     0.105488     0.121939     0.137526     0.152237     0.166061     0.178988     0.191012     0.202130     0.212343     0.221661     0.230095     0.237668     0.244407     0.250348     0.255531     0.260007     0.263829     0.267054     0.269743     0.271956     0.273750     0.275179     0.276289     0.277120     0.277699     0.278042     0.278152     0.278020     0.277623     0.276930     0.275895     0.274467     0.272587     0.270193     0.267222     0.263611     0.259299     0.254232     0.248360     0.241641     0.234042     0.225536     0.216105     0.205739     0.194433     0.182190     0.169016     0.154923     0.139924     0.124034     0.107270     0.089649     0.071185     0.051892     0.031781     0.010862    -0.010862
    0.010688     0.031258     0.051021     0.069967     0.088089     0.105375     0.121813     0.137390     0.152094     0.165914     0.178841     0.190868     0.201994     0.212219     0.221552     0.230006     0.237603     0.244369     0.250340     0.255557     0.260068     0.263926     0.267187     0.269911     0.272157     0.273981     0.275436     0.276567     0.277413     0.278000     0.278345     0.278449     0.278305     0.277890     0.277172     0.276107     0.274646     0.272729     0.270297     0.267287     0.263637     0.259287     0.254185     0.248281     0.241535     0.233912     0.225386     0.215941     0.205564     0.194252     0.182008     0.168837     0.154750     0.139761     0.123885     0.107137     0.089535     0.071092     0.051823     0.031739     0.010847    -0.010847
    0.010675     0.031222     0.050962     0.069889     0.087993     0.105264     0.121689     0.137256     0.151954     0.165770     0.178697     0.190727     0.201860     0.212097     0.221445     0.229919     0.237539     0.244332     0.250333     0.255582     0.260128     0.264021     0.267318     0.270077     0.272356     0.274209     0.275689     0.276841     0.277701     0.278297     0.278642     0.278742     0.278585     0.278152     0.277410     0.276316     0.274822     0.272869     0.270399     0.267351     0.263662     0.259277     0.254140     0.248205     0.241430     0.233784     0.225239     0.215778     0.205392     0.194074     0.181828     0.168660     0.154579     0.139600     0.123737     0.107006     0.089422     0.071001     0.051755     0.031696     0.010832    -0.010832
    0.010662     0.031185     0.050904     0.069811     0.087898     0.105154     0.121567     0.137124     0.151815     0.165628     0.178554     0.190588     0.201728     0.211976     0.221340     0.229833     0.237476     0.244296     0.250326     0.255608     0.260188     0.264116     0.267448     0.270241     0.272551     0.274434     0.275939     0.277110     0.277985     0.278588     0.278935     0.279029     0.278861     0.278410     0.277644     0.276522     0.274995     0.273007     0.270500     0.267414     0.263688     0.259266     0.254096     0.248129     0.241328     0.233658     0.225094     0.215619     0.205222     0.193899     0.181651     0.168485     0.154411     0.139442     0.123592     0.106876     0.089311     0.070910     0.051688     0.031654     0.010818    -0.010818
    0.010649     0.031149     0.050847     0.069735     0.087804     0.105045     0.121446     0.136994     0.151678     0.165487     0.178414     0.190452     0.201599     0.211858     0.221237     0.229749     0.237415     0.244261     0.250321     0.255634     0.260247     0.264210     0.267576     0.270402     0.272744     0.274655     0.276184     0.277375     0.278264     0.278875     0.279223     0.279312     0.279132     0.278663     0.277874     0.276724     0.275165     0.273143     0.270599     0.267476     0.263713     0.259256     0.254052     0.248056     0.241227     0.233534     0.224951     0.215462     0.205054     0.193726     0.181476     0.168313     0.154245     0.139285     0.123448     0.106748     0.089201     0.070821     0.051622     0.031613     0.010803    -0.010803
    0.010637     0.031114     0.050790     0.069659     0.087712     0.104938     0.121327     0.136865     0.151543     0.165349     0.178276     0.190317     0.201472     0.211742     0.221136     0.229667     0.237356     0.244227     0.250316     0.255660     0.260306     0.264302     0.267703     0.270562     0.272934     0.274872     0.276426     0.277636     0.278538     0.279157     0.279507     0.279590     0.279399     0.278913     0.278101     0.276923     0.275333     0.273277     0.270697     0.267537     0.263739     0.259246     0.254010     0.247983     0.241128     0.233412     0.224811     0.215307     0.204890     0.193555     0.181304     0.168143     0.154081     0.139131     0.123306     0.106621     0.089092     0.070733     0.051556     0.031572     0.010789    -0.010789
    0.010624     0.031079     0.050734     0.069584     0.087620     0.104832     0.121209     0.136738     0.151410     0.165213     0.178140     0.190185     0.201347     0.211628     0.221037     0.229587     0.237297     0.244195     0.250311     0.255687     0.260365     0.264394     0.267827     0.270719     0.273121     0.275087     0.276664     0.277893     0.278808     0.279435     0.279786     0.279864     0.279661     0.279158     0.278324     0.277119     0.275498     0.273408     0.270794     0.267598     0.263764     0.259237     0.253968     0.247912     0.241031     0.233292     0.224673     0.215155     0.204728     0.193387     0.181135     0.167976     0.153920     0.138979     0.123166     0.106497     0.088985     0.070646     0.051491     0.031532     0.010775    -0.010775
    0.010612     0.031044     0.050679     0.069510     0.087530     0.104728     0.121093     0.136613     0.151278     0.165078     0.178006     0.190055     0.201224     0.211516     0.220940     0.229508     0.237240     0.244163     0.250308     0.255713     0.260423     0.264485     0.267951     0.270874     0.273306     0.275298     0.276898     0.278145     0.279074     0.279707     0.280060     0.280133     0.279919     0.279399     0.278543     0.277312     0.275661     0.273538     0.270889     0.267658     0.263788     0.259228     0.253927     0.247842     0.240935     0.233175     0.224537     0.215005     0.204568     0.193222     0.180968     0.167811     0.153761     0.138828     0.123028     0.106373     0.088879     0.070560     0.051427     0.031492     0.010761    -0.010761
    0.010600     0.031009     0.050624     0.069437     0.087441     0.104625     0.120978     0.136490     0.151149     0.164946     0.177874     0.189926     0.201103     0.211407     0.220845     0.229431     0.237185     0.244132     0.250304     0.255739     0.260480     0.264575     0.268073     0.271026     0.273488     0.275506     0.277129     0.278394     0.279335     0.279976     0.280329     0.280398     0.280173     0.279636     0.278758     0.277501     0.275820     0.273665     0.270983     0.267717     0.263813     0.259220     0.253888     0.247774     0.240841     0.233059     0.224403     0.214857     0.204411     0.193059     0.180803     0.167648     0.153603     0.138680     0.122891     0.106252     0.088775     0.070475     0.051364     0.031452     0.010747    -0.010747
    0.010588     0.030976     0.050570     0.069365     0.087353     0.104523     0.120865     0.136368     0.151022     0.164816     0.177744     0.189800     0.200984     0.211298     0.220751     0.229355     0.237131     0.244102     0.250302     0.255766     0.260538     0.264664     0.268193     0.271177     0.273667     0.275711     0.277356     0.278639     0.279593     0.280240     0.280594     0.280658     0.280423     0.279870     0.278970     0.277688     0.275978     0.273791     0.271075     0.267775     0.263838     0.259211     0.253849     0.247707     0.240749     0.232945     0.224272     0.214712     0.204256     0.192899     0.180641     0.167488     0.153449     0.138534     0.122757     0.106131     0.088672     0.070391     0.051302     0.031413     0.010734    -0.010734
    0.010576     0.030942     0.050517     0.069294     0.087266     0.104423     0.120754     0.136248     0.150896     0.164687     0.177616     0.189676     0.200867     0.211192     0.220659     0.229281     0.237078     0.244073     0.250300     0.255793     0.260595     0.264751     0.268312     0.271326     0.273844     0.275913     0.277579     0.278880     0.279846     0.280500     0.280855     0.280914     0.280668     0.280099     0.279179     0.277871     0.276133     0.273915     0.271166     0.267832     0.263862     0.259203     0.253810     0.247641     0.240658     0.232833     0.224143     0.214569     0.204104     0.192741     0.180481     0.167330     0.153296     0.138389     0.122624     0.106013     0.088570     0.070309     0.051240     0.031375     0.010720    -0.010720
    0.010565     0.030909     0.050464     0.069224     0.087180     0.104323     0.120644     0.136130     0.150772     0.164561     0.177490     0.189554     0.200752     0.211088     0.220569     0.229209     0.237026     0.244046     0.250298     0.255819     0.260651     0.264838     0.268429     0.271472     0.274018     0.276112     0.277799     0.279117     0.280095     0.280756     0.281112     0.281166     0.280910     0.280325     0.279384     0.278052     0.276285     0.274037     0.271255     0.267889     0.263886     0.259196     0.253773     0.247576     0.240569     0.232723     0.224015     0.214429     0.203953     0.192585     0.180323     0.167174     0.153145     0.138247     0.122493     0.105896     0.088469     0.070227     0.051179     0.031337     0.010707    -0.010707
    0.010553     0.030876     0.050412     0.069154     0.087095     0.104226     0.120535     0.136013     0.150650     0.164436     0.177365     0.189433     0.200639     0.210985     0.220481     0.229138     0.236975     0.244018     0.250297     0.255846     0.260707     0.264924     0.268545     0.271617     0.274189     0.276308     0.278016     0.279350     0.280340     0.281007     0.281364     0.281414     0.281147     0.280547     0.279586     0.278229     0.276435     0.274157     0.271344     0.267945     0.263910     0.259189     0.253736     0.247513     0.240482     0.232615     0.223890     0.214290     0.203805     0.192431     0.180168     0.167020     0.152996     0.138107     0.122364     0.105780     0.088370     0.070146     0.051119     0.031299     0.010694    -0.010694
    0.010542     0.030844     0.050360     0.069086     0.087012     0.104129     0.120428     0.135898     0.150529     0.164313     0.177243     0.189315     0.200528     0.210885     0.220394     0.229068     0.236926     0.243992     0.250296     0.255873     0.260763     0.265009     0.268659     0.271760     0.274359     0.276501     0.278229     0.279580     0.280581     0.281255     0.281613     0.281657     0.281381     0.280765     0.279785     0.278404     0.276583     0.274275     0.271431     0.268000     0.263933     0.259182     0.253700     0.247450     0.240396     0.232509     0.223767     0.214154     0.203660     0.192280     0.180015     0.166869     0.152850     0.137968     0.122236     0.105666     0.088272     0.070066     0.051060     0.031262     0.010681    -0.010681
    0.010531     0.030812     0.050310     0.069018     0.086929     0.104034     0.120322     0.135784     0.150410     0.164192     0.177123     0.189198     0.200418     0.210786     0.220309     0.229000     0.236878     0.243967     0.250296     0.255900     0.260818     0.265093     0.268772     0.271900     0.274525     0.276691     0.278440     0.279806     0.280818     0.281498     0.281857     0.281897     0.281611     0.280980     0.279980     0.278576     0.276728     0.274391     0.271516     0.268055     0.263957     0.259175     0.253665     0.247389     0.240311     0.232404     0.223646     0.214020     0.203516     0.192131     0.179864     0.166720     0.152705     0.137832     0.122110     0.105554     0.088176     0.069988     0.051001     0.031226     0.010668    -0.010668
    0.010520     0.030781     0.050260     0.068951     0.086848     0.103940     0.120218     0.135672     0.150293     0.164073     0.177004     0.189084     0.200311     0.210688     0.220225     0.228933     0.236831     0.243942     0.250296     0.255926     0.260873     0.265177     0.268883     0.272039     0.274690     0.276879     0.278646     0.280028     0.281052     0.281738     0.282097     0.282133     0.281837     0.281192     0.280172     0.278745     0.276871     0.274506     0.271601     0.268108     0.263980     0.259168     0.253631     0.247329     0.240228     0.232301     0.223526     0.213888     0.203375     0.191984     0.179715     0.166572     0.152563     0.137697     0.121986     0.105443     0.088080     0.069910     0.050943     0.031190     0.010655    -0.010655
    0.010509     0.030749     0.050210     0.068885     0.086767     0.103847     0.120115     0.135562     0.150178     0.163955     0.176887     0.188971     0.200205     0.210593     0.220143     0.228867     0.236785     0.243918     0.250296     0.255953     0.260927     0.265259     0.268993     0.272176     0.274852     0.277063     0.278850     0.280247     0.281281     0.281973     0.282334     0.282365     0.282059     0.281400     0.280361     0.278912     0.277012     0.274618     0.271684     0.268161     0.264003     0.259162     0.253597     0.247269     0.240146     0.232200     0.223409     0.213757     0.203236     0.191840     0.179569     0.166427     0.152422     0.137564     0.121864     0.105333     0.087986     0.069833     0.050886     0.031154     0.010643    -0.010643
    0.010498     0.030719     0.050161     0.068820     0.086688     0.103756     0.120014     0.135453     0.150064     0.163840     0.176772     0.188860     0.200101     0.210499     0.220062     0.228803     0.236740     0.243895     0.250297     0.255980     0.260980     0.265340     0.269102     0.272311     0.275011     0.277245     0.279051     0.280463     0.281508     0.282205     0.282566     0.282593     0.282278     0.281604     0.280548     0.279076     0.277151     0.274729     0.271766     0.268214     0.264025     0.259156     0.253564     0.247211     0.240066     0.232100     0.223293     0.213629     0.203099     0.191697     0.179424     0.166284     0.152284     0.137433     0.121743     0.105225     0.087893     0.069758     0.050830     0.031119     0.010631    -0.010631
    0.010487     0.030688     0.050113     0.068756     0.086610     0.103666     0.119914     0.135346     0.149952     0.163726     0.176659     0.188750     0.199998     0.210406     0.219983     0.228740     0.236696     0.243872     0.250298     0.256007     0.261034     0.265420     0.269209     0.272444     0.275168     0.277424     0.279248     0.280675     0.281730     0.282433     0.282795     0.282818     0.282493     0.281805     0.280731     0.279237     0.277287     0.274839     0.271847     0.268265     0.264048     0.259150     0.253531     0.247154     0.239987     0.232002     0.223179     0.213503     0.202964     0.191557     0.179282     0.166143     0.152147     0.137304     0.121623     0.105119     0.087801     0.069683     0.050774     0.031084     0.010618    -0.010618
    0.010477     0.030658     0.050066     0.068693     0.086533     0.103577     0.119816     0.135240     0.149842     0.163613     0.176548     0.188643     0.199897     0.210316     0.219905     0.228678     0.236653     0.243851     0.250300     0.256033     0.261087     0.265500     0.269315     0.272575     0.275323     0.277600     0.279443     0.280884     0.281949     0.282658     0.283020     0.283038     0.282705     0.282004     0.280911     0.279396     0.277421     0.274946     0.271926     0.268316     0.264070     0.259145     0.253500     0.247098     0.239909     0.231906     0.223067     0.213379     0.202831     0.191419     0.179142     0.166004     0.152012     0.137176     0.121506     0.105013     0.087711     0.069609     0.050719     0.031049     0.010606    -0.010606
    0.010466     0.030629     0.050019     0.068630     0.086456     0.103489     0.119718     0.135136     0.149733     0.163503     0.176438     0.188537     0.199798     0.210226     0.219829     0.228618     0.236610     0.243829     0.250302     0.256060     0.261139     0.265578     0.269419     0.272705     0.275476     0.277774     0.279634     0.281089     0.282165     0.282879     0.283242     0.283256     0.282913     0.282198     0.281088     0.279552     0.277553     0.275052     0.272005     0.268366     0.264092     0.259139     0.253468     0.247043     0.239833     0.231811     0.222957     0.213257     0.202700     0.191282     0.179003     0.165867     0.151880     0.137050     0.121390     0.104910     0.087621     0.069536     0.050665     0.031016     0.010594    -0.010594
    0.010456     0.030600     0.049972     0.068569     0.086381     0.103402     0.119623     0.135033     0.149626     0.163393     0.176330     0.188432     0.199701     0.210139     0.219754     0.228558     0.236569     0.243809     0.250304     0.256086     0.261191     0.265656     0.269523     0.272832     0.275627     0.277945     0.279823     0.281292     0.282377     0.283096     0.283460     0.283470     0.283118     0.282390     0.281262     0.279706     0.277683     0.275156     0.272082     0.268415     0.264113     0.259134     0.253438     0.246989     0.239758     0.231717     0.222849     0.213136     0.202571     0.191148     0.178867     0.165732     0.151749     0.136926     0.121275     0.104807     0.087533     0.069465     0.050611     0.030982     0.010583    -0.010583
    0.010446     0.030571     0.049927     0.068508     0.086307     0.103317     0.119528     0.134932     0.149520     0.163286     0.176224     0.188330     0.199605     0.210053     0.219680     0.228500     0.236529     0.243789     0.250307     0.256113     0.261242     0.265732     0.269624     0.272958     0.275775     0.278113     0.280009     0.281491     0.282586     0.283310     0.283675     0.283680     0.283320     0.282579     0.281434     0.279857     0.277811     0.275259     0.272158     0.268464     0.264135     0.259129     0.253408     0.246936     0.239684     0.231626     0.222742     0.213018     0.202444     0.191016     0.178733     0.165599     0.151619     0.136804     0.121162     0.104706     0.087446     0.069394     0.050559     0.030949     0.010571    -0.010571
    0.010436     0.030542     0.049882     0.068448     0.086234     0.103233     0.119435     0.134832     0.149416     0.163180     0.176119     0.188229     0.199511     0.209968     0.219608     0.228443     0.236490     0.243770     0.250309     0.256139     0.261293     0.265808     0.269725     0.273082     0.275921     0.278280     0.280191     0.281687     0.282791     0.283521     0.283886     0.283887     0.283518     0.282764     0.281603     0.280006     0.277937     0.275360     0.272233     0.268512     0.264156     0.259124     0.253378     0.246884     0.239611     0.231535     0.222637     0.212901     0.202319     0.190885     0.178600     0.165467     0.151492     0.136683     0.121051     0.104606     0.087360     0.069324     0.050506     0.030916     0.010560    -0.010560
    0.010426     0.030514     0.049837     0.068388     0.086162     0.103150     0.119343     0.134734     0.149314     0.163076     0.176016     0.188130     0.199418     0.209885     0.219537     0.228387     0.236451     0.243751     0.250313     0.256165     0.261343     0.265883     0.269824     0.273205     0.276066     0.278443     0.280372     0.281881     0.282994     0.283728     0.284093     0.284091     0.283713     0.282947     0.281769     0.280152     0.278061     0.275460     0.272306     0.268559     0.264177     0.259119     0.253349     0.246832     0.239539     0.231446     0.222533     0.212786     0.202195     0.190757     0.178470     0.165338     0.151366     0.136564     0.120941     0.104508     0.087276     0.069255     0.050455     0.030884     0.010548    -0.010548
    0.010416     0.030487     0.049793     0.068330     0.086091     0.103068     0.119252     0.134637     0.149213     0.162973     0.175914     0.188032     0.199327     0.209803     0.219467     0.228332     0.236414     0.243733     0.250316     0.256191     0.261393     0.265957     0.269922     0.273326     0.276208     0.278604     0.280549     0.282071     0.283193     0.283932     0.284298     0.284291     0.283905     0.283126     0.281933     0.280296     0.278184     0.275558     0.272379     0.268606     0.264198     0.259115     0.253321     0.246782     0.239469     0.231359     0.222431     0.212673     0.202074     0.190630     0.178341     0.165210     0.151243     0.136447     0.120833     0.104411     0.087192     0.069187     0.050404     0.030852     0.010537    -0.010537
    0.010406     0.030459     0.049750     0.068272     0.086021     0.102987     0.119163     0.134541     0.149113     0.162872     0.175814     0.187936     0.199237     0.209722     0.219399     0.228278     0.236377     0.243716     0.250319     0.256217     0.261442     0.266030     0.270018     0.273445     0.276348     0.278763     0.280724     0.282258     0.283389     0.284133     0.284499     0.284488     0.284094     0.283303     0.282093     0.280438     0.278304     0.275654     0.272450     0.268652     0.264218     0.259110     0.253293     0.246732     0.239400     0.231272     0.222331     0.212561     0.201954     0.190506     0.178215     0.165084     0.151121     0.136331     0.120726     0.104315     0.087110     0.069119     0.050354     0.030821     0.010526    -0.010526
    0.010397     0.030432     0.049707     0.068215     0.085951     0.102907     0.119075     0.134447     0.149015     0.162773     0.175716     0.187841     0.199149     0.209643     0.219332     0.228226     0.236341     0.243699     0.250323     0.256243     0.261491     0.266102     0.270113     0.273562     0.276486     0.278919     0.280895     0.282442     0.283582     0.284330     0.284697     0.284682     0.284280     0.283477     0.282252     0.280577     0.278422     0.275749     0.272521     0.268697     0.264238     0.259106     0.253265     0.246683     0.239332     0.231188     0.222232     0.212451     0.201837     0.190383     0.178090     0.164960     0.151000     0.136217     0.120621     0.104221     0.087028     0.069053     0.050304     0.030790     0.010515    -0.010515
    0.010388     0.030406     0.049665     0.068159     0.085883     0.102829     0.118988     0.134354     0.148918     0.162675     0.175619     0.187748     0.199062     0.209566     0.219266     0.228174     0.236306     0.243682     0.250327     0.256269     0.261540     0.266174     0.270207     0.273678     0.276621     0.279073     0.281065     0.282624     0.283772     0.284525     0.284891     0.284873     0.284463     0.283648     0.282408     0.280715     0.278538     0.275843     0.272590     0.268742     0.264258     0.259102     0.253238     0.246635     0.239265     0.231104     0.222135     0.212343     0.201720     0.190262     0.177967     0.164838     0.150882     0.136105     0.120517     0.104128     0.086948     0.068988     0.050256     0.030759     0.010505    -0.010505
    0.010378     0.030380     0.049623     0.068104     0.085816     0.102751     0.118903     0.134262     0.148823     0.162578     0.175523     0.187656     0.198977     0.209489     0.219201     0.228123     0.236272     0.243666     0.250331     0.256295     0.261587     0.266244     0.270300     0.273792     0.276755     0.279225     0.281232     0.282802     0.283959     0.284716     0.285083     0.285061     0.284643     0.283817     0.282561     0.280850     0.278653     0.275935     0.272659     0.268786     0.264278     0.259098     0.253212     0.246588     0.239199     0.231022     0.222039     0.212237     0.201606     0.190143     0.177846     0.164718     0.150765     0.135994     0.120414     0.104036     0.086869     0.068923     0.050207     0.030729     0.010494    -0.010494
    0.010369     0.030354     0.049582     0.068049     0.085749     0.102675     0.118818     0.134172     0.148729     0.162483     0.175429     0.187566     0.198893     0.209414     0.219137     0.228074     0.236238     0.243651     0.250336     0.256320     0.261635     0.266314     0.270392     0.273904     0.276887     0.279374     0.281396     0.282978     0.284143     0.284904     0.285272     0.285246     0.284820     0.283982     0.282712     0.280983     0.278766     0.276025     0.272726     0.268829     0.264297     0.259094     0.253186     0.246541     0.239134     0.230941     0.221945     0.212132     0.201493     0.190025     0.177726     0.164599     0.150649     0.135884     0.120313     0.103945     0.086791     0.068859     0.050160     0.030699     0.010484    -0.010484
    0.010360     0.030328     0.049542     0.067995     0.085684     0.102600     0.118735     0.134083     0.148637     0.162389     0.175337     0.187477     0.198810     0.209340     0.219075     0.228025     0.236205     0.243636     0.250340     0.256345     0.261682     0.266382     0.270482     0.274015     0.277018     0.279522     0.281558     0.283151     0.284324     0.285090     0.285457     0.285428     0.284995     0.284145     0.282860     0.281114     0.278877     0.276115     0.272792     0.268872     0.264316     0.259090     0.253160     0.246496     0.239070     0.230862     0.221852     0.212029     0.201382     0.189909     0.177608     0.164482     0.150536     0.135776     0.120213     0.103856     0.086714     0.068796     0.050113     0.030670     0.010473    -0.010473
    0.010351     0.030303     0.049502     0.067942     0.085619     0.102525     0.118653     0.133996     0.148545     0.162297     0.175245     0.187389     0.198729     0.209268     0.219014     0.227977     0.236173     0.243621     0.250345     0.256371     0.261728     0.266450     0.270571     0.274125     0.277146     0.279667     0.281717     0.283322     0.284502     0.285272     0.285640     0.285607     0.285166     0.284306     0.283006     0.281243     0.278986     0.276203     0.272857     0.268914     0.264335     0.259087     0.253135     0.246451     0.239007     0.230783     0.221761     0.211927     0.201273     0.189795     0.177492     0.164366     0.150423     0.135670     0.120115     0.103768     0.086638     0.068734     0.050067     0.030641     0.010463    -0.010463
    0.010342     0.030278     0.049462     0.067890     0.085556     0.102452     0.118573     0.133909     0.148456     0.162206     0.175156     0.187303     0.198649     0.209197     0.218953     0.227930     0.236142     0.243607     0.250350     0.256396     0.261774     0.266517     0.270659     0.274233     0.277272     0.279810     0.281874     0.283490     0.284678     0.285452     0.285820     0.285783     0.285335     0.284464     0.283150     0.281370     0.279093     0.276289     0.272922     0.268955     0.264354     0.259083     0.253111     0.246407     0.238946     0.230706     0.221671     0.211827     0.201165     0.189683     0.177378     0.164253     0.150313     0.135565     0.120018     0.103681     0.086563     0.068673     0.050021     0.030612     0.010453    -0.010453
    0.010334     0.030254     0.049423     0.067838     0.085493     0.102380     0.118493     0.133824     0.148367     0.162116     0.175067     0.187219     0.198570     0.209126     0.218894     0.227884     0.236111     0.243594     0.250355     0.256421     0.261820     0.266584     0.270746     0.274339     0.277397     0.279950     0.282028     0.283655     0.284850     0.285629     0.285997     0.285956     0.285501     0.284619     0.283292     0.281494     0.279199     0.276374     0.272985     0.268996     0.264372     0.259080     0.253086     0.246363     0.238885     0.230630     0.221582     0.211728     0.201059     0.189572     0.177265     0.164141     0.150204     0.135462     0.119922     0.103595     0.086489     0.068613     0.049976     0.030584     0.010443    -0.010443
    0.010325     0.030229     0.049385     0.067787     0.085431     0.102309     0.118415     0.133740     0.148280     0.162028     0.174980     0.187135     0.198493     0.209058     0.218836     0.227839     0.236081     0.243581     0.250360     0.256445     0.261865     0.266649     0.270831     0.274444     0.277519     0.280089     0.282180     0.283818     0.285021     0.285802     0.286171     0.286127     0.285665     0.284772     0.283431     0.281617     0.279303     0.276458     0.273047     0.269036     0.264391     0.259076     0.253063     0.246320     0.238825     0.230555     0.221495     0.211631     0.200955     0.189463     0.177154     0.164030     0.150096     0.135360     0.119828     0.103510     0.086416     0.068553     0.049931     0.030556     0.010434    -0.010434
    0.010317     0.030206     0.049347     0.067737     0.085370     0.102239     0.118337     0.133658     0.148194     0.161941     0.174895     0.187053     0.198417     0.208990     0.218779     0.227795     0.236051     0.243568     0.250365     0.256470     0.261909     0.266714     0.270916     0.274547     0.277640     0.280226     0.282330     0.283978     0.285188     0.285974     0.286342     0.286295     0.285826     0.284923     0.283568     0.281738     0.279406     0.276541     0.273109     0.269076     0.264408     0.259073     0.253039     0.246278     0.238766     0.230482     0.221409     0.211535     0.200852     0.189355     0.177044     0.163921     0.149991     0.135259     0.119735     0.103427     0.086344     0.068495     0.049887     0.030529     0.010424    -0.010424
    0.010308     0.030182     0.049310     0.067688     0.085310     0.102170     0.118261     0.133576     0.148110     0.161856     0.174811     0.186972     0.198342     0.208923     0.218723     0.227751     0.236023     0.243555     0.250371     0.256494     0.261953     0.266777     0.270999     0.274649     0.277760     0.280360     0.282478     0.284136     0.285353     0.286142     0.286511     0.286460     0.285984     0.285071     0.283703     0.281857     0.279507     0.276622     0.273169     0.269115     0.264426     0.259070     0.253016     0.246237     0.238708     0.230409     0.221324     0.211440     0.200750     0.189249     0.176936     0.163814     0.149886     0.135160     0.119643     0.103345     0.086273     0.068437     0.049844     0.030502     0.010414    -0.010414
    0.010300     0.030159     0.049273     0.067639     0.085250     0.102102     0.118186     0.133496     0.148027     0.161772     0.174728     0.186893     0.198268     0.208858     0.218668     0.227708     0.235994     0.243543     0.250377     0.256518     0.261997     0.266840     0.271081     0.274750     0.277877     0.280493     0.282623     0.284291     0.285515     0.286308     0.286677     0.286623     0.286140     0.285216     0.283835     0.281974     0.279606     0.276702     0.273228     0.269153     0.264444     0.259067     0.252994     0.246196     0.238651     0.230338     0.221241     0.211347     0.200650     0.189145     0.176830     0.163708     0.149783     0.135062     0.119553     0.103263     0.086203     0.068380     0.049801     0.030475     0.010405    -0.010405
    0.010292     0.030136     0.049237     0.067591     0.085192     0.102035     0.118112     0.133417     0.147944     0.161689     0.174646     0.186815     0.198196     0.208793     0.218613     0.227667     0.235967     0.243532     0.250382     0.256543     0.262040     0.266903     0.271162     0.274849     0.277993     0.280623     0.282766     0.284444     0.285675     0.286471     0.286841     0.286783     0.286293     0.285360     0.283966     0.282090     0.279704     0.276780     0.273287     0.269191     0.264461     0.259064     0.252971     0.246156     0.238595     0.230268     0.221159     0.211256     0.200552     0.189042     0.176725     0.163604     0.149682     0.134966     0.119464     0.103183     0.086134     0.068323     0.049759     0.030449     0.010396    -0.010396
    0.010284     0.030113     0.049201     0.067543     0.085134     0.101968     0.118039     0.133339     0.147864     0.161607     0.174565     0.186738     0.198125     0.208730     0.218560     0.227626     0.235940     0.243521     0.250388     0.256566     0.262082     0.266964     0.271242     0.274946     0.278107     0.280752     0.282907     0.284595     0.285832     0.286632     0.287001     0.286940     0.286444     0.285501     0.284095     0.282203     0.279800     0.276858     0.273345     0.269229     0.264478     0.259061     0.252949     0.246117     0.238539     0.230198     0.221078     0.211166     0.200455     0.188940     0.176622     0.163501     0.149582     0.134871     0.119376     0.103104     0.086066     0.068268     0.049718     0.030422     0.010387    -0.010387
    0.010276     0.030091     0.049166     0.067496     0.085078     0.101903     0.117967     0.133263     0.147784     0.161526     0.174486     0.186662     0.198055     0.208668     0.218508     0.227585     0.235914     0.243510     0.250394     0.256590     0.262124     0.267025     0.271321     0.275043     0.278219     0.280879     0.283046     0.284743     0.285987     0.286790     0.287160     0.287096     0.286593     0.285640     0.284221     0.282315     0.279895     0.276934     0.273402     0.269265     0.264494     0.259058     0.252928     0.246078     0.238485     0.230130     0.220998     0.211077     0.200359     0.188840     0.176520     0.163399     0.149483     0.134777     0.119289     0.103027     0.085998     0.068213     0.049677     0.030397     0.010378    -0.010378
    0.010269     0.030069     0.049131     0.067450     0.085022     0.101839     0.117896     0.133187     0.147706     0.161447     0.174408     0.186588     0.197986     0.208607     0.218457     0.227546     0.235888     0.243499     0.250400     0.256614     0.262166     0.267085     0.271399     0.275138     0.278330     0.281004     0.283183     0.284889     0.286140     0.286946     0.287316     0.287248     0.286739     0.285777     0.284346     0.282425     0.279988     0.277009     0.273457     0.269302     0.264511     0.259055     0.252907     0.246040     0.238431     0.230063     0.220920     0.210989     0.200265     0.188742     0.176419     0.163299     0.149386     0.134685     0.119203     0.102950     0.085932     0.068159     0.049636     0.030371     0.010369    -0.010369
    0.010261     0.030048     0.049097     0.067405     0.084966     0.101776     0.117826     0.133113     0.147628     0.161369     0.174332     0.186514     0.197918     0.208547     0.218406     0.227507     0.235862     0.243489     0.250406     0.256637     0.262207     0.267144     0.271476     0.275231     0.278439     0.281127     0.283318     0.285033     0.286290     0.287100     0.287469     0.287398     0.286883     0.285911     0.284468     0.282533     0.280080     0.277083     0.273512     0.269337     0.264527     0.259053     0.252886     0.246002     0.238379     0.229997     0.220842     0.210903     0.200172     0.188645     0.176321     0.163201     0.149290     0.134594     0.119119     0.102874     0.085867     0.068105     0.049596     0.030346     0.010360    -0.010360
    0.010253     0.030026     0.049063     0.067360     0.084912     0.101713     0.117758     0.133039     0.147552     0.161292     0.174256     0.186442     0.197851     0.208487     0.218357     0.227469     0.235838     0.243479     0.250412     0.256660     0.262248     0.267202     0.271551     0.275324     0.278547     0.281248     0.283450     0.285175     0.286438     0.287251     0.287620     0.287546     0.287024     0.286044     0.284589     0.282639     0.280171     0.277156     0.273567     0.269372     0.264543     0.259050     0.252865     0.245965     0.238327     0.229932     0.220766     0.210818     0.200081     0.188549     0.176223     0.163104     0.149196     0.134504     0.119036     0.102800     0.085802     0.068053     0.049557     0.030322     0.010351    -0.010351
    0.010246     0.030005     0.049030     0.067316     0.084858     0.101652     0.117690     0.132967     0.147477     0.161217     0.174182     0.186371     0.197786     0.208429     0.218308     0.227432     0.235814     0.243469     0.250418     0.256683     0.262288     0.267260     0.271626     0.275415     0.278653     0.281367     0.283581     0.285314     0.286583     0.287399     0.287769     0.287692     0.287164     0.286174     0.284708     0.282744     0.280260     0.277228     0.273620     0.269407     0.264559     0.259047     0.252845     0.245928     0.238275     0.229868     0.220691     0.210735     0.199991     0.188455     0.176127     0.163008     0.149102     0.134415     0.118954     0.102726     0.085739     0.068001     0.049518     0.030297     0.010343    -0.010343
    0.010239     0.029984     0.048997     0.067272     0.084805     0.101591     0.117623     0.132896     0.147404     0.161142     0.174109     0.186301     0.197721     0.208372     0.218260     0.227395     0.235790     0.243460     0.250425     0.256706     0.262328     0.267317     0.271700     0.275504     0.278758     0.281485     0.283710     0.285451     0.286726     0.287546     0.287915     0.287835     0.287301     0.286303     0.284825     0.282847     0.280347     0.277298     0.273673     0.269441     0.264574     0.259045     0.252825     0.245893     0.238225     0.229805     0.220617     0.210652     0.199902     0.188362     0.176032     0.162914     0.149011     0.134328     0.118873     0.102653     0.085676     0.067949     0.049480     0.030273     0.010334    -0.010334
    0.010231     0.029964     0.048965     0.067229     0.084753     0.101531     0.117557     0.132826     0.147331     0.161069     0.174036     0.186232     0.197658     0.208316     0.218213     0.227359     0.235767     0.243451     0.250431     0.256729     0.262367     0.267373     0.271772     0.275593     0.278860     0.281601     0.283836     0.285587     0.286867     0.287690     0.288059     0.287976     0.287436     0.286429     0.284940     0.282949     0.280433     0.277368     0.273724     0.269474     0.264590     0.259042     0.252806     0.245857     0.238175     0.229743     0.220545     0.210571     0.199814     0.188271     0.175939     0.162821     0.148920     0.134242     0.118794     0.102582     0.085614     0.067899     0.049442     0.030250     0.010326    -0.010326
    0.010224     0.029944     0.048933     0.067187     0.084702     0.101472     0.117492     0.132757     0.147259     0.160997     0.173966     0.186165     0.197595     0.208261     0.218167     0.227324     0.235744     0.243442     0.250438     0.256751     0.262406     0.267428     0.271844     0.275680     0.278962     0.281715     0.283961     0.285720     0.287006     0.287831     0.288201     0.288115     0.287569     0.286553     0.285053     0.283049     0.280518     0.277436     0.273775     0.269507     0.264605     0.259040     0.252787     0.245822     0.238127     0.229681     0.220473     0.210491     0.199728     0.188180     0.175847     0.162729     0.148831     0.134157     0.118715     0.102511     0.085553     0.067849     0.049405     0.030226     0.010318    -0.010318
    0.010217     0.029924     0.048901     0.067145     0.084651     0.101414     0.117429     0.132688     0.147189     0.160926     0.173896     0.186098     0.197534     0.208206     0.218122     0.227290     0.235722     0.243434     0.250444     0.256773     0.262445     0.267483     0.271915     0.275766     0.279062     0.281827     0.284084     0.285851     0.287143     0.287971     0.288340     0.288251     0.287700     0.286676     0.285164     0.283147     0.280602     0.277503     0.273825     0.269540     0.264620     0.259037     0.252768     0.245788     0.238078     0.229621     0.220402     0.210412     0.199643     0.188092     0.175756     0.162639     0.148743     0.134074     0.118637     0.102442     0.085493     0.067800     0.049368     0.030203     0.010310    -0.010310
    0.010210     0.029904     0.048870     0.067104     0.084601     0.101357     0.117366     0.132621     0.147119     0.160856     0.173827     0.186033     0.197473     0.208153     0.218077     0.227256     0.235700     0.243426     0.250451     0.256795     0.262483     0.267537     0.271985     0.275851     0.279161     0.281938     0.284205     0.285980     0.287278     0.288108     0.288478     0.288386     0.287829     0.286796     0.285274     0.283244     0.280684     0.277570     0.273875     0.269572     0.264634     0.259035     0.252749     0.245755     0.238031     0.229562     0.220333     0.210335     0.199560     0.188004     0.175667     0.162550     0.148656     0.133991     0.118561     0.102373     0.085434     0.067752     0.049332     0.030181     0.010302    -0.010302
    0.010203     0.029885     0.048840     0.067063     0.084552     0.101301     0.117304     0.132555     0.147051     0.160787     0.173759     0.185968     0.197414     0.208101     0.218034     0.227222     0.235679     0.243418     0.250457     0.256817     0.262520     0.267591     0.272053     0.275934     0.279258     0.282047     0.284325     0.286107     0.287410     0.288244     0.288613     0.288518     0.287955     0.286915     0.285382     0.283339     0.280765     0.277635     0.273923     0.269603     0.264649     0.259032     0.252731     0.245721     0.237984     0.229503     0.220264     0.210258     0.199477     0.187918     0.175579     0.162462     0.148571     0.133910     0.118486     0.102305     0.085376     0.067704     0.049296     0.030158     0.010294    -0.010294
    0.010197     0.029866     0.048809     0.067023     0.084504     0.101245     0.117243     0.132490     0.146984     0.160719     0.173693     0.185905     0.197356     0.208049     0.217991     0.227190     0.235658     0.243410     0.250464     0.256839     0.262557     0.267643     0.272121     0.276017     0.279353     0.282155     0.284442     0.286233     0.287541     0.288377     0.288746     0.288649     0.288080     0.287031     0.285488     0.283433     0.280844     0.277699     0.273971     0.269634     0.264663     0.259030     0.252713     0.245689     0.237938     0.229446     0.220197     0.210183     0.199396     0.187833     0.175492     0.162376     0.148486     0.133830     0.118411     0.102239     0.085318     0.067657     0.049261     0.030136     0.010286    -0.010286
    0.010190     0.029847     0.048780     0.066984     0.084456     0.101191     0.117182     0.132426     0.146917     0.160652     0.173627     0.185842     0.197298     0.207998     0.217948     0.227158     0.235638     0.243403     0.250470     0.256860     0.262594     0.267695     0.272188     0.276098     0.279448     0.282261     0.284558     0.286356     0.287669     0.288508     0.288877     0.288777     0.288203     0.287146     0.285593     0.283525     0.280923     0.277762     0.274018     0.269665     0.264677     0.259028     0.252695     0.245656     0.237893     0.229389     0.220130     0.210108     0.199316     0.187749     0.175407     0.162290     0.148403     0.133751     0.118338     0.102173     0.085261     0.067610     0.049226     0.030114     0.010279    -0.010279
    0.010183     0.029829     0.048750     0.066945     0.084409     0.101137     0.117123     0.132363     0.146852     0.160586     0.173563     0.185781     0.197241     0.207948     0.217907     0.227126     0.235618     0.243396     0.250477     0.256881     0.262630     0.267746     0.272254     0.276178     0.279541     0.282365     0.284672     0.286477     0.287796     0.288637     0.289006     0.288903     0.288324     0.287259     0.285696     0.283616     0.281000     0.277824     0.274065     0.269695     0.264690     0.259026     0.252677     0.245625     0.237848     0.229333     0.220065     0.210035     0.199237     0.187666     0.175322     0.162206     0.148322     0.133673     0.118266     0.102108     0.085205     0.067564     0.049192     0.030093     0.010271    -0.010271
    0.010177     0.029810     0.048722     0.066907     0.084363     0.101084     0.117065     0.132301     0.146788     0.160521     0.173499     0.185720     0.197186     0.207899     0.217866     0.227095     0.235598     0.243389     0.250484     0.256902     0.262666     0.267797     0.272319     0.276257     0.279632     0.282468     0.284784     0.286597     0.287921     0.288764     0.289133     0.289027     0.288443     0.287370     0.285797     0.283706     0.281076     0.277886     0.274110     0.269725     0.264704     0.259023     0.252660     0.245593     0.237805     0.229278     0.220000     0.209963     0.199159     0.187585     0.175239     0.162123     0.148241     0.133596     0.118195     0.102044     0.085150     0.067519     0.049158     0.030072     0.010264    -0.010264
    0.010171     0.029792     0.048693     0.066869     0.084317     0.101031     0.117007     0.132240     0.146724     0.160457     0.173436     0.185661     0.197131     0.207851     0.217826     0.227065     0.235579     0.243382     0.250490     0.256923     0.262701     0.267847     0.272384     0.276334     0.279723     0.282569     0.284895     0.286715     0.288043     0.288890     0.289258     0.289150     0.288560     0.287480     0.285897     0.283794     0.281151     0.277946     0.274155     0.269754     0.264717     0.259021     0.252643     0.245563     0.237761     0.229223     0.219937     0.209892     0.199083     0.187505     0.175157     0.162042     0.148161     0.133520     0.118125     0.101981     0.085095     0.067475     0.049125     0.030051     0.010256    -0.010256
    0.010164     0.029775     0.048665     0.066832     0.084272     0.100980     0.116950     0.132179     0.146662     0.160394     0.173375     0.185602     0.197077     0.207803     0.217787     0.227035     0.235560     0.243376     0.250497     0.256944     0.262736     0.267896     0.272447     0.276411     0.279811     0.282669     0.285003     0.286831     0.288164     0.289013     0.289381     0.289270     0.288675     0.287588     0.285995     0.283880     0.281224     0.278005     0.274199     0.269783     0.264730     0.259019     0.252627     0.245532     0.237719     0.229170     0.219874     0.209822     0.199007     0.187426     0.175077     0.161961     0.148083     0.133446     0.118056     0.101919     0.085042     0.067431     0.049092     0.030030     0.010249    -0.010249
    0.010158     0.029757     0.048637     0.066795     0.084228     0.100929     0.116895     0.132120     0.146600     0.160333     0.173314     0.185544     0.197024     0.207757     0.217748     0.227006     0.235542     0.243369     0.250504     0.256964     0.262771     0.267945     0.272509     0.276487     0.279899     0.282768     0.285111     0.286945     0.288283     0.289134     0.289503     0.289389     0.288789     0.287694     0.286092     0.283966     0.281297     0.278064     0.274243     0.269811     0.264743     0.259017     0.252610     0.245502     0.237677     0.229117     0.219813     0.209753     0.198933     0.187348     0.174997     0.161882     0.148006     0.133372     0.117987     0.101857     0.084989     0.067387     0.049060     0.030010     0.010242    -0.010242
    0.010152     0.029740     0.048610     0.066759     0.084184     0.100879     0.116839     0.132061     0.146540     0.160272     0.173255     0.185488     0.196972     0.207711     0.217710     0.226978     0.235524     0.243363     0.250511     0.256985     0.262805     0.267993     0.272571     0.276561     0.279986     0.282864     0.285216     0.287058     0.288400     0.289254     0.289622     0.289506     0.288901     0.287798     0.286187     0.284050     0.281368     0.278121     0.274286     0.269839     0.264756     0.259015     0.252594     0.245473     0.237635     0.229065     0.219752     0.209685     0.198859     0.187271     0.174919     0.161804     0.147929     0.133300     0.117920     0.101797     0.084936     0.067345     0.049028     0.029990     0.010235    -0.010235
    0.010146     0.029723     0.048583     0.066724     0.084141     0.100829     0.116785     0.132004     0.146480     0.160212     0.173196     0.185432     0.196921     0.207666     0.217673     0.226950     0.235507     0.243357     0.250518     0.257005     0.262839     0.268040     0.272632     0.276635     0.280071     0.282960     0.285321     0.287168     0.288516     0.289371     0.289739     0.289621     0.289011     0.287901     0.286280     0.284132     0.281438     0.278178     0.274328     0.269866     0.264768     0.259013     0.252578     0.245444     0.237594     0.229014     0.219692     0.209618     0.198787     0.187195     0.174841     0.161727     0.147854     0.133228     0.117854     0.101737     0.084885     0.067303     0.048996     0.029970     0.010228    -0.010228
    0.010140     0.029706     0.048557     0.066689     0.084098     0.100781     0.116732     0.131947     0.146422     0.160153     0.173138     0.185377     0.196870     0.207622     0.217636     0.226922     0.235489     0.243352     0.250524     0.257025     0.262872     0.268087     0.272692     0.276707     0.280155     0.283054     0.285423     0.287278     0.288629     0.289487     0.289855     0.289734     0.289119     0.288003     0.286373     0.284214     0.281508     0.278233     0.274369     0.269893     0.264781     0.259011     0.252562     0.245416     0.237554     0.228964     0.219633     0.209552     0.198716     0.187121     0.174765     0.161651     0.147780     0.133158     0.117789     0.101679     0.084834     0.067261     0.048965     0.029950     0.010221    -0.010221
    0.010134     0.029690     0.048531     0.066654     0.084056     0.100733     0.116679     0.131891     0.146364     0.160095     0.173081     0.185323     0.196821     0.207578     0.217600     0.226895     0.235473     0.243346     0.250531     0.257044     0.262905     0.268133     0.272751     0.276778     0.280237     0.283147     0.285524     0.287385     0.288741     0.289601     0.289969     0.289845     0.289226     0.288102     0.286463     0.284294     0.281576     0.278288     0.274410     0.269919     0.264793     0.259009     0.252547     0.245387     0.237515     0.228914     0.219575     0.209487     0.198646     0.187047     0.174690     0.161576     0.147707     0.133088     0.117724     0.101621     0.084784     0.067220     0.048934     0.029931     0.010214    -0.010214
    0.010128     0.029674     0.048505     0.066620     0.084015     0.100686     0.116627     0.131836     0.146307     0.160037     0.173025     0.185270     0.196772     0.207535     0.217565     0.226868     0.235456     0.243341     0.250538     0.257064     0.262937     0.268179     0.272809     0.276849     0.280319     0.283238     0.285624     0.287491     0.288851     0.289713     0.290081     0.289955     0.289330     0.288200     0.286553     0.284373     0.281643     0.278342     0.274451     0.269945     0.264805     0.259007     0.252531     0.245360     0.237476     0.228866     0.219518     0.209423     0.198577     0.186975     0.174616     0.161502     0.147635     0.133020     0.117661     0.101564     0.084735     0.067180     0.048904     0.029912     0.010208    -0.010208
    0.010123     0.029658     0.048480     0.066587     0.083975     0.100639     0.116576     0.131782     0.146251     0.159981     0.172970     0.185217     0.196724     0.207493     0.217530     0.226842     0.235440     0.243336     0.250545     0.257083     0.262970     0.268224     0.272867     0.276918     0.280399     0.283328     0.285722     0.287595     0.288960     0.289824     0.290191     0.290063     0.289434     0.288297     0.286641     0.284450     0.281708     0.278395     0.274490     0.269971     0.264816     0.259005     0.252516     0.245332     0.237437     0.228817     0.219461     0.209360     0.198509     0.186904     0.174543     0.161430     0.147564     0.132952     0.117598     0.101507     0.084686     0.067140     0.048874     0.029894     0.010201    -0.010201
    0.010117     0.029642     0.048455     0.066554     0.083935     0.100594     0.116526     0.131728     0.146196     0.159925     0.172916     0.185166     0.196677     0.207452     0.217496     0.226817     0.235424     0.243331     0.250552     0.257102     0.263001     0.268268     0.272923     0.276987     0.280478     0.283416     0.285818     0.287698     0.289067     0.289933     0.290300     0.290169     0.289536     0.288392     0.286727     0.284527     0.281773     0.278448     0.274529     0.269996     0.264828     0.259003     0.252501     0.245306     0.237400     0.228770     0.219406     0.209298     0.198442     0.186833     0.174472     0.161358     0.147495     0.132886     0.117536     0.101452     0.084638     0.067101     0.048845     0.029875     0.010195    -0.010195
    0.010112     0.029626     0.048430     0.066521     0.083895     0.100549     0.116477     0.131675     0.146141     0.159871     0.172862     0.185115     0.196630     0.207411     0.217462     0.226792     0.235409     0.243326     0.250558     0.257121     0.263033     0.268312     0.272979     0.277054     0.280556     0.283504     0.285913     0.287799     0.289172     0.290040     0.290407     0.290274     0.289636     0.288486     0.286813     0.284602     0.281837     0.278499     0.274568     0.270021     0.264839     0.259001     0.252487     0.245279     0.237362     0.228723     0.219351     0.209237     0.198376     0.186764     0.174401     0.161287     0.147426     0.132820     0.117475     0.101397     0.084591     0.067062     0.048816     0.029857     0.010188    -0.010188
    0.010106     0.029611     0.048406     0.066489     0.083856     0.100504     0.116428     0.131624     0.146088     0.159817     0.172810     0.185065     0.196584     0.207371     0.217429     0.226767     0.235394     0.243322     0.250565     0.257140     0.263064     0.268355     0.273034     0.277120     0.280633     0.283590     0.286007     0.287899     0.289276     0.290146     0.290513     0.290377     0.289734     0.288578     0.286896     0.284676     0.281900     0.278550     0.274605     0.270046     0.264850     0.258999     0.252472     0.245253     0.237326     0.228677     0.219297     0.209176     0.198310     0.186696     0.174331     0.161218     0.147358     0.132755     0.117415     0.101343     0.084544     0.067024     0.048787     0.029839     0.010182    -0.010182
    0.010101     0.029596     0.048382     0.066457     0.083818     0.100460     0.116380     0.131573     0.146035     0.159764     0.172758     0.185016     0.196539     0.207331     0.217397     0.226743     0.235379     0.243317     0.250572     0.257158     0.263094     0.268398     0.273089     0.277186     0.280709     0.283674     0.286099     0.287997     0.289378     0.290249     0.290616     0.290478     0.289831     0.288669     0.286979     0.284749     0.281962     0.278600     0.274642     0.270070     0.264861     0.258997     0.252458     0.245227     0.237289     0.228632     0.219244     0.209117     0.198246     0.186628     0.174262     0.161149     0.147291     0.132692     0.117356     0.101290     0.084498     0.066986     0.048759     0.029821     0.010176    -0.010176
    0.010096     0.029581     0.048359     0.066426     0.083780     0.100417     0.116333     0.131522     0.145983     0.159712     0.172707     0.184968     0.196495     0.207293     0.217365     0.226719     0.235365     0.243313     0.250579     0.257177     0.263124     0.268440     0.273142     0.277251     0.280783     0.283758     0.286190     0.288093     0.289478     0.290352     0.290718     0.290578     0.289927     0.288758     0.287060     0.284821     0.282023     0.278649     0.274679     0.270094     0.264872     0.258995     0.252444     0.245202     0.237254     0.228587     0.219191     0.209058     0.198183     0.186562     0.174195     0.161081     0.147225     0.132629     0.117298     0.101238     0.084453     0.066949     0.048731     0.029804     0.010170    -0.010170
    0.010090     0.029566     0.048335     0.066396     0.083743     0.100375     0.116286     0.131473     0.145932     0.159661     0.172657     0.184920     0.196452     0.207254     0.217333     0.226696     0.235350     0.243309     0.250586     0.257195     0.263154     0.268481     0.273195     0.277314     0.280857     0.283840     0.286280     0.288188     0.289577     0.290453     0.290819     0.290676     0.290021     0.288846     0.287140     0.284891     0.282083     0.278697     0.274715     0.270117     0.264883     0.258993     0.252430     0.245177     0.237219     0.228543     0.219139     0.209000     0.198121     0.186497     0.174128     0.161015     0.147160     0.132567     0.117241     0.101186     0.084408     0.066913     0.048704     0.029787     0.010164    -0.010164
    0.010085     0.029552     0.048313     0.066365     0.083707     0.100333     0.116240     0.131424     0.145882     0.159610     0.172607     0.184873     0.196409     0.207217     0.217303     0.226673     0.235336     0.243305     0.250592     0.257213     0.263184     0.268522     0.273247     0.277377     0.280929     0.283921     0.286368     0.288282     0.289674     0.290552     0.290918     0.290773     0.290113     0.288932     0.287219     0.284961     0.282142     0.278745     0.274751     0.270140     0.264893     0.258991     0.252416     0.245152     0.237184     0.228499     0.219089     0.208944     0.198059     0.186432     0.174062     0.160949     0.147096     0.132506     0.117184     0.101135     0.084364     0.066877     0.048677     0.029770     0.010158    -0.010158
    0.010080     0.029537     0.048290     0.066336     0.083671     0.100292     0.116195     0.131376     0.145832     0.159560     0.172559     0.184827     0.196367     0.207180     0.217272     0.226650     0.235323     0.243301     0.250599     0.257231     0.263213     0.268563     0.273299     0.277439     0.281001     0.284001     0.286455     0.288374     0.289770     0.290650     0.291016     0.290868     0.290205     0.289017     0.287297     0.285029     0.282200     0.278792     0.274785     0.270162     0.264903     0.258989     0.252403     0.245128     0.237150     0.228457     0.219038     0.208887     0.197999     0.186369     0.173997     0.160884     0.147033     0.132446     0.117128     0.101085     0.084321     0.066841     0.048651     0.029753     0.010152    -0.010152
    0.010075     0.029523     0.048268     0.066306     0.083635     0.100251     0.116150     0.131329     0.145783     0.159511     0.172511     0.184782     0.196325     0.207144     0.217243     0.226628     0.235310     0.243298     0.250606     0.257248     0.263242     0.268603     0.273349     0.277500     0.281071     0.284080     0.286540     0.288465     0.289865     0.290746     0.291112     0.290962     0.290294     0.289101     0.287373     0.285097     0.282257     0.278838     0.274820     0.270185     0.264913     0.258987     0.252390     0.245104     0.237116     0.228415     0.218989     0.208832     0.197939     0.186306     0.173933     0.160820     0.146970     0.132386     0.117073     0.101035     0.084278     0.066806     0.048624     0.029737     0.010146    -0.010146
    0.010070     0.029510     0.048246     0.066277     0.083600     0.100211     0.116106     0.131282     0.145735     0.159463     0.172464     0.184737     0.196285     0.207108     0.217213     0.226606     0.235296     0.243294     0.250612     0.257266     0.263270     0.268642     0.273399     0.277560     0.281140     0.284157     0.286624     0.288555     0.289958     0.290841     0.291206     0.291055     0.290383     0.289184     0.287448     0.285163     0.282314     0.278883     0.274854     0.270206     0.264923     0.258986     0.252377     0.245080     0.237083     0.228373     0.218940     0.208778     0.197880     0.186244     0.173870     0.160757     0.146909     0.132328     0.117019     0.100986     0.084236     0.066771     0.048598     0.029720     0.010140    -0.010140
    0.010065     0.029496     0.048225     0.066249     0.083566     0.100172     0.116063     0.131236     0.145688     0.159416     0.172418     0.184693     0.196244     0.207073     0.217185     0.226585     0.235284     0.243291     0.250619     0.257283     0.263298     0.268681     0.273449     0.277619     0.281209     0.284233     0.286708     0.288643     0.290050     0.290934     0.291299     0.291146     0.290470     0.289265     0.287522     0.285228     0.282369     0.278928     0.274887     0.270228     0.264933     0.258984     0.252364     0.245057     0.237050     0.228332     0.218892     0.208724     0.197822     0.186184     0.173808     0.160695     0.146848     0.132270     0.116965     0.100938     0.084194     0.066737     0.048573     0.029704     0.010135    -0.010135
    0.010061     0.029483     0.048203     0.066221     0.083532     0.100133     0.116021     0.131191     0.145641     0.159369     0.172372     0.184650     0.196205     0.207039     0.217156     0.226564     0.235271     0.243288     0.250626     0.257300     0.263326     0.268719     0.273497     0.277677     0.281276     0.284309     0.286789     0.288730     0.290140     0.291026     0.291391     0.291235     0.290555     0.289345     0.287595     0.285293     0.282424     0.278972     0.274920     0.270249     0.264943     0.258982     0.252351     0.245034     0.237018     0.228292     0.218845     0.208671     0.197765     0.186124     0.173747     0.160634     0.146789     0.132213     0.116913     0.100891     0.084153     0.066704     0.048548     0.029689     0.010129    -0.010129
    0.010056     0.029469     0.048182     0.066193     0.083498     0.100095     0.115979     0.131147     0.145596     0.159323     0.172327     0.184608     0.196166     0.207005     0.217129     0.226544     0.235259     0.243284     0.250632     0.257317     0.263353     0.268757     0.273545     0.277735     0.281342     0.284383     0.286870     0.288816     0.290229     0.291116     0.291481     0.291323     0.290640     0.289424     0.287667     0.285356     0.282477     0.279015     0.274952     0.270270     0.264952     0.258980     0.252338     0.245012     0.236987     0.228252     0.218798     0.208619     0.197709     0.186065     0.173686     0.160574     0.146730     0.132157     0.116861     0.100844     0.084112     0.066671     0.048523     0.029673     0.010124    -0.010124
    0.010051     0.029456     0.048162     0.066166     0.083465     0.100057     0.115937     0.131103     0.145550     0.159278     0.172283     0.184566     0.196128     0.206972     0.217101     0.226524     0.235247     0.243281     0.250639     0.257334     0.263380     0.268794     0.273592     0.277792     0.281408     0.284456     0.286949     0.288900     0.290316     0.291205     0.291570     0.291410     0.290723     0.289502     0.287737     0.285418     0.282530     0.279057     0.274983     0.270290     0.264961     0.258978     0.252326     0.244989     0.236955     0.228213     0.218752     0.208568     0.197653     0.186007     0.173627     0.160515     0.146672     0.132102     0.116809     0.100798     0.084073     0.066638     0.048498     0.029658     0.010118    -0.010118
    0.010047     0.029443     0.048142     0.066139     0.083433     0.100020     0.115897     0.131060     0.145506     0.159233     0.172239     0.184525     0.196090     0.206939     0.217075     0.226504     0.235235     0.243279     0.250646     0.257350     0.263407     0.268831     0.273639     0.277848     0.281472     0.284528     0.287027     0.288983     0.290403     0.291293     0.291657     0.291496     0.290805     0.289578     0.287807     0.285480     0.282582     0.279099     0.275015     0.270311     0.264970     0.258977     0.252314     0.244967     0.236925     0.228174     0.218707     0.208517     0.197598     0.185949     0.173568     0.160456     0.146615     0.132048     0.116759     0.100753     0.084033     0.066606     0.048474     0.029642     0.010113    -0.010113
    0.010042     0.029431     0.048122     0.066113     0.083401     0.099984     0.115857     0.131017     0.145462     0.159189     0.172197     0.184484     0.196054     0.206907     0.217048     0.226485     0.235224     0.243276     0.250652     0.257366     0.263433     0.268867     0.273685     0.277903     0.281536     0.284599     0.287105     0.289065     0.290487     0.291379     0.291744     0.291580     0.290885     0.289653     0.287875     0.285540     0.282633     0.279141     0.275045     0.270331     0.264979     0.258975     0.252302     0.244946     0.236894     0.228136     0.218663     0.208467     0.197545     0.185893     0.173510     0.160398     0.146559     0.131994     0.116709     0.100708     0.083995     0.066574     0.048451     0.029628     0.010108    -0.010108
    0.010038     0.029418     0.048102     0.066087     0.083370     0.099948     0.115817     0.130975     0.145419     0.159146     0.172154     0.184445     0.196017     0.206875     0.217023     0.226466     0.235213     0.243273     0.250659     0.257382     0.263459     0.268903     0.273730     0.277957     0.281598     0.284668     0.287180     0.289145     0.290571     0.291465     0.291828     0.291663     0.290964     0.289727     0.287943     0.285599     0.282684     0.279181     0.275076     0.270350     0.264988     0.258973     0.252290     0.244924     0.236864     0.228099     0.218619     0.208418     0.197492     0.185837     0.173454     0.160342     0.146503     0.131941     0.116660     0.100664     0.083956     0.066543     0.048427     0.029613     0.010102    -0.010102
    0.010034     0.029406     0.048082     0.066061     0.083339     0.099912     0.115779     0.130934     0.145377     0.159103     0.172113     0.184405     0.195981     0.206844     0.216997     0.226447     0.235202     0.243270     0.250665     0.257398     0.263484     0.268938     0.273775     0.278011     0.281660     0.284737     0.287255     0.289224     0.290653     0.291548     0.291912     0.291744     0.291042     0.289800     0.288009     0.285658     0.282733     0.279221     0.275105     0.270369     0.264997     0.258971     0.252278     0.244903     0.236835     0.228062     0.218575     0.208369     0.197439     0.185782     0.173397     0.160286     0.146448     0.131889     0.116612     0.100620     0.083919     0.066512     0.048404     0.029598     0.010097    -0.010097
    0.010029     0.029394     0.048063     0.066036     0.083308     0.099877     0.115740     0.130894     0.145335     0.159061     0.172072     0.184367     0.195946     0.206813     0.216972     0.226429     0.235191     0.243268     0.250672     0.257414     0.263510     0.268973     0.273819     0.278063     0.281721     0.284805     0.287329     0.289302     0.290735     0.291631     0.291994     0.291825     0.291119     0.289872     0.288074     0.285715     0.282782     0.279261     0.275135     0.270388     0.265005     0.258970     0.252267     0.244883     0.236806     0.228025     0.218533     0.208322     0.197388     0.185728     0.173342     0.160230     0.146395     0.131838     0.116564     0.100577     0.083882     0.066482     0.048381     0.029584     0.010092    -0.010092
    0.010025     0.029382     0.048045     0.066011     0.083278     0.099843     0.115703     0.130854     0.145294     0.159020     0.172032     0.184329     0.195912     0.206783     0.216948     0.226411     0.235180     0.243266     0.250678     0.257430     0.263535     0.269007     0.273863     0.278115     0.281781     0.284872     0.287401     0.289379     0.290814     0.291712     0.292075     0.291904     0.291195     0.289942     0.288138     0.285772     0.282830     0.279299     0.275163     0.270407     0.265013     0.258968     0.252255     0.244862     0.236777     0.227989     0.218490     0.208274     0.197337     0.185675     0.173288     0.160176     0.146341     0.131787     0.116517     0.100535     0.083845     0.066452     0.048359     0.029570     0.010087    -0.010087
    0.010021     0.029370     0.048026     0.065986     0.083248     0.099809     0.115666     0.130814     0.145253     0.158980     0.171992     0.184291     0.195878     0.206754     0.216923     0.226393     0.235170     0.243263     0.250684     0.257445     0.263559     0.269041     0.273905     0.278167     0.281840     0.284938     0.287473     0.289455     0.290893     0.291792     0.292155     0.291982     0.291269     0.290012     0.288202     0.285828     0.282878     0.279337     0.275192     0.270425     0.265022     0.258966     0.252244     0.244842     0.236749     0.227954     0.218449     0.208228     0.197287     0.185622     0.173234     0.160122     0.146289     0.131737     0.116471     0.100493     0.083809     0.066422     0.048337     0.029556     0.010082    -0.010082
    0.010017     0.029359     0.048008     0.065962     0.083219     0.099776     0.115629     0.130776     0.145213     0.158940     0.171954     0.184255     0.195844     0.206724     0.216900     0.226376     0.235160     0.243261     0.250691     0.257461     0.263584     0.269075     0.273948     0.278217     0.281898     0.285002     0.287543     0.289530     0.290971     0.291871     0.292233     0.292058     0.291342     0.290080     0.288264     0.285883     0.282924     0.279375     0.275220     0.270443     0.265030     0.258964     0.252233     0.244822     0.236721     0.227919     0.218408     0.208182     0.197237     0.185570     0.173181     0.160069     0.146237     0.131688     0.116425     0.100452     0.083773     0.066393     0.048315     0.029542     0.010078    -0.010078
    0.010013     0.029347     0.047990     0.065938     0.083190     0.099743     0.115593     0.130738     0.145174     0.158900     0.171915     0.184219     0.195811     0.206696     0.216876     0.226359     0.235150     0.243259     0.250697     0.257476     0.263608     0.269108     0.273989     0.278267     0.281955     0.285066     0.287612     0.289603     0.291047     0.291948     0.292311     0.292134     0.291415     0.290148     0.288325     0.285937     0.282970     0.279412     0.275247     0.270461     0.265037     0.258963     0.252222     0.244803     0.236693     0.227885     0.218368     0.208137     0.197189     0.185519     0.173129     0.160017     0.146187     0.131640     0.116380     0.100412     0.083738     0.066364     0.048294     0.029529     0.010073    -0.010073
    0.010009     0.029336     0.047972     0.065915     0.083162     0.099711     0.115558     0.130700     0.145135     0.158862     0.171878     0.184183     0.195779     0.206668     0.216854     0.226342     0.235140     0.243257     0.250703     0.257491     0.263632     0.269140     0.274030     0.278316     0.282012     0.285129     0.287681     0.289676     0.291122     0.292025     0.292387     0.292208     0.291486     0.290214     0.288386     0.285990     0.283015     0.279448     0.275274     0.270478     0.265045     0.258961     0.252211     0.244783     0.236666     0.227851     0.218328     0.208093     0.197141     0.185469     0.173077     0.159966     0.146137     0.131592     0.116336     0.100372     0.083704     0.066336     0.048272     0.029516     0.010068    -0.010068
    0.010005     0.029325     0.047955     0.065892     0.083134     0.099679     0.115523     0.130663     0.145097     0.158824     0.171840     0.184148     0.195747     0.206640     0.216831     0.226326     0.235131     0.243255     0.250710     0.257505     0.263655     0.269172     0.274071     0.278365     0.282067     0.285191     0.287748     0.289747     0.291196     0.292100     0.292462     0.292281     0.291556     0.290280     0.288445     0.286043     0.283060     0.279484     0.275301     0.270495     0.265053     0.258959     0.252200     0.244764     0.236640     0.227817     0.218289     0.208049     0.197093     0.185420     0.173027     0.159915     0.146087     0.131545     0.116292     0.100332     0.083670     0.066308     0.048251     0.029502     0.010064    -0.010064
    0.010001     0.029314     0.047937     0.065869     0.083107     0.099647     0.115488     0.130627     0.145060     0.158786     0.171804     0.184113     0.195716     0.206613     0.216809     0.226309     0.235121     0.243253     0.250716     0.257520     0.263678     0.269204     0.274111     0.278412     0.282122     0.285252     0.287814     0.289817     0.291269     0.292174     0.292536     0.292353     0.291625     0.290344     0.288504     0.286094     0.283104     0.279519     0.275327     0.270512     0.265060     0.258957     0.252190     0.244746     0.236613     0.227784     0.218250     0.208006     0.197047     0.185371     0.172977     0.159865     0.146038     0.131498     0.116249     0.100294     0.083636     0.066281     0.048231     0.029490     0.010059    -0.010059
    0.009997     0.029303     0.047920     0.065847     0.083080     0.099617     0.115455     0.130591     0.145023     0.158749     0.171768     0.184080     0.195685     0.206586     0.216787     0.226294     0.235112     0.243252     0.250722     0.257534     0.263701     0.269235     0.274150     0.278459     0.282176     0.285313     0.287880     0.289887     0.291341     0.292247     0.292608     0.292424     0.291692     0.290407     0.288561     0.286145     0.283147     0.279554     0.275353     0.270529     0.265068     0.258956     0.252179     0.244727     0.236588     0.227752     0.218212     0.207963     0.197001     0.185323     0.172927     0.159816     0.145990     0.131453     0.116206     0.100255     0.083603     0.066254     0.048211     0.029477     0.010055    -0.010055
    0.009993     0.029293     0.047904     0.065825     0.083053     0.099586     0.115421     0.130556     0.144987     0.158713     0.171733     0.184046     0.195654     0.206560     0.216766     0.226278     0.235103     0.243250     0.250728     0.257549     0.263724     0.269266     0.274189     0.278506     0.282229     0.285372     0.287944     0.289955     0.291411     0.292319     0.292680     0.292494     0.291759     0.290470     0.288618     0.286195     0.283189     0.279588     0.275378     0.270545     0.265075     0.258954     0.252169     0.244709     0.236562     0.227720     0.218175     0.207922     0.196956     0.185275     0.172879     0.159768     0.145943     0.131408     0.116165     0.100218     0.083571     0.066227     0.048191     0.029464     0.010050    -0.010050
    0.009990     0.029282     0.047887     0.065803     0.083027     0.099556     0.115389     0.130521     0.144951     0.158677     0.171698     0.184013     0.195625     0.206534     0.216745     0.226263     0.235095     0.243249     0.250734     0.257563     0.263746     0.269296     0.274227     0.278551     0.282282     0.285430     0.288007     0.290022     0.291481     0.292390     0.292751     0.292563     0.291825     0.290531     0.288674     0.286244     0.283231     0.279622     0.275403     0.270561     0.265082     0.258952     0.252159     0.244691     0.236537     0.227688     0.218138     0.207880     0.196911     0.185228     0.172831     0.159720     0.145897     0.131363     0.116123     0.100181     0.083538     0.066201     0.048171     0.029452     0.010046    -0.010046
    0.009986     0.029272     0.047871     0.065782     0.083001     0.099527     0.115356     0.130487     0.144916     0.158642     0.171664     0.183981     0.195595     0.206508     0.216724     0.226248     0.235086     0.243247     0.250740     0.257577     0.263768     0.269326     0.274265     0.278596     0.282334     0.285488     0.288070     0.290088     0.291550     0.292460     0.292820     0.292631     0.291890     0.290591     0.288729     0.286293     0.283272     0.279655     0.275427     0.270577     0.265089     0.258950     0.252149     0.244673     0.236512     0.227657     0.218102     0.207840     0.196867     0.185182     0.172784     0.159673     0.145851     0.131319     0.116083     0.100144     0.083507     0.066175     0.048151     0.029440     0.010042    -0.010042
    0.009982     0.029262     0.047855     0.065761     0.082976     0.099498     0.115324     0.130453     0.144881     0.158607     0.171630     0.183949     0.195566     0.206483     0.216704     0.226233     0.235078     0.243246     0.250746     0.257590     0.263789     0.269356     0.274302     0.278641     0.282384     0.285545     0.288131     0.290153     0.291617     0.292528     0.292888     0.292698     0.291953     0.290651     0.288783     0.286340     0.283312     0.279687     0.275451     0.270592     0.265096     0.258949     0.252139     0.244656     0.236488     0.227627     0.218066     0.207799     0.196824     0.185137     0.172738     0.159627     0.145805     0.131276     0.116043     0.100108     0.083476     0.066149     0.048132     0.029428     0.010037    -0.010037
    0.009979     0.029252     0.047840     0.065740     0.082951     0.099469     0.115293     0.130420     0.144847     0.158573     0.171597     0.183918     0.195538     0.206459     0.216684     0.226219     0.235070     0.243244     0.250752     0.257604     0.263811     0.269385     0.274339     0.278685     0.282435     0.285600     0.288192     0.290217     0.291684     0.292596     0.292956     0.292763     0.292016     0.290709     0.288836     0.286387     0.283352     0.279719     0.275475     0.270607     0.265102     0.258947     0.252129     0.244638     0.236463     0.227597     0.218030     0.207760     0.196781     0.185092     0.172692     0.159581     0.145761     0.131234     0.116003     0.100072     0.083445     0.066124     0.048113     0.029416     0.010033    -0.010033
    0.009975     0.029242     0.047824     0.065719     0.082926     0.099441     0.115262     0.130387     0.144814     0.158539     0.171564     0.183887     0.195510     0.206435     0.216664     0.226205     0.235062     0.243243     0.250758     0.257617     0.263832     0.269414     0.274375     0.278728     0.282484     0.285655     0.288251     0.290280     0.291749     0.292662     0.293022     0.292828     0.292078     0.290767     0.288888     0.286433     0.283391     0.279751     0.275499     0.270622     0.265109     0.258945     0.252120     0.244621     0.236440     0.227567     0.217996     0.207721     0.196739     0.185048     0.172647     0.159536     0.145717     0.131192     0.115964     0.100037     0.083414     0.066099     0.048095     0.029404     0.010029    -0.010029
    0.009972     0.029233     0.047809     0.065699     0.082902     0.099413     0.115232     0.130355     0.144781     0.158506     0.171532     0.183857     0.195483     0.206411     0.216645     0.226191     0.235054     0.243242     0.250764     0.257631     0.263853     0.269442     0.274410     0.278770     0.282533     0.285710     0.288310     0.290343     0.291814     0.292728     0.293087     0.292892     0.292139     0.290824     0.288940     0.286479     0.283430     0.279781     0.275522     0.270637     0.265115     0.258944     0.252110     0.244604     0.236416     0.227537     0.217961     0.207683     0.196698     0.185005     0.172602     0.159491     0.145673     0.131151     0.115926     0.100003     0.083385     0.066075     0.048077     0.029393     0.010025    -0.010025
    0.009969     0.029223     0.047794     0.065679     0.082878     0.099386     0.115202     0.130324     0.144748     0.158474     0.171500     0.183827     0.195456     0.206387     0.216626     0.226177     0.235046     0.243241     0.250770     0.257644     0.263873     0.269470     0.274445     0.278812     0.282581     0.285763     0.288368     0.290404     0.291877     0.292792     0.293151     0.292954     0.292199     0.290880     0.288991     0.286524     0.283468     0.279812     0.275544     0.270652     0.265122     0.258942     0.252101     0.244588     0.236393     0.227509     0.217927     0.207645     0.196657     0.184962     0.172559     0.159448     0.145631     0.131110     0.115888     0.099969     0.083355     0.066051     0.048059     0.029381     0.010021    -0.010021
    0.009965     0.029214     0.047779     0.065660     0.082854     0.099359     0.115173     0.130292     0.144716     0.158442     0.171469     0.183798     0.195429     0.206364     0.216608     0.226164     0.235038     0.243240     0.250776     0.257657     0.263894     0.269497     0.274480     0.278853     0.282628     0.285816     0.288425     0.290464     0.291940     0.292856     0.293215     0.293016     0.292257     0.290935     0.289041     0.286568     0.283505     0.279842     0.275566     0.270666     0.265128     0.258940     0.252092     0.244572     0.236370     0.227480     0.217894     0.207607     0.196617     0.184920     0.172515     0.159405     0.145589     0.131070     0.115851     0.099935     0.083326     0.066027     0.048041     0.029370     0.010017    -0.010017
    0.009962     0.029204     0.047765     0.065641     0.082831     0.099333     0.115144     0.130262     0.144685     0.158410     0.171439     0.183769     0.195403     0.206342     0.216589     0.226151     0.235031     0.243239     0.250781     0.257670     0.263914     0.269525     0.274514     0.278894     0.282675     0.285867     0.288481     0.290524     0.292001     0.292918     0.293277     0.293077     0.292316     0.290989     0.289090     0.286611     0.283542     0.279871     0.275588     0.270680     0.265134     0.258939     0.252083     0.244555     0.236348     0.227452     0.217861     0.207571     0.196577     0.184878     0.172473     0.159362     0.145547     0.131030     0.115814     0.099902     0.083298     0.066004     0.048023     0.029359     0.010013    -0.010013
    0.009959     0.029195     0.047750     0.065622     0.082808     0.099307     0.115115     0.130232     0.144654     0.158379     0.171409     0.183741     0.195377     0.206320     0.216572     0.226138     0.235024     0.243238     0.250787     0.257682     0.263933     0.269551     0.274548     0.278934     0.282721     0.285919     0.288536     0.290582     0.292062     0.292980     0.293338     0.293137     0.292373     0.291042     0.289139     0.286654     0.283578     0.279901     0.275610     0.270694     0.265140     0.258937     0.252074     0.244540     0.236326     0.227424     0.217829     0.207535     0.196538     0.184837     0.172431     0.159320     0.145506     0.130991     0.115778     0.099870     0.083269     0.065980     0.048006     0.029348     0.010009    -0.010009
    0.009956     0.029186     0.047736     0.065603     0.082786     0.099281     0.115087     0.130202     0.144623     0.158349     0.171379     0.183713     0.195352     0.206298     0.216554     0.226125     0.235017     0.243237     0.250793     0.257695     0.263953     0.269578     0.274581     0.278973     0.282766     0.285969     0.288591     0.290640     0.292122     0.293041     0.293399     0.293195     0.292429     0.291095     0.289186     0.286696     0.283614     0.279929     0.275631     0.270707     0.265146     0.258935     0.252065     0.244524     0.236304     0.227397     0.217797     0.207499     0.196499     0.184797     0.172390     0.159279     0.145466     0.130953     0.115742     0.099838     0.083242     0.065958     0.047989     0.029338     0.010006    -0.010006
    0.009952     0.029178     0.047722     0.065585     0.082764     0.099256     0.115060     0.130173     0.144593     0.158319     0.171350     0.183685     0.195327     0.206276     0.216537     0.226113     0.235010     0.243236     0.250798     0.257707     0.263972     0.269604     0.274614     0.279012     0.282811     0.286018     0.288645     0.290697     0.292181     0.293100     0.293458     0.293253     0.292484     0.291146     0.289233     0.286737     0.283649     0.279957     0.275652     0.270720     0.265151     0.258934     0.252056     0.244508     0.236282     0.227370     0.217765     0.207464     0.196461     0.184757     0.172349     0.159238     0.145426     0.130915     0.115707     0.099806     0.083214     0.065935     0.047972     0.029327     0.010002    -0.010002
    0.009949     0.029169     0.047709     0.065567     0.082742     0.099231     0.115033     0.130144     0.144563     0.158289     0.171321     0.183658     0.195302     0.206255     0.216520     0.226100     0.235003     0.243235     0.250804     0.257719     0.263991     0.269630     0.274646     0.279051     0.282854     0.286067     0.288697     0.290753     0.292238     0.293159     0.293517     0.293310     0.292539     0.291197     0.289279     0.286778     0.283683     0.279985     0.275672     0.270733     0.265157     0.258932     0.252047     0.244493     0.236261     0.227344     0.217734     0.207429     0.196424     0.184718     0.172309     0.159198     0.145387     0.130878     0.115673     0.099775     0.083187     0.065913     0.047956     0.029317     0.009998    -0.009998
    0.009946     0.029161     0.047695     0.065549     0.082721     0.099207     0.115006     0.130116     0.144534     0.158260     0.171293     0.183632     0.195278     0.206234     0.216503     0.226088     0.234997     0.243234     0.250810     0.257731     0.264010     0.269655     0.274678     0.279088     0.282898     0.286115     0.288749     0.290808     0.292295     0.293217     0.293574     0.293367     0.292592     0.291247     0.289325     0.286818     0.283717     0.280012     0.275692     0.270746     0.265163     0.258930     0.252039     0.244478     0.236240     0.227317     0.217704     0.207395     0.196387     0.184679     0.172269     0.159159     0.145349     0.130841     0.115639     0.099744     0.083161     0.065892     0.047939     0.029306     0.009995    -0.009995
    0.009943     0.029152     0.047682     0.065532     0.082699     0.099183     0.114980     0.130088     0.144506     0.158232     0.171265     0.183606     0.195255     0.206214     0.216486     0.226077     0.234990     0.243234     0.250815     0.257743     0.264028     0.269680     0.274709     0.279126     0.282940     0.286162     0.288801     0.290862     0.292352     0.293274     0.293631     0.293422     0.292645     0.291296     0.289369     0.286857     0.283750     0.280039     0.275712     0.270759     0.265168     0.258929     0.252030     0.244463     0.236220     0.227292     0.217674     0.207361     0.196351     0.184641     0.172230     0.159120     0.145311     0.130805     0.115605     0.099714     0.083135     0.065870     0.047923     0.029296     0.009991    -0.009991
    0.009940     0.029144     0.047669     0.065515     0.082679     0.099159     0.114954     0.130061     0.144478     0.158204     0.171238     0.183580     0.195232     0.206194     0.216470     0.226065     0.234984     0.243233     0.250820     0.257755     0.264046     0.269704     0.274740     0.279162     0.282982     0.286209     0.288851     0.290915     0.292407     0.293330     0.293687     0.293476     0.292697     0.291345     0.289413     0.286896     0.283783     0.280065     0.275732     0.270771     0.265173     0.258927     0.252022     0.244449     0.236199     0.227266     0.217644     0.207328     0.196315     0.184603     0.172192     0.159082     0.145274     0.130770     0.115572     0.099684     0.083109     0.065849     0.047908     0.029287     0.009988    -0.009988
    0.009938     0.029136     0.047656     0.065498     0.082658     0.099136     0.114928     0.130034     0.144450     0.158176     0.171211     0.183555     0.195209     0.206174     0.216454     0.226054     0.234977     0.243232     0.250826     0.257767     0.264064     0.269729     0.274770     0.279198     0.283024     0.286255     0.288901     0.290968     0.292461     0.293385     0.293742     0.293530     0.292748     0.291392     0.289457     0.286934     0.283815     0.280091     0.275751     0.270783     0.265178     0.258925     0.252014     0.244434     0.236179     0.227241     0.217615     0.207295     0.196280     0.184566     0.172154     0.159044     0.145237     0.130734     0.115540     0.099655     0.083084     0.065828     0.047892     0.029277     0.009984    -0.009984
    0.009935     0.029128     0.047644     0.065481     0.082638     0.099113     0.114903     0.130007     0.144423     0.158149     0.171185     0.183530     0.195186     0.206155     0.216439     0.226043     0.234971     0.243232     0.250831     0.257778     0.264082     0.269753     0.274800     0.279234     0.283064     0.286300     0.288950     0.291019     0.292515     0.293440     0.293796     0.293583     0.292798     0.291439     0.289499     0.286971     0.283847     0.280116     0.275769     0.270795     0.265184     0.258923     0.252005     0.244420     0.236159     0.227217     0.217586     0.207263     0.196245     0.184530     0.172117     0.159007     0.145201     0.130700     0.115508     0.099626     0.083059     0.065808     0.047877     0.029267     0.009981    -0.009981
    0.009932     0.029120     0.047631     0.065465     0.082619     0.099091     0.114879     0.129981     0.144396     0.158122     0.171159     0.183506     0.195164     0.206136     0.216424     0.226032     0.234965     0.243231     0.250836     0.257790     0.264100     0.269776     0.274829     0.279269     0.283104     0.286345     0.288998     0.291070     0.292568     0.293493     0.293849     0.293634     0.292848     0.291485     0.289541     0.287008     0.283878     0.280141     0.275788     0.270807     0.265188     0.258922     0.251997     0.244406     0.236140     0.227192     0.217558     0.207232     0.196211     0.184494     0.172081     0.158970     0.145165     0.130666     0.115476     0.099598     0.083034     0.065788     0.047862     0.029258     0.009978    -0.009978
    0.009929     0.029112     0.047619     0.065449     0.082599     0.099068     0.114855     0.129956     0.144370     0.158096     0.171133     0.183482     0.195142     0.206117     0.216409     0.226021     0.234960     0.243231     0.250842     0.257801     0.264117     0.269799     0.274858     0.279303     0.283144     0.286388     0.289045     0.291120     0.292619     0.293546     0.293901     0.293686     0.292897     0.291531     0.289583     0.287045     0.283909     0.280166     0.275806     0.270819     0.265193     0.258920     0.251989     0.244392     0.236121     0.227168     0.217530     0.207200     0.196177     0.184459     0.172045     0.158934     0.145130     0.130632     0.115445     0.099570     0.083010     0.065768     0.047847     0.029248     0.009974    -0.009974
    0.009926     0.029105     0.047607     0.065433     0.082580     0.099047     0.114831     0.129930     0.144344     0.158070     0.171108     0.183458     0.195121     0.206099     0.216394     0.226010     0.234954     0.243230     0.250847     0.257812     0.264134     0.269822     0.274887     0.279337     0.283183     0.286431     0.289092     0.291170     0.292670     0.293598     0.293953     0.293736     0.292945     0.291576     0.289623     0.287080     0.283939     0.280190     0.275824     0.270830     0.265198     0.258918     0.251981     0.244378     0.236102     0.227145     0.217502     0.207170     0.196144     0.184424     0.172009     0.158899     0.145095     0.130600     0.115414     0.099542     0.082986     0.065749     0.047832     0.029239     0.009971    -0.009971
    0.009924     0.029097     0.047596     0.065418     0.082561     0.099025     0.114807     0.129906     0.144319     0.158045     0.171084     0.183435     0.195100     0.206081     0.216379     0.226000     0.234948     0.243230     0.250852     0.257823     0.264150     0.269845     0.274915     0.279371     0.283221     0.286474     0.289138     0.291218     0.292721     0.293649     0.294003     0.293785     0.292992     0.291619     0.289663     0.287115     0.283969     0.280214     0.275841     0.270841     0.265203     0.258917     0.251974     0.244365     0.236083     0.227122     0.217475     0.207139     0.196112     0.184390     0.171974     0.158864     0.145061     0.130567     0.115384     0.099515     0.082963     0.065730     0.047818     0.029230     0.009968    -0.009968
    0.009921     0.029090     0.047584     0.065402     0.082543     0.099004     0.114784     0.129881     0.144294     0.158020     0.171059     0.183412     0.195080     0.206063     0.216365     0.225990     0.234943     0.243229     0.250857     0.257833     0.264167     0.269867     0.274943     0.279404     0.283258     0.286516     0.289183     0.291266     0.292770     0.293699     0.294053     0.293834     0.293038     0.291663     0.289702     0.287150     0.283998     0.280237     0.275859     0.270852     0.265207     0.258915     0.251966     0.244352     0.236065     0.227099     0.217448     0.207109     0.196079     0.184356     0.171940     0.158830     0.145028     0.130535     0.115355     0.099489     0.082940     0.065711     0.047804     0.029221     0.009965    -0.009965
    0.009919     0.029083     0.047573     0.065387     0.082525     0.098984     0.114762     0.129858     0.144269     0.157995     0.171036     0.183390     0.195059     0.206045     0.216351     0.225980     0.234938     0.243229     0.250862     0.257844     0.264183     0.269889     0.274970     0.279436     0.283295     0.286557     0.289227     0.291313     0.292819     0.293748     0.294102     0.293881     0.293084     0.291705     0.289741     0.287184     0.284027     0.280260     0.275876     0.270863     0.265212     0.258913     0.251958     0.244339     0.236047     0.227076     0.217422     0.207080     0.196048     0.184323     0.171906     0.158796     0.144995     0.130504     0.115325     0.099462     0.082917     0.065692     0.047790     0.029213     0.009962    -0.009962
    0.009916     0.029076     0.047562     0.065373     0.082507     0.098964     0.114740     0.129834     0.144245     0.157971     0.171012     0.183368     0.195039     0.206028     0.216337     0.225970     0.234932     0.243229     0.250867     0.257854     0.264199     0.269910     0.274997     0.279468     0.283332     0.286597     0.289271     0.291359     0.292866     0.293796     0.294150     0.293928     0.293128     0.291747     0.289779     0.287217     0.284055     0.280283     0.275892     0.270873     0.265216     0.258912     0.251951     0.244326     0.236029     0.227054     0.217396     0.207051     0.196017     0.184290     0.171872     0.158763     0.144962     0.130473     0.115297     0.099437     0.082895     0.065674     0.047776     0.029204     0.009959    -0.009959
    0.009914     0.029069     0.047551     0.065358     0.082490     0.098944     0.114718     0.129811     0.144221     0.157948     0.170989     0.183346     0.195020     0.206012     0.216324     0.225961     0.234927     0.243229     0.250872     0.257865     0.264215     0.269931     0.275023     0.279499     0.283368     0.286637     0.289314     0.291404     0.292913     0.293844     0.294198     0.293975     0.293172     0.291788     0.289816     0.287250     0.284082     0.280305     0.275908     0.270883     0.265220     0.258910     0.251943     0.244313     0.236011     0.227032     0.217371     0.207023     0.195986     0.184258     0.171840     0.158730     0.144930     0.130442     0.115269     0.099411     0.082873     0.065656     0.047763     0.029196     0.009956    -0.009956
    0.009911     0.029062     0.047540     0.065344     0.082473     0.098924     0.114697     0.129788     0.144198     0.157924     0.170967     0.183325     0.195001     0.205995     0.216311     0.225952     0.234922     0.243228     0.250877     0.257875     0.264230     0.269952     0.275049     0.279530     0.283403     0.286676     0.289356     0.291449     0.292960     0.293891     0.294244     0.294020     0.293216     0.291828     0.289852     0.287282     0.284110     0.280327     0.275924     0.270893     0.265224     0.258908     0.251936     0.244300     0.235994     0.227011     0.217345     0.206995     0.195956     0.184227     0.171807     0.158698     0.144899     0.130412     0.115241     0.099386     0.082851     0.065638     0.047750     0.029187     0.009953    -0.009953
    0.009909     0.029055     0.047530     0.065330     0.082456     0.098905     0.114676     0.129766     0.144175     0.157902     0.170945     0.183305     0.194982     0.205979     0.216298     0.225942     0.234917     0.243228     0.250881     0.257885     0.264246     0.269973     0.275075     0.279560     0.283438     0.286714     0.289397     0.291493     0.293005     0.293937     0.294290     0.294064     0.293258     0.291868     0.289888     0.287314     0.284136     0.280348     0.275940     0.270903     0.265228     0.258906     0.251929     0.244288     0.235977     0.226989     0.217321     0.206967     0.195926     0.184196     0.171775     0.158666     0.144868     0.130383     0.115214     0.099362     0.082830     0.065621     0.047737     0.029179     0.009950    -0.009950
    0.009907     0.029049     0.047519     0.065317     0.082440     0.098886     0.114655     0.129745     0.144153     0.157879     0.170923     0.183284     0.194964     0.205963     0.216285     0.225933     0.234913     0.243228     0.250886     0.257894     0.264261     0.269993     0.275100     0.279590     0.283472     0.286752     0.289438     0.291536     0.293050     0.293982     0.294335     0.294108     0.293300     0.291907     0.289924     0.287345     0.284162     0.280369     0.275955     0.270913     0.265232     0.258905     0.251922     0.244276     0.235960     0.226969     0.217296     0.206940     0.195897     0.184165     0.171744     0.158635     0.144837     0.130354     0.115187     0.099338     0.082809     0.065604     0.047724     0.029171     0.009947    -0.009947
    0.009904     0.029043     0.047509     0.065303     0.082424     0.098868     0.114635     0.129723     0.144131     0.157857     0.170902     0.183264     0.194946     0.205948     0.216273     0.225925     0.234908     0.243228     0.250891     0.257904     0.264275     0.270013     0.275125     0.279619     0.283505     0.286789     0.289478     0.291578     0.293093     0.294026     0.294379     0.294151     0.293341     0.291945     0.289958     0.287375     0.284188     0.280389     0.275970     0.270922     0.265236     0.258903     0.251915     0.244264     0.235944     0.226948     0.217272     0.206913     0.195868     0.184135     0.171714     0.158604     0.144808     0.130326     0.115160     0.099314     0.082789     0.065587     0.047712     0.029163     0.009944    -0.009944
    0.009902     0.029036     0.047499     0.065290     0.082408     0.098850     0.114615     0.129702     0.144110     0.157836     0.170881     0.183245     0.194928     0.205932     0.216261     0.225916     0.234903     0.243228     0.250895     0.257914     0.264290     0.270032     0.275149     0.279648     0.283538     0.286825     0.289518     0.291620     0.293136     0.294070     0.294422     0.294193     0.293381     0.291982     0.289992     0.287405     0.284213     0.280409     0.275985     0.270931     0.265240     0.258901     0.251908     0.244252     0.235927     0.226928     0.217249     0.206887     0.195840     0.184105     0.171683     0.158574     0.144778     0.130298     0.115135     0.099291     0.082769     0.065571     0.047699     0.029156     0.009942    -0.009942
    0.009900     0.029030     0.047490     0.065278     0.082392     0.098832     0.114596     0.129682     0.144089     0.157815     0.170861     0.183226     0.194911     0.205918     0.216249     0.225908     0.234899     0.243228     0.250900     0.257923     0.264304     0.270051     0.275173     0.279676     0.283570     0.286861     0.289556     0.291661     0.293178     0.294113     0.294465     0.294235     0.293420     0.292019     0.290025     0.287434     0.284238     0.280429     0.276000     0.270940     0.265243     0.258899     0.251901     0.244240     0.235911     0.226908     0.217226     0.206861     0.195812     0.184076     0.171654     0.158545     0.144750     0.130270     0.115109     0.099268     0.082749     0.065555     0.047687     0.029148     0.009939    -0.009939
    0.009898     0.029024     0.047480     0.065265     0.082377     0.098815     0.114577     0.129662     0.144068     0.157795     0.170841     0.183207     0.194894     0.205903     0.216237     0.225900     0.234895     0.243228     0.250904     0.257932     0.264318     0.270070     0.275196     0.279704     0.283602     0.286896     0.289594     0.291700     0.293220     0.294155     0.294507     0.294275     0.293459     0.292055     0.290058     0.287463     0.284262     0.280448     0.276014     0.270949     0.265247     0.258898     0.251894     0.244229     0.235896     0.226888     0.217203     0.206836     0.195785     0.184048     0.171625     0.158516     0.144721     0.130244     0.115084     0.099245     0.082730     0.065539     0.047675     0.029141     0.009937    -0.009937
    0.009896     0.029019     0.047471     0.065253     0.082363     0.098798     0.114559     0.129643     0.144048     0.157774     0.170821     0.183189     0.194877     0.205889     0.216226     0.225892     0.234890     0.243228     0.250909     0.257941     0.264332     0.270088     0.275219     0.279731     0.283633     0.286931     0.289631     0.291740     0.293260     0.294196     0.294547     0.294315     0.293497     0.292090     0.290090     0.287491     0.284286     0.280467     0.276027     0.270958     0.265250     0.258896     0.251887     0.244218     0.235880     0.226869     0.217181     0.206811     0.195758     0.184020     0.171596     0.158487     0.144694     0.130217     0.115060     0.099224     0.082711     0.065523     0.047664     0.029134     0.009934    -0.009934
    0.009894     0.029013     0.047462     0.065241     0.082348     0.098782     0.114541     0.129624     0.144028     0.157755     0.170802     0.183171     0.194861     0.205875     0.216215     0.225884     0.234886     0.243228     0.250913     0.257950     0.264345     0.270106     0.275241     0.279758     0.283663     0.286964     0.289667     0.291778     0.293300     0.294236     0.294587     0.294354     0.293534     0.292124     0.290121     0.287518     0.284309     0.280486     0.276041     0.270966     0.265253     0.258894     0.251881     0.244207     0.235865     0.226851     0.217159     0.206787     0.195732     0.183993     0.171568     0.158459     0.144666     0.130191     0.115036     0.099202     0.082692     0.065508     0.047652     0.029126     0.009931    -0.009931
    0.009892     0.029007     0.047454     0.065230     0.082334     0.098766     0.114523     0.129605     0.144009     0.157736     0.170784     0.183153     0.194846     0.205862     0.216204     0.225876     0.234883     0.243228     0.250918     0.257959     0.264358     0.270124     0.275263     0.279784     0.283693     0.286997     0.289703     0.291815     0.293339     0.294275     0.294626     0.294392     0.293570     0.292158     0.290152     0.287545     0.284331     0.280504     0.276054     0.270974     0.265256     0.258892     0.251874     0.244196     0.235850     0.226832     0.217138     0.206763     0.195706     0.183966     0.171541     0.158432     0.144640     0.130166     0.115012     0.099181     0.082674     0.065493     0.047641     0.029119     0.009929    -0.009929
    0.009890     0.029002     0.047445     0.065218     0.082321     0.098750     0.114506     0.129587     0.143991     0.157717     0.170766     0.183137     0.194830     0.205849     0.216194     0.225869     0.234879     0.243228     0.250922     0.257967     0.264371     0.270141     0.275285     0.279809     0.283722     0.287029     0.289738     0.291852     0.293376     0.294313     0.294664     0.294429     0.293605     0.292191     0.290181     0.287571     0.284353     0.280521     0.276067     0.270982     0.265259     0.258891     0.251868     0.244185     0.235836     0.226814     0.217117     0.206740     0.195681     0.183940     0.171514     0.158405     0.144614     0.130141     0.114989     0.099160     0.082656     0.065478     0.047630     0.029112     0.009927    -0.009927
    0.009888     0.028997     0.047437     0.065207     0.082307     0.098735     0.114490     0.129569     0.143973     0.157699     0.170748     0.183120     0.194815     0.205836     0.216184     0.225862     0.234875     0.243228     0.250926     0.257976     0.264384     0.270158     0.275306     0.279834     0.283750     0.287060     0.289771     0.291888     0.293413     0.294351     0.294701     0.294465     0.293640     0.292223     0.290210     0.287596     0.284375     0.280538     0.276079     0.270990     0.265262     0.258889     0.251862     0.244175     0.235821     0.226797     0.217096     0.206717     0.195657     0.183914     0.171488     0.158379     0.144588     0.130117     0.114967     0.099140     0.082638     0.065464     0.047619     0.029106     0.009924    -0.009924
    0.009886     0.028992     0.047429     0.065197     0.082294     0.098721     0.114474     0.129552     0.143955     0.157682     0.170731     0.183104     0.194801     0.205824     0.216174     0.225855     0.234872     0.243228     0.250930     0.257984     0.264396     0.270175     0.275326     0.279858     0.283777     0.287091     0.289804     0.291923     0.293449     0.294387     0.294738     0.294500     0.293673     0.292254     0.290239     0.287621     0.284396     0.280555     0.276091     0.270997     0.265265     0.258887     0.251856     0.244165     0.235808     0.226780     0.217076     0.206695     0.195633     0.183889     0.171462     0.158354     0.144563     0.130093     0.114945     0.099120     0.082621     0.065450     0.047609     0.029099     0.009922    -0.009922
    0.009885     0.028986     0.047421     0.065186     0.082282     0.098706     0.114458     0.129536     0.143938     0.157665     0.170715     0.183089     0.194787     0.205812     0.216165     0.225849     0.234868     0.243228     0.250934     0.257992     0.264408     0.270191     0.275346     0.279882     0.283804     0.287121     0.289836     0.291956     0.293484     0.294423     0.294773     0.294534     0.293706     0.292285     0.290266     0.287645     0.284416     0.280571     0.276103     0.271005     0.265268     0.258885     0.251850     0.244155     0.235794     0.226763     0.217057     0.206674     0.195610     0.183865     0.171438     0.158329     0.144539     0.130070     0.114923     0.099100     0.082604     0.065436     0.047598     0.029092     0.009920    -0.009920
    0.009883     0.028981     0.047413     0.065176     0.082269     0.098692     0.114443     0.129520     0.143922     0.157649     0.170699     0.183074     0.194774     0.205800     0.216156     0.225843     0.234865     0.243229     0.250938     0.258000     0.264420     0.270206     0.275365     0.279904     0.283830     0.287150     0.289868     0.291989     0.293518     0.294457     0.294807     0.294568     0.293738     0.292314     0.290293     0.287669     0.284435     0.280586     0.276114     0.271012     0.265271     0.258884     0.251844     0.244145     0.235781     0.226747     0.217038     0.206653     0.195587     0.183841     0.171414     0.158305     0.144516     0.130047     0.114902     0.099081     0.082587     0.065422     0.047587     0.029086     0.009917    -0.009917
    0.009881     0.028976     0.047405     0.065166     0.082258     0.098679     0.114428     0.129505     0.143906     0.157633     0.170684     0.183060     0.194761     0.205790     0.216147     0.225837     0.234863     0.243229     0.250942     0.258008     0.264432     0.270222     0.275384     0.279927     0.283856     0.287177     0.289898     0.292021     0.293551     0.294490     0.294840     0.294600     0.293768     0.292342     0.290318     0.287691     0.284454     0.280602     0.276125     0.271019     0.265273     0.258882     0.251839     0.244136     0.235769     0.226731     0.217020     0.206633     0.195566     0.183819     0.171390     0.158282     0.144493     0.130025     0.114881     0.099062     0.082570     0.065408     0.047577     0.029079     0.009915    -0.009915
    0.009879     0.028971     0.047397     0.065156     0.082246     0.098666     0.114414     0.129490     0.143892     0.157618     0.170670     0.183047     0.194750     0.205780     0.216139     0.225831     0.234860     0.243230     0.250946     0.258015     0.264443     0.270236     0.275402     0.279948     0.283880     0.287204     0.289927     0.292052     0.293583     0.294522     0.294872     0.294631     0.293798     0.292370     0.290343     0.287713     0.284473     0.280616     0.276136     0.271025     0.265276     0.258881     0.251833     0.244127     0.235756     0.226716     0.217003     0.206613     0.195545     0.183797     0.171368     0.158259     0.144471     0.130004     0.114861     0.099044     0.082554     0.065394     0.047566     0.029072     0.009912    -0.009912
    0.009877     0.028966     0.047390     0.065146     0.082235     0.098654     0.114401     0.129476     0.143878     0.157604     0.170657     0.183034     0.194738     0.205770     0.216132     0.225826     0.234858     0.243231     0.250950     0.258022     0.264454     0.270250     0.275420     0.279969     0.283904     0.287230     0.289955     0.292081     0.293613     0.294553     0.294902     0.294660     0.293826     0.292396     0.290367     0.287734     0.284490     0.280630     0.276146     0.271031     0.265278     0.258879     0.251828     0.244119     0.235745     0.226702     0.216987     0.206595     0.195525     0.183776     0.171347     0.158238     0.144450     0.129984     0.114842     0.099026     0.082538     0.065380     0.047555     0.029064     0.009909    -0.009909
    0.009874     0.028960     0.047382     0.065137     0.082224     0.098642     0.114389     0.129463     0.143864     0.157592     0.170644     0.183023     0.194728     0.205761     0.216125     0.225822     0.234856     0.243232     0.250954     0.258030     0.264464     0.270264     0.275437     0.279989     0.283926     0.287255     0.289981     0.292109     0.293642     0.294583     0.294932     0.294689     0.293853     0.292421     0.290390     0.287754     0.284507     0.280643     0.276156     0.271037     0.265280     0.258878     0.251824     0.244111     0.235734     0.226689     0.216971     0.206578     0.195507     0.183756     0.171327     0.158218     0.144430     0.129965     0.114824     0.099009     0.082522     0.065366     0.047543     0.029056     0.009906    -0.009906
    0.009870     0.028953     0.047374     0.065128     0.082214     0.098631     0.114377     0.129451     0.143852     0.157580     0.170633     0.183012     0.194718     0.205753     0.216119     0.225818     0.234854     0.243233     0.250958     0.258037     0.264474     0.270277     0.275453     0.280007     0.283947     0.287279     0.290007     0.292136     0.293670     0.294611     0.294959     0.294716     0.293879     0.292445     0.290411     0.287772     0.284523     0.280656     0.276165     0.271043     0.265283     0.258877     0.251819     0.244103     0.235724     0.226676     0.216956     0.206561     0.195489     0.183738     0.171308     0.158199     0.144411     0.129946     0.114806     0.098993     0.082507     0.065353     0.047531     0.029046     0.009900    -0.009900
    0.009863     0.028947     0.047366     0.065120     0.082205     0.098621     0.114367     0.129441     0.143842     0.157569     0.170623     0.183003     0.194710     0.205746     0.216113     0.225814     0.234853     0.243234     0.250962     0.258044     0.264484     0.270290     0.275468     0.280025     0.283968     0.287301     0.290031     0.292161     0.293696     0.294637     0.294985     0.294741     0.293903     0.292467     0.290432     0.287790     0.284538     0.280668     0.276174     0.271049     0.265285     0.258876     0.251815     0.244096     0.235714     0.226665     0.216943     0.206546     0.195473     0.183721     0.171290     0.158181     0.144394     0.129929     0.114790     0.098977     0.082493     0.065339     0.047519     0.029035     0.009891    -0.009891
    0.009852     0.028941     0.047359     0.065111     0.082196     0.098612     0.114357     0.129431     0.143832     0.157560     0.170614     0.182994     0.194703     0.205740     0.216109     0.225812     0.234853     0.243236     0.250967     0.258050     0.264493     0.270302     0.275483     0.280042     0.283987     0.287322     0.290053     0.292185     0.293720     0.294662     0.295010     0.294765     0.293925     0.292488     0.290451     0.287807     0.284552     0.280679     0.276182     0.271054     0.265287     0.258875     0.251812     0.244090     0.235706     0.226654     0.216930     0.206532     0.195458     0.183705     0.171274     0.158165     0.144378     0.129914     0.114775     0.098962     0.082479     0.065326     0.047508     0.029025     0.009878    -0.009878
    0.009768     0.028941     0.047359     0.065111     0.082196     0.098612     0.114357     0.129431     0.143832     0.157560     0.170614     0.182994     0.194703     0.205740     0.216109     0.225812     0.234853     0.243236     0.250967     0.258050     0.264493     0.270302     0.275483     0.280042     0.283987     0.287322     0.290053     0.292185     0.293720     0.294662     0.295010     0.294765     0.293925     0.292488     0.290451     0.287807     0.284552     0.280679     0.276182     0.271054     0.265287     0.258875     0.251812     0.244090     0.235706     0.226654     0.216930     0.206532     0.195458     0.183705     0.171274     0.158165     0.144378     0.129914     0.114775     0.098962     0.082479     0.065326     0.047508     0.029025     0.009794    -0.009794
