    0.014456     0.042296     0.068709     0.093694     0.117252     0.139381     0.160083     0.179358     0.197204     0.213623     0.228614     0.242177     0.254313     0.265021     0.274301     0.282153     0.288578     0.293575     0.297145     0.299286     0.300000     0.299286     0.297145     0.293575     0.288578     0.282153     0.274301     0.265021     0.254313     0.242177     0.228614     0.213623     0.197204     0.179358     0.160083     0.139381     0.117252     0.093694     0.068709     0.042296     0.014456    -0.014456
    0.014527     0.042525     0.069069     0.094111     0.117678     0.139795     0.160472     0.179714     0.197520     0.213889     0.228819     0.242311     0.254363     0.264978     0.274158     0.281907     0.288230     0.293134     0.296624     0.298707     0.299387     0.298666     0.296544     0.293021     0.288091     0.281749     0.273990     0.264807     0.254196     0.242153     0.228674     0.213759     0.197406     0.179615     0.160388     0.139723     0.117618     0.094061     0.069030     0.042503     0.014526    -0.014526
    0.014826     0.043266     0.070108     0.095305     0.118919     0.141015     0.161630     0.180781     0.198468     0.214689     0.229438     0.242714     0.254517     0.264853     0.273732     0.281170     0.287188     0.291810     0.295063     0.296969     0.297546     0.296804     0.294744     0.291358     0.286630     0.280539     0.273060     0.264171     0.253852     0.242085     0.228861     0.214171     0.198014     0.180389     0.161296     0.140732     0.118682     0.095111     0.069960     0.043174     0.014801    -0.014801
    0.015364     0.044536     0.071834     0.097269     0.120965     0.143039     0.163564     0.182571     0.200066     0.216042     0.230492     0.243409     0.254794     0.264660     0.273029     0.279939     0.285437     0.289580     0.292426     0.294030     0.294432     0.293655     0.291703     0.288554     0.284173     0.278510     0.271510     0.263120     0.253293     0.241992     0.229193     0.214880     0.199047     0.181694     0.162819     0.142413     0.120443     0.096843     0.071506     0.044323     0.015291    -0.015291
    0.016135     0.046337     0.074256     0.100015     0.123828     0.145882     0.166292     0.185110     0.202346     0.217990     0.232024     0.244438     0.255234     0.264429     0.272066     0.278210     0.282952     0.286393     0.288643     0.289803     0.289949     0.289125     0.287334     0.284539     0.280671     0.275636     0.269333     0.261664     0.252545     0.241909     0.229711     0.215926     0.200544     0.183564     0.164984     0.144787     0.122920     0.099276     0.073687     0.045959     0.015994    -0.015994
    0.017134     0.048668     0.077384     0.103555     0.127525     0.149566     0.169847     0.188440     0.205361     0.220591     0.234101     0.245871     0.255898     0.264209     0.270868     0.275982     0.279693     0.282172     0.283602     0.284150     0.283946     0.283061     0.281502     0.279203     0.276045     0.271875     0.266522     0.259826     0.251650     0.241890     0.230476     0.217371     0.202563     0.186052     0.167837     0.147894     0.126147     0.102440     0.076523     0.048091     0.016910    -0.016910
    0.018360     0.051530     0.081224     0.107906     0.132078     0.154123     0.174269     0.192616     0.209180     0.223929     0.236817     0.247805     0.256881     0.264078     0.269485     0.273257     0.275611     0.276811     0.277143     0.276870     0.276199     0.275243     0.274007     0.272387     0.270192     0.267175     0.263075     0.257643     0.250675     0.242018     0.231576     0.219301     0.205181     0.189225     0.171435     0.151782     0.130164     0.106367     0.080041     0.050734     0.018045    -0.018045
    0.019813     0.054923     0.085780     0.113077     0.137507     0.159583     0.179607     0.197706     0.213892     0.228115     0.240300     0.250379     0.258322     0.264157     0.267998     0.270058     0.270652     0.270171     0.269046     0.267681     0.266394     0.265358     0.264575     0.263878     0.262972     0.261479     0.259002     0.255180     0.249719     0.242412     0.233134     0.221832     0.208505     0.193173     0.175851     0.156510     0.135018     0.111095     0.084268     0.053909     0.019409    -0.019409
    0.021493     0.058844     0.091052     0.119073     0.143828     0.165980     0.185914     0.203787     0.219605     0.233287     0.244717     0.253783     0.260415     0.264625     0.266540     0.266441     0.264764     0.262077     0.259016     0.256194     0.254093     0.252973     0.252827     0.253393     0.254217     0.254729     0.254346     0.252549     0.248936     0.243240     0.235316     0.225117     0.212662     0.198001     0.181170     0.162141     0.140758     0.116660     0.089232     0.057635     0.021011    -0.021011
    0.023395     0.063284     0.097028     0.125891     0.151049     0.173340     0.193242     0.210944     0.226441     0.239612     0.250281     0.258270     0.263439     0.265753     0.265334     0.262525     0.257915     0.252314     0.246658     0.241868     0.238680     0.237484     0.238249     0.240561     0.243726     0.246891     0.249202     0.249933     0.248554     0.244740     0.238343     0.229346     0.217812     0.203834     0.187483     0.168743     0.147429     0.123094     0.094957     0.061931     0.022863    -0.022863
    0.025513     0.068223     0.103686     0.133511     0.159164     0.181676     0.201633     0.219259     0.234533     0.247284     0.257256     0.264170     0.267778     0.267943     0.264735     0.258537     0.250123     0.240637     0.231448     0.223949     0.219287     0.218045     0.220139     0.224900     0.231275     0.237981     0.243768     0.247634     0.248910     0.247239     0.242505     0.234759     0.224139     0.210808     0.194887     0.176380     0.155073     0.130422     0.101457     0.066807     0.024970    -0.024970
    0.027828     0.073625     0.110982     0.141896     0.168146     0.190985     0.211116     0.228805     0.244015     0.256515     0.265950     0.271904     0.273958     0.271789     0.265317     0.254899     0.241512     0.226773     0.212680     0.201353     0.194653     0.193457     0.197537     0.205782     0.216637     0.228130     0.238413     0.246132     0.250496     0.251177     0.248165     0.241637     0.231850     0.219066     0.203473     0.185103     0.163713     0.138650     0.108732     0.072259     0.027331    -0.027331
    0.030314     0.079433     0.118852     0.150980     0.177943     0.201232     0.221686     0.239624     0.254997     0.267514     0.276708     0.281986     0.282682     0.278157     0.267998     0.252362     0.232408     0.210471     0.189427     0.172481     0.162912     0.161997     0.169143     0.182369     0.199617     0.217697     0.233809     0.246185     0.254013     0.257136     0.255768     0.250300     0.241162     0.228743     0.213316     0.194944     0.173352     0.147763     0.116756     0.078266     0.029935    -0.029935
    0.032932     0.085571     0.127202     0.160670     0.188467     0.212344     0.233295     0.251708     0.267540     0.280451     0.289865     0.294994     0.294850     0.288295     0.274257     0.252265     0.223459     0.191511     0.160457     0.134884     0.121339     0.121271     0.133278     0.153384     0.180100     0.207490     0.231142     0.248966     0.260437     0.265846     0.265824     0.261079     0.252273     0.239946     0.224459     0.205902     0.183959     0.157713     0.125476     0.084777     0.032758    -0.032758
    0.035630     0.091934     0.135909     0.170837     0.199589     0.224198     0.245832     0.264972     0.281611     0.295394     0.305678     0.311508     0.311542     0.303952     0.286445     0.256793     0.215043     0.168755     0.124108     0.085554     0.067169     0.068943     0.088278     0.116058     0.157825     0.198977     0.232356     0.256192     0.271043     0.278162     0.278858     0.274273     0.265330     0.252723     0.236887     0.217927     0.195463     0.168415     0.134801     0.091714     0.035759    -0.035759
    0.038347     0.098398     0.144821     0.181317     0.211140     0.236614     0.259108     0.279227     0.297037     0.312232     0.324179     0.331866     0.333707     0.327100     0.307527     0.267686     0.201398     0.133389     0.079949     0.300000     0.300000     0.006778     0.033858     0.062393     0.131406     0.193841     0.239869     0.269934     0.287248     0.294924     0.295307     0.290064     0.280368     0.267026     0.250511     0.230905     0.207737     0.179738     0.144605     0.098969     0.038882    -0.038882
    0.041011     0.104818     0.153761     0.191917     0.222906     0.249355     0.272851     0.294148     0.313436     0.330526     0.344949     0.355891     0.361777     0.358816     0.337587     0.278868     0.154112     0.300000     0.300000     0.300000     0.300000     0.300000     0.300000    -0.024872     0.098977     0.191465     0.254110     0.291116     0.309840     0.316555     0.315288     0.308386     0.297234     0.282671     0.265139     0.244648     0.220600     0.191506     0.154718     0.106397     0.042053    -0.042053
    0.043545     0.111038     0.162533     0.202416     0.234643     0.262137     0.286718     0.309321     0.330306     0.349691     0.367245     0.382165     0.391738     0.388036     0.352839     0.252203     0.300000     0.300000     0.300000     0.300000     0.300000     0.300000     0.300000     0.300000     0.066653     0.181278     0.266463     0.315027     0.336703     0.342115     0.338255     0.328807     0.315544     0.299316     0.280470     0.258892     0.233814     0.203499     0.164938     0.113831     0.045186    -0.045186
    0.045873     0.116897     0.170933     0.212584     0.246087     0.274648     0.300318     0.324218     0.346850     0.368287     0.387977     0.403650     0.408629     0.387812     0.316209     0.300000     0.300000     0.300000     0.300000     0.300000     0.300000     0.300000     0.300000     0.300000     0.300000     0.125721     0.257034     0.328473     0.359776     0.367205     0.361915     0.350069     0.334519     0.316417     0.296092     0.273301     0.247092     0.215460     0.175034     0.121082     0.048187    -0.048187
    0.047925     0.122240     0.178762     0.222190     0.256976     0.286571     0.313241     0.338251     0.362128     0.384685     0.404406     0.416691     0.410897     0.367886     0.262061     0.300000     0.300000     0.300000     0.300000     0.300000     0.300000     0.300000     0.300000     0.300000     0.300000     0.096999     0.239569     0.328339     0.372878     0.386817     0.383060     0.370279     0.353031     0.333252     0.311496     0.287490     0.260116     0.227112     0.184761     0.127951     0.050959    -0.050959
    0.049642     0.126933     0.185836     0.231023     0.267066     0.297614     0.325105     0.350874     0.375313     0.397665     0.415068     0.420609     0.401199     0.338092     0.214402     0.300000     0.300000     0.300000     0.300000     0.300000     0.300000     0.300000     0.300000     0.300000     0.300000     0.063293     0.201953     0.307754     0.370297     0.396316     0.398402     0.387337     0.369790     0.349006     0.326135     0.301053     0.272563     0.238176     0.193872     0.134247     0.053411    -0.053411
    0.050981     0.130862     0.192001     0.238899     0.276153     0.307538     0.335609     0.361693     0.385897     0.406719     0.419923     0.416894     0.384005     0.306577     0.182079     0.300000     0.300000     0.300000     0.300000     0.300000     0.300000     0.300000     0.300000     0.300000     0.300000     0.041607     0.163923     0.277214     0.355462     0.395526     0.406579     0.399865     0.383749     0.362956     0.339499     0.313612     0.284124     0.248387     0.202141     0.139797     0.055467    -0.055467
    0.051917     0.133951     0.197137     0.245676     0.284078     0.316171     0.344566     0.370510     0.393753     0.412029     0.419996     0.408217     0.364208     0.279296     0.165169     0.300000     0.300000     0.300000     0.300000     0.300000     0.300000     0.300000     0.300000     0.300000     0.300000     0.034379     0.136533     0.247640     0.335231     0.387486     0.408328     0.407613     0.394404     0.374624     0.351205     0.324858     0.294540     0.257516     0.209370     0.144456     0.057069    -0.057069
    0.052443     0.136155     0.201165     0.251255     0.290739     0.323418     0.351905     0.377327     0.399078     0.414270     0.416929     0.397810     0.347014     0.262132     0.160068     0.073070     0.300000     0.300000     0.300000     0.300000     0.300000     0.300000     0.300000     0.300000    -0.008153     0.033590     0.120876     0.224630     0.315208     0.375918     0.405490     0.411206     0.401796     0.383843     0.361037     0.334582     0.303616     0.265385     0.215407     0.148123     0.058184    -0.058184
    0.052571     0.137467     0.204048     0.255584     0.296087     0.329253     0.357651     0.382283     0.402244     0.414242     0.412131     0.387525     0.333347     0.251420     0.158877     0.079374     0.023643     0.300000     0.300000     0.300000     0.300000     0.300000     0.300000    -0.004621    -0.002433     0.038205     0.114534     0.209306     0.298405     0.363724     0.400018     0.411667     0.406333     0.390700     0.368946     0.342679     0.311228     0.271869     0.220152     0.150739     0.058802    -0.058802
    0.052325     0.137909     0.205789     0.258650     0.300115     0.333701     0.361897     0.385589     0.403670     0.412654     0.406579     0.378202     0.322878     0.244754     0.159324     0.084540     0.030001     0.001198    -0.010067     0.300000     0.300000    -0.001977    -0.004972    -0.007828     0.005177     0.045593     0.114197     0.200491     0.285731     0.352609     0.393457     0.410036     0.408581     0.395449     0.375008     0.349135     0.317319     0.276902     0.223553     0.152290     0.058936    -0.058936
    0.051744     0.137533     0.206424     0.260476     0.302853     0.336826     0.364769     0.387480     0.403743     0.410064     0.400886     0.370157     0.315120     0.241025     0.161491     0.090994     0.038039     0.005909    -0.008423    -0.008297    -0.006471    -0.008402    -0.009816    -0.005469     0.013495     0.053998     0.117273     0.196410     0.276921     0.343311     0.386818     0.407161     0.409108     0.398409     0.379373     0.354003     0.321891     0.280469     0.225611     0.152804     0.058619    -0.058619
    0.050870     0.136410     0.206017     0.261116     0.304358     0.338711     0.366409     0.388181     0.402791     0.406876     0.395401     0.363428     0.309574     0.239475     0.165021     0.098274     0.046602     0.012447    -0.005984    -0.012526    -0.014292    -0.014969    -0.012342    -0.002139     0.021230     0.062289     0.122025     0.195464     0.271249     0.335952     0.380651     0.403654     0.408399     0.399901     0.382230     0.357377     0.324989     0.282601     0.226369     0.152343     0.057898    -0.057898
    0.049752     0.134625     0.204655     0.260646     0.304705     0.339452     0.366954     0.387890     0.401071     0.403361     0.390293     0.357901     0.305759     0.239465     0.169378     0.105708     0.054811     0.018769    -0.003581    -0.015141    -0.019787    -0.019570    -0.013468     0.001262     0.028128     0.070028     0.127458     0.196470     0.267927     0.330346     0.375190     0.399907     0.406828     0.400210     0.383767     0.359375     0.326686     0.283364     0.225906     0.150997     0.056830    -0.056830
    0.048439     0.132274     0.202439     0.259157     0.303983     0.339150     0.366533     0.386775     0.398778     0.399691     0.385615     0.353397     0.303245     0.240484     0.174132     0.112934     0.062456     0.024712    -0.000816    -0.015892    -0.022547    -0.021825    -0.013226     0.004837     0.034426     0.077201     0.133091     0.198649     0.266289     0.326192     0.370480     0.396150     0.404668     0.399573     0.384160     0.360120     0.327079     0.282848     0.224326     0.148872     0.055476    -0.055476
    0.046976     0.129452     0.199478     0.256754     0.302287     0.337902     0.365262     0.384971     0.396053     0.395967     0.381355     0.349725     0.301682     0.242158     0.179019     0.119848     0.069642     0.030514     0.002586    -0.014935    -0.022969    -0.021964    -0.011645     0.008809     0.040445     0.083961     0.138733     0.201525     0.265828     0.323187     0.366466     0.392500     0.402106     0.398175     0.383563     0.359735     0.326274     0.281167     0.221754     0.146085     0.053896    -0.053896
    0.045409     0.126257     0.195888     0.253546     0.299717     0.335808     0.363244     0.382587     0.392995     0.392244     0.377466     0.346706     0.300796     0.244233     0.183903     0.126472     0.076538     0.036387     0.006716    -0.012513    -0.021508    -0.020336    -0.008836     0.013313     0.046433     0.090480     0.144333     0.204820     0.266183     0.321061     0.363052     0.389004     0.399265     0.396159     0.382109     0.358337     0.324386     0.278443     0.218324     0.142757     0.052149    -0.052149
    0.043775     0.122778     0.191783     0.249647     0.296377     0.332959     0.360569     0.379711     0.389677     0.388545     0.373894     0.344191     0.300386     0.246544     0.188724     0.132866     0.083286     0.042457     0.011560    -0.008867    -0.018536    -0.017262    -0.004946     0.018393     0.052545     0.096892     0.149894     0.208371     0.267103     0.319600     0.360133     0.385671     0.396223     0.393632     0.379909     0.356037     0.321531     0.274808     0.214175     0.139005     0.050289    -0.050289
    0.042109     0.119100     0.187272     0.245170     0.292369     0.329448     0.357319     0.376415     0.386147     0.384880     0.370580     0.342057     0.300305     0.248983     0.193459     0.139087     0.089978     0.048776     0.017054    -0.004203    -0.014346    -0.013008    -0.000127     0.024031     0.058857     0.103285     0.155432     0.212081     0.268411     0.318632     0.357611     0.382486     0.393030     0.390675     0.377059     0.352939     0.317829     0.270397     0.209443     0.134941     0.048363    -0.048363
    0.040440     0.115300     0.182461     0.240227     0.287797     0.325363     0.353568     0.372758     0.382443     0.381246     0.367473     0.340209     0.300449     0.251483     0.198099     0.145176     0.096663     0.055345     0.023114     0.001301    -0.009168    -0.007786     0.005479     0.030177     0.065393     0.109705     0.160955     0.215886     0.269986     0.318028     0.355399     0.379425     0.389715     0.387352     0.373640     0.349144     0.313397     0.265343     0.204263     0.130666     0.046413    -0.046413
    0.038793     0.111444     0.177443     0.234921     0.282758     0.320788     0.349385     0.368791     0.378592     0.377638     0.364530     0.338572     0.300741     0.253997     0.202640     0.151157     0.103359     0.062143     0.029652     0.007496    -0.003185    -0.001774     0.011742     0.036767     0.072143     0.116169     0.166465     0.219744     0.271739     0.317689     0.353425     0.376463     0.386294     0.383712     0.369728     0.344745     0.308350     0.259774     0.198755     0.126271     0.044471    -0.044471
    0.037186     0.107590     0.172308     0.229354     0.277349     0.315806     0.344834     0.364558     0.374615     0.374049     0.361712     0.337090     0.301125     0.256493     0.207080     0.157039     0.110063     0.069130     0.036584     0.014252     0.003450     0.004882     0.018546     0.043728     0.079079     0.122672     0.171954     0.223618     0.273603     0.317535     0.351627     0.373572     0.382778     0.379795     0.365387     0.339834     0.302801     0.253813     0.193035     0.121834     0.042567    -0.042567
    0.035635     0.103787     0.167130     0.223616     0.271662     0.310496     0.339977     0.360100     0.370531     0.370472     0.358990     0.335718     0.301561     0.258948     0.211411     0.162823     0.116762     0.076263     0.043826     0.021456     0.010608     0.012055     0.025785     0.050989     0.086163     0.129198     0.177408     0.227478     0.275527     0.317506     0.349955     0.370728     0.379172     0.375637     0.360681     0.334498     0.296857     0.247575     0.187202     0.117422     0.040721    -0.040721
    0.034152     0.100074     0.161976     0.217790     0.265780     0.304932     0.334872     0.355456     0.366357     0.366902     0.356339     0.334420     0.302017     0.261341     0.215628     0.168500     0.123433     0.083495     0.051305     0.029009     0.018176     0.019636     0.033366     0.058482     0.093350     0.135722     0.182809     0.231300     0.277472     0.317555     0.348368     0.367909     0.375482     0.371270     0.355669     0.328820     0.290618     0.241163     0.181344     0.113089     0.038950    -0.038950
    0.032744     0.096484     0.156903     0.211949     0.259782     0.299187     0.329574     0.350662     0.362107     0.363335     0.353738     0.333170     0.302468     0.263659     0.219721     0.174062     0.130053     0.090780     0.058952     0.036825     0.026059     0.027530     0.041205     0.066140     0.100598     0.142218     0.188136     0.235058     0.279403     0.317641     0.346832     0.365098     0.371712     0.366725     0.350406     0.322879     0.284178     0.234671     0.175536     0.108880     0.037266    -0.037266
    0.031418     0.093041     0.151957     0.206158     0.253740     0.293326     0.324137     0.345754     0.357798     0.359767     0.351172     0.331946     0.302895     0.265889     0.223683     0.179494     0.136596     0.098074     0.066703     0.044825     0.034170     0.035651     0.049227     0.073903     0.107862     0.148657     0.193370     0.238733     0.281295     0.317734     0.345318     0.362279     0.367868     0.362032     0.344948     0.316751     0.277625     0.228182     0.169841     0.104830     0.035677    -0.035677
    0.030177     0.089763     0.147176     0.200471     0.247716     0.287412     0.318611     0.340764     0.353447     0.356200     0.348629     0.330731     0.303283     0.268020     0.227505     0.184784     0.143037     0.105338     0.074504     0.052942     0.042436     0.043926     0.057364     0.081717     0.115103     0.155012     0.198490     0.242305     0.283123     0.317809     0.343805     0.359442     0.363957     0.357219     0.339346     0.310506     0.271034     0.221766     0.164309     0.100963     0.034187    -0.034187
    0.029022     0.086664     0.142590     0.194933     0.241766     0.281498     0.313043     0.335726     0.349068     0.352635     0.346099     0.329511     0.303619     0.270043     0.231179     0.189920     0.149355     0.112535     0.082304     0.061114     0.050789     0.052287     0.065557     0.089531     0.122283     0.161256     0.203478     0.245756     0.284870     0.317844     0.342276     0.356580     0.359990     0.352318     0.333650     0.304208     0.264475     0.215481     0.158980     0.097297     0.032800    -0.032800
    0.027952     0.083752     0.138219     0.189581     0.235937     0.275636     0.307477     0.330672     0.344679     0.349073     0.343577     0.328275     0.303894     0.271952     0.234698     0.194891     0.155529     0.119633     0.090060     0.069289     0.059171     0.060678     0.073751     0.097301     0.129369     0.167365     0.208317     0.249073     0.286519     0.317823     0.340716     0.353689     0.355976     0.347357     0.327907     0.297914     0.258007     0.209377     0.153885     0.093844     0.031514    -0.031514
    0.026967     0.081029     0.134080     0.184445     0.230268     0.269869     0.301952     0.325629     0.340297     0.345522     0.341058     0.327017     0.304101     0.273740     0.238057     0.199685     0.161540     0.126604     0.097733     0.077420     0.067532     0.069047     0.081900     0.104989     0.136330     0.173320     0.212992     0.252244     0.288059     0.317733     0.339116     0.350767     0.351929     0.342364     0.322160     0.291678     0.251679     0.203492     0.149045     0.090610     0.030328    -0.030328
    0.026065     0.078496     0.130182     0.179546     0.224793     0.264233     0.296503     0.320627     0.335938     0.341985     0.338540     0.325731     0.304234     0.275404     0.241250     0.204296     0.167374     0.133424     0.105290     0.085467     0.075827     0.077349     0.089965     0.112560     0.143142     0.179102     0.217490     0.255258     0.289479     0.317565     0.337471     0.347816     0.347863     0.337369     0.316449     0.285544     0.245534     0.197856     0.144473     0.087597     0.029240    -0.029240
    0.025241     0.076152     0.126529     0.174898     0.219536     0.258760     0.291162     0.315690     0.331618     0.338471     0.336024     0.324413     0.304290     0.276940     0.244276     0.208717     0.173018     0.140073     0.112703     0.093396     0.084019     0.085548     0.097909     0.119985     0.149781     0.184695     0.221802     0.258108     0.290773     0.317313     0.335776     0.344841     0.343792     0.332398     0.310810     0.279551     0.239605     0.192490     0.140177     0.084801     0.028245    -0.028245
    0.024492     0.073992     0.123123     0.170513     0.214516     0.253476     0.285954     0.310842     0.327354     0.334986     0.333511     0.323062     0.304267     0.278349     0.247131     0.212943     0.178463     0.146535     0.119949     0.101177     0.092075     0.093610     0.105704     0.127240     0.156231     0.190088     0.225920     0.260789     0.291936     0.316972     0.334031     0.341847     0.339731     0.327475     0.305274     0.273730     0.233916     0.187407     0.136160     0.082219     0.027340    -0.027340
    0.023815     0.072009     0.119960     0.166393     0.209746     0.248400     0.280904     0.306102     0.323159     0.331540     0.331004     0.321678     0.304163     0.279628     0.249816     0.216972     0.183701     0.152795     0.127008     0.108786     0.099968     0.101508     0.113325     0.134306     0.162476     0.195272     0.229838     0.263296     0.292964     0.316541     0.332238     0.338841     0.335696     0.322623     0.299869     0.268108     0.228486     0.182615     0.132419     0.079844     0.026518    -0.026518
    0.023204     0.070197     0.117035     0.162540     0.205234     0.243546     0.276027     0.301487     0.319048     0.328139     0.328506     0.320261     0.303980     0.280780     0.252332     0.220803     0.188728     0.158844     0.133865     0.116204     0.107675     0.109219     0.120750     0.141164     0.168505     0.200239     0.233553     0.265629     0.293859     0.316021     0.330399     0.335832     0.331701     0.317863     0.294618     0.262704     0.223328     0.178117     0.128948     0.077665     0.025775    -0.025775
    0.022657     0.068546     0.114340     0.158951     0.200984     0.238926     0.271339     0.297012     0.315031     0.324793     0.326023     0.318816     0.303721     0.281807     0.254680     0.224435     0.193541     0.164676     0.140508     0.123415     0.115180     0.116726     0.127965     0.147804     0.174310     0.204986     0.237065     0.267788     0.294620     0.315414     0.328519     0.332829     0.327760     0.313213     0.289538     0.257533     0.218448     0.173911     0.125739     0.075674     0.025105    -0.025105
    0.022167     0.067048     0.111866     0.155618     0.196995     0.234544     0.266850     0.292690     0.311120     0.321509     0.323559     0.317345     0.303387     0.282712     0.256864     0.227872     0.198138     0.170285     0.146929     0.130406     0.122467     0.124014     0.134957     0.154215     0.179886     0.209510     0.240373     0.269775     0.295251     0.314723     0.326605     0.329840     0.323886     0.308688     0.284644     0.252604     0.213849     0.169991     0.122782     0.073859     0.024503    -0.024503
    0.021732     0.065694     0.109602     0.152534     0.193265     0.230404     0.262566     0.288528     0.307323     0.318295     0.321119     0.315851     0.302984     0.283499     0.258889     0.231116     0.202521     0.175669     0.153122     0.137169     0.129526     0.131073     0.141716     0.160391     0.185229     0.213812     0.243480     0.271595     0.295756     0.313955     0.324663     0.326875     0.320091     0.304300     0.279946     0.247923     0.209528     0.166348     0.120064     0.072210     0.023965    -0.023965
    0.021346     0.064474     0.107537     0.149690     0.189787     0.226503     0.258491     0.284533     0.303648     0.315155     0.318709     0.314341     0.302515     0.284175     0.260759     0.234172     0.206693     0.180827     0.159083     0.143698     0.136349     0.137894     0.148236     0.166329     0.190338     0.217894     0.246390     0.273251     0.296141     0.313114     0.322701     0.323942     0.316385     0.300058     0.275452     0.243491     0.205480     0.162972     0.117572     0.070715     0.023483    -0.023483
    0.021006     0.063378     0.105659     0.147073     0.186553     0.222840     0.254627     0.280710     0.300100     0.312097     0.316333     0.312818     0.301986     0.284744     0.262481     0.237045     0.210658     0.185763     0.164811     0.149990     0.142932     0.144474     0.154515     0.172028     0.195215     0.221759     0.249109     0.274751     0.296412     0.312208     0.320725     0.321051     0.312776     0.295972     0.271165     0.239307     0.201698     0.159850     0.115292     0.069363     0.023054    -0.023054
    0.020707     0.062397     0.103955     0.144672     0.183554     0.219407     0.250971     0.277060     0.296683     0.309125     0.313997     0.311287     0.301403     0.285212     0.264061     0.239743     0.214420     0.190478     0.170308     0.156043     0.149273     0.150810     0.160549     0.177487     0.199863     0.225412     0.251642     0.276100     0.296577     0.311244     0.318743     0.318208     0.309271     0.292044     0.267086     0.235366     0.198172     0.156970     0.113211     0.068143     0.022674    -0.022674
    0.020446     0.061521     0.102413     0.142474     0.180778     0.216198     0.247520     0.273583     0.293399     0.306242     0.311705     0.309754     0.300771     0.285588     0.265507     0.242271     0.217987     0.194977     0.175575     0.161858     0.155372     0.156901     0.166342     0.182709     0.204286     0.228859     0.253997     0.277308     0.296642     0.310230     0.316762     0.315420     0.305876     0.288278     0.263214     0.231662     0.194891     0.154317     0.111314     0.067043     0.022336    -0.022336
    0.020219     0.060742     0.101022     0.140465     0.178215     0.213204     0.244270     0.270278     0.290250     0.303451     0.309461     0.308224     0.300096     0.285876     0.266826     0.244638     0.221364     0.199266     0.180617     0.167438     0.161229     0.162750     0.171894     0.187699     0.208490     0.232107     0.256181     0.278381     0.296616     0.309172     0.314789     0.312693     0.302595     0.284676     0.259546     0.228186     0.191843     0.151877     0.109588     0.066054     0.022038    -0.022038
    0.020023     0.060052     0.099769     0.138634     0.175851     0.210415     0.241213     0.267142     0.287235     0.300755     0.307269     0.306701     0.299384     0.286086     0.268026     0.246852     0.224559     0.203351     0.185439     0.172787     0.166849     0.168360     0.177210     0.192462     0.212481     0.235165     0.258204     0.279329     0.296507     0.308078     0.312830     0.310031     0.299430     0.281235     0.256076     0.224930     0.189014     0.149635     0.108018     0.065166     0.021774    -0.021774
    0.019854     0.059441     0.098642     0.136966     0.173674     0.207821     0.238343     0.264171     0.284354     0.298155     0.305131     0.305191     0.298641     0.286222     0.269116     0.248921     0.227580     0.207239     0.190047     0.177909     0.172236     0.173735     0.182296     0.197003     0.216267     0.238040     0.260074     0.280160     0.296323     0.306956     0.310892     0.307439     0.296382     0.277955     0.252798     0.221882     0.186392     0.147577     0.106592     0.064369     0.021543    -0.021543
    0.019710     0.058903     0.097632     0.135450     0.171672     0.205411     0.235650     0.261359     0.281603     0.295650     0.303050     0.303696     0.297874     0.286294     0.270102     0.250853     0.230436     0.210938     0.194447     0.182811     0.177395     0.178881     0.187156     0.201330     0.219856     0.240741     0.261799     0.280883     0.296073     0.305811     0.308978     0.304921     0.293453     0.274831     0.249705     0.219032     0.183962     0.145689     0.105298     0.063654     0.021339    -0.021339
    0.019588     0.058430     0.096727     0.134072     0.169833     0.203173     0.233128     0.258701     0.278980     0.293241     0.301028     0.302221     0.297086     0.286307     0.270993     0.252656     0.233134     0.214456     0.198647     0.187500     0.182334     0.183804     0.191800     0.205451     0.223256     0.243277     0.263390     0.281506     0.295763     0.304652     0.307095     0.302477     0.290640     0.271860     0.246789     0.216369     0.181712     0.143956     0.104122     0.063013     0.021160    -0.021160
    0.019485     0.058015     0.095917     0.132822     0.168143     0.201097     0.230766     0.256190     0.276483     0.290927     0.299066     0.300769     0.296284     0.286268     0.271797     0.254340     0.235684     0.217800     0.202655     0.191982     0.187058     0.188512     0.196233     0.209374     0.226475     0.245658     0.264855     0.282039     0.295402     0.303482     0.305246     0.300109     0.287943     0.269036     0.244041     0.213881     0.179629     0.142366     0.103055     0.062439     0.021003    -0.021003
    0.019399     0.057652     0.095193     0.131687     0.166592     0.199172     0.228555     0.253820     0.274105     0.288706     0.297165     0.299344     0.295473     0.286184     0.272521     0.255912     0.238094     0.220980     0.206478     0.196266     0.191576     0.193013     0.200464     0.213107     0.229524     0.247892     0.266204     0.282490     0.294996     0.302309     0.303434     0.297819     0.285359     0.266354     0.241453     0.211557     0.177699     0.140907     0.102086     0.061923     0.020865    -0.020865
    0.019327     0.057334     0.094547     0.130658     0.165168     0.197386     0.226485     0.251584     0.271844     0.286576     0.295326     0.297948     0.294656     0.286060     0.273173     0.257381     0.240372     0.224004     0.210126     0.200360     0.195895     0.197314     0.204501     0.216658     0.232410     0.249988     0.267444     0.282866     0.294552     0.301137     0.301662     0.295607     0.282885     0.263807     0.239015     0.209385     0.175910     0.139567     0.101204     0.061461     0.020744    -0.020744
    0.019269     0.057058     0.093969     0.129724     0.163860     0.195729     0.224549     0.249474     0.269694     0.284536     0.293549     0.296583     0.293838     0.285903     0.273758     0.258753     0.242526     0.226880     0.213605     0.204272     0.200025     0.201423     0.208353     0.220037     0.235143     0.251955     0.268584     0.283175     0.294078     0.299971     0.299932     0.293471     0.280518     0.261390     0.236718     0.207355     0.174251     0.138335     0.100401     0.061044     0.020638    -0.020638
    0.019220     0.056816     0.093453     0.128876     0.162658     0.194192     0.222737     0.247484     0.267651     0.282582     0.291834     0.295251     0.293023     0.285717     0.274285     0.260037     0.244565     0.229617     0.216926     0.208010     0.203972     0.205350     0.212028     0.223253     0.237732     0.253802     0.269632     0.283423     0.293577     0.298814     0.298247     0.291412     0.278255     0.259096     0.234554     0.205456     0.172711     0.137200     0.099668     0.060669     0.020544    -0.020544
    0.019182     0.056606     0.092991     0.128105     0.161552     0.192765     0.221040     0.245606     0.265709     0.280712     0.290180     0.293954     0.292214     0.285508     0.274759     0.261240     0.246495     0.232221     0.220095     0.211582     0.207746     0.209102     0.215534     0.226313     0.240184     0.255536     0.270596     0.283619     0.293056     0.297670     0.296608     0.289428     0.276091     0.256918     0.232514     0.203677     0.171279     0.136152     0.098998     0.060330     0.020461    -0.020461
    0.019151     0.056423     0.092577     0.127403     0.160534     0.191438     0.219450     0.243833     0.263864     0.278924     0.288586     0.292693     0.291415     0.285280     0.275186     0.262367     0.248325     0.234702     0.223120     0.214996     0.211354     0.212687     0.218881     0.229226     0.242507     0.257166     0.271483     0.283768     0.292519     0.296542     0.295014     0.287518     0.274023     0.254850     0.230590     0.202011     0.169946     0.135184     0.098383     0.060022     0.020387    -0.020387
    0.019126     0.056262     0.092205     0.126763     0.159595     0.190203     0.217958     0.242160     0.262111     0.277213     0.287051     0.291469     0.290626     0.285037     0.275570     0.263427     0.250061     0.237066     0.226010     0.218261     0.214805     0.216115     0.222076     0.232000     0.244711     0.258700     0.272300     0.283875     0.291972     0.295433     0.293468     0.285679     0.272046     0.252886     0.228773     0.200447     0.168702     0.134287     0.097818     0.059741     0.020321    -0.020321
    0.019106     0.056121     0.091870     0.126177     0.158726     0.189052     0.216559     0.240578     0.260444     0.275577     0.285574     0.290282     0.289852     0.284783     0.275918     0.264423     0.251710     0.239320     0.228772     0.221384     0.218107     0.219392     0.225127     0.234643     0.246803     0.260143     0.273053     0.283947     0.291417     0.294345     0.291969     0.283910     0.270157     0.251019     0.227056     0.198977     0.167540     0.133453     0.097295     0.059483     0.020262    -0.020262
    0.019091     0.055997     0.091566     0.125639     0.157922     0.187977     0.215243     0.239083     0.258859     0.274013     0.284155     0.289132     0.289094     0.284521     0.276234     0.265363     0.253278     0.241472     0.231413     0.224373     0.221267     0.222528     0.228042     0.237163     0.248788     0.261504     0.273748     0.283987     0.290858     0.293279     0.290517     0.282210     0.268350     0.249244     0.225431     0.197593     0.166451     0.132675     0.096811     0.059246     0.020207    -0.020207
    0.019079     0.055886     0.091290     0.125144     0.157175     0.186972     0.214005     0.237669     0.257352     0.272518     0.282790     0.288021     0.288354     0.284255     0.276521     0.266251     0.254771     0.243528     0.233940     0.227235     0.224292     0.225528     0.230829     0.239567     0.250676     0.262787     0.274391     0.284001     0.290299     0.292238     0.289112     0.280574     0.266623     0.247555     0.223892     0.196288     0.165428     0.131948     0.096360     0.059026     0.020157    -0.020157
    0.019069     0.055787     0.091038     0.124686     0.156479     0.186030     0.212839     0.236329     0.255917     0.271089     0.281480     0.286948     0.287633     0.283987     0.276784     0.267091     0.256194     0.245494     0.236360     0.229976     0.227191     0.228400     0.233494     0.241861     0.252471     0.264000     0.274986     0.283992     0.289741     0.291223     0.287754     0.279002     0.264970     0.245946     0.222433     0.195054     0.164466     0.131266     0.095937     0.058820     0.020111    -0.020111
    0.019061     0.055697     0.090805     0.124261     0.155829     0.185145     0.211737     0.235058     0.254551     0.269722     0.280221     0.285912     0.286931     0.283719     0.277027     0.267889     0.257553     0.247375     0.238678     0.232604     0.229969     0.231152     0.236044     0.244052     0.254181     0.265147     0.275539     0.283965     0.289189     0.290234     0.286441     0.277491     0.263388     0.244413     0.221047     0.193887     0.163557     0.130623     0.095540     0.058627     0.020067    -0.020067
    0.019053     0.055614     0.090589     0.123864     0.155219     0.184312     0.210696     0.233853     0.253249     0.268415     0.279013     0.284914     0.286252     0.283453     0.277251     0.268647     0.258852     0.249177     0.240901     0.235125     0.232633     0.233790     0.238486     0.246147     0.255810     0.266234     0.276054     0.283921     0.288642     0.289271     0.285172     0.276038     0.261874     0.242950     0.219728     0.192780     0.162697     0.130015     0.095165     0.058444     0.020025    -0.020025
    0.019047     0.055536     0.090387     0.123492     0.154645     0.183525     0.209710     0.232707     0.252008     0.267165     0.277854     0.283953     0.285593     0.283192     0.277460     0.269371     0.260096     0.250905     0.243034     0.237544     0.235190     0.236320     0.240825     0.248151     0.257364     0.267266     0.276533     0.283865     0.288104     0.288337     0.283948     0.274642     0.260423     0.241552     0.218472     0.191728     0.161880     0.129439     0.094808     0.058270     0.019984    -0.019984
    0.019040     0.055463     0.090196     0.123141     0.154103     0.182781     0.208774     0.231616     0.250824     0.265968     0.276741     0.283028     0.284958     0.282937     0.277657     0.270062     0.261289     0.252564     0.245083     0.239867     0.237644     0.238747     0.243069     0.250070     0.258849     0.268246     0.276982     0.283799     0.287576     0.287430     0.282767     0.273299     0.259033     0.240217     0.217274     0.190725     0.161103     0.128889     0.094467     0.058102     0.019944    -0.019944
    0.019033     0.055392     0.090015     0.122808     0.153589     0.182074     0.207885     0.230577     0.249694     0.264823     0.275675     0.282139     0.284345     0.282689     0.277843     0.270724     0.262434     0.254159     0.247052     0.242100     0.240003     0.241078     0.245221     0.251909     0.260268     0.269178     0.277403     0.283724     0.287059     0.286551     0.281627     0.272008     0.257700     0.238938     0.216130     0.189768     0.160361     0.128364     0.094141     0.057940     0.019906    -0.019906
    0.019026     0.055324     0.089841     0.122490     0.153100     0.181402     0.207037     0.229587     0.248613     0.263727     0.274651     0.281284     0.283754     0.282449     0.278021     0.271361     0.263535     0.255692     0.248946     0.244248     0.242270     0.243318     0.247287     0.253672     0.261626     0.270067     0.277799     0.283644     0.286553     0.285700     0.280527     0.270767     0.256420     0.237714     0.215035     0.188853     0.159651     0.127861     0.093825     0.057782     0.019867    -0.019867
    0.019017     0.055256     0.089673     0.122186     0.152633     0.180760     0.206229     0.228640     0.247580     0.262677     0.273670     0.280464     0.283187     0.282218     0.278192     0.271973     0.264595     0.257169     0.250769     0.246314     0.244451     0.245472     0.249273     0.255364     0.262928     0.270916     0.278173     0.283559     0.286061     0.284876     0.279467     0.269572     0.255191     0.236539     0.213985     0.187976     0.158969     0.127376     0.093520     0.057628     0.019828    -0.019828
    0.019008     0.055188     0.089509     0.121892     0.152185     0.180146     0.205455     0.227735     0.246591     0.261672     0.272728     0.279676     0.282642     0.281996     0.278358     0.272564     0.265617     0.258592     0.252526     0.248305     0.246551     0.247544     0.251182     0.256990     0.264176     0.271728     0.278527     0.283472     0.285582     0.284080     0.278445     0.268423     0.254010     0.235412     0.212978     0.187133     0.158313     0.126907     0.093224     0.057477     0.019789    -0.019789
    0.018997     0.055120     0.089348     0.121608     0.151754     0.179557     0.204714     0.226867     0.245643     0.260707     0.271826     0.278920     0.282120     0.281785     0.278519     0.273136     0.266604     0.259964     0.254219     0.250223     0.248573     0.249539     0.253019     0.258552     0.265374     0.272505     0.278864     0.283384     0.285116     0.283310     0.277460     0.267316     0.252875     0.234328     0.212009     0.186323     0.157681     0.126453     0.092934     0.057327     0.019750    -0.019750
    0.018985     0.055051     0.089190     0.121332     0.151337     0.178990     0.204003     0.226036     0.244735     0.259783     0.270960     0.278196     0.281619     0.281585     0.278678     0.273689     0.267558     0.261290     0.255854     0.252073     0.250523     0.251461     0.254788     0.260056     0.266526     0.273250     0.279184     0.283295     0.284665     0.282567     0.276510     0.266251     0.251782     0.233286     0.211077     0.185541     0.157069     0.126013     0.092651     0.057179     0.019710    -0.019710
    0.018971     0.054980     0.089033     0.121061     0.150934     0.178444     0.203319     0.225237     0.243863     0.258896     0.270130     0.277502     0.281141     0.281396     0.278835     0.274227     0.268481     0.262571     0.257432     0.253858     0.252403     0.253314     0.256492     0.261504     0.267634     0.273966     0.279490     0.283207     0.284228     0.281850     0.275594     0.265225     0.250731     0.232282     0.210179     0.184786     0.156476     0.125583     0.092373     0.057032     0.019670    -0.019670
    0.018956     0.054907     0.088876     0.120796     0.150541     0.177916     0.202660     0.224469     0.243025     0.258044     0.269333     0.276836     0.280684     0.281218     0.278991     0.274749     0.269375     0.263810     0.258957     0.255581     0.254218     0.255101     0.258135     0.262899     0.268701     0.274655     0.279783     0.283120     0.283806     0.281157     0.274711     0.264236     0.249717     0.231314     0.209312     0.184056     0.155900     0.125164     0.092100     0.056886     0.019629    -0.019629
    0.018940     0.054833     0.088720     0.120535     0.150159     0.177404     0.202025     0.223730     0.242220     0.257227     0.268569     0.276199     0.280248     0.281051     0.279146     0.275259     0.270243     0.265009     0.260431     0.257247     0.255970     0.256826     0.259720     0.264244     0.269729     0.275318     0.280065     0.283036     0.283398     0.280490     0.273860     0.263283     0.248740     0.230381     0.208474     0.183348     0.155341     0.124754     0.091830     0.056740     0.019587    -0.019587
    0.018921     0.054756     0.088563     0.120278     0.149785     0.176908     0.201410     0.223017     0.241445     0.256441     0.267836     0.275589     0.279833     0.280895     0.279301     0.275755     0.271085     0.266171     0.261858     0.258857     0.257663     0.258492     0.261250     0.265543     0.270722     0.275958     0.280337     0.282955     0.283005     0.279846     0.273040     0.262364     0.247797     0.229479     0.207663     0.182662     0.154795     0.124352     0.091563     0.056594     0.019545    -0.019545
    0.018902     0.054677     0.088405     0.120023     0.149420     0.176424     0.200815     0.222329     0.240699     0.255686     0.267132     0.275005     0.279437     0.280750     0.279457     0.276241     0.271904     0.267298     0.263239     0.260414     0.259300     0.260101     0.262728     0.266797     0.271680     0.276576     0.280599     0.282876     0.282626     0.279225     0.272249     0.261478     0.246887     0.228607     0.206878     0.181995     0.154263     0.123957     0.091299     0.056449     0.019501    -0.019501
    0.018880     0.054596     0.088246     0.119770     0.149060     0.175954     0.200238     0.221665     0.239980     0.254959     0.266457     0.274446     0.279060     0.280616     0.279614     0.276715     0.272700     0.268391     0.264578     0.261922     0.260883     0.261658     0.264157     0.268009     0.272606     0.277173     0.280854     0.282802     0.282261     0.278627     0.271486     0.260622     0.246008     0.227764     0.206116     0.181346     0.153742     0.123569     0.091038     0.056303     0.019457    -0.019457
    0.018858     0.054513     0.088086     0.119519     0.148707     0.175494     0.199677     0.221022     0.239286     0.254260     0.265808     0.273911     0.278702     0.280493     0.279771     0.277180     0.273475     0.269453     0.265875     0.263382     0.262415     0.263163     0.265538     0.269181     0.273502     0.277751     0.281101     0.282731     0.281910     0.278050     0.270750     0.259797     0.245158     0.226947     0.205377     0.180714     0.153233     0.123187     0.090779     0.056157     0.019413    -0.019413
    0.018834     0.054427     0.087925     0.119270     0.148360     0.175045     0.199133     0.220399     0.238617     0.253587     0.265185     0.273399     0.278362     0.280381     0.279930     0.277636     0.274230     0.270484     0.267134     0.264797     0.263898     0.264620     0.266875     0.270315     0.274369     0.278311     0.281341     0.282665     0.281572     0.277495     0.270040     0.258999     0.244336     0.226156     0.204659     0.180097     0.152735     0.122811     0.090522     0.056011     0.019368    -0.019368
    0.018808     0.054339     0.087762     0.119021     0.148017     0.174605     0.198603     0.219796     0.237970     0.252939     0.264587     0.272908     0.278039     0.280278     0.280090     0.278083     0.274966     0.271486     0.268355     0.266168     0.265336     0.266031     0.268170     0.271413     0.275208     0.278854     0.281575     0.282602     0.281248     0.276960     0.269354     0.258228     0.243541     0.225388     0.203960     0.179496     0.152246     0.122440     0.090267     0.055865     0.019322    -0.019322
    0.018781     0.054249     0.087598     0.118773     0.147678     0.174175     0.198086     0.219211     0.237344     0.252314     0.264012     0.272440     0.277733     0.280186     0.280252     0.278522     0.275684     0.272461     0.269541     0.267498     0.266728     0.267398     0.269424     0.272477     0.276023     0.279382     0.281804     0.282544     0.280936     0.276444     0.268693     0.257483     0.242771     0.224644     0.203281     0.178909     0.151767     0.122074     0.090013     0.055719     0.019276    -0.019276
    0.018753     0.054156     0.087433     0.118526     0.147344     0.173752     0.197582     0.218642     0.236739     0.251711     0.263460     0.271991     0.277442     0.280103     0.280416     0.278954     0.276385     0.273410     0.270693     0.268789     0.268079     0.268723     0.270639     0.273508     0.276812     0.279894     0.282027     0.282491     0.280638     0.275947     0.268055     0.256762     0.242024     0.223921     0.202619     0.178335     0.151296     0.121713     0.089762     0.055572     0.019229    -0.019229
    0.018724     0.054062     0.087266     0.118280     0.147013     0.173337     0.197090     0.218090     0.236154     0.251130     0.262929     0.271562     0.277167     0.280030     0.280581     0.279378     0.277069     0.274333     0.271812     0.270041     0.269389     0.270008     0.271817     0.274508     0.277578     0.280393     0.282246     0.282441     0.280351     0.275468     0.267438     0.256066     0.241301     0.223218     0.201974     0.177773     0.150834     0.121357     0.089512     0.055426     0.019182    -0.019182
    0.018694     0.053966     0.087097     0.118034     0.146686     0.172929     0.196609     0.217552     0.235586     0.250568     0.262418     0.271151     0.276907     0.279965     0.280747     0.279795     0.277738     0.275233     0.272900     0.271258     0.270660     0.271254     0.272960     0.275478     0.278323     0.280878     0.282461     0.282396     0.280076     0.275007     0.266843     0.255391     0.240600     0.222535     0.201345     0.177224     0.150379     0.121005     0.089264     0.055280     0.019134    -0.019134
    0.018663     0.053868     0.086928     0.117788     0.146362     0.172528     0.196139     0.217029     0.235036     0.250026     0.261926     0.270758     0.276660     0.279909     0.280915     0.280206     0.278392     0.276109     0.273959     0.272440     0.271895     0.272464     0.274069     0.276420     0.279046     0.281350     0.282672     0.282356     0.279812     0.274562     0.266268     0.254738     0.239919     0.221870     0.200731     0.176686     0.149933     0.120657     0.089017     0.055134     0.019086    -0.019086
    0.018631     0.053769     0.086758     0.117543     0.146041     0.172133     0.195679     0.216520     0.234503     0.249502     0.261453     0.270382     0.276427     0.279861     0.281084     0.280610     0.279032     0.276964     0.274988     0.273589     0.273093     0.273638     0.275146     0.277334     0.279749     0.281810     0.282878     0.282319     0.279560     0.274134     0.265712     0.254106     0.239258     0.221224     0.200132     0.176159     0.149493     0.120314     0.088773     0.054988     0.019038    -0.019038
    0.018599     0.053668     0.086586     0.117299     0.145723     0.171745     0.195229     0.216024     0.233985     0.248995     0.260998     0.270021     0.276207     0.279820     0.281254     0.281009     0.279657     0.277797     0.275991     0.274705     0.274258     0.274778     0.276191     0.278223     0.280432     0.282258     0.283082     0.282287     0.279317     0.273721     0.265175     0.253493     0.238617     0.220594     0.199548     0.175643     0.149061     0.119974     0.088530     0.054843     0.018990    -0.018990
    0.018565     0.053566     0.086414     0.117055     0.145408     0.171362     0.194787     0.215540     0.233482     0.248505     0.260559     0.269677     0.275999     0.279787     0.281426     0.281401     0.280269     0.278609     0.276967     0.275791     0.275390     0.275886     0.277207     0.279087     0.281097     0.282696     0.283282     0.282258     0.279086     0.273323     0.264655     0.252899     0.237994     0.219981     0.198976     0.175137     0.148636     0.119639     0.088289     0.054698     0.018942    -0.018942
    0.018531     0.053463     0.086241     0.116812     0.145096     0.170985     0.194355     0.215067     0.232993     0.248031     0.260137     0.269347     0.275802     0.279761     0.281598     0.281787     0.280868     0.279402     0.277917     0.276848     0.276490     0.276963     0.278194     0.279926     0.281745     0.283123     0.283479     0.282234     0.278863     0.272939     0.264153     0.252323     0.237388     0.219384     0.198418     0.174641     0.148217     0.119308     0.088050     0.054554     0.018893    -0.018893
    0.018496     0.053359     0.086068     0.116570     0.144786     0.170614     0.193931     0.214606     0.232518     0.247572     0.259729     0.269030     0.275617     0.279742     0.281772     0.282168     0.281455     0.280176     0.278843     0.277875     0.277559     0.278009     0.279154     0.280743     0.282375     0.283540     0.283673     0.282213     0.278651     0.272569     0.263667     0.251765     0.236799     0.218801     0.197872     0.174154     0.147806     0.118981     0.087813     0.054410     0.018845    -0.018845
    0.018461     0.053255     0.085895     0.116329     0.144480     0.170248     0.193515     0.214156     0.232056     0.247127     0.259337     0.268728     0.275442     0.279729     0.281946     0.282543     0.282029     0.280932     0.279745     0.278876     0.278600     0.279027     0.280087     0.281538     0.282989     0.283947     0.283864     0.282196     0.278447     0.272212     0.263196     0.251223     0.236226     0.218233     0.197338     0.173677     0.147400     0.118658     0.087579     0.054268     0.018797    -0.018797
    0.018425     0.053149     0.085721     0.116089     0.144176     0.169887     0.193106     0.213716     0.231606     0.246696     0.258958     0.268437     0.275277     0.279721     0.282121     0.282912     0.282591     0.281669     0.280624     0.279850     0.279612     0.280017     0.280995     0.282311     0.283588     0.284345     0.284052     0.282182     0.278252     0.271868     0.262741     0.250697     0.235669     0.217679     0.196816     0.173209     0.147002     0.118339     0.087346     0.054126     0.018749    -0.018749
    0.018389     0.053043     0.085547     0.115849     0.143876     0.169531     0.192706     0.213286     0.231169     0.246279     0.258592     0.268159     0.275121     0.279719     0.282296     0.283276     0.283142     0.282390     0.281482     0.280799     0.280598     0.280980     0.281878     0.283064     0.284171     0.284734     0.284238     0.282171     0.278065     0.271536     0.262300     0.250187     0.235127     0.217139     0.196306     0.172749     0.146609     0.118024     0.087116     0.053985     0.018700    -0.018700
    0.018353     0.052937     0.085373     0.115612     0.143578     0.169180     0.192312     0.212866     0.230743     0.245873     0.258239     0.267893     0.274974     0.279723     0.282471     0.283635     0.283682     0.283094     0.282318     0.281723     0.281557     0.281917     0.282738     0.283797     0.284739     0.285114     0.284421     0.282163     0.277886     0.271215     0.261873     0.249691     0.234599     0.216612     0.195806     0.172299     0.146223     0.117713     0.086888     0.053845     0.018653    -0.018653
    0.018316     0.052830     0.085200     0.115375     0.143283     0.168834     0.191926     0.212455     0.230328     0.245480     0.257899     0.267637     0.274836     0.279731     0.282647     0.283989     0.284211     0.283781     0.283133     0.282623     0.282490     0.282829     0.283575     0.284511     0.285294     0.285485     0.284602     0.282159     0.277715     0.270905     0.261459     0.249209     0.234085     0.216097     0.195317     0.171856     0.145843     0.117406     0.086662     0.053706     0.018605    -0.018605
    0.018279     0.052724     0.085027     0.115140     0.142991     0.168493     0.191547     0.212053     0.229923     0.245099     0.257569     0.267392     0.274706     0.279743     0.282822     0.284337     0.284730     0.284453     0.283928     0.283500     0.283400     0.283717     0.284390     0.285207     0.285835     0.285849     0.284780     0.282157     0.277551     0.270607     0.261058     0.248742     0.233584     0.215594     0.194838     0.171422     0.145469     0.117104     0.086439     0.053568     0.018558    -0.018558
    0.018242     0.052617     0.084855     0.114906     0.142702     0.168157     0.191174     0.211659     0.229529     0.244728     0.257251     0.267157     0.274584     0.279760     0.282998     0.284680     0.285238     0.285110     0.284704     0.284355     0.284285     0.284582     0.285183     0.285885     0.286363     0.286205     0.284955     0.282158     0.277394     0.270318     0.260670     0.248287     0.233097     0.215103     0.194370     0.170996     0.145101     0.116805     0.086219     0.053432     0.018511    -0.018511
    0.018205     0.052510     0.084683     0.114674     0.142416     0.167825     0.190808     0.211274     0.229144     0.244368     0.256944     0.266931     0.274469     0.279781     0.283173     0.285018     0.285736     0.285752     0.285461     0.285188     0.285148     0.285424     0.285956     0.286546     0.286878     0.286553     0.285128     0.282161     0.277244     0.270039     0.260293     0.247845     0.232621     0.214624     0.193911     0.170578     0.144739     0.116511     0.086001     0.053297     0.018464    -0.018464
    0.018168     0.052404     0.084512     0.114444     0.142134     0.167498     0.190449     0.210897     0.228769     0.244019     0.256646     0.266715     0.274361     0.279806     0.283347     0.285351     0.286224     0.286379     0.286200     0.286001     0.285989     0.286245     0.286710     0.287190     0.287381     0.286894     0.285299     0.282166     0.277100     0.269770     0.259928     0.247415     0.232158     0.214156     0.193462     0.170168     0.144383     0.116221     0.085786     0.053163     0.018417    -0.018417
    0.018131     0.052298     0.084342     0.114216     0.141854     0.167176     0.190096     0.210528     0.228403     0.243679     0.256359     0.266506     0.274259     0.279833     0.283521     0.285679     0.286702     0.286993     0.286922     0.286793     0.286809     0.287045     0.287444     0.287819     0.287872     0.287227     0.285468     0.282174     0.276962     0.269510     0.259573     0.246997     0.231707     0.213698     0.193022     0.169765     0.144033     0.115935     0.085573     0.053031     0.018371    -0.018371
    0.018094     0.052192     0.084173     0.113990     0.141578     0.166858     0.189749     0.210167     0.228046     0.243349     0.256080     0.266307     0.274164     0.279864     0.283695     0.286002     0.287171     0.287592     0.287626     0.287566     0.287608     0.287824     0.288159     0.288431     0.288351     0.287554     0.285634     0.282184     0.276830     0.269258     0.259229     0.246590     0.231266     0.213251     0.192592     0.169370     0.143689     0.115654     0.085363     0.052900     0.018326    -0.018326
    0.018057     0.052086     0.084005     0.113766     0.141304     0.166546     0.189408     0.209813     0.227697     0.243027     0.255811     0.266115     0.274074     0.279898     0.283868     0.286320     0.287631     0.288179     0.288314     0.288320     0.288386     0.288584     0.288857     0.289029     0.288819     0.287873     0.285797     0.282196     0.276704     0.269015     0.258896     0.246195     0.230837     0.212814     0.192170     0.168983     0.143351     0.115376     0.085156     0.052771     0.018281    -0.018281
    0.018020     0.051982     0.083838     0.113543     0.141034     0.166237     0.189073     0.209466     0.227357     0.242715     0.255550     0.265930     0.273990     0.279935     0.284039     0.286634     0.288082     0.288753     0.288985     0.289056     0.289146     0.289324     0.289537     0.289612     0.289277     0.288186     0.285959     0.282209     0.276583     0.268779     0.258572     0.245810     0.230418     0.212387     0.191757     0.168602     0.143018     0.115103     0.084952     0.052643     0.018236    -0.018236
    0.017983     0.051877     0.083673     0.113323     0.140768     0.165933     0.188743     0.209126     0.227025     0.242410     0.255297     0.265752     0.273910     0.279973     0.284210     0.286942     0.288524     0.289314     0.289641     0.289773     0.289886     0.290046     0.290200     0.290181     0.289723     0.288493     0.286118     0.282224     0.276466     0.268552     0.258257     0.245435     0.230010     0.211970     0.191352     0.168229     0.142691     0.114834     0.084750     0.052517     0.018192    -0.018192
    0.017947     0.051774     0.083509     0.113106     0.140505     0.165634     0.188420     0.208793     0.226700     0.242114     0.255052     0.265582     0.273836     0.280015     0.284380     0.287245     0.288957     0.289862     0.290282     0.290473     0.290609     0.290750     0.290847     0.290736     0.290160     0.288793     0.286275     0.282241     0.276355     0.268331     0.257952     0.245070     0.229611     0.211562     0.190956     0.167863     0.142370     0.114569     0.084552     0.052392     0.018148    -0.018148
    0.017911     0.051671     0.083346     0.112890     0.140245     0.165339     0.188102     0.208467     0.226383     0.241826     0.254814     0.265417     0.273767     0.280058     0.284548     0.287544     0.289381     0.290399     0.290907     0.291157     0.291313     0.291437     0.291478     0.291278     0.290586     0.289087     0.286430     0.282259     0.276248     0.268118     0.257655     0.244715     0.229222     0.211163     0.190568     0.167504     0.142054     0.114309     0.084356     0.052269     0.018105    -0.018105
    0.017874     0.051569     0.083185     0.112677     0.139988     0.165049     0.187790     0.208148     0.226073     0.241545     0.254584     0.265259     0.273701     0.280103     0.284715     0.287838     0.289798     0.290924     0.291519     0.291824     0.292001     0.292107     0.292094     0.291807     0.291003     0.289375     0.286582     0.282279     0.276146     0.267912     0.257366     0.244368     0.228843     0.210773     0.190188     0.167151     0.141743     0.114052     0.084163     0.052148     0.018063    -0.018063
    0.017839     0.051468     0.083025     0.112467     0.139735     0.164763     0.187484     0.207834     0.225770     0.241271     0.254360     0.265107     0.273640     0.280149     0.284881     0.288127     0.290206     0.291438     0.292116     0.292475     0.292671     0.292761     0.292694     0.292323     0.291410     0.289657     0.286732     0.282300     0.276048     0.267712     0.257086     0.244031     0.228473     0.210392     0.189816     0.166806     0.141438     0.113800     0.083973     0.052029     0.018021    -0.018021
    0.017803     0.051368     0.082868     0.112259     0.139485     0.164482     0.187182     0.207527     0.225474     0.241005     0.254143     0.264960     0.273583     0.280197     0.285045     0.288411     0.290606     0.291941     0.292699     0.293111     0.293326     0.293398     0.293281     0.292827     0.291808     0.289933     0.286880     0.282321     0.275954     0.267518     0.256814     0.243703     0.228111     0.210019     0.189452     0.166467     0.141139     0.113552     0.083786     0.051911     0.017979    -0.017979
    0.017768     0.051269     0.082711     0.112053     0.139239     0.164205     0.186886     0.207227     0.225184     0.240745     0.253933     0.264819     0.273529     0.280247     0.285208     0.288691     0.290998     0.292432     0.293269     0.293732     0.293965     0.294020     0.293853     0.293319     0.292197     0.290204     0.287026     0.282344     0.275864     0.267331     0.256549     0.243383     0.227758     0.209654     0.189095     0.166134     0.140845     0.113308     0.083602     0.051794     0.017938    -0.017938
    0.017733     0.051170     0.082557     0.111850     0.138996     0.163932     0.186596     0.206932     0.224901     0.240492     0.253729     0.264683     0.273479     0.280297     0.285369     0.288966     0.291382     0.292913     0.293827     0.294338     0.294588     0.294628     0.294411     0.293800     0.292578     0.290469     0.287169     0.282368     0.275777     0.267149     0.256292     0.243071     0.227413     0.209298     0.188745     0.165808     0.140556     0.113068     0.083420     0.051680     0.017898    -0.017898
    0.017698     0.051073     0.082404     0.111650     0.138757     0.163664     0.186310     0.206643     0.224625     0.240245     0.253530     0.264552     0.273432     0.280349     0.285529     0.289236     0.291759     0.293384     0.294371     0.294930     0.295197     0.295220     0.294956     0.294270     0.292950     0.290729     0.287311     0.282393     0.275694     0.266973     0.256041     0.242767     0.227077     0.208949     0.188403     0.165488     0.140272     0.112832     0.083242     0.051567     0.017858    -0.017858
    0.017663     0.050977     0.082253     0.111452     0.138521     0.163400     0.186030     0.206360     0.224354     0.240005     0.253338     0.264425     0.273388     0.280401     0.285686     0.289502     0.292129     0.293845     0.294903     0.295508     0.295791     0.295799     0.295488     0.294728     0.293313     0.290983     0.287450     0.282418     0.275614     0.266803     0.255798     0.242470     0.226748     0.208608     0.188067     0.165174     0.139993     0.112600     0.083066     0.051456     0.017819    -0.017819
    0.017629     0.050882     0.082104     0.111257     0.138288     0.163140     0.185754     0.206082     0.224090     0.239770     0.253150     0.264303     0.273347     0.280455     0.285843     0.289764     0.292491     0.294295     0.295424     0.296073     0.296371     0.296363     0.296008     0.295176     0.293669     0.291233     0.287587     0.282444     0.275538     0.266637     0.255561     0.242181     0.226427     0.208275     0.187739     0.164866     0.139720     0.112372     0.082893     0.051347     0.017780    -0.017780
    0.017596     0.050788     0.081957     0.111065     0.138059     0.162884     0.185484     0.205810     0.223831     0.239541     0.252968     0.264185     0.273309     0.280509     0.285997     0.290021     0.292846     0.294737     0.295932     0.296624     0.296937     0.296915     0.296515     0.295614     0.294016     0.291477     0.287721     0.282471     0.275464     0.266477     0.255330     0.241900     0.226114     0.207948     0.187417     0.164564     0.139451     0.112148     0.082723     0.051239     0.017742    -0.017742
    0.017563     0.050695     0.081812     0.110875     0.137834     0.162633     0.185218     0.205543     0.223578     0.239318     0.252792     0.264071     0.273273     0.280563     0.286149     0.290273     0.293194     0.295168     0.296429     0.297163     0.297490     0.297453     0.297011     0.296041     0.294356     0.291716     0.287854     0.282498     0.275394     0.266321     0.255105     0.241625     0.225808     0.207629     0.187102     0.164269     0.139188     0.111928     0.082556     0.051133     0.017704    -0.017704
    0.017530     0.050603     0.081669     0.110688     0.137612     0.162386     0.184958     0.205282     0.223330     0.239100     0.252620     0.263961     0.273240     0.280618     0.286300     0.290521     0.293535     0.295591     0.296915     0.297690     0.298031     0.297979     0.297494     0.296459     0.294689     0.291951     0.287985     0.282526     0.275326     0.266170     0.254887     0.241357     0.225509     0.207317     0.186794     0.163979     0.138929     0.111712     0.082392     0.051029     0.017667    -0.017667
    0.017497     0.050513     0.081527     0.110504     0.137393     0.162143     0.184702     0.205026     0.223088     0.238887     0.252452     0.263855     0.273209     0.280674     0.286449     0.290765     0.293869     0.296004     0.297390     0.298204     0.298558     0.298492     0.297967     0.296867     0.295014     0.292181     0.288113     0.282554     0.275261     0.266023     0.254674     0.241095     0.225217     0.207012     0.186492     0.163694     0.138675     0.111499     0.082231     0.050926     0.017631    -0.017631
    0.017465     0.050423     0.081388     0.110322     0.137178     0.161904     0.184450     0.204775     0.222851     0.238679     0.252290     0.263752     0.273180     0.280729     0.286596     0.291005     0.294196     0.296408     0.297855     0.298707     0.299073     0.298994     0.298429     0.297266     0.295332     0.292406     0.288239     0.282582     0.275198     0.265881     0.254467     0.240840     0.224931     0.206713     0.186196     0.163415     0.138426     0.111291     0.082072     0.050825     0.017595    -0.017595
    0.017433     0.050335     0.081251     0.110143     0.136966     0.161669     0.184204     0.204529     0.222620     0.238477     0.252131     0.263653     0.273153     0.280785     0.286741     0.291240     0.294517     0.296804     0.298309     0.299198     0.299577     0.299483     0.298880     0.297656     0.295644     0.292626     0.288364     0.282611     0.275138     0.265743     0.254266     0.240592     0.224652     0.206421     0.185906     0.163142     0.138182     0.111086     0.081916     0.050726     0.017560    -0.017560
    0.017402     0.050248     0.081115     0.109967     0.136758     0.161439     0.183962     0.204287     0.222393     0.238279     0.251977     0.263557     0.273128     0.280841     0.286884     0.291471     0.294832     0.297192     0.298753     0.299678     0.300069     0.299962     0.299320     0.298037     0.295948     0.292842     0.288486     0.282640     0.275080     0.265609     0.254069     0.240349     0.224380     0.206135     0.185622     0.162874     0.137942     0.110885     0.081763     0.050629     0.017525    -0.017525
    0.017371     0.050163     0.080982     0.109793     0.136553     0.161212     0.183724     0.204051     0.222171     0.238086     0.251827     0.263464     0.273105     0.280897     0.287025     0.291698     0.295140     0.297571     0.299188     0.300147     0.300549     0.300429     0.299751     0.298410     0.296246     0.293054     0.288606     0.282670     0.275024     0.265478     0.253878     0.240112     0.224113     0.205855     0.185344     0.162611     0.137707     0.110688     0.081612     0.050533     0.017491    -0.017491
    0.017341     0.050078     0.080850     0.109622     0.136351     0.160989     0.183491     0.203819     0.221954     0.237897     0.251681     0.263374     0.273083     0.280953     0.287164     0.291921     0.295443     0.297942     0.299612     0.300605     0.301019     0.300886     0.300171     0.298774     0.296537     0.293261     0.288724     0.282699     0.274971     0.265352     0.253691     0.239881     0.223853     0.205582     0.185072     0.162354     0.137476     0.110494     0.081464     0.050439     0.017457    -0.017457
    0.017311     0.049995     0.080721     0.109454     0.136153     0.160770     0.183262     0.203592     0.221741     0.237713     0.251539     0.263287     0.273063     0.281009     0.287301     0.292140     0.295739     0.298306     0.300028     0.301053     0.301477     0.301332     0.300582     0.299130     0.296822     0.293464     0.288840     0.282729     0.274919     0.265229     0.253510     0.239655     0.223599     0.205314     0.184805     0.162102     0.137250     0.110303     0.081319     0.050346     0.017424    -0.017424
    0.017281     0.049913     0.080593     0.109289     0.135958     0.160555     0.183037     0.203369     0.221533     0.237533     0.251401     0.263203     0.273045     0.281065     0.287436     0.292355     0.296029     0.298661     0.300434     0.301491     0.301926     0.301768     0.300984     0.299478     0.297101     0.293663     0.288955     0.282758     0.274870     0.265109     0.253333     0.239435     0.223350     0.205052     0.184544     0.161854     0.137027     0.110117     0.081176     0.050255     0.017392    -0.017392
    0.017252     0.049832     0.080468     0.109126     0.135766     0.160344     0.182816     0.203151     0.221330     0.237357     0.251266     0.263122     0.273028     0.281120     0.287569     0.292566     0.296313     0.299009     0.300831     0.301919     0.302364     0.302194     0.301376     0.299818     0.297373     0.293858     0.289067     0.282788     0.274822     0.264993     0.253160     0.239220     0.223107     0.204796     0.184288     0.161612     0.136810     0.109933     0.081036     0.050166     0.017360    -0.017360
    0.017224     0.049752     0.080344     0.108966     0.135578     0.160136     0.182600     0.202937     0.221131     0.237185     0.251134     0.263043     0.273012     0.281176     0.287700     0.292773     0.296592     0.299350     0.301220     0.302338     0.302792     0.302610     0.301760     0.300151     0.297640     0.294049     0.289177     0.282818     0.274776     0.264880     0.252992     0.239010     0.222870     0.204545     0.184038     0.161374     0.136596     0.109753     0.080898     0.050078     0.017328    -0.017328
    0.017195     0.049674     0.080222     0.108808     0.135392     0.159932     0.182388     0.202727     0.220936     0.237018     0.251006     0.262967     0.272997     0.281231     0.287829     0.292977     0.296865     0.299683     0.301600     0.302747     0.303210     0.303017     0.302135     0.300476     0.297901     0.294237     0.289286     0.282847     0.274732     0.264771     0.252828     0.238805     0.222638     0.204300     0.183793     0.161141     0.136386     0.109577     0.080763     0.049991     0.017297    -0.017297
    0.017167     0.049597     0.080103     0.108653     0.135210     0.159732     0.182179     0.202522     0.220745     0.236854     0.250882     0.262893     0.272984     0.281286     0.287957     0.293176     0.297133     0.300010     0.301972     0.303147     0.303619     0.303414     0.302501     0.300794     0.298157     0.294420     0.289392     0.282877     0.274689     0.264664     0.252668     0.238605     0.222411     0.204060     0.183553     0.160913     0.136181     0.109404     0.080631     0.049907     0.017267    -0.017267
    0.017140     0.049521     0.079985     0.108501     0.135032     0.159535     0.181975     0.202321     0.220558     0.236694     0.250760     0.262821     0.272971     0.281340     0.288082     0.293372     0.297395     0.300329     0.302335     0.303538     0.304019     0.303803     0.302860     0.301105     0.298407     0.294600     0.289497     0.282907     0.274648     0.264560     0.252513     0.238409     0.222189     0.203825     0.183317     0.160690     0.135979     0.109234     0.080500     0.049823     0.017237    -0.017237
    0.017113     0.049446     0.079869     0.108351     0.134856     0.159343     0.181775     0.202123     0.220375     0.236537     0.250642     0.262751     0.272960     0.281394     0.288205     0.293564     0.297652     0.300642     0.302691     0.303921     0.304410     0.304183     0.303210     0.301409     0.298652     0.294776     0.289599     0.282936     0.274609     0.264459     0.252361     0.238218     0.221972     0.203595     0.183087     0.160470     0.135782     0.109067     0.080372     0.049742     0.017208    -0.017208
    0.017086     0.049373     0.079755     0.108204     0.134683     0.159153     0.181578     0.201930     0.220196     0.236384     0.250526     0.262684     0.272950     0.281448     0.288326     0.293753     0.297903     0.300948     0.303039     0.304295     0.304792     0.304554     0.303552     0.301706     0.298891     0.294948     0.289700     0.282966     0.274570     0.264361     0.252212     0.238032     0.221760     0.203370     0.182862     0.160256     0.135588     0.108903     0.080247     0.049661     0.017179    -0.017179
    0.017060     0.049300     0.079643     0.108059     0.134513     0.158967     0.181385     0.201741     0.220021     0.236235     0.250413     0.262618     0.272940     0.281501     0.288445     0.293938     0.298150     0.301248     0.303379     0.304660     0.305165     0.304917     0.303887     0.301997     0.299125     0.295117     0.289800     0.282995     0.274534     0.264266     0.252068     0.237850     0.221553     0.203150     0.182641     0.160045     0.135398     0.108743     0.080124     0.049582     0.017151    -0.017151
    0.017034     0.049229     0.079533     0.107917     0.134347     0.158785     0.181196     0.201555     0.219850     0.236089     0.250304     0.262555     0.272932     0.281554     0.288563     0.294120     0.298392     0.301541     0.303712     0.305018     0.305530     0.305272     0.304214     0.302282     0.299355     0.295283     0.289897     0.283024     0.274498     0.264173     0.251927     0.237672     0.221350     0.202935     0.182425     0.159839     0.135212     0.108585     0.080003     0.049505     0.017123    -0.017123
    0.017009     0.049159     0.079425     0.107778     0.134183     0.158605     0.181010     0.201373     0.219682     0.235946     0.250196     0.262493     0.272924     0.281606     0.288678     0.294298     0.298628     0.301828     0.304038     0.305368     0.305887     0.305618     0.304534     0.302560     0.299579     0.295445     0.289993     0.283053     0.274464     0.264082     0.251789     0.237498     0.221152     0.202724     0.182213     0.159637     0.135029     0.108431     0.079884     0.049429     0.017096    -0.017096
    0.016984     0.049091     0.079318     0.107640     0.134023     0.158429     0.180828     0.201195     0.219518     0.235806     0.250092     0.262433     0.272917     0.281657     0.288792     0.294473     0.298860     0.302109     0.304357     0.305710     0.306236     0.305958     0.304847     0.302832     0.299798     0.295604     0.290086     0.283082     0.274431     0.263994     0.251655     0.237328     0.220958     0.202518     0.182005     0.159439     0.134850     0.108280     0.079768     0.049354     0.017069    -0.017069
    0.016960     0.049023     0.079214     0.107506     0.133865     0.158257     0.180650     0.201020     0.219357     0.235670     0.249990     0.262375     0.272911     0.281709     0.288903     0.294644     0.299088     0.302385     0.304669     0.306044     0.306577     0.306289     0.305153     0.303098     0.300013     0.295759     0.290179     0.283110     0.274399     0.263908     0.251524     0.237162     0.220769     0.202316     0.181802     0.159245     0.134675     0.108131     0.079654     0.049281     0.017043    -0.017043
    0.016936     0.048957     0.079111     0.107373     0.133710     0.158088     0.180475     0.200849     0.219200     0.235537     0.249891     0.262319     0.272905     0.281759     0.289013     0.294812     0.299310     0.302654     0.304974     0.306371     0.306911     0.306614     0.305453     0.303359     0.300224     0.295912     0.290269     0.283138     0.274368     0.263825     0.251396     0.237000     0.220583     0.202118     0.181603     0.159055     0.134503     0.107985     0.079542     0.049209     0.017017    -0.017017
    0.016912     0.048891     0.079010     0.107243     0.133558     0.157921     0.180303     0.200681     0.219046     0.235406     0.249794     0.262264     0.272900     0.281809     0.289121     0.294977     0.299529     0.302918     0.305272     0.306691     0.307238     0.306931     0.305745     0.303613     0.300429     0.296061     0.290358     0.283166     0.274339     0.263743     0.251271     0.236842     0.220402     0.201925     0.181409     0.158869     0.134334     0.107842     0.079432     0.049139     0.016992    -0.016992
    0.016889     0.048827     0.078911     0.107115     0.133409     0.157758     0.180135     0.200517     0.218895     0.235279     0.249699     0.262211     0.272896     0.281859     0.289227     0.295139     0.299742     0.303176     0.305564     0.307004     0.307557     0.307241     0.306031     0.303862     0.300631     0.296207     0.290445     0.283194     0.274310     0.263664     0.251150     0.236687     0.220225     0.201736     0.181218     0.158686     0.134169     0.107702     0.079324     0.049070     0.016967    -0.016967
    0.016866     0.048764     0.078814     0.106990     0.133262     0.157598     0.179970     0.200356     0.218747     0.235154     0.249606     0.262159     0.272892     0.281908     0.289331     0.295298     0.299952     0.303429     0.305850     0.307311     0.307869     0.307544     0.306311     0.304106     0.300828     0.296350     0.290531     0.283222     0.274282     0.263587     0.251031     0.236536     0.220051     0.201551     0.181031     0.158507     0.134007     0.107565     0.079218     0.049002     0.016943    -0.016943
    0.016843     0.048702     0.078718     0.106867     0.133118     0.157442     0.179808     0.200198     0.218603     0.235032     0.249516     0.262109     0.272888     0.281956     0.289433     0.295454     0.300157     0.303676     0.306130     0.307610     0.308174     0.307840     0.306585     0.304344     0.301021     0.296491     0.290615     0.283249     0.274256     0.263511     0.250915     0.236388     0.219882     0.201369     0.180848     0.158332     0.133848     0.107430     0.079114     0.048935     0.016919    -0.016919
    0.016821     0.048641     0.078624     0.106746     0.132977     0.157288     0.179650     0.200043     0.218461     0.234913     0.249428     0.262060     0.272885     0.282004     0.289534     0.295606     0.300358     0.303918     0.306404     0.307903     0.308473     0.308130     0.306853     0.304578     0.301210     0.296628     0.290697     0.283276     0.274230     0.263438     0.250801     0.236244     0.219716     0.201192     0.180669     0.158160     0.133692     0.107298     0.079013     0.048870     0.016895    -0.016895
    0.016800     0.048582     0.078532     0.106627     0.132839     0.157137     0.179494     0.199892     0.218323     0.234796     0.249342     0.262013     0.272883     0.282051     0.289632     0.295756     0.300555     0.304156     0.306672     0.308190     0.308765     0.308414     0.307115     0.304806     0.301395     0.296763     0.290778     0.283302     0.274205     0.263367     0.250691     0.236102     0.219553     0.201018     0.180494     0.157992     0.133540     0.107168     0.078913     0.048805     0.016872    -0.016872
    0.016778     0.048523     0.078441     0.106511     0.132703     0.156989     0.179342     0.199744     0.218187     0.234683     0.249258     0.261966     0.272881     0.282097     0.289729     0.295903     0.300747     0.304388     0.306934     0.308470     0.309051     0.308692     0.307371     0.305029     0.301576     0.296895     0.290857     0.283329     0.274181     0.263297     0.250582     0.235964     0.219395     0.200848     0.180322     0.157827     0.133390     0.107041     0.078815     0.048743     0.016849    -0.016849
    0.016757     0.048465     0.078352     0.106396     0.132570     0.156843     0.179193     0.199598     0.218055     0.234571     0.249176     0.261922     0.272879     0.282143     0.289825     0.296047     0.300936     0.304615     0.307190     0.308744     0.309330     0.308963     0.307621     0.305248     0.301753     0.297024     0.290935     0.283355     0.274157     0.263229     0.250477     0.235829     0.219239     0.200682     0.180154     0.157666     0.133243     0.106917     0.078719     0.048681     0.016827    -0.016827
    0.016737     0.048409     0.078265     0.106284     0.132439     0.156701     0.179046     0.199456     0.217925     0.234462     0.249097     0.261878     0.272878     0.282188     0.289918     0.296188     0.301121     0.304838     0.307441     0.309013     0.309603     0.309228     0.307867     0.305461     0.301926     0.297151     0.291012     0.283381     0.274134     0.263163     0.250374     0.235697     0.219087     0.200519     0.179989     0.157508     0.133100     0.106795     0.078625     0.048620     0.016805    -0.016805
    0.016717     0.048353     0.078179     0.106174     0.132310     0.156561     0.178903     0.199317     0.217798     0.234356     0.249018     0.261835     0.272877     0.282233     0.290010     0.296326     0.301303     0.305056     0.307687     0.309275     0.309871     0.309488     0.308106     0.305671     0.302096     0.297275     0.291086     0.283406     0.274113     0.263098     0.250273     0.235568     0.218939     0.200360     0.179827     0.157353     0.132959     0.106675     0.078532     0.048561     0.016784    -0.016784
    0.016697     0.048299     0.078095     0.106066     0.132185     0.156424     0.178762     0.199180     0.217673     0.234251     0.248942     0.261794     0.272876     0.282277     0.290100     0.296462     0.301480     0.305269     0.307927     0.309532     0.310132     0.309742     0.308341     0.305875     0.302262     0.297396     0.291160     0.283431     0.274091     0.263035     0.250175     0.235442     0.218793     0.200204     0.179669     0.157201     0.132821     0.106557     0.078442     0.048502     0.016763    -0.016763
    0.016677     0.048245     0.078013     0.105960     0.132061     0.156290     0.178624     0.199046     0.217551     0.234149     0.248868     0.261754     0.272876     0.282320     0.290189     0.296595     0.301654     0.305478     0.308162     0.309783     0.310388     0.309990     0.308570     0.306075     0.302424     0.297515     0.291232     0.283456     0.274071     0.262974     0.250079     0.235319     0.218651     0.200051     0.179515     0.157052     0.132686     0.106442     0.078353     0.048445     0.016742    -0.016742
    0.016658     0.048192     0.077932     0.105856     0.131940     0.156159     0.178489     0.198915     0.217432     0.234050     0.248795     0.261715     0.272876     0.282363     0.290276     0.296725     0.301825     0.305682     0.308393     0.310029     0.310638     0.310234     0.308795     0.306271     0.302584     0.297632     0.291303     0.283480     0.274051     0.262914     0.249985     0.235198     0.218512     0.199901     0.179363     0.156907     0.132553     0.106329     0.078266     0.048389     0.016722    -0.016722
    0.016640     0.048141     0.077852     0.105754     0.131821     0.156029     0.178356     0.198786     0.217315     0.233952     0.248724     0.261677     0.272876     0.282405     0.290361     0.296853     0.301992     0.305883     0.308618     0.310270     0.310883     0.310471     0.309015     0.306463     0.302739     0.297746     0.291372     0.283504     0.274032     0.262856     0.249893     0.235081     0.218375     0.199755     0.179215     0.156764     0.132423     0.106219     0.078180     0.048334     0.016702    -0.016702
    0.016621     0.048090     0.077774     0.105654     0.131705     0.155903     0.178227     0.198661     0.217201     0.233857     0.248655     0.261640     0.272876     0.282446     0.290445     0.296979     0.302155     0.306079     0.308839     0.310506     0.311123     0.310704     0.309230     0.306651     0.302892     0.297858     0.291440     0.283528     0.274013     0.262799     0.249803     0.234965     0.218242     0.199612     0.179069     0.156624     0.132296     0.106110     0.078096     0.048280     0.016683    -0.016683
    0.016603     0.048040     0.077698     0.105555     0.131590     0.155779     0.178099     0.198537     0.217089     0.233763     0.248587     0.261604     0.272877     0.282487     0.290527     0.297102     0.302316     0.306270     0.309054     0.310736     0.311357     0.310932     0.309440     0.306834     0.303041     0.297967     0.291507     0.283551     0.273995     0.262743     0.249716     0.234852     0.218112     0.199471     0.178927     0.156487     0.132171     0.106004     0.078014     0.048227     0.016664    -0.016664
    0.016585     0.047992     0.077623     0.105459     0.131478     0.155657     0.177975     0.198417     0.216979     0.233672     0.248521     0.261569     0.272878     0.282527     0.290608     0.297222     0.302473     0.306458     0.309266     0.310961     0.311587     0.311154     0.309646     0.307014     0.303187     0.298074     0.291572     0.283574     0.273978     0.262689     0.249630     0.234742     0.217984     0.199334     0.178787     0.156353     0.132048     0.105900     0.077934     0.048175     0.016645    -0.016645
    0.016568     0.047944     0.077549     0.105365     0.131369     0.155538     0.177853     0.198299     0.216872     0.233583     0.248456     0.261535     0.272879     0.282567     0.290687     0.297340     0.302626     0.306642     0.309473     0.311182     0.311811     0.311372     0.309847     0.307190     0.303330     0.298179     0.291636     0.283597     0.273961     0.262636     0.249547     0.234634     0.217859     0.199199     0.178651     0.156221     0.131929     0.105798     0.077855     0.048124     0.016626    -0.016626
    0.016551     0.047897     0.077477     0.105272     0.131261     0.155421     0.177733     0.198183     0.216767     0.233496     0.248393     0.261501     0.272880     0.282606     0.290765     0.297456     0.302777     0.306823     0.309675     0.311398     0.312031     0.311585     0.310044     0.307362     0.303470     0.298282     0.291699     0.283619     0.273944     0.262584     0.249465     0.234529     0.217737     0.199068     0.178517     0.156092     0.131811     0.105698     0.077777     0.048074     0.016608    -0.016608
    0.016534     0.047851     0.077406     0.105181     0.131155     0.155307     0.177616     0.198069     0.216664     0.233410     0.248331     0.261469     0.272882     0.282644     0.290841     0.297569     0.302924     0.306999     0.309873     0.311609     0.312246     0.311794     0.310237     0.307530     0.303607     0.298383     0.291761     0.283641     0.273928     0.262534     0.249385     0.234425     0.217617     0.198939     0.178386     0.155966     0.131696     0.105599     0.077701     0.048025     0.016591    -0.016591
    0.016518     0.047806     0.077336     0.105092     0.131052     0.155194     0.177501     0.197958     0.216564     0.233327     0.248271     0.261437     0.272884     0.282682     0.290916     0.297681     0.303069     0.307172     0.310067     0.311816     0.312456     0.311998     0.310425     0.307695     0.303742     0.298482     0.291821     0.283663     0.273913     0.262484     0.249307     0.234324     0.217500     0.198813     0.178258     0.155842     0.131583     0.105503     0.077627     0.047977     0.016573    -0.016573
    0.016501     0.047761     0.077268     0.105004     0.130950     0.155084     0.177388     0.197849     0.216465     0.233245     0.248212     0.261407     0.272885     0.282719     0.290990     0.297790     0.303211     0.307341     0.310257     0.312018     0.312662     0.312198     0.310610     0.307857     0.303873     0.298578     0.291881     0.283684     0.273897     0.262436     0.249230     0.234226     0.217385     0.198689     0.178132     0.155721     0.131472     0.105409     0.077554     0.047930     0.016556    -0.016556
    0.016486     0.047718     0.077201     0.104919     0.130851     0.154976     0.177278     0.197743     0.216369     0.233165     0.248154     0.261377     0.272887     0.282755     0.291062     0.297896     0.303349     0.307506     0.310443     0.312217     0.312863     0.312393     0.310791     0.308014     0.304002     0.298673     0.291939     0.283705     0.273883     0.262389     0.249156     0.234129     0.217273     0.198568     0.178009     0.155602     0.131364     0.105316     0.077482     0.047884     0.016540    -0.016540
    0.016470     0.047675     0.077136     0.104835     0.130753     0.154871     0.177170     0.197639     0.216274     0.233087     0.248098     0.261348     0.272889     0.282791     0.291133     0.298001     0.303485     0.307668     0.310625     0.312410     0.313060     0.312584     0.310967     0.308169     0.304128     0.298766     0.291996     0.283726     0.273869     0.262343     0.249083     0.234034     0.217163     0.198450     0.177888     0.155486     0.131258     0.105226     0.077412     0.047839     0.016523    -0.016523
    0.016455     0.047633     0.077071     0.104752     0.130658     0.154767     0.177064     0.197536     0.216182     0.233010     0.248043     0.261319     0.272891     0.282826     0.291202     0.298104     0.303618     0.307827     0.310803     0.312600     0.313253     0.312772     0.311140     0.308320     0.304251     0.298857     0.292052     0.283746     0.273855     0.262298     0.249011     0.233942     0.217056     0.198334     0.177770     0.155372     0.131154     0.105137     0.077343     0.047794     0.016507    -0.016507
    0.016440     0.047592     0.077008     0.104672     0.130564     0.154666     0.176960     0.197436     0.216092     0.232935     0.247990     0.261292     0.272894     0.282861     0.291270     0.298204     0.303748     0.307983     0.310977     0.312786     0.313442     0.312955     0.311310     0.308468     0.304372     0.298946     0.292106     0.283766     0.273841     0.262255     0.248941     0.233851     0.216951     0.198220     0.177654     0.155260     0.131052     0.105050     0.077276     0.047751     0.016492    -0.016492
    0.016425     0.047552     0.076946     0.104592     0.130472     0.154566     0.176858     0.197338     0.216003     0.232862     0.247937     0.261265     0.272896     0.282895     0.291337     0.298303     0.303876     0.308135     0.311148     0.312968     0.313626     0.313134     0.311475     0.308613     0.304490     0.299033     0.292160     0.283786     0.273828     0.262212     0.248873     0.233763     0.216848     0.198109     0.177541     0.155151     0.130952     0.104964     0.077210     0.047708     0.016476    -0.016476
    0.016411     0.047513     0.076886     0.104515     0.130382     0.154469     0.176759     0.197242     0.215916     0.232790     0.247886     0.261238     0.272898     0.282929     0.291403     0.298400     0.304001     0.308284     0.311315     0.313145     0.313807     0.313309     0.311638     0.308755     0.304605     0.299118     0.292212     0.283805     0.273816     0.262170     0.248806     0.233676     0.216747     0.198000     0.177430     0.155043     0.130854     0.104881     0.077145     0.047666     0.016461    -0.016461
    0.016397     0.047474     0.076826     0.104439     0.130294     0.154373     0.176661     0.197148     0.215832     0.232720     0.247836     0.261213     0.272901     0.282962     0.291467     0.298494     0.304124     0.308430     0.311478     0.313320     0.313984     0.313481     0.311796     0.308894     0.304719     0.299201     0.292264     0.283824     0.273803     0.262129     0.248741     0.233591     0.216648     0.197893     0.177321     0.154938     0.130758     0.104799     0.077081     0.047625     0.016446    -0.016446
    0.016383     0.047436     0.076768     0.104364     0.130207     0.154279     0.176566     0.197056     0.215749     0.232652     0.247787     0.261188     0.272904     0.282994     0.291530     0.298587     0.304244     0.308573     0.311639     0.313490     0.314157     0.313649     0.311951     0.309029     0.304829     0.299283     0.292314     0.283843     0.273791     0.262089     0.248677     0.233508     0.216552     0.197789     0.177215     0.154836     0.130664     0.104718     0.077019     0.047585     0.016432    -0.016432
    0.016369     0.047399     0.076711     0.104291     0.130122     0.154188     0.176472     0.196966     0.215667     0.232585     0.247739     0.261164     0.272906     0.283026     0.291592     0.298678     0.304361     0.308713     0.311795     0.313657     0.314327     0.313813     0.312103     0.309162     0.304938     0.299363     0.292364     0.283861     0.273780     0.262050     0.248615     0.233427     0.216457     0.197687     0.177111     0.154735     0.130572     0.104640     0.076958     0.047545     0.016417    -0.016417
    0.016356     0.047363     0.076655     0.104219     0.130039     0.154098     0.176381     0.196878     0.215588     0.232519     0.247692     0.261140     0.272909     0.283057     0.291652     0.298767     0.304476     0.308850     0.311949     0.313820     0.314493     0.313974     0.312252     0.309293     0.305044     0.299442     0.292412     0.283879     0.273768     0.262012     0.248553     0.233348     0.216364     0.197586     0.177009     0.154636     0.130482     0.104563     0.076898     0.047507     0.016403    -0.016403
    0.016343     0.047327     0.076600     0.104149     0.129958     0.154010     0.176291     0.196791     0.215510     0.232455     0.247646     0.261117     0.272912     0.283088     0.291712     0.298855     0.304589     0.308984     0.312099     0.313980     0.314655     0.314132     0.312398     0.309420     0.305148     0.299519     0.292460     0.283897     0.273757     0.261975     0.248494     0.233270     0.216274     0.197488     0.176909     0.154539     0.130393     0.104487     0.076839     0.047469     0.016390    -0.016390
    0.016330     0.047292     0.076546     0.104080     0.129878     0.153924     0.176203     0.196707     0.215434     0.232392     0.247602     0.261094     0.272915     0.283118     0.291770     0.298940     0.304699     0.309115     0.312246     0.314136     0.314814     0.314286     0.312540     0.309545     0.305250     0.299594     0.292506     0.283914     0.273747     0.261939     0.248435     0.233194     0.216185     0.197392     0.176811     0.154445     0.130306     0.104413     0.076782     0.047432     0.016376    -0.016376
    0.016318     0.047258     0.076494     0.104013     0.129800     0.153839     0.176117     0.196624     0.215359     0.232331     0.247558     0.261072     0.272918     0.283148     0.291827     0.299024     0.304808     0.309244     0.312390     0.314289     0.314969     0.314437     0.312680     0.309667     0.305350     0.299668     0.292552     0.283932     0.273736     0.261903     0.248378     0.233119     0.216098     0.197298     0.176715     0.154352     0.130221     0.104340     0.076726     0.047395     0.016363    -0.016363
    0.016306     0.047224     0.076442     0.103947     0.129724     0.153756     0.176032     0.196543     0.215286     0.232271     0.247515     0.261051     0.272920     0.283177     0.291884     0.299106     0.304914     0.309370     0.312531     0.314439     0.315121     0.314584     0.312816     0.309786     0.305447     0.299740     0.292597     0.283948     0.273726     0.261868     0.248322     0.233046     0.216013     0.197206     0.176621     0.154261     0.130138     0.104269     0.076670     0.047360     0.016350    -0.016350
    0.016293     0.047191     0.076391     0.103882     0.129649     0.153675     0.175950     0.196463     0.215215     0.232212     0.247474     0.261030     0.272923     0.283206     0.291939     0.299187     0.305017     0.309493     0.312669     0.314586     0.315270     0.314729     0.312950     0.309903     0.305543     0.299810     0.292641     0.283965     0.273716     0.261834     0.248267     0.232975     0.215930     0.197116     0.176528     0.154172     0.130057     0.104199     0.076616     0.047325     0.016337    -0.016337
    0.016282     0.047159     0.076342     0.103819     0.129575     0.153596     0.175869     0.196385     0.215145     0.232154     0.247433     0.261010     0.272926     0.283234     0.291992     0.299266     0.305119     0.309614     0.312804     0.314729     0.315416     0.314870     0.313081     0.310018     0.305636     0.299879     0.292683     0.283981     0.273706     0.261801     0.248213     0.232905     0.215848     0.197028     0.176438     0.154084     0.129977     0.104131     0.076563     0.047290     0.016325    -0.016325
    0.016270     0.047127     0.076293     0.103757     0.129503     0.153518     0.175790     0.196309     0.215076     0.232098     0.247393     0.260990     0.272929     0.283262     0.292045     0.299343     0.305219     0.309732     0.312936     0.314870     0.315559     0.315009     0.313209     0.310130     0.305728     0.299947     0.292725     0.283997     0.273697     0.261768     0.248161     0.232837     0.215769     0.196941     0.176350     0.153999     0.129899     0.104064     0.076511     0.047257     0.016313    -0.016313
    0.016259     0.047096     0.076246     0.103696     0.129433     0.153442     0.175712     0.196235     0.215009     0.232043     0.247354     0.260971     0.272933     0.283289     0.292097     0.299419     0.305316     0.309848     0.313065     0.315008     0.315698     0.315144     0.313334     0.310239     0.305817     0.300013     0.292767     0.284012     0.273688     0.261736     0.248110     0.232770     0.215690     0.196857     0.176263     0.153915     0.129822     0.103998     0.076460     0.047224     0.016301    -0.016301
    0.016248     0.047066     0.076199     0.103636     0.129364     0.153367     0.175636     0.196162     0.214944     0.231989     0.247316     0.260952     0.272936     0.283316     0.292148     0.299493     0.305411     0.309961     0.313192     0.315142     0.315835     0.315277     0.313456     0.310346     0.305905     0.300078     0.292807     0.284027     0.273679     0.261705     0.248059     0.232704     0.215614     0.196774     0.176179     0.153833     0.129747     0.103934     0.076410     0.047191     0.016289    -0.016289
    0.016237     0.047036     0.076153     0.103578     0.129296     0.153294     0.175562     0.196090     0.214879     0.231937     0.247279     0.260933     0.272939     0.283342     0.292198     0.299566     0.305505     0.310072     0.313316     0.315274     0.315969     0.315406     0.313576     0.310451     0.305991     0.300142     0.292846     0.284042     0.273670     0.261675     0.248010     0.232640     0.215539     0.196692     0.176096     0.153753     0.129673     0.103871     0.076362     0.047160     0.016278    -0.016278
    0.016226     0.047007     0.076108     0.103520     0.129230     0.153223     0.175489     0.196020     0.214817     0.231885     0.247242     0.260915     0.272942     0.283368     0.292247     0.299637     0.305597     0.310181     0.313438     0.315403     0.316100     0.315533     0.313694     0.310554     0.306075     0.300204     0.292885     0.284057     0.273661     0.261645     0.247962     0.232577     0.215466     0.196613     0.176014     0.153674     0.129601     0.103809     0.076314     0.047129     0.016266    -0.016266
    0.016216     0.046978     0.076065     0.103464     0.129165     0.153153     0.175418     0.195952     0.214755     0.231835     0.247207     0.260898     0.272945     0.283393     0.292295     0.299707     0.305686     0.310287     0.313556     0.315529     0.316228     0.315657     0.313809     0.310655     0.306157     0.300265     0.292923     0.284071     0.273653     0.261616     0.247915     0.232516     0.215394     0.196535     0.175935     0.153597     0.129530     0.103749     0.076267     0.047098     0.016255    -0.016255
    0.016206     0.046950     0.076022     0.103410     0.129101     0.153084     0.175348     0.195885     0.214695     0.231785     0.247172     0.260881     0.272948     0.283418     0.292342     0.299775     0.305774     0.310391     0.313673     0.315653     0.316353     0.315779     0.313921     0.310753     0.306237     0.300325     0.292960     0.284085     0.273645     0.261587     0.247869     0.232456     0.215324     0.196459     0.175857     0.153521     0.129461     0.103690     0.076221     0.047069     0.016245    -0.016245
    0.016196     0.046923     0.075980     0.103356     0.129039     0.153017     0.175280     0.195819     0.214636     0.231737     0.247138     0.260864     0.272951     0.283442     0.292388     0.299842     0.305860     0.310493     0.313786     0.315774     0.316476     0.315898     0.314031     0.310849     0.306316     0.300383     0.292996     0.284099     0.273637     0.261559     0.247824     0.232397     0.215255     0.196384     0.175781     0.153447     0.129394     0.103632     0.076176     0.047040     0.016234    -0.016234
    0.016186     0.046896     0.075939     0.103303     0.128978     0.152952     0.175213     0.195755     0.214579     0.231690     0.247105     0.260848     0.272954     0.283466     0.292433     0.299907     0.305944     0.310593     0.313898     0.315892     0.316596     0.316014     0.314138     0.310944     0.306393     0.300440     0.293031     0.284112     0.273629     0.261532     0.247780     0.232339     0.215187     0.196311     0.175706     0.153375     0.129327     0.103575     0.076132     0.047011     0.016224    -0.016224
    0.016176     0.046870     0.075898     0.103252     0.128919     0.152887     0.175147     0.195693     0.214523     0.231644     0.247072     0.260832     0.272957     0.283489     0.292477     0.299972     0.306026     0.310691     0.314007     0.316008     0.316713     0.316128     0.314244     0.311036     0.306468     0.300496     0.293066     0.284126     0.273621     0.261505     0.247737     0.232283     0.215122     0.196240     0.175633     0.153304     0.129262     0.103519     0.076089     0.046983     0.016214    -0.016214
    0.016167     0.046844     0.075859     0.103202     0.128861     0.152825     0.175083     0.195631     0.214467     0.231599     0.247041     0.260817     0.272960     0.283512     0.292520     0.300034     0.306107     0.310786     0.314113     0.316121     0.316828     0.316239     0.314347     0.311126     0.306542     0.300550     0.293100     0.284138     0.273614     0.261479     0.247694     0.232228     0.215057     0.196170     0.175561     0.153235     0.129199     0.103465     0.076046     0.046956     0.016204    -0.016204
    0.016158     0.046819     0.075821     0.103152     0.128804     0.152763     0.175021     0.195571     0.214414     0.231555     0.247010     0.260802     0.272963     0.283535     0.292562     0.300096     0.306186     0.310879     0.314218     0.316232     0.316940     0.316348     0.314447     0.311214     0.306614     0.300604     0.293133     0.284151     0.273607     0.261454     0.247653     0.232174     0.214994     0.196101     0.175491     0.153167     0.129137     0.103412     0.076005     0.046929     0.016194    -0.016194
    0.016149     0.046795     0.075783     0.103104     0.128748     0.152703     0.174960     0.195512     0.214361     0.231512     0.246979     0.260787     0.272966     0.283557     0.292604     0.300156     0.306263     0.310971     0.314320     0.316340     0.317050     0.316455     0.314546     0.311300     0.306685     0.300656     0.293166     0.284163     0.273599     0.261429     0.247613     0.232121     0.214932     0.196034     0.175423     0.153101     0.129076     0.103360     0.075965     0.046903     0.016184    -0.016184
    0.016140     0.046771     0.075746     0.103057     0.128694     0.152644     0.174900     0.195455     0.214310     0.231470     0.246950     0.260772     0.272969     0.283578     0.292644     0.300215     0.306338     0.311060     0.314419     0.316446     0.317157     0.316559     0.314642     0.311384     0.306753     0.300707     0.293197     0.284175     0.273592     0.261404     0.247573     0.232069     0.214872     0.195969     0.175356     0.153036     0.129016     0.103309     0.075925     0.046877     0.016175    -0.016175
    0.016132     0.046747     0.075710     0.103011     0.128640     0.152587     0.174841     0.195399     0.214259     0.231429     0.246921     0.260758     0.272972     0.283599     0.292684     0.300272     0.306412     0.311148     0.314517     0.316549     0.317262     0.316661     0.314736     0.311467     0.306821     0.300757     0.293228     0.284187     0.273585     0.261380     0.247534     0.232019     0.214813     0.195904     0.175290     0.152972     0.128958     0.103259     0.075887     0.046852     0.016166    -0.016166
    0.016123     0.046725     0.075675     0.102967     0.128588     0.152531     0.174784     0.195344     0.214210     0.231388     0.246893     0.260745     0.272975     0.283620     0.292723     0.300329     0.306484     0.311233     0.314612     0.316650     0.317365     0.316760     0.314828     0.311547     0.306886     0.300805     0.293259     0.284199     0.273579     0.261357     0.247496     0.231969     0.214755     0.195842     0.175226     0.152910     0.128901     0.103210     0.075849     0.046828     0.016157    -0.016157
    0.016115     0.046702     0.075641     0.102923     0.128538     0.152476     0.174729     0.195291     0.214162     0.231349     0.246865     0.260732     0.272978     0.283640     0.292760     0.300384     0.306555     0.311316     0.314705     0.316749     0.317465     0.316857     0.314917     0.311626     0.306951     0.300853     0.293288     0.284210     0.273572     0.261334     0.247459     0.231921     0.214698     0.195781     0.175163     0.152850     0.128846     0.103163     0.075812     0.046804     0.016149    -0.016149
    0.016107     0.046681     0.075608     0.102880     0.128488     0.152422     0.174674     0.195239     0.214116     0.231311     0.246838     0.260719     0.272981     0.283660     0.292797     0.300437     0.306623     0.311398     0.314796     0.316845     0.317562     0.316952     0.315005     0.311702     0.307013     0.300899     0.293317     0.284220     0.273566     0.261311     0.247423     0.231874     0.214643     0.195721     0.175102     0.152790     0.128792     0.103117     0.075776     0.046781     0.016140    -0.016140
    0.016100     0.046660     0.075575     0.102839     0.128440     0.152370     0.174621     0.195188     0.214070     0.231274     0.246812     0.260706     0.272983     0.283679     0.292834     0.300490     0.306691     0.311477     0.314885     0.316939     0.317658     0.317044     0.315090     0.311777     0.307074     0.300944     0.293345     0.284231     0.273559     0.261290     0.247388     0.231828     0.214589     0.195662     0.175043     0.152733     0.128739     0.103071     0.075741     0.046758     0.016132    -0.016132
    0.016092     0.046639     0.075544     0.102798     0.128393     0.152320     0.174570     0.195138     0.214026     0.231237     0.246787     0.260694     0.272986     0.283698     0.292869     0.300541     0.306756     0.311555     0.314971     0.317031     0.317751     0.317134     0.315173     0.311850     0.307134     0.300988     0.293372     0.284241     0.273553     0.261268     0.247353     0.231783     0.214537     0.195605     0.174984     0.152676     0.128687     0.103027     0.075707     0.046736     0.016124    -0.016124
    0.016085     0.046619     0.075513     0.102759     0.128348     0.152270     0.174519     0.195090     0.213982     0.231202     0.246762     0.260682     0.272989     0.283716     0.292903     0.300590     0.306820     0.311630     0.315055     0.317120     0.317841     0.317222     0.315254     0.311921     0.307192     0.301031     0.293399     0.284251     0.273547     0.261247     0.247320     0.231739     0.214486     0.195550     0.174928     0.152621     0.128637     0.102984     0.075673     0.046715     0.016116    -0.016116
    0.016078     0.046600     0.075483     0.102720     0.128303     0.152222     0.174471     0.195043     0.213941     0.231168     0.246738     0.260670     0.272991     0.283734     0.292936     0.300639     0.306882     0.311703     0.315137     0.317207     0.317929     0.317307     0.315333     0.311989     0.307248     0.301073     0.293424     0.284261     0.273541     0.261227     0.247287     0.231696     0.214436     0.195496     0.174873     0.152568     0.128588     0.102942     0.075641     0.046694     0.016109    -0.016109
    0.016071     0.046581     0.075454     0.102683     0.128260     0.152176     0.174423     0.194998     0.213900     0.231135     0.246715     0.260659     0.272994     0.283752     0.292969     0.300686     0.306942     0.311774     0.315216     0.317291     0.318014     0.317389     0.315409     0.312056     0.307302     0.301113     0.293449     0.284270     0.273535     0.261207     0.247256     0.231655     0.214388     0.195444     0.174819     0.152516     0.128540     0.102902     0.075609     0.046673     0.016101    -0.016101
    0.016064     0.046562     0.075426     0.102647     0.128219     0.152131     0.174378     0.194954     0.213861     0.231103     0.246692     0.260648     0.272997     0.283769     0.293000     0.300731     0.307000     0.311843     0.315293     0.317372     0.318097     0.317469     0.315483     0.312121     0.307355     0.301152     0.293474     0.284279     0.273529     0.261188     0.247225     0.231615     0.214341     0.195393     0.174767     0.152466     0.128494     0.102862     0.075578     0.046653     0.016094    -0.016094
    0.016058     0.046544     0.075398     0.102612     0.128178     0.152088     0.174334     0.194912     0.213823     0.231072     0.246671     0.260638     0.272999     0.283785     0.293031     0.300775     0.307056     0.311910     0.315367     0.317451     0.318177     0.317547     0.315555     0.312183     0.307406     0.301190     0.293497     0.284288     0.273524     0.261170     0.247195     0.231576     0.214296     0.195344     0.174717     0.152417     0.128449     0.102823     0.075548     0.046634     0.016087    -0.016087
    0.016051     0.046527     0.075371     0.102578     0.128139     0.152046     0.174292     0.194872     0.213787     0.231043     0.246650     0.260629     0.273002     0.283801     0.293060     0.300818     0.307111     0.311974     0.315439     0.317527     0.318253     0.317621     0.315624     0.312244     0.307455     0.301226     0.293520     0.284296     0.273519     0.261152     0.247167     0.231539     0.214253     0.195297     0.174669     0.152370     0.128406     0.102786     0.075519     0.046614     0.016080    -0.016080
    0.016044     0.046509     0.075345     0.102546     0.128102     0.152007     0.174252     0.194834     0.213753     0.231015     0.246631     0.260620     0.273005     0.283816     0.293089     0.300859     0.307163     0.312036     0.315507     0.317600     0.318327     0.317693     0.315690     0.312301     0.307502     0.301261     0.293541     0.284305     0.273514     0.261136     0.247140     0.231504     0.214211     0.195252     0.174623     0.152325     0.128365     0.102750     0.075490     0.046595     0.016073    -0.016073
    0.016037     0.046491     0.075320     0.102515     0.128067     0.151969     0.174214     0.194798     0.213721     0.230989     0.246613     0.260611     0.273008     0.283831     0.293116     0.300898     0.307213     0.312095     0.315573     0.317669     0.318397     0.317761     0.315752     0.312356     0.307547     0.301294     0.293562     0.284312     0.273510     0.261120     0.247115     0.231471     0.214173     0.195210     0.174579     0.152283     0.128325     0.102715     0.075461     0.046574     0.016064    -0.016064
    0.016026     0.046472     0.075295     0.102486     0.128035     0.151935     0.174179     0.194765     0.213691     0.230965     0.246597     0.260604     0.273011     0.283846     0.293142     0.300935     0.307260     0.312150     0.315635     0.317735     0.318464     0.317825     0.315812     0.312408     0.307590     0.301326     0.293582     0.284320     0.273506     0.261105     0.247091     0.231440     0.214136     0.195171     0.174539     0.152243     0.128288     0.102681     0.075433     0.046553     0.016053    -0.016053
    0.016009     0.046452     0.075272     0.102459     0.128005     0.151904     0.174148     0.194735     0.213665     0.230944     0.246582     0.260598     0.273014     0.283860     0.293166     0.300970     0.307304     0.312202     0.315693     0.317796     0.318526     0.317885     0.315867     0.312457     0.307630     0.301356     0.293600     0.284328     0.273503     0.261093     0.247070     0.231412     0.214103     0.195135     0.174502     0.152207     0.128254     0.102651     0.075407     0.046531     0.016034    -0.016034
    0.015982     0.046435     0.075251     0.102435     0.127979     0.151876     0.174120     0.194709     0.213642     0.230925     0.246570     0.260593     0.273018     0.283873     0.293189     0.301002     0.307345     0.312251     0.315746     0.317853     0.318584     0.317941     0.315919     0.312502     0.307667     0.301383     0.293618     0.284335     0.273500     0.261081     0.247051     0.231387     0.214074     0.195103     0.174469     0.152175     0.128223     0.102623     0.075383     0.046510     0.016005    -0.016005
    0.015772     0.046435     0.075251     0.102435     0.127979     0.151876     0.174120     0.194709     0.213642     0.230925     0.246570     0.260593     0.273018     0.283873     0.293189     0.301002     0.307345     0.312251     0.315746     0.317853     0.318584     0.317941     0.315919     0.312502     0.307667     0.301383     0.293618     0.284335     0.273500     0.261081     0.247051     0.231387     0.214074     0.195103     0.174469     0.152175     0.128223     0.102623     0.075383     0.046510     0.015796    -0.015796
