    0.000000    -0.000003    -0.000011    -0.000042    -0.000089    -0.000144    -0.000202    -0.000260    -0.000317    -0.000373    -0.000427    -0.000479    -0.000529    -0.000576    -0.000620    -0.000660    -0.000696    -0.000726    -0.000750    -0.000767    -0.000776    -0.000777    -0.000768    -0.000750    -0.000722    -0.000684    -0.000636    -0.000579    -0.000513    -0.000441    -0.000362    -0.000280    -0.000195    -0.000109    -0.000024     0.000058     0.000135     0.000207     0.000271     0.000328     0.000376     0.000415     0.000444     0.000465     0.000477     0.000481     0.000476     0.000465     0.000447     0.000422     0.000392     0.000358     0.000319     0.000276     0.000230     0.000181     0.000131     0.000082     0.000040     0.000012     0.000004     0.000000
    0.000000    -0.000034    -0.000133    -0.000306    -0.000537    -0.000805    -0.001093    -0.001389    -0.001686    -0.001979    -0.002265    -0.002542    -0.002807    -0.003058    -0.003292    -0.003505    -0.003694    -0.003854    -0.003982    -0.004072    -0.004121    -0.004124    -0.004078    -0.003981    -0.003832    -0.003629    -0.003375    -0.003072    -0.002725    -0.002340    -0.001924    -0.001486    -0.001034    -0.000579    -0.000130     0.000304     0.000714     0.001093     0.001435     0.001735     0.001989     0.002196     0.002354     0.002463     0.002527     0.002545     0.002522     0.002460     0.002362     0.002233     0.002074     0.001891     0.001685     0.001460     0.001221     0.000974     0.000726     0.000489     0.000282     0.000125     0.000034     0.000000
    0.000000    -0.000084    -0.000313    -0.000668    -0.001121    -0.001642    -0.002203    -0.002784    -0.003370    -0.003952    -0.004522    -0.005076    -0.005606    -0.006109    -0.006578    -0.007006    -0.007385    -0.007707    -0.007963    -0.008145    -0.008244    -0.008252    -0.008162    -0.007969    -0.007670    -0.007265    -0.006757    -0.006150    -0.005455    -0.004683    -0.003849    -0.002970    -0.002065    -0.001152    -0.000252     0.000617     0.001439     0.002198     0.002882     0.003482     0.003989     0.004400     0.004715     0.004933     0.005057     0.005092     0.005044     0.004917     0.004720     0.004459     0.004141     0.003773     0.003362     0.002916     0.002444     0.001958     0.001475     0.001017     0.000611     0.000289     0.000079     0.000000
    0.000000    -0.000139    -0.000502    -0.001043    -0.001720    -0.002490    -0.003320    -0.004181    -0.005054    -0.005923    -0.006777    -0.007608    -0.008406    -0.009164    -0.009872    -0.010519    -0.011093    -0.011583    -0.011974    -0.012254    -0.012408    -0.012426    -0.012295    -0.012008    -0.011560    -0.010951    -0.010185    -0.009270    -0.008219    -0.007052    -0.005790    -0.004461    -0.003091    -0.001711    -0.000350     0.000964     0.002205     0.003350     0.004380     0.005281     0.006042     0.006658     0.007126     0.007449     0.007630     0.007677     0.007598     0.007403     0.007101     0.006705     0.006223     0.005667     0.005049     0.004380     0.003676     0.002954     0.002239     0.001559     0.000953     0.000461     0.000128     0.000000
    0.000000    -0.000193    -0.000690    -0.001419    -0.002319    -0.003340    -0.004437    -0.005578    -0.006736    -0.007893    -0.009033    -0.010144    -0.011215    -0.012233    -0.013187    -0.014061    -0.014840    -0.015507    -0.016043    -0.016429    -0.016649    -0.016683    -0.016517    -0.016140    -0.015545    -0.014730    -0.013700    -0.012467    -0.011049    -0.009472    -0.007766    -0.005966    -0.004113    -0.002246    -0.000407     0.001368     0.003041     0.004582     0.005967     0.007174     0.008191     0.009010     0.009629     0.010052     0.010284     0.010335     0.010217     0.009945     0.009531     0.008990     0.008338     0.007588     0.006758     0.005863     0.004923     0.003963     0.003012     0.002108     0.001297     0.000633     0.000178     0.000000
    0.000000    -0.000245    -0.000872    -0.001788    -0.002913    -0.004184    -0.005550    -0.006970    -0.008415    -0.009862    -0.011291    -0.012688    -0.014037    -0.015325    -0.016535    -0.017648    -0.018644    -0.019501    -0.020196    -0.020705    -0.021002    -0.021065    -0.020874    -0.020413    -0.019671    -0.018647    -0.017346    -0.015782    -0.013979    -0.011969    -0.009793    -0.007496    -0.005131    -0.002749    -0.000404     0.001855     0.003981     0.005935     0.007685     0.009205     0.010481     0.011502     0.012268     0.012782     0.013055     0.013100     0.012933     0.012571     0.012032     0.011337     0.010504     0.009552     0.008501     0.007373     0.006191     0.004987     0.003796     0.002662     0.001643     0.000805     0.000227     0.000000
    0.000000    -0.000295    -0.001049    -0.002148    -0.003497    -0.005019    -0.006654    -0.008356    -0.010090    -0.011829    -0.013553    -0.015242    -0.016879    -0.018447    -0.019925    -0.021292    -0.022523    -0.023590    -0.024463    -0.025112    -0.025506    -0.025614    -0.025411    -0.024874    -0.023990    -0.022753    -0.021170    -0.019257    -0.017044    -0.014572    -0.011891    -0.009060    -0.006143    -0.003208    -0.000321     0.002454     0.005061     0.007450     0.009580     0.011423     0.012960     0.014181     0.015087     0.015684     0.015985     0.016009     0.015776     0.015308     0.014631     0.013766     0.012739     0.011572     0.010289     0.008918     0.007486     0.006030     0.004591     0.003222     0.001990     0.000975     0.000275     0.000000
    0.000000    -0.000343    -0.001221    -0.002500    -0.004070    -0.005842    -0.007746    -0.009731    -0.011756    -0.013793    -0.015816    -0.017806    -0.019742    -0.021603    -0.023367    -0.025007    -0.026494    -0.027794    -0.028871    -0.029686    -0.030201    -0.030377    -0.030179    -0.029579    -0.028557    -0.027105    -0.025227    -0.022943    -0.020289    -0.017315    -0.014084    -0.010669    -0.007150    -0.003610    -0.000134     0.003201     0.006324     0.009174     0.011705     0.013882     0.015683     0.017100     0.018135     0.018800     0.019113     0.019096     0.018777     0.018185     0.017349     0.016297     0.015058     0.013660     0.012133     0.010507     0.008814     0.007096     0.005402     0.003791     0.002341     0.001147     0.000323     0.000000
    0.000000    -0.000389    -0.001387    -0.002843    -0.004631    -0.006651    -0.008823    -0.011091    -0.013411    -0.015749    -0.018079    -0.020378    -0.022625    -0.024796    -0.026865    -0.028801    -0.030571    -0.032133    -0.033446    -0.034460    -0.035128    -0.035401    -0.035234    -0.034589    -0.033438    -0.031767    -0.029579    -0.026897    -0.023763    -0.020237    -0.016398    -0.012335    -0.008148    -0.003940     0.000186     0.004134     0.007818     0.011164     0.014118     0.016640     0.018708     0.020314     0.021466     0.022180     0.022480     0.022399     0.021969     0.021227     0.020207     0.018945     0.017475     0.015829     0.014041     0.012145     0.010180     0.008190     0.006230     0.004371     0.002698     0.001321     0.000371     0.000000
    0.000000    -0.000434    -0.001549    -0.003177    -0.005178    -0.007442    -0.009881    -0.012432    -0.015047    -0.017690    -0.020334    -0.022953    -0.025525    -0.028023    -0.030419    -0.032679    -0.034763    -0.036625    -0.038212    -0.039468    -0.040331    -0.040740    -0.040638    -0.039972    -0.038705    -0.036815    -0.034301    -0.031188    -0.027525    -0.023385    -0.018864    -0.014073    -0.009135    -0.004177     0.000675     0.005303     0.009602     0.013486     0.016889     0.019768     0.022102     0.023887     0.025135     0.025872     0.026131     0.025954     0.025381     0.024458     0.023226     0.021728     0.020002     0.018087     0.016019     0.013838     0.011586     0.009313     0.007080     0.004963     0.003062     0.001499     0.000421     0.000000
    0.000000    -0.000477    -0.001704    -0.003499    -0.005709    -0.008212    -0.010915    -0.013747    -0.016657    -0.019609    -0.022572    -0.025522    -0.028433    -0.031278    -0.034027    -0.036643    -0.039079    -0.041283    -0.043193    -0.044741    -0.045853    -0.046450    -0.046458    -0.045809    -0.044448    -0.042341    -0.039484    -0.035900    -0.031647    -0.026816    -0.021522    -0.015902    -0.010108    -0.004296     0.001377     0.006767     0.011748     0.016217     0.020099     0.023347     0.025942     0.027887     0.029204     0.029929     0.030110     0.029796     0.029041     0.027900     0.026422     0.024656     0.022647     0.020439     0.018072     0.015589     0.013036     0.010468     0.007951     0.005571     0.003435     0.001680     0.000472     0.000000
    0.000000    -0.000518    -0.001853    -0.003809    -0.006220    -0.008956    -0.011916    -0.015026    -0.018231    -0.021493    -0.024781    -0.028070    -0.031336    -0.034549    -0.037679    -0.040685    -0.043516    -0.046114    -0.048407    -0.050312    -0.051740    -0.052593    -0.052773    -0.052190    -0.050767    -0.048455    -0.045235    -0.041134    -0.036219    -0.030598    -0.024416    -0.017841    -0.011060    -0.004267     0.002346     0.008601     0.014345     0.019455     0.023846     0.027471     0.030315     0.032392     0.033740     0.034408     0.034460     0.033960     0.032976     0.031571     0.029807     0.027737     0.025415     0.022887     0.020199     0.017396     0.014528     0.011653     0.008843     0.006192     0.003816     0.001866     0.000524     0.000000
    0.000000    -0.000557    -0.001995    -0.004103    -0.006707    -0.009667    -0.012877    -0.016259    -0.019755    -0.023327    -0.026944    -0.030581    -0.034214    -0.037817    -0.041357    -0.044792    -0.048068    -0.051119    -0.053864    -0.056207    -0.058037    -0.059233    -0.059670    -0.059224    -0.057789    -0.055290    -0.051692    -0.047018    -0.041348    -0.034817    -0.027604    -0.019916    -0.011985    -0.004049     0.003653     0.010900     0.017503     0.023318     0.028250     0.032253     0.035323     0.037491     0.038815     0.039366     0.039226     0.038479     0.037207     0.035487     0.033388     0.030976     0.028306     0.025430     0.022397     0.019255     0.016057     0.012865     0.009754     0.006825     0.004205     0.002056     0.000577     0.000000
    0.000000    -0.000594    -0.002126    -0.004378    -0.007164    -0.010337    -0.013787    -0.017432    -0.021213    -0.025091    -0.029037    -0.033028    -0.037042    -0.041055    -0.045035    -0.048939    -0.052714    -0.056287    -0.059567    -0.062444    -0.064785    -0.066440    -0.067245    -0.067037    -0.065665    -0.063015    -0.059026    -0.053713    -0.047174    -0.039580    -0.031155    -0.022159    -0.012870    -0.003588     0.005390     0.013786     0.021365     0.027957     0.033457     0.037827     0.041082     0.043280     0.044506     0.044860     0.044450     0.043380     0.041750     0.039653     0.037168     0.034366     0.031311     0.028058     0.024657     0.021158     0.017617     0.014097     0.010678     0.007466     0.004598     0.002248     0.000631     0.000000
    0.000000    -0.000627    -0.002246    -0.004629    -0.007583    -0.010957    -0.014633    -0.018529    -0.022585    -0.026762    -0.031035    -0.035382    -0.039786    -0.044226    -0.048673    -0.053090    -0.057420    -0.061591    -0.065503    -0.069031    -0.072019    -0.074281    -0.075608    -0.075780    -0.074583    -0.071843    -0.067457    -0.061425    -0.053870    -0.045017    -0.035157    -0.024607    -0.013705    -0.002818     0.007676     0.017418     0.026115     0.033561     0.039648     0.044355     0.047730     0.049868     0.050895     0.050948     0.050166     0.048681     0.046613     0.044067     0.041136     0.037898     0.034419     0.030757     0.026964     0.023092     0.019195     0.015339     0.011608     0.008111     0.004993     0.002441     0.000686     0.000000
    0.000000    -0.000655    -0.002352    -0.004852    -0.007959    -0.011514    -0.015400    -0.019531    -0.023848    -0.028314    -0.032905    -0.037605    -0.042403    -0.047282    -0.052222    -0.057189    -0.062134    -0.066984    -0.071637    -0.075954    -0.079756    -0.082819    -0.084874    -0.085627    -0.084774    -0.082050    -0.077276    -0.070423    -0.061652    -0.051284    -0.039711    -0.027313    -0.014478    -0.001652     0.010669     0.022012     0.031996     0.040376     0.047050     0.052032     0.055421     0.057371     0.058063     0.057681     0.056404     0.054393     0.051790     0.048717     0.045274     0.041547     0.037604     0.033504     0.029298     0.025038     0.020776     0.016579     0.012532     0.008750     0.005384     0.002632     0.000740     0.000000
    0.000000    -0.000679    -0.002440    -0.005042    -0.008281    -0.011999    -0.016073    -0.020419    -0.024977    -0.029714    -0.034609    -0.039654    -0.044841    -0.050165    -0.055615    -0.061167    -0.066781    -0.072393    -0.077904    -0.083170    -0.087990    -0.092099    -0.095162    -0.096783    -0.096534    -0.094003    -0.088881    -0.081069    -0.070790    -0.058558    -0.044937    -0.030353    -0.015192     0.000013     0.014585     0.027861     0.039335     0.048723     0.055947     0.061088     0.064331     0.065912     0.066086     0.065098     0.063173     0.060506     0.057260     0.053572     0.049549     0.045280     0.040834     0.036268     0.031630     0.026970     0.022337     0.017798     0.013438     0.009375     0.005766     0.002818     0.000792     0.000000
    0.000000    -0.000697    -0.002509    -0.005192    -0.008542    -0.012397    -0.016635    -0.021170    -0.025946    -0.030930    -0.036109    -0.041478    -0.047042    -0.052805    -0.058770    -0.064928    -0.071257    -0.077709    -0.084199    -0.090589    -0.096668    -0.102134    -0.106576    -0.109475    -0.110228    -0.108199    -0.102836    -0.093867    -0.081604    -0.066988    -0.050945    -0.033847    -0.015889     0.002304     0.019726     0.035384     0.048587     0.059024     0.066693     0.071798     0.074651     0.075610     0.075026     0.073218     0.070463     0.066989     0.062981     0.058584     0.053912     0.049050     0.044065     0.039008     0.033925     0.028857     0.023854     0.018976     0.014309     0.009973     0.006129     0.002995     0.000842     0.000000
    0.000000    -0.000709    -0.002556    -0.005298    -0.008733    -0.012697    -0.017070    -0.021764    -0.026726    -0.031928    -0.037359    -0.043025    -0.048940    -0.055121    -0.061589    -0.068356    -0.075427    -0.082781    -0.090363    -0.098060    -0.105670    -0.112871    -0.119181    -0.123937    -0.126302    -0.125318    -0.119991    -0.109573    -0.094399    -0.076509    -0.057723    -0.037989    -0.016693     0.005395     0.026561     0.045206     0.060390     0.071840     0.079728     0.084470     0.086578     0.086569     0.084917     0.082027     0.078228     0.073780     0.068882     0.063683     0.058293     0.052792     0.047238     0.041675     0.036139     0.030665     0.025295     0.020088     0.015126     0.010530     0.006467     0.003158     0.000888     0.000000
    0.000000    -0.000713    -0.002578    -0.005355    -0.008845    -0.012888    -0.017360    -0.022179    -0.027291    -0.032672    -0.038316    -0.044238    -0.050463    -0.057023    -0.063960    -0.071313    -0.079121    -0.087406    -0.096165    -0.105336    -0.114766    -0.124144    -0.132939    -0.140335    -0.145211    -0.146188    -0.141575    -0.129332    -0.109065    -0.086046    -0.064648    -0.043046    -0.017825     0.009608     0.035872     0.058268     0.075614     0.087864     0.095550     0.099425     0.100281     0.098847     0.095741     0.091457     0.086375     0.080775     0.074859     0.068769     0.062603     0.056427     0.050285     0.044208     0.038221     0.032349     0.026626     0.021106     0.015868     0.011033     0.006768     0.003302     0.000928     0.000000
    0.000000    -0.000709    -0.002572    -0.005359    -0.008873    -0.012957    -0.017493    -0.022396    -0.027615    -0.033129    -0.038938    -0.045063    -0.051539    -0.058419    -0.065762    -0.073641    -0.082137    -0.091330    -0.101292    -0.112054    -0.123559    -0.135575    -0.147560    -0.158513    -0.166912    -0.170936    -0.168343    -0.154535    -0.123032    -0.090706    -0.068878    -0.049344    -0.019376     0.015695     0.048864     0.075712     0.095147     0.107730     0.114566     0.116879     0.115827     0.112403     0.107388     0.101366     0.094749     0.087821     0.080769     0.073714     0.066729     0.059858     0.053123     0.046539     0.040114     0.033863     0.027810     0.022001     0.016513     0.011464     0.007023     0.003423     0.000961     0.000000
    0.000000    -0.000697    -0.002538    -0.005305    -0.008809    -0.012899    -0.017456    -0.022399    -0.027677    -0.033271    -0.039186    -0.045447    -0.052103    -0.059216    -0.066871    -0.075173    -0.084248    -0.094247    -0.105338    -0.117687    -0.131395    -0.146366    -0.162031    -0.176906    -0.188253    -0.193155    -0.191073    -0.183793    -0.122515    -0.063714    -0.060513    -0.065540    -0.020076     0.024967     0.066322     0.097501     0.118668     0.131144     0.136559     0.136632     0.132994     0.126986     0.119595     0.111492     0.103107     0.094701     0.086425     0.078359     0.070538     0.062974     0.055662     0.048593     0.041759     0.035159     0.028807     0.022743     0.017038     0.011807     0.007222     0.003514     0.000985     0.000000
    0.000000    -0.000677    -0.002475    -0.005192    -0.008651    -0.012705    -0.017241    -0.022176    -0.027461    -0.033077    -0.039030    -0.045352    -0.052095    -0.059336    -0.067175    -0.075744    -0.085212    -0.095794    -0.107751    -0.121376    -0.136913    -0.154351    -0.172898    -0.189792    -0.197932    -0.184941    -0.148136    -0.148143    -0.087653    -0.044818    -0.036968    -0.038580    -0.010293     0.036388     0.086697     0.117366     0.141259     0.154894     0.159548     0.157417     0.150897     0.141927     0.131828     0.121402     0.111093     0.101124     0.091589     0.082511     0.073876     0.065652     0.057802     0.050291     0.043090     0.036185     0.029578     0.023300     0.017418     0.012047     0.007353     0.003571     0.000999     0.000000
    0.000000    -0.000647    -0.002382    -0.005020    -0.008397    -0.012376    -0.016844    -0.021721    -0.026958    -0.032533    -0.038453    -0.044750    -0.051479    -0.058720    -0.066585    -0.075221    -0.084823    -0.095656    -0.108068    -0.122506    -0.139491    -0.159470    -0.182392    -0.206724    -0.227812    -0.182492    -0.118018     0.000000     0.000000     0.000000     0.000000     0.000000     0.000000     0.028535     0.069902     0.115695     0.150472     0.171715     0.179052     0.176315     0.167575     0.155881     0.143143     0.130415     0.118206     0.106716     0.095979     0.085955     0.076575     0.067761     0.059441     0.051553     0.044047     0.036893     0.030084     0.023644     0.017634     0.012167     0.007409     0.003589     0.001001     0.000000
    0.000000    -0.000610    -0.002260    -0.004789    -0.008050    -0.011911    -0.016266    -0.021036    -0.026167    -0.031638    -0.037450    -0.043633    -0.050237    -0.057342    -0.065053    -0.073511    -0.082903    -0.093461    -0.105447    -0.119044    -0.133986    -0.148494    -0.156702    -0.144130    -0.191324    -0.117658     0.000000     0.000000     0.000000     0.000000     0.000000     0.000000     0.000000     0.000000     0.000000     0.088164     0.146283     0.177586     0.190595     0.189414     0.180048     0.166745     0.152108     0.137566     0.123790     0.111020     0.099269     0.088455     0.078462     0.069172     0.060482     0.052304     0.044570     0.037238     0.030292     0.023749     0.017667     0.012157     0.007381     0.003564     0.000990     0.000000
    0.000000    -0.000564    -0.002111    -0.004504    -0.007612    -0.011316    -0.015515    -0.020127    -0.025098    -0.030401    -0.036032    -0.042012    -0.048383    -0.055210    -0.062579    -0.070594    -0.079372    -0.089003    -0.099460    -0.110375    -0.120586    -0.127317    -0.124649    -0.099758    -0.047903     0.000000     0.000000     0.000000     0.000000     0.000000     0.000000     0.000000     0.000000     0.000000     0.000000     0.000000     0.106774     0.165455     0.187643     0.191101     0.184158     0.171671     0.156850     0.141642     0.127059     0.113520     0.101115     0.089774     0.079370     0.069766     0.060837     0.052480     0.044613     0.037186     0.030175     0.023595     0.017503     0.012005     0.007263     0.003493     0.000965     0.000000
    0.000000    -0.000512    -0.001938    -0.004167    -0.007091    -0.010601    -0.014600    -0.019008    -0.023768    -0.028844    -0.034226    -0.039921    -0.045957    -0.052375    -0.059224    -0.066541    -0.074316    -0.082394    -0.090296    -0.096901    -0.100096    -0.096919    -0.085566    -0.072166     0.000000     0.000000     0.000000     0.000000     0.000000     0.000000     0.000000     0.000000     0.000000     0.000000     0.000000     0.000000     0.000000     0.120412     0.156530     0.172864     0.174638     0.167339     0.155271     0.141323     0.127185     0.113697     0.101185     0.089696     0.079156     0.069444     0.060438     0.052031     0.044139     0.036708     0.029713     0.023169     0.017132     0.011707     0.007053     0.003375     0.000927     0.000000
    0.000000    -0.000454    -0.001743    -0.003786    -0.006495    -0.009776    -0.013538    -0.017700    -0.022201    -0.026999    -0.032070    -0.037410    -0.043024    -0.048922    -0.055103    -0.061516    -0.067987    -0.074072    -0.078768    -0.080077    -0.074551    -0.057943    -0.031669     0.000000     0.000000     0.000000     0.000000     0.000000     0.000000     0.000000     0.000000     0.000000     0.000000     0.000000     0.000000     0.000000     0.000000     0.066754     0.114123     0.141247     0.152963     0.153300     0.146466     0.135797     0.123575     0.111154     0.099224     0.088062     0.077718     0.068140     0.059241     0.050929     0.043130     0.035793     0.028899     0.022465     0.016550     0.011261     0.006749     0.003210     0.000875     0.000000
    0.000000    -0.000392    -0.001530    -0.003367    -0.005837    -0.008859    -0.012349    -0.016228    -0.020430    -0.024905    -0.029616    -0.034543    -0.039667    -0.044963    -0.050373    -0.055760    -0.060818    -0.064926    -0.066932    -0.064931    -0.056150    -0.036682    -0.012956     0.000000     0.000000     0.000000     0.000000     0.000000     0.000000     0.000000     0.000000     0.000000     0.000000     0.000000     0.000000     0.000000     0.000000     0.000000     0.078010     0.107791     0.124907     0.132016     0.131265     0.125203     0.116138     0.105765     0.095134     0.084805     0.075017     0.065835     0.057236     0.049170     0.041584     0.034442     0.027734     0.021487     0.015763     0.010670     0.006355     0.003000     0.000809     0.000000
    0.000000    -0.000326    -0.001304    -0.002919    -0.005128    -0.007865    -0.011055    -0.014621    -0.018491    -0.022607    -0.026921    -0.031393    -0.035980    -0.040622    -0.045207    -0.049528    -0.053201    -0.055583    -0.055716    -0.052431    -0.044620    -0.030712    -0.010938     0.000000     0.000000     0.000000     0.000000     0.000000     0.000000     0.000000     0.000000     0.000000     0.000000     0.000000     0.000000     0.000000     0.000000     0.000000     0.040788     0.069040     0.091422     0.105368     0.111117     0.110388     0.105307     0.097734     0.089013     0.079980     0.071092     0.062557     0.054450     0.046777     0.039521     0.032671     0.026234     0.020246     0.014779     0.009942     0.005877     0.002749     0.000732     0.000000
    0.000000    -0.000258    -0.001069    -0.002450    -0.004381    -0.006814    -0.009681    -0.012909    -0.016422    -0.020154    -0.024045    -0.028037    -0.032062    -0.036026    -0.039772    -0.043035    -0.045383    -0.046178    -0.044610    -0.039917    -0.031792    -0.020683    -0.007253     0.000000     0.000000     0.000000     0.000000     0.000000     0.000000     0.000000     0.000000     0.000000     0.000000     0.000000     0.000000     0.000000     0.000000     0.000000     0.010265     0.032958     0.057824     0.076965     0.088422     0.092861     0.091977     0.087580     0.081162     0.073772     0.066062     0.058394     0.050947     0.043799     0.036982     0.030514     0.024424     0.018764     0.013616     0.009090     0.005323     0.002460     0.000644     0.000000
    0.000000    -0.000189    -0.000830    -0.001969    -0.003610    -0.005723    -0.008252    -0.011123    -0.014262    -0.017594    -0.021047    -0.024548    -0.028007    -0.031297    -0.034224    -0.036474    -0.037562    -0.036787    -0.033215    -0.025752    -0.013517     0.001716    -0.002917     0.000000     0.000000     0.000000     0.000000     0.000000     0.000000     0.000000     0.000000     0.000000     0.000000     0.000000     0.000000     0.000000     0.000000     0.000000    -0.008819     0.007266     0.030240     0.051068     0.066037     0.074490     0.077334     0.076038     0.072038     0.066469     0.060118     0.053475     0.046821     0.040309     0.034021     0.028013     0.022339     0.017069     0.012295     0.008130     0.004704     0.002141     0.000548     0.000000
    0.000000    -0.000121    -0.000591    -0.001484    -0.002829    -0.004613    -0.006790    -0.009295    -0.012048    -0.014972    -0.017984    -0.020997    -0.023901    -0.026547    -0.028711    -0.030047    -0.030039    -0.027949    -0.022796    -0.013466     0.000593     0.016265     0.014678     0.000000     0.000000     0.000000     0.000000     0.000000     0.000000     0.000000     0.000000     0.000000     0.000000     0.000000     0.000000     0.000000     0.000000     0.000000    -0.012816    -0.005549     0.011521     0.030371     0.046173     0.056930     0.062546     0.063901     0.062166     0.058421     0.053497     0.047967     0.042194     0.036397     0.030710     0.025225     0.020024     0.015196     0.010843     0.007083     0.004033     0.001798     0.000446     0.000000
    0.000000    -0.000054    -0.000355    -0.001002    -0.002049    -0.003500    -0.005321    -0.007451    -0.009816    -0.012331    -0.014906    -0.017442    -0.019818    -0.021869    -0.023357    -0.023937    -0.023128    -0.020316    -0.014890    -0.006721     0.002512     0.007106     0.001004     0.000000     0.000000     0.000000     0.000000     0.000000     0.000000     0.000000     0.000000     0.000000     0.000000     0.000000     0.000000     0.000000     0.000000    -0.003199    -0.012090    -0.010717     0.000097     0.015146     0.029776     0.041222     0.048510     0.051859     0.052049     0.049982     0.046451     0.042052     0.037200     0.032165     0.027126     0.022211     0.017527     0.013183     0.009291     0.005969     0.003325     0.001439     0.000340     0.000000
    0.000000     0.000010    -0.000126    -0.000532    -0.001282    -0.002399    -0.003862    -0.005619    -0.007595    -0.009705    -0.011854    -0.013934    -0.015816    -0.017330    -0.018242    -0.018241    -0.016944    -0.013981    -0.009278    -0.003710    -0.000114    -0.003094    -0.010675     0.000143     0.000000     0.000000     0.000000     0.000000     0.000000     0.000000     0.000000     0.000000     0.000000     0.000000     0.000000     0.000000     0.000000    -0.005307    -0.012088    -0.013162    -0.006882     0.004283     0.016772     0.027762     0.035757     0.040414     0.042100     0.041474     0.039220     0.035910     0.031975     0.027719     0.023353     0.019036     0.014901     0.011071     0.007669     0.004812     0.002595     0.001071     0.000233     0.000000
    0.000000     0.000070     0.000093    -0.000078    -0.000537    -0.001325    -0.002434    -0.003820    -0.005413    -0.007126    -0.008863    -0.010510    -0.011934    -0.012968    -0.013397    -0.012961    -0.011396    -0.008571    -0.004785    -0.001234    -0.000152    -0.002923    -0.004049     0.009472    -0.001170     0.000000     0.000000     0.000000     0.000000     0.000000     0.000000     0.000000     0.000000     0.000000     0.000000     0.000000    -0.000597    -0.005901    -0.012044    -0.014488    -0.011326    -0.003479     0.006625     0.016511     0.024498     0.029866     0.032616     0.033153     0.032013     0.029705     0.026649     0.023159     0.019471     0.015767     0.012197     0.008902     0.006010     0.003635     0.001857     0.000703     0.000127     0.000000
    0.000000     0.000127     0.000300     0.000354     0.000176    -0.000290    -0.001052    -0.002073    -0.003291    -0.004619    -0.005959    -0.007196    -0.008198    -0.008803    -0.008822    -0.008048    -0.006324    -0.003675    -0.000537     0.002083     0.003046     0.003006     0.006845     0.018246     0.012763    -0.000512     0.000000     0.000000     0.000000     0.000000     0.000000     0.000000     0.000000     0.000000     0.000000     0.001344     0.000222    -0.005639    -0.011838    -0.015299    -0.014342    -0.009151    -0.001300     0.007206     0.014732     0.020346     0.023780     0.025203     0.024994     0.023577     0.021335     0.018579     0.015557     0.012464     0.009467     0.006717     0.004345     0.002459     0.001125     0.000341     0.000024     0.000000
    0.000000     0.000178     0.000492     0.000760     0.000852     0.000696     0.000272    -0.000395    -0.001247    -0.002203    -0.003163    -0.004014    -0.004624    -0.004843    -0.004505    -0.003452    -0.001601     0.000945     0.003777     0.006225     0.007957     0.010195     0.015856     0.024348     0.023148     0.011511    -0.000139     0.000000     0.000000     0.000000     0.000000     0.000000     0.000000     0.000386     0.003084     0.003996     0.000645    -0.005537    -0.011854    -0.016019    -0.016611    -0.013469    -0.007576    -0.000484     0.006333     0.011873     0.015684     0.017744     0.018285     0.017635     0.016129     0.014062     0.011678     0.009185     0.006757     0.004551     0.002701     0.001306     0.000413    -0.000007    -0.000074     0.000000
    0.000000     0.000225     0.000669     0.001136     0.001484     0.001626     0.001527     0.001203     0.000703     0.000106    -0.000492    -0.000978    -0.001225    -0.001093    -0.000439     0.000858     0.002833     0.005364     0.008123     0.010729     0.013234     0.016663     0.022247     0.027992     0.026729     0.017201     0.005713     0.000077    -0.002418    -0.002130    -0.001848    -0.001160     0.001159     0.004201     0.005659     0.004349     0.000032    -0.006152    -0.012387    -0.016927    -0.018557    -0.016943    -0.012664    -0.006885    -0.000871     0.004392     0.008351     0.010842     0.011967     0.011963     0.011109     0.009674     0.007895     0.005979     0.004108     0.002440     0.001106     0.000194    -0.000269    -0.000338    -0.000165     0.000000
    0.000000     0.000267     0.000829     0.001482     0.002070     0.002493     0.002705     0.002709     0.002548     0.002293     0.002040     0.001897     0.001987     0.002438     0.003376     0.004891     0.006993     0.009562     0.012357     0.015174     0.018159     0.021923     0.026648     0.030200     0.028347     0.020372     0.010118     0.002121    -0.003404    -0.005326    -0.004918    -0.002501     0.001309     0.004087     0.004721     0.002715    -0.001691    -0.007554    -0.013502    -0.018141    -0.020416    -0.019903    -0.016905    -0.012275    -0.007063    -0.002185     0.001763     0.004521     0.006088     0.006617     0.006332     0.005470     0.004254     0.002889     0.001556     0.000412    -0.000420    -0.000862    -0.000910    -0.000645    -0.000249     0.000000
    0.000000     0.000304     0.000972     0.001794     0.002605     0.003292     0.003798     0.004115     0.004277     0.004349     0.004422     0.004601     0.005002     0.005744     0.006935     0.008644     0.010865     0.013491     0.016345     0.019303     0.022469     0.026078     0.029781     0.031755     0.029465     0.022608     0.013585     0.005324    -0.000861    -0.003953    -0.004301    -0.002512     0.000282     0.002218     0.002264     0.000063    -0.004126    -0.009539    -0.015095    -0.019653    -0.022289    -0.022545    -0.020536    -0.016872    -0.012407    -0.007958    -0.004122    -0.001219     0.000672     0.001635     0.001840     0.001491     0.000796    -0.000050    -0.000870    -0.001510    -0.001857    -0.001850    -0.001504    -0.000927    -0.000325     0.000000
    0.000000     0.000336     0.001098     0.002073     0.003088     0.004021     0.004803     0.005415     0.005882     0.006264     0.006644     0.007123     0.007810     0.008815     0.010230     0.012108     0.014433     0.017111     0.020001     0.023005     0.026138     0.029370     0.032148     0.033046     0.030523     0.024511     0.016606     0.008863     0.002691    -0.001053    -0.002394    -0.001898    -0.000602     0.000174    -0.000460    -0.002850    -0.006832    -0.011829    -0.016990    -0.021378    -0.024192    -0.024972    -0.023713    -0.020841    -0.017039    -0.013022    -0.009359    -0.006399    -0.004276    -0.002965    -0.002341    -0.002233    -0.002451    -0.002812    -0.003145    -0.003306    -0.003192    -0.002760    -0.002045    -0.001179    -0.000391     0.000000
    0.000000     0.000363     0.001208     0.002319     0.003518     0.004677     0.005715     0.006604     0.007359     0.008032     0.008699     0.009456     0.010405     0.011645     0.013256     0.015276     0.017685     0.020396     0.023287     0.026254     0.029228     0.032023     0.034047     0.034228     0.031617     0.026268     0.019307     0.012234     0.006256     0.002088    -0.000189    -0.001002    -0.001145    -0.001554    -0.002933    -0.005606    -0.009498    -0.014187    -0.019012    -0.023210    -0.026094    -0.027226    -0.026531    -0.024299    -0.021071    -0.017463    -0.014002    -0.011045    -0.008763    -0.007175    -0.006195    -0.005682    -0.005466    -0.005377    -0.005253    -0.004962    -0.004414    -0.003585    -0.002530    -0.001403    -0.000449     0.000000
    0.000000     0.000385     0.001300     0.002530     0.003896     0.005260     0.006534     0.007680     0.008703     0.009647     0.010582     0.011595     0.012781     0.014230     0.016009     0.018147     0.020618     0.023339     0.026196     0.029068     0.031823     0.034197     0.035635     0.035344     0.032729     0.027904     0.021696     0.015226     0.009458     0.004981     0.001915    -0.000025    -0.001405    -0.002886    -0.005003    -0.008031    -0.011947    -0.016448    -0.021021    -0.025048    -0.027947    -0.029318    -0.029046    -0.027326    -0.024588    -0.021353    -0.018104    -0.015190    -0.012804    -0.010996    -0.009715    -0.008844    -0.008235    -0.007730    -0.007181    -0.006468    -0.005516    -0.004320    -0.002957    -0.001595    -0.000497     0.000000
    0.000000     0.000402     0.001376     0.002709     0.004221     0.005769     0.007258     0.008640     0.009912     0.011108     0.012289     0.013536     0.014936     0.016568     0.018489     0.020721     0.023233     0.025944     0.028738     0.031482     0.034000     0.035998     0.036990     0.036386     0.033811     0.029395     0.023770     0.017781     0.012187     0.007472     0.003774     0.000919    -0.001477    -0.003876    -0.006671    -0.010081    -0.014104    -0.018517    -0.022920    -0.026812    -0.029705    -0.031240    -0.031289    -0.029980    -0.027654    -0.024755    -0.021714    -0.018868    -0.016417    -0.014436    -0.012900    -0.011715    -0.010751    -0.009864    -0.008922    -0.007818    -0.006495    -0.004965    -0.003324    -0.001758    -0.000537     0.000000
    0.000000     0.000416     0.001437     0.002857     0.004495     0.006206     0.007889     0.009486     0.010986     0.012412     0.013819     0.015279     0.016869     0.018661     0.020702     0.023007     0.025540     0.028222     0.030936     0.033533     0.035818     0.037495     0.038148     0.037334     0.034813     0.030716     0.025532     0.019910     0.014448     0.009547     0.005351     0.001773    -0.001438    -0.004601    -0.007992    -0.011776    -0.015953    -0.020352    -0.024652    -0.028448    -0.031329    -0.032983    -0.033278    -0.032300    -0.030320    -0.027717    -0.024875    -0.022110    -0.019624    -0.017508    -0.015756    -0.014294    -0.013010    -0.011776    -0.010473    -0.009010    -0.007349    -0.005519    -0.003634    -0.001892    -0.000568     0.000000
    0.000000     0.000425     0.001483     0.002974     0.004720     0.006573     0.008427     0.010218     0.011924     0.013561     0.015173     0.016824     0.018584     0.020513     0.022654     0.025013     0.027552     0.030191     0.032811     0.035258     0.037326     0.038732     0.039124     0.038168     0.035702     0.031850     0.026997     0.021650     0.016286     0.011239     0.006657     0.002514    -0.001346    -0.005131    -0.009032    -0.013161    -0.017510    -0.021939    -0.026187    -0.029920    -0.032793    -0.034536    -0.035024    -0.034314    -0.032626    -0.030283    -0.027626    -0.024948    -0.022448    -0.020226    -0.018291    -0.016586    -0.015015    -0.013465    -0.011833    -0.010045    -0.008080    -0.005985    -0.003888    -0.001998    -0.000591     0.000000
    0.000000     0.000431     0.001516     0.003063     0.004897     0.006872     0.008877     0.010840     0.012731     0.014557     0.016354     0.018176     0.020084     0.022132     0.024354     0.026750     0.029282     0.031869     0.034390     0.036688     0.038558     0.039737     0.039928     0.038869     0.036454     0.032792     0.028189     0.023048     0.017756     0.012597     0.007718     0.003135    -0.001235    -0.005522    -0.009848    -0.014281    -0.018801    -0.023285    -0.027515    -0.031210    -0.034080    -0.035893    -0.036536    -0.036045    -0.034603    -0.032487    -0.030000    -0.027410    -0.024912    -0.022606    -0.020516    -0.018598    -0.016770    -0.014936    -0.013007    -0.010927    -0.008692    -0.006366    -0.004089    -0.002077    -0.000607     0.000000
    0.000000     0.000433     0.001536     0.003125     0.005031     0.007107     0.009240     0.011353     0.013409     0.015404     0.017366     0.019340     0.021378     0.023526     0.025813     0.028234     0.030748     0.033274     0.035694     0.037850     0.039542     0.040531     0.040563     0.039431     0.037059     0.033543     0.029132     0.024149     0.018912     0.013669     0.008565     0.003643    -0.001126    -0.005813    -0.010488    -0.015182    -0.019859    -0.024407    -0.028638    -0.032312    -0.035185    -0.037055    -0.037822    -0.037512    -0.036279    -0.034360    -0.032027    -0.029525    -0.027037    -0.024667    -0.022445    -0.020339    -0.018283    -0.016194    -0.014000    -0.011661    -0.009190    -0.006666    -0.004241    -0.002133    -0.000617     0.000000
    0.000000     0.000432     0.001545     0.003162     0.005122     0.007281     0.009522     0.011765     0.013963     0.016107     0.018215     0.020322     0.022472     0.024705     0.027042     0.029476     0.031965     0.034427     0.036746     0.038768     0.040302     0.041130     0.041034     0.039847     0.037513     0.034113     0.029850     0.024992     0.019803     0.014501     0.009227     0.004047    -0.001031    -0.006034    -0.010990    -0.015899    -0.020713    -0.025325    -0.029565    -0.033230    -0.036106    -0.038023    -0.038892    -0.038733    -0.037676    -0.035931    -0.033736    -0.031318    -0.028847    -0.026427    -0.024092    -0.021823    -0.019565    -0.017249    -0.014820    -0.012253    -0.009579    -0.006890    -0.004346    -0.002168    -0.000620     0.000000
    0.000000     0.000428     0.001543     0.003177     0.005175     0.007397     0.009727     0.012078     0.014400     0.016673     0.018907     0.021130     0.023377     0.025680     0.028056     0.030493     0.032950     0.035346     0.037566     0.039463     0.040857     0.041549     0.041350     0.040120     0.037818     0.034512     0.030370     0.025613     0.020468     0.015128     0.009731     0.004359    -0.000956    -0.006204    -0.011382    -0.016464    -0.021392    -0.026058    -0.030311    -0.033969    -0.036849    -0.038804    -0.039756    -0.039723    -0.038817    -0.037222    -0.035152    -0.032812    -0.030362    -0.027903    -0.025474    -0.023062    -0.020626    -0.018110    -0.015475    -0.012713    -0.009868    -0.007045    -0.004410    -0.002182    -0.000619     0.000000
    0.000000     0.000423     0.001531     0.003171     0.005193     0.007461     0.009860     0.012300     0.014725     0.017109     0.019452     0.021773     0.024101     0.026462     0.028866     0.031299     0.033719     0.036048     0.038174     0.039956     0.041224     0.041800     0.041516     0.040255     0.037982     0.034754     0.030712     0.026043     0.020942     0.015584     0.010102     0.004589    -0.000903    -0.006337    -0.011685    -0.016902    -0.021919    -0.026628    -0.030889    -0.034541    -0.037423    -0.039407    -0.040427    -0.040499    -0.039722    -0.038257    -0.036298    -0.034031    -0.031604    -0.029116    -0.026606    -0.024071    -0.021479    -0.018789    -0.015977    -0.013050    -0.010065    -0.007137    -0.004436    -0.002179    -0.000613     0.000000
    0.000000     0.000415     0.001512     0.003147     0.005179     0.007477     0.009926     0.012437     0.014946     0.017422     0.019856     0.022261     0.024657     0.027063     0.029486     0.031909     0.034290     0.036551     0.038588     0.040263     0.041420     0.041896     0.041543     0.040258     0.038012     0.034852     0.030898     0.026307     0.021253     0.015894     0.010360     0.004748    -0.000870    -0.006442    -0.011916    -0.017233    -0.022314    -0.027052    -0.031315    -0.034957    -0.037837    -0.039842    -0.040917    -0.041076    -0.040408    -0.039056    -0.037196    -0.034996    -0.032594    -0.030082    -0.027505    -0.024864    -0.022138    -0.019299    -0.016336    -0.013272    -0.010177    -0.007171    -0.004429    -0.002161    -0.000603     0.000000
    0.000000     0.000405     0.001485     0.003106     0.005136     0.007449     0.009932     0.012495     0.015071     0.017621     0.020131     0.022605     0.025055     0.027497     0.029930     0.032338     0.034676     0.036872     0.038823     0.040401     0.041460     0.041850     0.041440     0.040138     0.037919     0.034821     0.030945     0.026430     0.021426     0.016081     0.010520     0.004846    -0.000858    -0.006525    -0.012087    -0.017473    -0.022595    -0.027347    -0.031603    -0.035230    -0.038102    -0.040121    -0.041238    -0.041469    -0.040893    -0.039640    -0.037867    -0.035728    -0.033350    -0.030822    -0.028188    -0.025457    -0.022616    -0.019652    -0.016565    -0.013392    -0.010212    -0.007155    -0.004393    -0.002130    -0.000590     0.000000
    0.000000     0.000394     0.001452     0.003051     0.005068     0.007381     0.009883     0.012481     0.015107     0.017715     0.020285     0.022813     0.025307     0.027774     0.030211     0.032599     0.034895     0.037027     0.038898     0.040387     0.041358     0.041675     0.041217     0.039905     0.037712     0.034673     0.030871     0.026429     0.021481     0.016164     0.010599     0.004893    -0.000864    -0.006590    -0.012208    -0.017635    -0.022777    -0.027528    -0.031768    -0.035373    -0.038231    -0.040255    -0.041404    -0.041693    -0.041195    -0.040027    -0.038330    -0.036246    -0.033892    -0.031353    -0.028672    -0.025865    -0.022929    -0.019861    -0.016674    -0.013418    -0.010180    -0.007094    -0.004331    -0.002088    -0.000574     0.000000
    0.000000     0.000381     0.001413     0.002983     0.004977     0.007279     0.009785     0.012403     0.015061     0.017712     0.020328     0.022898     0.025424     0.027908     0.030343     0.032708     0.034960     0.037030     0.038826     0.040234     0.041127     0.041381     0.040886     0.039568     0.037404     0.034420     0.030691     0.026321     0.021435     0.016158     0.010609     0.004895    -0.000885    -0.006641    -0.012286    -0.017729    -0.022872    -0.027608    -0.031821    -0.035398    -0.038236    -0.040257    -0.041428    -0.041763    -0.041330    -0.040234    -0.038604    -0.036569    -0.034239    -0.031692    -0.028974    -0.026105    -0.023091    -0.019940    -0.016677    -0.013361    -0.010088    -0.006994    -0.004247    -0.002036    -0.000556     0.000000
    0.000000     0.000368     0.001370     0.002906     0.004867     0.007146     0.009643     0.012266     0.014943     0.017622     0.020269     0.022870     0.025418     0.027911     0.030338     0.032677     0.034885     0.036896     0.038622     0.039956     0.040781     0.040981     0.040455     0.039138     0.037004     0.034076     0.030417     0.026122     0.021303     0.016076     0.010559     0.004860    -0.000919    -0.006680    -0.012328    -0.017766    -0.022892    -0.027599    -0.031776    -0.035317    -0.038127    -0.040139    -0.041322    -0.041693    -0.041312    -0.040277    -0.038706    -0.036715    -0.034407    -0.031856    -0.029110    -0.026192    -0.023117    -0.019902    -0.016584    -0.013231    -0.009944    -0.006861    -0.004146    -0.001977    -0.000537     0.000000
    0.000000     0.000353     0.001324     0.002819     0.004740     0.006987     0.009462     0.012078     0.014760     0.017453     0.020120     0.022739     0.025300     0.027794     0.030209     0.032520     0.034684     0.036638     0.038299     0.039567     0.040331     0.040485     0.039937     0.038624     0.036523     0.033651     0.030063     0.025844     0.021097     0.015931     0.010460     0.004793    -0.000963    -0.006707    -0.012337    -0.017751    -0.022845    -0.027511    -0.031643    -0.035141    -0.037917    -0.039911    -0.041099    -0.041495    -0.041157    -0.040174    -0.038652    -0.036701    -0.034414    -0.031863    -0.029096    -0.026141    -0.023020    -0.019760    -0.016407    -0.013037    -0.009755    -0.006700    -0.004029    -0.001912    -0.000516     0.000000
    0.000000     0.000338     0.001275     0.002725     0.004600     0.006805     0.009249     0.011845     0.014519     0.017214     0.019889     0.022516     0.025081     0.027571     0.029969     0.032249     0.034370     0.036271     0.037871     0.039078     0.039789     0.039905     0.039340     0.038036     0.035970     0.033155     0.029639     0.025499     0.020828     0.015732     0.010319     0.004700    -0.001017    -0.006725    -0.012319    -0.017693    -0.022740    -0.027354    -0.031432    -0.034879    -0.037615    -0.039586    -0.040770    -0.041183    -0.040878    -0.039938    -0.038459    -0.036543    -0.034277    -0.031729    -0.028948    -0.025967    -0.022814    -0.019526    -0.016157    -0.012788    -0.009529    -0.006516    -0.003901    -0.001842    -0.000494     0.000000
    0.000000     0.000323     0.001223     0.002625     0.004448     0.006605     0.009007     0.011573     0.014228     0.016914     0.019585     0.022211     0.024772     0.027251     0.029629     0.031877     0.033956     0.035805     0.037350     0.038502     0.039167     0.039250     0.038674     0.037384     0.035355     0.032598     0.029155     0.025096     0.020506     0.015487     0.010143     0.004586    -0.001077    -0.006733    -0.012276    -0.017595    -0.022584    -0.027136    -0.031152    -0.034543    -0.037233    -0.039174    -0.040347    -0.040769    -0.040489    -0.039583    -0.038142    -0.036256    -0.034010    -0.031468    -0.028680    -0.025684    -0.022514    -0.019213    -0.015845    -0.012494    -0.009272    -0.006314    -0.003763    -0.001769    -0.000472     0.000000
    0.000000     0.000308     0.001170     0.002522     0.004288     0.006389     0.008742     0.011268     0.013895     0.016560     0.019218     0.021834     0.024384     0.026846     0.029200     0.031416     0.033452     0.035253     0.036746     0.037850     0.038473     0.038531     0.037949     0.036675     0.034686     0.031989     0.028621     0.024644     0.020140     0.015203     0.009938     0.004453    -0.001142    -0.006733    -0.012211    -0.017464    -0.022383    -0.026865    -0.030812    -0.034140    -0.036778    -0.038684    -0.039840    -0.040264    -0.040002    -0.039124    -0.037713    -0.035855    -0.033628    -0.031095    -0.028307    -0.025305    -0.022130    -0.018832    -0.015479    -0.012161    -0.008990    -0.006097    -0.003619    -0.001694    -0.000449     0.000000
    0.000000     0.000292     0.001117     0.002415     0.004121     0.006161     0.008459     0.010937     0.013524     0.016161     0.018797     0.021394     0.023926     0.026367     0.028693     0.030875     0.032870     0.034625     0.036071     0.037130     0.037719     0.037756     0.037173     0.035919     0.033971     0.031335     0.028043     0.024151     0.019736     0.014889     0.009710     0.004306    -0.001210    -0.006726    -0.012127    -0.017302    -0.022143    -0.026547    -0.030419    -0.033679    -0.036261    -0.038126    -0.039260    -0.039679    -0.039428    -0.038571    -0.037187    -0.035354    -0.033146    -0.030625    -0.027843    -0.024845    -0.021676    -0.018393    -0.015069    -0.011797    -0.008688    -0.005869    -0.003470    -0.001617    -0.000427     0.000000
    0.000000     0.000277     0.001062     0.002306     0.003949     0.005924     0.008160     0.010583     0.013124     0.015723     0.018328     0.020901     0.023408     0.025823     0.028120     0.030266     0.032221     0.033932     0.035334     0.036354     0.036912     0.036934     0.036353     0.035122     0.033219     0.030645     0.027429     0.023625     0.019302     0.014548     0.009461     0.004148    -0.001281    -0.006710    -0.012026    -0.017115    -0.021870    -0.026189    -0.029981    -0.033167    -0.035689    -0.037509    -0.038615    -0.039025    -0.038779    -0.037938    -0.036575    -0.034765    -0.032576    -0.030070    -0.027300    -0.024314    -0.021162    -0.017907    -0.014624    -0.011409    -0.008372    -0.005634    -0.003317    -0.001540    -0.000404     0.000000
    0.000000     0.000261     0.001008     0.002196     0.003774     0.005681     0.007850     0.010211     0.012699     0.015253     0.017821     0.020361     0.022838     0.025224     0.027488     0.029598     0.031514     0.033183     0.034545     0.035530     0.036062     0.036072     0.035497     0.034292     0.032434     0.029924     0.026787     0.023071     0.018843     0.014186     0.009197     0.003981    -0.001353    -0.006688    -0.011909    -0.016905    -0.021567    -0.025796    -0.029503    -0.032613    -0.035070    -0.036841    -0.037916    -0.038310    -0.038065    -0.037236    -0.035891    -0.034100    -0.031931    -0.029444    -0.026691    -0.023724    -0.020600    -0.017382    -0.014151    -0.011003    -0.008045    -0.005394    -0.003164    -0.001463    -0.000382     0.000000
    0.000000     0.000246     0.000954     0.002087     0.003598     0.005433     0.007531     0.009827     0.012256     0.014758     0.017283     0.019784     0.022227     0.024578     0.026807     0.028881     0.030758     0.032388     0.033713     0.034666     0.035177     0.035179     0.034613     0.033436     0.031625     0.029179     0.026121     0.022495     0.018364     0.013808     0.008921     0.003807    -0.001425    -0.006659    -0.011780    -0.016676    -0.021240    -0.025374    -0.028991    -0.032021    -0.034411    -0.036130    -0.037169    -0.037545    -0.037295    -0.036473    -0.035143    -0.033372    -0.031223    -0.028756    -0.026026    -0.023087    -0.019998    -0.016827    -0.013657    -0.010583    -0.007712    -0.005152    -0.003011    -0.001387    -0.000361     0.000000
    0.000000     0.000231     0.000901     0.001978     0.003422     0.005184     0.007208     0.009434     0.011798     0.014244     0.016719     0.019177     0.021580     0.023894     0.026087     0.028123     0.029961     0.031554     0.032844     0.033769     0.034262     0.034260     0.033706     0.032559     0.030797     0.028416     0.025438     0.021902     0.017870     0.013417     0.008636     0.003629    -0.001496    -0.006623    -0.011639    -0.016430    -0.020891    -0.024926    -0.028452    -0.031399    -0.033719    -0.035382    -0.036382    -0.036736    -0.036479    -0.035661    -0.034344    -0.032590    -0.030462    -0.028019    -0.025316    -0.022411    -0.019365    -0.016250    -0.013149    -0.010156    -0.007375    -0.004910    -0.002859    -0.001312    -0.000339     0.000000
    0.000000     0.000217     0.000849     0.001870     0.003246     0.004935     0.006883     0.009035     0.011331     0.013716     0.016136     0.018546     0.020906     0.023180     0.025334     0.027331     0.029133     0.030690     0.031948     0.032848     0.033326     0.033321     0.032782     0.031667     0.029954     0.027640     0.024741     0.021297     0.017364     0.013017     0.008345     0.003447    -0.001566    -0.006582    -0.011487    -0.016169    -0.020524    -0.024458    -0.027888    -0.030751    -0.032998    -0.034604    -0.035564    -0.035892    -0.035624    -0.034808    -0.033501    -0.031764    -0.029658    -0.027241    -0.024570    -0.021705    -0.018709    -0.015656    -0.012631    -0.009725    -0.007039    -0.004670    -0.002710    -0.001238    -0.000319     0.000000
    0.000000     0.000203     0.000798     0.001764     0.003073     0.004687     0.006558     0.008634     0.010859     0.013178     0.015539     0.017898     0.020211     0.022442     0.024555     0.026515     0.028279     0.029802     0.031031     0.031908     0.032373     0.032370     0.031847     0.030765     0.029102     0.026854     0.024036     0.020683     0.016851     0.012611     0.008049     0.003265    -0.001634    -0.006536    -0.011326    -0.015896    -0.020142    -0.023972    -0.027306    -0.030083    -0.032256    -0.033803    -0.034719    -0.035020    -0.034739    -0.033922    -0.032624    -0.030904    -0.028821    -0.026433    -0.023798    -0.020978    -0.018038    -0.015054    -0.012109    -0.009294    -0.006705    -0.004433    -0.002564    -0.001167    -0.000299     0.000000
    0.000000     0.000189     0.000748     0.001661     0.002904     0.004442     0.006235     0.008233     0.010384     0.012635     0.014935     0.017238     0.019501     0.021687     0.023759     0.025679     0.027407     0.028897     0.030098     0.030955     0.031411     0.031410     0.030905     0.029858     0.028246     0.026064     0.023326     0.020065     0.016333     0.012201     0.007751     0.003082    -0.001700    -0.006484    -0.011158    -0.015614    -0.019749    -0.023473    -0.026709    -0.029398    -0.031497    -0.032983    -0.033855    -0.034126    -0.033830    -0.033010    -0.031720    -0.030017    -0.027958    -0.025602    -0.023007    -0.020236    -0.017358    -0.014447    -0.011586    -0.008866    -0.006375    -0.004202    -0.002421    -0.001098    -0.000280     0.000000
    0.000000     0.000176     0.000700     0.001560     0.002737     0.004202     0.005917     0.007836     0.009911     0.012091     0.014327     0.016571     0.018782     0.020921     0.022950     0.024830     0.026522     0.027980     0.029156     0.029995     0.030443     0.030447     0.029962     0.028949     0.027388     0.025272     0.022614     0.019445     0.015814     0.011789     0.007453     0.002901    -0.001763    -0.006428    -0.010984    -0.015323    -0.019345    -0.022963    -0.026101    -0.028702    -0.030725    -0.032151    -0.032976    -0.033216    -0.032904    -0.032081    -0.030798    -0.029111    -0.027078    -0.024755    -0.022204    -0.019487    -0.016674    -0.013840    -0.011068    -0.008444    -0.006053    -0.003976    -0.002284    -0.001032    -0.000262     0.000000
    0.000000     0.000164     0.000654     0.001463     0.002576     0.003967     0.005604     0.007444     0.009442     0.011550     0.013718     0.015903     0.018060     0.020150     0.022134     0.023975     0.025631     0.027058     0.028209     0.029032     0.029474     0.029485     0.029020     0.028043     0.026533     0.024483     0.021904     0.018825     0.015295     0.011378     0.007156     0.002721    -0.001823    -0.006368    -0.010804    -0.015026    -0.018935    -0.022446    -0.025485    -0.027998    -0.029945    -0.031309    -0.032088    -0.032297    -0.031966    -0.031139    -0.029863    -0.028194    -0.026187    -0.023900    -0.021395    -0.018736    -0.015992    -0.013238    -0.010557    -0.008029    -0.005738    -0.003757    -0.002151    -0.000969    -0.000245     0.000000
    0.000000     0.000152     0.000609     0.001369     0.002419     0.003739     0.005298     0.007059     0.008980     0.011014     0.013114     0.015236     0.017337     0.019377     0.021317     0.023117     0.024738     0.026136     0.027263     0.028071     0.028509     0.028527     0.028083     0.027142     0.025683     0.023698     0.021198     0.018209     0.014779     0.010970     0.006861     0.002544    -0.001880    -0.006304    -0.010620    -0.014724    -0.018520    -0.021923    -0.024864    -0.027289    -0.029161    -0.030463    -0.031195    -0.031371    -0.031023    -0.030191    -0.028922    -0.027270    -0.025291    -0.023043    -0.020587    -0.017988    -0.015316    -0.012645    -0.010055    -0.007625    -0.005432    -0.003546    -0.002023    -0.000908    -0.000228     0.000000
    0.000000     0.000140     0.000567     0.001279     0.002268     0.003517     0.005000     0.006683     0.008526     0.010486     0.012517     0.014576     0.016620     0.018608     0.020502     0.022262     0.023848     0.025217     0.026322     0.027117     0.027551     0.027577     0.027155     0.026251     0.024842     0.022921     0.020498     0.017599     0.014268     0.010566     0.006570     0.002370    -0.001934    -0.006236    -0.010432    -0.014418    -0.018101    -0.021398    -0.024241    -0.026578    -0.028376    -0.029616    -0.030301    -0.030446    -0.030079    -0.029242    -0.027980    -0.026346    -0.024397    -0.022189    -0.019784    -0.017247    -0.014649    -0.012063    -0.009565    -0.007232    -0.005137    -0.003342    -0.001901    -0.000850    -0.000213     0.000000
    0.000000     0.000130     0.000526     0.001192     0.002122     0.003303     0.004711     0.006317     0.008083     0.009968     0.011930     0.013924     0.015910     0.017846     0.019694     0.021413     0.022965     0.024305     0.025389     0.026171     0.026603     0.026639     0.026239     0.025370     0.024011     0.022154     0.019808     0.016996     0.013763     0.010166     0.006283     0.002200    -0.001984    -0.006166    -0.010241    -0.014111    -0.017681    -0.020873    -0.023618    -0.025869    -0.027592    -0.028772    -0.029411    -0.029523    -0.029139    -0.028296    -0.027042    -0.025427    -0.023508    -0.021342    -0.018990    -0.016518    -0.013995    -0.011494    -0.009089    -0.006852    -0.004853    -0.003148    -0.001784    -0.000795    -0.000198     0.000000
    0.000000     0.000119     0.000487     0.001109     0.001983     0.003097     0.004433     0.005962     0.007652     0.009463     0.011355     0.013284     0.015211     0.017095     0.018896     0.020575     0.022092     0.023404     0.024468     0.025238     0.025668     0.025714     0.025336     0.024503     0.023193     0.021399     0.019127     0.016402     0.013265     0.009774     0.006001     0.002035    -0.002030    -0.006092    -0.010049    -0.013802    -0.017261    -0.020348    -0.022998    -0.025164    -0.026814    -0.027934    -0.028527    -0.028607    -0.028205    -0.027358    -0.026112    -0.024517    -0.022629    -0.020506    -0.018209    -0.015803    -0.013357    -0.010941    -0.008628    -0.006486    -0.004580    -0.002961    -0.001673    -0.000743    -0.000184     0.000000
    0.000000     0.000110     0.000451     0.001030     0.001849     0.002899     0.004164     0.005620     0.007234     0.008972     0.010794     0.012659     0.014526     0.016357     0.018111     0.019750     0.021232     0.022517     0.023562     0.024321     0.024749     0.024805     0.024449     0.023651     0.022390     0.020657     0.018459     0.015819     0.012776     0.009388     0.005726     0.001874    -0.002074    -0.006017    -0.009856    -0.013494    -0.016843    -0.019827    -0.022383    -0.024465    -0.026043    -0.027105    -0.027652    -0.027702    -0.027282    -0.026431    -0.025194    -0.023620    -0.021765    -0.019686    -0.017444    -0.015105    -0.012736    -0.010405    -0.008183    -0.006135    -0.004319    -0.002784    -0.001568    -0.000694    -0.000171     0.000000
    0.000000     0.000100     0.000416     0.000955     0.001722     0.002710     0.003907     0.005290     0.006831     0.008496     0.010249     0.012049     0.013858     0.015635     0.017343     0.018940     0.020389     0.021647     0.022672     0.023421     0.023848     0.023914     0.023580     0.022817     0.021603     0.019930     0.017804     0.015247     0.012298     0.009011     0.005457     0.001718    -0.002113    -0.005939    -0.009662    -0.013187    -0.016428    -0.019310    -0.021773    -0.023773    -0.025281    -0.026286    -0.026789    -0.026809    -0.026373    -0.025519    -0.024291    -0.022739    -0.020917    -0.018883    -0.016699    -0.014427    -0.012134    -0.009889    -0.007756    -0.005798    -0.004070    -0.002616    -0.001469    -0.000647    -0.000159     0.000000
    0.000000     0.000092     0.000383     0.000884     0.001601     0.002530     0.003660     0.004973     0.006442     0.008036     0.009720     0.011457     0.013207     0.014931     0.016592     0.018150     0.019564     0.020796     0.021802     0.022540     0.022967     0.023043     0.022731     0.022001     0.020833     0.019219     0.017163     0.014688     0.011830     0.008642     0.005195     0.001567    -0.002150    -0.005860    -0.009468    -0.012882    -0.016016    -0.018799    -0.021172    -0.023092    -0.024531    -0.025480    -0.025941    -0.025932    -0.025480    -0.024623    -0.023406    -0.021876    -0.020089    -0.018101    -0.015974    -0.013769    -0.011554    -0.009391    -0.007346    -0.005476    -0.003833    -0.002456    -0.001375    -0.000604    -0.000148     0.000000
    0.000000     0.000084     0.000352     0.000817     0.001486     0.002358     0.003425     0.004669     0.006069     0.007594     0.009211     0.010884     0.012575     0.014247     0.015861     0.017379     0.018760     0.019966     0.020953     0.021681     0.022108     0.022193     0.021902     0.021205     0.020082     0.018525     0.016538     0.014142     0.011373     0.008283     0.004940     0.001422    -0.002183    -0.005780    -0.009275    -0.012579    -0.015609    -0.018295    -0.020580    -0.022421    -0.023794    -0.024689    -0.025109    -0.025072    -0.024606    -0.023748    -0.022541    -0.021035    -0.019282    -0.017341    -0.015271    -0.013135    -0.010995    -0.008915    -0.006955    -0.005170    -0.003608    -0.002305    -0.001286    -0.000563    -0.000137     0.000000
    0.000000     0.000076     0.000323     0.000754     0.001378     0.002196     0.003201     0.004380     0.005712     0.007169     0.008720     0.010331     0.011965     0.013585     0.015152     0.016630     0.017978     0.019158     0.020127     0.020845     0.021271     0.021366     0.021095     0.020430     0.019351     0.017849     0.015929     0.013610     0.010928     0.007934     0.004693     0.001282    -0.002212    -0.005698    -0.009083    -0.012280    -0.015209    -0.017799    -0.019997    -0.021763    -0.023072    -0.023914    -0.024295    -0.024231    -0.023752    -0.022893    -0.021698    -0.020216    -0.018500    -0.016606    -0.014593    -0.012524    -0.010458    -0.008458    -0.006582    -0.004880    -0.003396    -0.002163    -0.001203    -0.000525    -0.000127     0.000000
    0.000000     0.000069     0.000296     0.000695     0.001276     0.002042     0.002989     0.004105     0.005371     0.006762     0.008249     0.009799     0.011376     0.012944     0.014466     0.015904     0.017220     0.018373     0.019324     0.020032     0.020458     0.020562     0.020311     0.019677     0.018639     0.017191     0.015336     0.013093     0.010496     0.007595     0.004453     0.001147    -0.002239    -0.005616    -0.008893    -0.011985    -0.014814    -0.017312    -0.019427    -0.021119    -0.022365    -0.023157    -0.023500    -0.023412    -0.022920    -0.022062    -0.020880    -0.019422    -0.017742    -0.015895    -0.013940    -0.011937    -0.009945    -0.008023    -0.006227    -0.004604    -0.003195    -0.002029    -0.001125    -0.000489    -0.000118     0.000000
    0.000000     0.000063     0.000270     0.000639     0.001179     0.001896     0.002788     0.003843     0.005046     0.006373     0.007798     0.009288     0.010809     0.012327     0.013804     0.015203     0.016486     0.017614     0.018547     0.019245     0.019669     0.019782     0.019550     0.018945     0.017949     0.016553     0.014760     0.012590     0.010076     0.007266     0.004222     0.001018    -0.002263    -0.005533    -0.008705    -0.011695    -0.014427    -0.016835    -0.018868    -0.020489    -0.021675    -0.022418    -0.022725    -0.022614    -0.022111    -0.021255    -0.020086    -0.018654    -0.017011    -0.015211    -0.013313    -0.011374    -0.009454    -0.007609    -0.005891    -0.004344    -0.003006    -0.001904    -0.001052    -0.000456    -0.000109     0.000000
    0.000000     0.000057     0.000246     0.000587     0.001089     0.001760     0.002598     0.003595     0.004737     0.006003     0.007367     0.008799     0.010266     0.011733     0.013166     0.014526     0.015777     0.016880     0.017795     0.018483     0.018906     0.019027     0.018813     0.018237     0.017280     0.015934     0.014202     0.012103     0.009669     0.006947     0.003998     0.000894    -0.002283    -0.005450    -0.008519    -0.011410    -0.014047    -0.016368    -0.018322    -0.019874    -0.021002    -0.021699    -0.021972    -0.021839    -0.021327    -0.020473    -0.019319    -0.017912    -0.016306    -0.014553    -0.012711    -0.010837    -0.008987    -0.007216    -0.005572    -0.004098    -0.002829    -0.001786    -0.000984    -0.000425    -0.000101     0.000000
    0.000000     0.000051     0.000224     0.000538     0.001004     0.001631     0.002419     0.003361     0.004445     0.005651     0.006956     0.008332     0.009745     0.011164     0.012553     0.013875     0.015094     0.016172     0.017069     0.017747     0.018168     0.018296     0.018099     0.017551     0.016632     0.015334     0.013662     0.011632     0.009275     0.006639     0.003783     0.000776    -0.002301    -0.005367    -0.008336    -0.011130    -0.013676    -0.015912    -0.017790    -0.019275    -0.020348    -0.021001    -0.021241    -0.021087    -0.020567    -0.019717    -0.018578    -0.017198    -0.015628    -0.013922    -0.012136    -0.010325    -0.008543    -0.006843    -0.005271    -0.003867    -0.002662    -0.001676    -0.000921    -0.000396    -0.000094     0.000000
    0.000000     0.000046     0.000204     0.000492     0.000925     0.001511     0.002251     0.003140     0.004168     0.005318     0.006566     0.007886     0.009248     0.010619     0.011965     0.013250     0.014438     0.015490     0.016369     0.017037     0.017456     0.017591     0.017411     0.016888     0.016006     0.014755     0.013139     0.011175     0.008895     0.006342     0.003575     0.000663    -0.002317    -0.005284    -0.008156    -0.010856    -0.013313    -0.015467    -0.017272    -0.018693    -0.019712    -0.020323    -0.020533    -0.020360    -0.019833    -0.018987    -0.017864    -0.016511    -0.014978    -0.013319    -0.011587    -0.009837    -0.008122    -0.006491    -0.004988    -0.003650    -0.002506    -0.001573    -0.000862    -0.000369    -0.000087     0.000000
    0.000000     0.000041     0.000185     0.000450     0.000852     0.001398     0.002093     0.002933     0.003908     0.005002     0.006196     0.007463     0.008774     0.010099     0.011403     0.012651     0.013807     0.014835     0.015696     0.016354     0.016770     0.016912     0.016746     0.016249     0.015401     0.014195     0.012634     0.010735     0.008527     0.006055     0.003376     0.000556    -0.002330    -0.005201    -0.007979    -0.010588    -0.012959    -0.015034    -0.016768    -0.018127    -0.019095    -0.019666    -0.019847    -0.019658    -0.019125    -0.018284    -0.017178    -0.015852    -0.014356    -0.012742    -0.011064    -0.009374    -0.007723    -0.006158    -0.004721    -0.003446    -0.002360    -0.001478    -0.000807    -0.000345    -0.000081     0.000000
    0.000000     0.000036     0.000167     0.000411     0.000783     0.001293     0.001945     0.002738     0.003662     0.004704     0.005846     0.007061     0.008324     0.009603     0.010865     0.012077     0.013203     0.014206     0.015050     0.015697     0.016111     0.016257     0.016106     0.015632     0.014818     0.013655     0.012147     0.010310     0.008173     0.005779     0.003184     0.000453    -0.002340    -0.005119    -0.007805    -0.010326    -0.012614    -0.014612    -0.016278    -0.017579    -0.018498    -0.019030    -0.019185    -0.018980    -0.018442    -0.017609    -0.016519    -0.015221    -0.013761    -0.012193    -0.010567    -0.008935    -0.007345    -0.005844    -0.004470    -0.003256    -0.002224    -0.001389    -0.000756    -0.000322    -0.000075     0.000000
    0.000000     0.000032     0.000151     0.000375     0.000720     0.001195     0.001807     0.002555     0.003431     0.004424     0.005514     0.006681     0.007896     0.009130     0.010353     0.011529     0.012625     0.013604     0.014430     0.015066     0.015476     0.015628     0.015490     0.015038     0.014256     0.013134     0.011677     0.009900     0.007831     0.005513     0.003000     0.000356    -0.002349    -0.005037    -0.007635    -0.010070    -0.012278    -0.014203    -0.015803    -0.017047    -0.017919    -0.018416    -0.018546    -0.018326    -0.017786    -0.016959    -0.015888    -0.014617    -0.013194    -0.011669    -0.010095    -0.008519    -0.006989    -0.005549    -0.004235    -0.003077    -0.002097    -0.001306    -0.000709    -0.000301    -0.000070     0.000000
    0.000000     0.000029     0.000137     0.000342     0.000661     0.001105     0.001679     0.002384     0.003215     0.004160     0.005202     0.006321     0.007490     0.008682     0.009865     0.011007     0.012073     0.013028     0.013836     0.014461     0.014868     0.015023     0.014898     0.014467     0.013715     0.012633     0.011225     0.009505     0.007503     0.005258     0.002824     0.000263    -0.002355    -0.004957    -0.007469    -0.009821    -0.011951    -0.013805    -0.015342    -0.016532    -0.017361    -0.017823    -0.017929    -0.017697    -0.017155    -0.016337    -0.015283    -0.014040    -0.012653    -0.011172    -0.009647    -0.008126    -0.006653    -0.005272    -0.004015    -0.002911    -0.001979    -0.001230    -0.000666    -0.000282    -0.000065     0.000000
    0.000000     0.000025     0.000123     0.000312     0.000607     0.001021     0.001560     0.002225     0.003013     0.003912     0.004908     0.005981     0.007106     0.008256     0.009402     0.010510     0.011547     0.012478     0.013268     0.013882     0.014284     0.014443     0.014329     0.013918     0.013195     0.012151     0.010789     0.009125     0.007187     0.005013     0.002655     0.000176    -0.002359    -0.004877    -0.007306    -0.009579    -0.011634    -0.013420    -0.014896    -0.016035    -0.016821    -0.017252    -0.017336    -0.017093    -0.016549    -0.015740    -0.014705    -0.013489    -0.012138    -0.010700    -0.009223    -0.007754    -0.006338    -0.005011    -0.003809    -0.002756    -0.001869    -0.001159    -0.000626    -0.000264    -0.000061     0.000000
    0.000000     0.000022     0.000111     0.000284     0.000557     0.000943     0.001449     0.002077     0.002824     0.003680     0.004632     0.005661     0.006744     0.007854     0.008962     0.010037     0.011045     0.011953     0.012726     0.013328     0.013725     0.013886     0.013783     0.013391     0.012695     0.011687     0.010371     0.008760     0.006883     0.004777     0.002494     0.000092    -0.002361    -0.004798    -0.007147    -0.009343    -0.011326    -0.013046    -0.014465    -0.015554    -0.016300    -0.016701    -0.016765    -0.016512    -0.015969    -0.015170    -0.014154    -0.012964    -0.011648    -0.010252    -0.008822    -0.007404    -0.006041    -0.004768    -0.003616    -0.002611    -0.001768    -0.001094    -0.000589    -0.000248    -0.000057     0.000000
    0.000000     0.000020     0.000100     0.000258     0.000511     0.000872     0.001347     0.001939     0.002648     0.003463     0.004373     0.005360     0.006402     0.007473     0.008545     0.009588     0.010568     0.011453     0.012208     0.012798     0.013190     0.013354     0.013259     0.012885     0.012215     0.011242     0.009969     0.008410     0.006591     0.004552     0.002340     0.000014    -0.002362    -0.004720    -0.006992    -0.009114    -0.011028    -0.012685    -0.014048    -0.015090    -0.015798    -0.016171    -0.016217    -0.015955    -0.015413    -0.014624    -0.013627    -0.012465    -0.011183    -0.009828    -0.008444    -0.007075    -0.005762    -0.004539    -0.003437    -0.002477    -0.001673    -0.001033    -0.000556    -0.000233    -0.000053     0.000000
    0.000000     0.000017     0.000089     0.000235     0.000470     0.000806     0.001252     0.001812     0.002484     0.003261     0.004131     0.005077     0.006080     0.007113     0.008151     0.009162     0.010115     0.010977     0.011714     0.012292     0.012679     0.012844     0.012758     0.012400     0.011755     0.010815     0.009583     0.008073     0.006312     0.004336     0.002193    -0.000060    -0.002361    -0.004643    -0.006840    -0.008891    -0.010738    -0.012335    -0.013645    -0.014642    -0.015315    -0.015661    -0.015690    -0.015421    -0.014881    -0.014103    -0.013125    -0.011990    -0.010742    -0.009426    -0.008086    -0.006765    -0.005500    -0.004326    -0.003270    -0.002352    -0.001586    -0.000978    -0.000525    -0.000220    -0.000050     0.000000
    0.000000     0.000015     0.000080     0.000214     0.000431     0.000746     0.001165     0.001694     0.002332     0.003072     0.003904     0.004812     0.005777     0.006774     0.007778     0.008758     0.009684     0.010524     0.011243     0.011810     0.012191     0.012356     0.012278     0.011936     0.011314     0.010405     0.009213     0.007750     0.006044     0.004129     0.002052    -0.000130    -0.002358    -0.004567    -0.006693    -0.008675    -0.010458    -0.011997    -0.013256    -0.014211    -0.014850    -0.015171    -0.015185    -0.014910    -0.014372    -0.013605    -0.012647    -0.011539    -0.010324    -0.009047    -0.007750    -0.006474    -0.005255    -0.004127    -0.003115    -0.002237    -0.001506    -0.000927    -0.000496    -0.000207    -0.000047     0.000000
    0.000000     0.000013     0.000072     0.000195     0.000397     0.000690     0.001085     0.001585     0.002191     0.002897     0.003693     0.004564     0.005493     0.006455     0.007426     0.008376     0.009276     0.010094     0.010796     0.011350     0.011725     0.011890     0.011819     0.011491     0.010891     0.010012     0.008858     0.007441     0.005787     0.003931     0.001918    -0.000197    -0.002354    -0.004493    -0.006549    -0.008465    -0.010187    -0.011670    -0.012881    -0.013795    -0.014402    -0.014700    -0.014700    -0.014420    -0.013886    -0.013131    -0.012192    -0.011111    -0.009929    -0.008689    -0.007433    -0.006200    -0.005026    -0.003941    -0.002970    -0.002130    -0.001432    -0.000880    -0.000470    -0.000196    -0.000045     0.000000
    0.000000     0.000012     0.000065     0.000178     0.000365     0.000640     0.001012     0.001485     0.002061     0.002734     0.003496     0.004333     0.005226     0.006155     0.007094     0.008016     0.008890     0.009685     0.010370     0.010912     0.011280     0.011445     0.011380     0.011066     0.010486     0.009636     0.008518     0.007144     0.005541     0.003741     0.001791    -0.000259    -0.002349    -0.004420    -0.006410    -0.008262    -0.009925    -0.011355    -0.012519    -0.013395    -0.013972    -0.014249    -0.014235    -0.013951    -0.013421    -0.012679    -0.011760    -0.010704    -0.009554    -0.008351    -0.007134    -0.005943    -0.004812    -0.003768    -0.002836    -0.002031    -0.001364    -0.000837    -0.000447    -0.000186    -0.000042     0.000000
    0.000000     0.000010     0.000058     0.000162     0.000337     0.000595     0.000945     0.001393     0.001940     0.002583     0.003313     0.004116     0.004977     0.005873     0.006782     0.007675     0.008524     0.009298     0.009966     0.010495     0.010856     0.011020     0.010961     0.010659     0.010099     0.009276     0.008192     0.006860     0.005305     0.003561     0.001670    -0.000317    -0.002343    -0.004348    -0.006274    -0.008065    -0.009671    -0.011050    -0.012170    -0.013010    -0.013558    -0.013815    -0.013790    -0.013503    -0.012978    -0.012248    -0.011349    -0.010319    -0.009200    -0.008032    -0.006854    -0.005703    -0.004611    -0.003607    -0.002711    -0.001940    -0.001301    -0.000797    -0.000425    -0.000177    -0.000040     0.000000
    0.000000     0.000009     0.000053     0.000149     0.000311     0.000553     0.000884     0.001309     0.001830     0.002443     0.003142     0.003914     0.004743     0.005609     0.006488     0.007354     0.008178     0.008931     0.009582     0.010099     0.010453     0.010615     0.010560     0.010269     0.009728     0.008931     0.007880     0.006589     0.005080     0.003388     0.001554    -0.000372    -0.002335    -0.004277    -0.006141    -0.007874    -0.009426    -0.010756    -0.011834    -0.012639    -0.013160    -0.013399    -0.013364    -0.013074    -0.012555    -0.011838    -0.010958    -0.009954    -0.008865    -0.007731    -0.006590    -0.005477    -0.004424    -0.003457    -0.002596    -0.001855    -0.001243    -0.000761    -0.000406    -0.000169    -0.000038     0.000000
    0.000000     0.000008     0.000048     0.000136     0.000288     0.000516     0.000828     0.001232     0.001728     0.002315     0.002985     0.003727     0.004525     0.005361     0.006212     0.007051     0.007851     0.008584     0.009217     0.009722     0.010068     0.010228     0.010178     0.009898     0.009374     0.008601     0.007581     0.006329     0.004865     0.003223     0.001444    -0.000423    -0.002326    -0.004208    -0.006013    -0.007689    -0.009188    -0.010472    -0.011510    -0.012282    -0.012779    -0.013000    -0.012956    -0.012665    -0.012152    -0.011447    -0.010587    -0.009608    -0.008549    -0.007448    -0.006342    -0.005266    -0.004250    -0.003318    -0.002489    -0.001778    -0.001190    -0.000728    -0.000388    -0.000161    -0.000037     0.000000
    0.000000     0.000007     0.000043     0.000126     0.000268     0.000482     0.000778     0.001162     0.001635     0.002196     0.002839     0.003552     0.004322     0.005129     0.005952     0.006766     0.007543     0.008255     0.008872     0.009364     0.009703     0.009860     0.009813     0.009543     0.009035     0.008285     0.007296     0.006080     0.004660     0.003066     0.001340    -0.000471    -0.002316    -0.004140    -0.005888    -0.007510    -0.008959    -0.010199    -0.011198    -0.011939    -0.012412    -0.012617    -0.012565    -0.012273    -0.011767    -0.011076    -0.010235    -0.009280    -0.008250    -0.007181    -0.006110    -0.005069    -0.004087    -0.003188    -0.002390    -0.001706    -0.001142    -0.000698    -0.000372    -0.000155    -0.000035     0.000000
    0.000000     0.000006     0.000040     0.000116     0.000250     0.000452     0.000733     0.001098     0.001550     0.002087     0.002704     0.003390     0.004132     0.004912     0.005709     0.006497     0.007252     0.007944     0.008544     0.009024     0.009355     0.009509     0.009465     0.009203     0.008711     0.007984     0.007023     0.005842     0.004463     0.002916     0.001241    -0.000516    -0.002305    -0.004073    -0.005766    -0.007336    -0.008738    -0.009935    -0.010898    -0.011609    -0.012060    -0.012250    -0.012191    -0.011899    -0.011400    -0.010722    -0.009900    -0.008970    -0.007967    -0.006930    -0.005891    -0.004884    -0.003935    -0.003068    -0.002299    -0.001640    -0.001097    -0.000671    -0.000357    -0.000149    -0.000034     0.000000
    0.000000     0.000005     0.000036     0.000108     0.000234     0.000426     0.000692     0.001040     0.001472     0.001987     0.002579     0.003240     0.003956     0.004710     0.005480     0.006245     0.006977     0.007650     0.008234     0.008701     0.009024     0.009175     0.009133     0.008880     0.008402     0.007695     0.006762     0.005615     0.004276     0.002774     0.001148    -0.000558    -0.002293    -0.004007    -0.005648    -0.007168    -0.008524    -0.009680    -0.010609    -0.011292    -0.011722    -0.011899    -0.011833    -0.011542    -0.011050    -0.010386    -0.009583    -0.008676    -0.007701    -0.006693    -0.005686    -0.004711    -0.003794    -0.002956    -0.002214    -0.001579    -0.001056    -0.000646    -0.000344    -0.000143    -0.000032     0.000000
    0.000000     0.000005     0.000034     0.000101     0.000220     0.000402     0.000656     0.000988     0.001401     0.001895     0.002465     0.003101     0.003792     0.004520     0.005267     0.006008     0.006718     0.007372     0.007940     0.008395     0.008709     0.008857     0.008817     0.008571     0.008107     0.007420     0.006513     0.005398     0.004097     0.002638     0.001059    -0.000597    -0.002281    -0.003943    -0.005533    -0.007005    -0.008318    -0.009435    -0.010331    -0.010987    -0.011397    -0.011562    -0.011491    -0.011201    -0.010717    -0.010066    -0.009282    -0.008398    -0.007449    -0.006470    -0.005494    -0.004549    -0.003662    -0.002852    -0.002136    -0.001523    -0.001019    -0.000624    -0.000332    -0.000138    -0.000031     0.000000
    0.000000     0.000004     0.000032     0.000095     0.000208     0.000381     0.000623     0.000940     0.001337     0.001811     0.002359     0.002973     0.003640     0.004344     0.005066     0.005785     0.006474     0.007109     0.007661     0.008104     0.008410     0.008554     0.008515     0.008276     0.007825     0.007157     0.006275     0.005191     0.003926     0.002508     0.000975    -0.000633    -0.002267    -0.003879    -0.005421    -0.006848    -0.008118    -0.009198    -0.010062    -0.010694    -0.011086    -0.011239    -0.011163    -0.010875    -0.010399    -0.009762    -0.008996    -0.008135    -0.007212    -0.006261    -0.005313    -0.004398    -0.003539    -0.002756    -0.002064    -0.001472    -0.000985    -0.000603    -0.000322    -0.000134    -0.000031     0.000000
    0.000000     0.000004     0.000030     0.000090     0.000197     0.000362     0.000594     0.000898     0.001278     0.001734     0.002262     0.002854     0.003498     0.004179     0.004879     0.005576     0.006245     0.006861     0.007398     0.007828     0.008125     0.008266     0.008228     0.007995     0.007556     0.006905     0.006047     0.004993     0.003763     0.002385     0.000895    -0.000666    -0.002253    -0.003817    -0.005313    -0.006695    -0.007925    -0.008970    -0.009804    -0.010412    -0.010787    -0.010929    -0.010849    -0.010564    -0.010096    -0.009472    -0.008725    -0.007885    -0.006987    -0.006063    -0.005144    -0.004256    -0.003424    -0.002666    -0.001997    -0.001425    -0.000954    -0.000584    -0.000312    -0.000130    -0.000030     0.000000
    0.000000     0.000004     0.000028     0.000086     0.000189     0.000346     0.000568     0.000860     0.001225     0.001664     0.002173     0.002744     0.003367     0.004026     0.004704     0.005379     0.006029     0.006627     0.007149     0.007566     0.007855     0.007991     0.007954     0.007727     0.007299     0.006665     0.005830     0.004804     0.003608     0.002268     0.000820    -0.000697    -0.002238    -0.003756    -0.005207    -0.006548    -0.007739    -0.008750    -0.009556    -0.010141    -0.010500    -0.010632    -0.010549    -0.010266    -0.009807    -0.009197    -0.008467    -0.007649    -0.006775    -0.005877    -0.004985    -0.004124    -0.003317    -0.002583    -0.001935    -0.001381    -0.000925    -0.000567    -0.000303    -0.000127    -0.000029     0.000000
    0.000000     0.000004     0.000027     0.000083     0.000181     0.000333     0.000546     0.000826     0.001178     0.001601     0.002092     0.002643     0.003245     0.003883     0.004540     0.005195     0.005825     0.006406     0.006913     0.007318     0.007599     0.007730     0.007693     0.007471     0.007053     0.006436     0.005623     0.004624     0.003460     0.002157     0.000748    -0.000726    -0.002222    -0.003697    -0.005105    -0.006404    -0.007559    -0.008537    -0.009316    -0.009881    -0.010224    -0.010348    -0.010262    -0.009982    -0.009531    -0.008935    -0.008222    -0.007425    -0.006575    -0.005702    -0.004835    -0.004000    -0.003218    -0.002506    -0.001878    -0.001341    -0.000899    -0.000552    -0.000296    -0.000124    -0.000028     0.000000
    0.000000     0.000004     0.000027     0.000080     0.000175     0.000321     0.000526     0.000796     0.001135     0.001543     0.002017     0.002550     0.003133     0.003751     0.004387     0.005022     0.005634     0.006198     0.006689     0.007083     0.007355     0.007482     0.007444     0.007227     0.006819     0.006217     0.005424     0.004452     0.003319     0.002051     0.000681    -0.000752    -0.002206    -0.003638    -0.005005    -0.006266    -0.007385    -0.008332    -0.009085    -0.009630    -0.009959    -0.010075    -0.009987    -0.009710    -0.009268    -0.008685    -0.007990    -0.007213    -0.006386    -0.005537    -0.004695    -0.003884    -0.003125    -0.002435    -0.001825    -0.001304    -0.000876    -0.000538    -0.000289    -0.000121    -0.000028     0.000000
    0.000000     0.000004     0.000026     0.000078     0.000170     0.000311     0.000509     0.000770     0.001097     0.001491     0.001949     0.002465     0.003029     0.003627     0.004244     0.004860     0.005453     0.006001     0.006478     0.006860     0.007123     0.007245     0.007207     0.006994     0.006596     0.006008     0.005235     0.004288     0.003184     0.001950     0.000618    -0.000776    -0.002189    -0.003580    -0.004907    -0.006131    -0.007217    -0.008134    -0.008863    -0.009388    -0.009704    -0.009813    -0.009723    -0.009451    -0.009017    -0.008447    -0.007769    -0.007012    -0.006207    -0.005381    -0.004563    -0.003775    -0.003038    -0.002368    -0.001776    -0.001271    -0.000854    -0.000526    -0.000282    -0.000119    -0.000027     0.000000
    0.000000     0.000004     0.000026     0.000077     0.000166     0.000302     0.000494     0.000746     0.001063     0.001444     0.001887     0.002386     0.002932     0.003513     0.004111     0.004708     0.005284     0.005815     0.006278     0.006648     0.006903     0.007020     0.006981     0.006772     0.006382     0.005809     0.005055     0.004131     0.003056     0.001855     0.000558    -0.000797    -0.002172    -0.003524    -0.004813    -0.006001    -0.007054    -0.007943    -0.008649    -0.009156    -0.009459    -0.009561    -0.009470    -0.009202    -0.008777    -0.008220    -0.007559    -0.006821    -0.006037    -0.005234    -0.004439    -0.003673    -0.002957    -0.002306    -0.001731    -0.001239    -0.000834    -0.000514    -0.000277    -0.000117    -0.000027     0.000000
    0.000000     0.000004     0.000026     0.000076     0.000163     0.000295     0.000481     0.000726     0.001032     0.001401     0.001831     0.002314     0.002844     0.003406     0.003986     0.004566     0.005124     0.005640     0.006089     0.006448     0.006694     0.006806     0.006766     0.006560     0.006179     0.005618     0.004882     0.003982     0.002934     0.001764     0.000502    -0.000817    -0.002154    -0.003468    -0.004721    -0.005874    -0.006896    -0.007759    -0.008442    -0.008932    -0.009224    -0.009320    -0.009228    -0.008964    -0.008548    -0.008004    -0.007359    -0.006640    -0.005877    -0.005096    -0.004322    -0.003577    -0.002881    -0.002248    -0.001689    -0.001211    -0.000816    -0.000504    -0.000272    -0.000115    -0.000027     0.000000
    0.000000     0.000004     0.000026     0.000075     0.000160     0.000290     0.000471     0.000708     0.001005     0.001363     0.001779     0.002248     0.002761     0.003307     0.003870     0.004432     0.004974     0.005474     0.005910     0.006257     0.006495     0.006602     0.006561     0.006358     0.005984     0.005436     0.004718     0.003839     0.002818     0.001678     0.000449    -0.000835    -0.002135    -0.003413    -0.004631    -0.005752    -0.006744    -0.007581    -0.008243    -0.008717    -0.008998    -0.009088    -0.008996    -0.008736    -0.008329    -0.007798    -0.007169    -0.006468    -0.005725    -0.004965    -0.004212    -0.003488    -0.002810    -0.002195    -0.001650    -0.001184    -0.000799    -0.000494    -0.000267    -0.000113    -0.000027     0.000000
    0.000000     0.000004     0.000026     0.000075     0.000159     0.000286     0.000462     0.000693     0.000981     0.001329     0.001732     0.002187     0.002685     0.003215     0.003761     0.004307     0.004833     0.005318     0.005740     0.006076     0.006306     0.006408     0.006365     0.006165     0.005799     0.005263     0.004561     0.003703     0.002707     0.001596     0.000399    -0.000851    -0.002116    -0.003360    -0.004543    -0.005633    -0.006596    -0.007408    -0.008050    -0.008509    -0.008780    -0.008865    -0.008773    -0.008518    -0.008120    -0.007601    -0.006987    -0.006305    -0.005581    -0.004841    -0.004108    -0.003403    -0.002744    -0.002145    -0.001614    -0.001160    -0.000784    -0.000486    -0.000263    -0.000112    -0.000026     0.000000
    0.000000     0.000005     0.000027     0.000076     0.000158     0.000282     0.000454     0.000679     0.000960     0.001298     0.001690     0.002132     0.002615     0.003129     0.003659     0.004189     0.004700     0.005170     0.005579     0.005905     0.006126     0.006223     0.006179     0.005981     0.005621     0.005097     0.004411     0.003574     0.002602     0.001518     0.000352    -0.000865    -0.002097    -0.003307    -0.004458    -0.005517    -0.006453    -0.007242    -0.007864    -0.008309    -0.008570    -0.008651    -0.008559    -0.008309    -0.007919    -0.007413    -0.006814    -0.006149    -0.005444    -0.004723    -0.004010    -0.003323    -0.002682    -0.002098    -0.001581    -0.001137    -0.000769    -0.000478    -0.000259    -0.000111    -0.000026     0.000000
    0.000000     0.000005     0.000028     0.000076     0.000158     0.000280     0.000449     0.000668     0.000942     0.001270     0.001652     0.002081     0.002551     0.003050     0.003565     0.004079     0.004575     0.005031     0.005427     0.005742     0.005955     0.006046     0.006001     0.005806     0.005452     0.004938     0.004268     0.003450     0.002501     0.001445     0.000308    -0.000878    -0.002077    -0.003255    -0.004375    -0.005405    -0.006315    -0.007081    -0.007685    -0.008116    -0.008368    -0.008444    -0.008353    -0.008108    -0.007727    -0.007233    -0.006649    -0.006001    -0.005314    -0.004612    -0.003917    -0.003248    -0.002623    -0.002054    -0.001549    -0.001116    -0.000756    -0.000471    -0.000256    -0.000110    -0.000026     0.000000
    0.000000     0.000005     0.000029     0.000077     0.000158     0.000279     0.000444     0.000659     0.000926     0.001246     0.001617     0.002035     0.002491     0.002976     0.003476     0.003976     0.004456     0.004899     0.005283     0.005587     0.005792     0.005879     0.005831     0.005638     0.005291     0.004787     0.004131     0.003332     0.002406     0.001375     0.000267    -0.000889    -0.002057    -0.003204    -0.004294    -0.005296    -0.006180    -0.006925    -0.007512    -0.007929    -0.008173    -0.008246    -0.008155    -0.007915    -0.007543    -0.007061    -0.006492    -0.005860    -0.005190    -0.004506    -0.003829    -0.003178    -0.002568    -0.002013    -0.001520    -0.001097    -0.000744    -0.000464    -0.000253    -0.000109    -0.000026     0.000000
    0.000000     0.000006     0.000029     0.000078     0.000159     0.000278     0.000441     0.000651     0.000912     0.001224     0.001586     0.001992     0.002436     0.002907     0.003393     0.003878     0.004345     0.004774     0.005146     0.005440     0.005637     0.005718     0.005669     0.005478     0.005136     0.004643     0.004000     0.003219     0.002315     0.001309     0.000228    -0.000898    -0.002037    -0.003153    -0.004215    -0.005189    -0.006050    -0.006774    -0.007344    -0.007749    -0.007985    -0.008055    -0.007965    -0.007730    -0.007367    -0.006896    -0.006341    -0.005725    -0.005073    -0.004406    -0.003746    -0.003111    -0.002516    -0.001974    -0.001493    -0.001078    -0.000733    -0.000458    -0.000250    -0.000108    -0.000026     0.000000
    0.000000     0.000006     0.000030     0.000080     0.000160     0.000278     0.000438     0.000645     0.000900     0.001205     0.001557     0.001953     0.002385     0.002843     0.003316     0.003787     0.004240     0.004656     0.005016     0.005300     0.005489     0.005566     0.005515     0.005325     0.004989     0.004504     0.003876     0.003112     0.002229     0.001247     0.000192    -0.000906    -0.002016    -0.003104    -0.004137    -0.005086    -0.005924    -0.006628    -0.007182    -0.007575    -0.007804    -0.007871    -0.007782    -0.007552    -0.007198    -0.006739    -0.006197    -0.005597    -0.004961    -0.004310    -0.003667    -0.003047    -0.002467    -0.001938    -0.001467    -0.001061    -0.000723    -0.000452    -0.000248    -0.000107    -0.000026     0.000000
    0.000000     0.000006     0.000031     0.000081     0.000162     0.000279     0.000437     0.000639     0.000890     0.001188     0.001531     0.001917     0.002338     0.002784     0.003243     0.003701     0.004141     0.004545     0.004893     0.005167     0.005349     0.005420     0.005367     0.005178     0.004847     0.004372     0.003756     0.003009     0.002146     0.001187     0.000158    -0.000913    -0.001995    -0.003055    -0.004062    -0.004986    -0.005801    -0.006486    -0.007025    -0.007407    -0.007629    -0.007693    -0.007606    -0.007381    -0.007035    -0.006587    -0.006059    -0.005474    -0.004853    -0.004220    -0.003592    -0.002987    -0.002421    -0.001903    -0.001443    -0.001045    -0.000713    -0.000447    -0.000246    -0.000106    -0.000026     0.000000
    0.000000     0.000007     0.000032     0.000083     0.000164     0.000280     0.000436     0.000635     0.000881     0.001172     0.001508     0.001885     0.002295     0.002729     0.003175     0.003620     0.004047     0.004439     0.004776     0.005041     0.005214     0.005281     0.005226     0.005039     0.004712     0.004246     0.003643     0.002912     0.002068     0.001131     0.000126    -0.000919    -0.001973    -0.003007    -0.003988    -0.004888    -0.005682    -0.006349    -0.006873    -0.007245    -0.007460    -0.007522    -0.007436    -0.007217    -0.006879    -0.006442    -0.005927    -0.005356    -0.004751    -0.004133    -0.003520    -0.002930    -0.002377    -0.001871    -0.001420    -0.001030    -0.000704    -0.000442    -0.000243    -0.000105    -0.000025     0.000000
    0.000000     0.000007     0.000034     0.000085     0.000166     0.000281     0.000436     0.000632     0.000873     0.001159     0.001487     0.001855     0.002254     0.002677     0.003112     0.003544     0.003959     0.004338     0.004665     0.004920     0.005087     0.005148     0.005091     0.004905     0.004583     0.004125     0.003534     0.002818     0.001993     0.001078     0.000097    -0.000923    -0.001952    -0.002959    -0.003916    -0.004793    -0.005566    -0.006216    -0.006726    -0.007088    -0.007297    -0.007356    -0.007273    -0.007058    -0.006728    -0.006302    -0.005800    -0.005243    -0.004653    -0.004050    -0.003452    -0.002876    -0.002335    -0.001840    -0.001399    -0.001016    -0.000696    -0.000438    -0.000241    -0.000105    -0.000025     0.000000
    0.000000     0.000007     0.000035     0.000087     0.000168     0.000283     0.000436     0.000630     0.000867     0.001147     0.001468     0.001827     0.002217     0.002629     0.003052     0.003472     0.003875     0.004243     0.004559     0.004805     0.004964     0.005021     0.004962     0.004777     0.004460     0.004010     0.003430     0.002729     0.001922     0.001028     0.000070    -0.000926    -0.001930    -0.002913    -0.003845    -0.004700    -0.005454    -0.006087    -0.006584    -0.006936    -0.007139    -0.007197    -0.007115    -0.006905    -0.006584    -0.006168    -0.005678    -0.005135    -0.004559    -0.003971    -0.003387    -0.002824    -0.002295    -0.001811    -0.001378    -0.001003    -0.000688    -0.000433    -0.000240    -0.000104    -0.000025     0.000000
    0.000000     0.000008     0.000036     0.000089     0.000170     0.000285     0.000437     0.000629     0.000862     0.001137     0.001451     0.001802     0.002182     0.002584     0.002996     0.003405     0.003796     0.004153     0.004458     0.004696     0.004848     0.004900     0.004838     0.004654     0.004342     0.003899     0.003330     0.002644     0.001855     0.000980     0.000044    -0.000928    -0.001908    -0.002866    -0.003776    -0.004610    -0.005344    -0.005961    -0.006445    -0.006788    -0.006987    -0.007042    -0.006962    -0.006758    -0.006444    -0.006039    -0.005561    -0.005031    -0.004469    -0.003895    -0.003325    -0.002775    -0.002257    -0.001783    -0.001359    -0.000990    -0.000680    -0.000429    -0.000238    -0.000104    -0.000025     0.000000
    0.000000     0.000008     0.000037     0.000091     0.000173     0.000288     0.000439     0.000628     0.000858     0.001128     0.001436     0.001779     0.002150     0.002542     0.002943     0.003341     0.003721     0.004067     0.004362     0.004591     0.004736     0.004784     0.004720     0.004537     0.004228     0.003793     0.003235     0.002563     0.001790     0.000935     0.000020    -0.000929    -0.001885    -0.002821    -0.003708    -0.004521    -0.005238    -0.005839    -0.006311    -0.006645    -0.006839    -0.006893    -0.006815    -0.006615    -0.006309    -0.005914    -0.005448    -0.004931    -0.004383    -0.003822    -0.003265    -0.002727    -0.002221    -0.001756    -0.001340    -0.000978    -0.000673    -0.000425    -0.000236    -0.000103    -0.000025     0.000000
    0.000000     0.000009     0.000038     0.000093     0.000175     0.000290     0.000440     0.000628     0.000854     0.001120     0.001422     0.001758     0.002120     0.002502     0.002893     0.003280     0.003649     0.003985     0.004271     0.004491     0.004630     0.004672     0.004607     0.004425     0.004120     0.003692     0.003144     0.002485     0.001729     0.000893    -0.000001    -0.000929    -0.001863    -0.002776    -0.003642    -0.004435    -0.005134    -0.005721    -0.006181    -0.006507    -0.006695    -0.006748    -0.006672    -0.006478    -0.006179    -0.005794    -0.005339    -0.004835    -0.004300    -0.003752    -0.003208    -0.002682    -0.002186    -0.001730    -0.001322    -0.000966    -0.000666    -0.000422    -0.000234    -0.000103    -0.000025     0.000000
    0.000000     0.000009     0.000039     0.000095     0.000178     0.000293     0.000442     0.000628     0.000852     0.001113     0.001409     0.001738     0.002093     0.002465     0.002846     0.003223     0.003581     0.003907     0.004184     0.004396     0.004528     0.004566     0.004499     0.004317     0.004016     0.003595     0.003057     0.002411     0.001671     0.000853    -0.000022    -0.000928    -0.001840    -0.002732    -0.003577    -0.004351    -0.005033    -0.005605    -0.006054    -0.006373    -0.006557    -0.006608    -0.006534    -0.006345    -0.006054    -0.005678    -0.005234    -0.004742    -0.004220    -0.003685    -0.003153    -0.002638    -0.002153    -0.001706    -0.001305    -0.000955    -0.000659    -0.000418    -0.000233    -0.000102    -0.000025     0.000000
    0.000000     0.000009     0.000041     0.000097     0.000181     0.000296     0.000444     0.000629     0.000849     0.001106     0.001398     0.001720     0.002067     0.002430     0.002802     0.003168     0.003517     0.003833     0.004100     0.004304     0.004430     0.004464     0.004395     0.004214     0.003916     0.003502     0.002974     0.002341     0.001615     0.000815    -0.000040    -0.000926    -0.001817    -0.002688    -0.003513    -0.004269    -0.004935    -0.005493    -0.005932    -0.006242    -0.006422    -0.006472    -0.006400    -0.006216    -0.005932    -0.005566    -0.005133    -0.004653    -0.004143    -0.003620    -0.003099    -0.002596    -0.002120    -0.001682    -0.001289    -0.000944    -0.000653    -0.000415    -0.000231    -0.000102    -0.000025     0.000000
    0.000000     0.000010     0.000042     0.000099     0.000183     0.000299     0.000447     0.000630     0.000848     0.001101     0.001387     0.001703     0.002042     0.002398     0.002760     0.003116     0.003455     0.003762     0.004020     0.004217     0.004336     0.004366     0.004295     0.004115     0.003821     0.003413     0.002894     0.002273     0.001562     0.000779    -0.000058    -0.000923    -0.001794    -0.002645    -0.003451    -0.004189    -0.004839    -0.005384    -0.005812    -0.006115    -0.006291    -0.006341    -0.006271    -0.006091    -0.005815    -0.005457    -0.005035    -0.004566    -0.004068    -0.003557    -0.003048    -0.002555    -0.002089    -0.001659    -0.001273    -0.000934    -0.000646    -0.000411    -0.000230    -0.000101    -0.000025     0.000000
    0.000000     0.000010     0.000043     0.000101     0.000186     0.000302     0.000449     0.000631     0.000846     0.001096     0.001377     0.001687     0.002019     0.002367     0.002720     0.003067     0.003397     0.003694     0.003944     0.004133     0.004247     0.004272     0.004199     0.004020     0.003729     0.003327     0.002818     0.002208     0.001512     0.000745    -0.000073    -0.000920    -0.001771    -0.002603    -0.003390    -0.004111    -0.004745    -0.005278    -0.005696    -0.005992    -0.006164    -0.006213    -0.006145    -0.005970    -0.005701    -0.005352    -0.004940    -0.004483    -0.003996    -0.003496    -0.002999    -0.002516    -0.002059    -0.001637    -0.001257    -0.000924    -0.000640    -0.000408    -0.000228    -0.000101    -0.000025     0.000000
    0.000000     0.000010     0.000044     0.000103     0.000189     0.000305     0.000452     0.000632     0.000845     0.001092     0.001368     0.001672     0.001998     0.002337     0.002682     0.003020     0.003340     0.003629     0.003871     0.004053     0.004160     0.004182     0.004107     0.003928     0.003641     0.003245     0.002744     0.002147     0.001464     0.000713    -0.000088    -0.000916    -0.001748    -0.002561    -0.003330    -0.004034    -0.004654    -0.005174    -0.005583    -0.005873    -0.006041    -0.006089    -0.006023    -0.005853    -0.005591    -0.005251    -0.004849    -0.004402    -0.003926    -0.003438    -0.002951    -0.002478    -0.002030    -0.001616    -0.001242    -0.000914    -0.000634    -0.000405    -0.000227    -0.000100    -0.000025     0.000000
    0.000000     0.000011     0.000045     0.000104     0.000191     0.000307     0.000454     0.000633     0.000845     0.001088     0.001360     0.001658     0.001977     0.002309     0.002646     0.002975     0.003287     0.003566     0.003801     0.003975     0.004078     0.004095     0.004019     0.003840     0.003556     0.003166     0.002674     0.002088     0.001418     0.000683    -0.000101    -0.000911    -0.001725    -0.002519    -0.003271    -0.003959    -0.004565    -0.005073    -0.005473    -0.005756    -0.005921    -0.005969    -0.005905    -0.005739    -0.005484    -0.005152    -0.004760    -0.004323    -0.003858    -0.003381    -0.002904    -0.002441    -0.002001    -0.001595    -0.001227    -0.000904    -0.000628    -0.000402    -0.000225    -0.000100    -0.000025     0.000000
    0.000000     0.000011     0.000046     0.000106     0.000194     0.000310     0.000457     0.000635     0.000844     0.001084     0.001352     0.001645     0.001958     0.002283     0.002611     0.002933     0.003235     0.003507     0.003733     0.003901     0.003998     0.004012     0.003934     0.003756     0.003475     0.003091     0.002607     0.002031     0.001375     0.000654    -0.000113    -0.000906    -0.001702    -0.002478    -0.003213    -0.003886    -0.004478    -0.004975    -0.005365    -0.005643    -0.005804    -0.005851    -0.005790    -0.005629    -0.005380    -0.005056    -0.004673    -0.004247    -0.003793    -0.003325    -0.002859    -0.002405    -0.001974    -0.001574    -0.001213    -0.000895    -0.000622    -0.000398    -0.000224    -0.000099    -0.000025     0.000000
    0.000000     0.000011     0.000047     0.000108     0.000196     0.000313     0.000459     0.000636     0.000844     0.001081     0.001345     0.001633     0.001939     0.002257     0.002578     0.002891     0.003186     0.003449     0.003668     0.003830     0.003921     0.003932     0.003852     0.003675     0.003397     0.003018     0.002542     0.001977     0.001334     0.000627    -0.000124    -0.000900    -0.001678    -0.002438    -0.003156    -0.003814    -0.004393    -0.004879    -0.005261    -0.005532    -0.005691    -0.005738    -0.005678    -0.005522    -0.005279    -0.004963    -0.004589    -0.004173    -0.003729    -0.003272    -0.002815    -0.002370    -0.001947    -0.001554    -0.001199    -0.000885    -0.000616    -0.000395    -0.000222    -0.000099    -0.000025     0.000000
    0.000000     0.000012     0.000048     0.000110     0.000199     0.000316     0.000462     0.000638     0.000844     0.001078     0.001338     0.001621     0.001922     0.002233     0.002546     0.002852     0.003139     0.003394     0.003606     0.003761     0.003847     0.003854     0.003773     0.003597     0.003322     0.002948     0.002480     0.001925     0.001294     0.000602    -0.000134    -0.000893    -0.001655    -0.002398    -0.003100    -0.003743    -0.004310    -0.004785    -0.005159    -0.005425    -0.005580    -0.005627    -0.005570    -0.005417    -0.005180    -0.004873    -0.004508    -0.004101    -0.003667    -0.003219    -0.002772    -0.002336    -0.001921    -0.001535    -0.001185    -0.000876    -0.000611    -0.000392    -0.000221    -0.000098    -0.000025     0.000000
    0.000000     0.000012     0.000049     0.000111     0.000201     0.000318     0.000464     0.000639     0.000843     0.001075     0.001332     0.001610     0.001905     0.002210     0.002516     0.002814     0.003093     0.003341     0.003546     0.003695     0.003776     0.003780     0.003697     0.003521     0.003249     0.002881     0.002421     0.001876     0.001257     0.000578    -0.000142    -0.000886    -0.001631    -0.002358    -0.003046    -0.003675    -0.004229    -0.004693    -0.005059    -0.005320    -0.005472    -0.005519    -0.005464    -0.005315    -0.005085    -0.004784    -0.004428    -0.004031    -0.003606    -0.003168    -0.002730    -0.002302    -0.001895    -0.001516    -0.001172    -0.000867    -0.000605    -0.000389    -0.000219    -0.000098    -0.000024     0.000000
    0.000000     0.000012     0.000050     0.000113     0.000203     0.000321     0.000467     0.000641     0.000843     0.001072     0.001325     0.001599     0.001889     0.002187     0.002487     0.002777     0.003049     0.003290     0.003488     0.003631     0.003708     0.003708     0.003624     0.003449     0.003180     0.002817     0.002364     0.001828     0.001221     0.000556    -0.000150    -0.000878    -0.001608    -0.002319    -0.002992    -0.003607    -0.004149    -0.004604    -0.004962    -0.005218    -0.005368    -0.005414    -0.005360    -0.005216    -0.004992    -0.004699    -0.004351    -0.003962    -0.003547    -0.003119    -0.002689    -0.002270    -0.001870    -0.001497    -0.001158    -0.000858    -0.000599    -0.000385    -0.000218    -0.000097    -0.000024     0.000000
    0.000000     0.000012     0.000050     0.000114     0.000205     0.000323     0.000469     0.000642     0.000843     0.001069     0.001319     0.001589     0.001873     0.002165     0.002458     0.002742     0.003007     0.003240     0.003432     0.003569     0.003641     0.003639     0.003553     0.003379     0.003112     0.002755     0.002309     0.001783     0.001187     0.000535    -0.000157    -0.000870    -0.001585    -0.002281    -0.002939    -0.003541    -0.004071    -0.004517    -0.004868    -0.005118    -0.005265    -0.005311    -0.005260    -0.005120    -0.004901    -0.004615    -0.004276    -0.003896    -0.003490    -0.003070    -0.002649    -0.002238    -0.001845    -0.001479    -0.001145    -0.000849    -0.000594    -0.000382    -0.000216    -0.000096    -0.000024     0.000000
    0.000000     0.000013     0.000051     0.000116     0.000207     0.000325     0.000471     0.000643     0.000842     0.001066     0.001313     0.001578     0.001858     0.002144     0.002431     0.002708     0.002965     0.003192     0.003378     0.003509     0.003577     0.003572     0.003485     0.003311     0.003048     0.002695     0.002256     0.001739     0.001154     0.000515    -0.000163    -0.000862    -0.001561    -0.002243    -0.002887    -0.003476    -0.003995    -0.004431    -0.004775    -0.005021    -0.005165    -0.005211    -0.005162    -0.005026    -0.004813    -0.004534    -0.004202    -0.003831    -0.003433    -0.003023    -0.002610    -0.002206    -0.001821    -0.001460    -0.001132    -0.000840    -0.000588    -0.000379    -0.000214    -0.000096    -0.000024     0.000000
    0.000000     0.000013     0.000052     0.000117     0.000209     0.000327     0.000473     0.000644     0.000842     0.001064     0.001307     0.001569     0.001843     0.002124     0.002404     0.002675     0.002926     0.003146     0.003325     0.003452     0.003515     0.003507     0.003419     0.003246     0.002985     0.002637     0.002205     0.001697     0.001123     0.000496    -0.000169    -0.000853    -0.001538    -0.002205    -0.002836    -0.003413    -0.003921    -0.004348    -0.004685    -0.004925    -0.005068    -0.005113    -0.005066    -0.004934    -0.004726    -0.004454    -0.004130    -0.003767    -0.003379    -0.002976    -0.002572    -0.002176    -0.001797    -0.001442    -0.001119    -0.000831    -0.000582    -0.000376    -0.000213    -0.000095    -0.000024     0.000000
    0.000000     0.000013     0.000053     0.000118     0.000210     0.000329     0.000474     0.000645     0.000841     0.001061     0.001301     0.001559     0.001828     0.002104     0.002379     0.002643     0.002887     0.003101     0.003274     0.003396     0.003456     0.003444     0.003355     0.003183     0.002925     0.002581     0.002157     0.001657     0.001094     0.000478    -0.000173    -0.000844    -0.001515    -0.002168    -0.002786    -0.003350    -0.003848    -0.004266    -0.004597    -0.004833    -0.004973    -0.005018    -0.004973    -0.004845    -0.004642    -0.004377    -0.004060    -0.003705    -0.003325    -0.002931    -0.002534    -0.002145    -0.001773    -0.001425    -0.001106    -0.000822    -0.000577    -0.000372    -0.000211    -0.000095    -0.000024     0.000000
    0.000000     0.000013     0.000053     0.000119     0.000212     0.000331     0.000476     0.000646     0.000841     0.001058     0.001295     0.001549     0.001814     0.002085     0.002353     0.002612     0.002850     0.003058     0.003225     0.003342     0.003397     0.003384     0.003294     0.003122     0.002866     0.002528     0.002110     0.001619     0.001065     0.000462    -0.000177    -0.000834    -0.001492    -0.002131    -0.002736    -0.003289    -0.003777    -0.004187    -0.004510    -0.004742    -0.004880    -0.004925    -0.004882    -0.004757    -0.004560    -0.004301    -0.003992    -0.003645    -0.003272    -0.002886    -0.002497    -0.002116    -0.001750    -0.001407    -0.001093    -0.000813    -0.000571    -0.000369    -0.000209    -0.000094    -0.000024     0.000000
    0.000000     0.000013     0.000054     0.000120     0.000213     0.000332     0.000477     0.000647     0.000840     0.001055     0.001290     0.001540     0.001800     0.002066     0.002329     0.002581     0.002813     0.003015     0.003177     0.003289     0.003341     0.003325     0.003234     0.003063     0.002810     0.002476     0.002065     0.001582     0.001038     0.000446    -0.000180    -0.000824    -0.001468    -0.002095    -0.002688    -0.003229    -0.003707    -0.004109    -0.004426    -0.004653    -0.004789    -0.004834    -0.004793    -0.004672    -0.004479    -0.004227    -0.003924    -0.003585    -0.003221    -0.002842    -0.002461    -0.002086    -0.001727    -0.001390    -0.001081    -0.000805    -0.000565    -0.000366    -0.000208    -0.000093    -0.000024     0.000000
    0.000000     0.000014     0.000054     0.000121     0.000215     0.000334     0.000478     0.000647     0.000839     0.001052     0.001284     0.001530     0.001787     0.002047     0.002305     0.002551     0.002778     0.002974     0.003131     0.003238     0.003287     0.003268     0.003176     0.003006     0.002756     0.002426     0.002021     0.001547     0.001013     0.000431    -0.000183    -0.000814    -0.001445    -0.002060    -0.002640    -0.003171    -0.003638    -0.004032    -0.004343    -0.004567    -0.004700    -0.004746    -0.004706    -0.004588    -0.004401    -0.004154    -0.003859    -0.003527    -0.003170    -0.002799    -0.002425    -0.002058    -0.001704    -0.001372    -0.001068    -0.000796    -0.000560    -0.000362    -0.000206    -0.000092    -0.000023     0.000000
    0.000000     0.000014     0.000055     0.000122     0.000216     0.000335     0.000479     0.000647     0.000838     0.001049     0.001278     0.001521     0.001773     0.002029     0.002282     0.002522     0.002743     0.002934     0.003086     0.003189     0.003234     0.003213     0.003120     0.002951     0.002703     0.002378     0.001979     0.001513     0.000988     0.000418    -0.000185    -0.000804    -0.001423    -0.002024    -0.002593    -0.003113    -0.003571    -0.003957    -0.004262    -0.004482    -0.004614    -0.004659    -0.004621    -0.004507    -0.004324    -0.004083    -0.003795    -0.003470    -0.003120    -0.002757    -0.002390    -0.002029    -0.001682    -0.001355    -0.001056    -0.000787    -0.000554    -0.000359    -0.000204    -0.000092    -0.000023     0.000000
    0.000000     0.000014     0.000055     0.000123     0.000217     0.000336     0.000480     0.000647     0.000836     0.001046     0.001272     0.001512     0.001760     0.002011     0.002259     0.002494     0.002709     0.002895     0.003042     0.003140     0.003182     0.003159     0.003066     0.002897     0.002652     0.002332     0.001939     0.001480     0.000965     0.000405    -0.000186    -0.000793    -0.001400    -0.001990    -0.002547    -0.003056    -0.003506    -0.003884    -0.004183    -0.004399    -0.004529    -0.004574    -0.004538    -0.004427    -0.004249    -0.004014    -0.003732    -0.003414    -0.003072    -0.002716    -0.002356    -0.002001    -0.001660    -0.001339    -0.001043    -0.000779    -0.000548    -0.000355    -0.000202    -0.000091    -0.000023     0.000000
    0.000000     0.000014     0.000056     0.000124     0.000218     0.000337     0.000480     0.000647     0.000835     0.001042     0.001266     0.001502     0.001747     0.001993     0.002236     0.002466     0.002676     0.002857     0.002999     0.003093     0.003132     0.003107     0.003013     0.002845     0.002603     0.002287     0.001900     0.001449     0.000942     0.000393    -0.000187    -0.000782    -0.001377    -0.001955    -0.002501    -0.003001    -0.003441    -0.003812    -0.004106    -0.004318    -0.004446    -0.004491    -0.004456    -0.004348    -0.004175    -0.003945    -0.003670    -0.003359    -0.003024    -0.002675    -0.002322    -0.001974    -0.001638    -0.001322    -0.001031    -0.000770    -0.000542    -0.000352    -0.000200    -0.000090    -0.000023     0.000000
    0.000000     0.000014     0.000056     0.000124     0.000219     0.000338     0.000481     0.000646     0.000833     0.001038     0.001260     0.001493     0.001733     0.001976     0.002214     0.002439     0.002644     0.002820     0.002957     0.003048     0.003083     0.003056     0.002962     0.002795     0.002555     0.002243     0.001862     0.001418     0.000921     0.000381    -0.000188    -0.000772    -0.001355    -0.001921    -0.002456    -0.002946    -0.003378    -0.003742    -0.004030    -0.004238    -0.004365    -0.004409    -0.004377    -0.004272    -0.004103    -0.003879    -0.003609    -0.003305    -0.002977    -0.002635    -0.002288    -0.001946    -0.001616    -0.001305    -0.001019    -0.000761    -0.000537    -0.000348    -0.000199    -0.000089    -0.000023     0.000000
    0.000000     0.000014     0.000056     0.000125     0.000219     0.000338     0.000481     0.000646     0.000831     0.001035     0.001253     0.001483     0.001720     0.001959     0.002192     0.002412     0.002612     0.002783     0.002916     0.003003     0.003036     0.003007     0.002912     0.002746     0.002509     0.002201     0.001826     0.001389     0.000901     0.000371    -0.000188    -0.000760    -0.001332    -0.001888    -0.002412    -0.002892    -0.003316    -0.003673    -0.003956    -0.004161    -0.004285    -0.004330    -0.004299    -0.004197    -0.004032    -0.003813    -0.003550    -0.003252    -0.002931    -0.002595    -0.002255    -0.001919    -0.001595    -0.001289    -0.001006    -0.000752    -0.000531    -0.000345    -0.000197    -0.000089    -0.000023     0.000000
    0.000000     0.000014     0.000057     0.000125     0.000220     0.000339     0.000481     0.000645     0.000829     0.001030     0.001247     0.001474     0.001707     0.001942     0.002170     0.002386     0.002581     0.002748     0.002876     0.002960     0.002989     0.002959     0.002863     0.002699     0.002464     0.002160     0.001790     0.001361     0.000881     0.000361    -0.000187    -0.000749    -0.001310    -0.001855    -0.002369    -0.002840    -0.003255    -0.003605    -0.003883    -0.004085    -0.004207    -0.004252    -0.004222    -0.004124    -0.003963    -0.003749    -0.003492    -0.003200    -0.002886    -0.002557    -0.002223    -0.001893    -0.001574    -0.001272    -0.000994    -0.000744    -0.000525    -0.000341    -0.000195    -0.000088    -0.000022     0.000000
    0.000000     0.000014     0.000057     0.000126     0.000220     0.000339     0.000481     0.000644     0.000827     0.001026     0.001240     0.001464     0.001694     0.001924     0.002149     0.002360     0.002551     0.002713     0.002837     0.002917     0.002944     0.002912     0.002816     0.002653     0.002420     0.002120     0.001756     0.001334     0.000862     0.000351    -0.000187    -0.000738    -0.001288    -0.001822    -0.002327    -0.002788    -0.003195    -0.003539    -0.003812    -0.004010    -0.004131    -0.004176    -0.004148    -0.004052    -0.003895    -0.003686    -0.003435    -0.003149    -0.002841    -0.002518    -0.002191    -0.001866    -0.001553    -0.001256    -0.000982    -0.000735    -0.000519    -0.000338    -0.000193    -0.000087    -0.000022     0.000000
    0.000000     0.000015     0.000057     0.000126     0.000220     0.000339     0.000480     0.000643     0.000824     0.001022     0.001233     0.001455     0.001681     0.001908     0.002128     0.002335     0.002521     0.002678     0.002799     0.002876     0.002900     0.002867     0.002770     0.002608     0.002378     0.002082     0.001724     0.001308     0.000844     0.000342    -0.000186    -0.000726    -0.001266    -0.001790    -0.002285    -0.002737    -0.003137    -0.003474    -0.003742    -0.003937    -0.004056    -0.004101    -0.004074    -0.003981    -0.003829    -0.003625    -0.003378    -0.003099    -0.002797    -0.002481    -0.002159    -0.001840    -0.001532    -0.001240    -0.000970    -0.000727    -0.000514    -0.000334    -0.000191    -0.000086    -0.000022     0.000000
    0.000000     0.000015     0.000057     0.000126     0.000221     0.000339     0.000480     0.000641     0.000821     0.001017     0.001226     0.001445     0.001668     0.001891     0.002107     0.002309     0.002491     0.002645     0.002762     0.002835     0.002857     0.002822     0.002726     0.002564     0.002337     0.002045     0.001692     0.001283     0.000827     0.000334    -0.000184    -0.000715    -0.001244    -0.001758    -0.002243    -0.002687    -0.003080    -0.003411    -0.003674    -0.003865    -0.003983    -0.004028    -0.004002    -0.003912    -0.003763    -0.003564    -0.003323    -0.003050    -0.002754    -0.002443    -0.002128    -0.001815    -0.001511    -0.001224    -0.000958    -0.000718    -0.000508    -0.000331    -0.000189    -0.000085    -0.000022     0.000000
    0.000000     0.000015     0.000057     0.000126     0.000221     0.000339     0.000479     0.000639     0.000818     0.001012     0.001219     0.001435     0.001655     0.001874     0.002086     0.002285     0.002462     0.002612     0.002725     0.002795     0.002815     0.002779     0.002682     0.002522     0.002297     0.002009     0.001661     0.001259     0.000811     0.000326    -0.000183    -0.000703    -0.001223    -0.001727    -0.002203    -0.002639    -0.003023    -0.003348    -0.003607    -0.003795    -0.003911    -0.003956    -0.003932    -0.003844    -0.003699    -0.003505    -0.003269    -0.003002    -0.002711    -0.002407    -0.002097    -0.001789    -0.001491    -0.001208    -0.000946    -0.000709    -0.000502    -0.000327    -0.000187    -0.000085    -0.000022     0.000000
    0.000000     0.000015     0.000057     0.000127     0.000221     0.000338     0.000478     0.000638     0.000815     0.001008     0.001212     0.001425     0.001642     0.001857     0.002066     0.002260     0.002434     0.002579     0.002689     0.002756     0.002774     0.002737     0.002640     0.002481     0.002258     0.001974     0.001631     0.001236     0.000795     0.000319    -0.000181    -0.000692    -0.001201    -0.001696    -0.002163    -0.002590    -0.002968    -0.003287    -0.003541    -0.003726    -0.003841    -0.003886    -0.003863    -0.003778    -0.003636    -0.003446    -0.003216    -0.002954    -0.002669    -0.002371    -0.002066    -0.001764    -0.001471    -0.001192    -0.000934    -0.000701    -0.000496    -0.000323    -0.000185    -0.000084    -0.000021     0.000000
    0.000000     0.000015     0.000057     0.000127     0.000221     0.000338     0.000477     0.000636     0.000812     0.001002     0.001205     0.001415     0.001629     0.001841     0.002045     0.002236     0.002406     0.002547     0.002654     0.002718     0.002734     0.002695     0.002598     0.002440     0.002220     0.001940     0.001602     0.001213     0.000780     0.000312    -0.000178    -0.000680    -0.001180    -0.001666    -0.002124    -0.002543    -0.002914    -0.003227    -0.003477    -0.003659    -0.003772    -0.003817    -0.003795    -0.003713    -0.003575    -0.003389    -0.003164    -0.002907    -0.002628    -0.002335    -0.002036    -0.001739    -0.001451    -0.001177    -0.000922    -0.000692    -0.000490    -0.000320    -0.000183    -0.000083    -0.000021     0.000000
    0.000000     0.000015     0.000057     0.000127     0.000220     0.000337     0.000476     0.000633     0.000808     0.000997     0.001197     0.001405     0.001616     0.001824     0.002025     0.002212     0.002378     0.002516     0.002619     0.002681     0.002695     0.002655     0.002558     0.002401     0.002184     0.001907     0.001574     0.001191     0.000765     0.000306    -0.000176    -0.000668    -0.001159    -0.001636    -0.002085    -0.002497    -0.002860    -0.003168    -0.003414    -0.003593    -0.003705    -0.003749    -0.003729    -0.003649    -0.003514    -0.003333    -0.003112    -0.002861    -0.002587    -0.002300    -0.002007    -0.001715    -0.001431    -0.001161    -0.000911    -0.000684    -0.000485    -0.000316    -0.000181    -0.000082    -0.000021     0.000000
    0.000000     0.000015     0.000057     0.000126     0.000220     0.000337     0.000474     0.000631     0.000804     0.000992     0.001190     0.001395     0.001602     0.001808     0.002005     0.002188     0.002350     0.002485     0.002585     0.002644     0.002656     0.002615     0.002519     0.002363     0.002148     0.001875     0.001547     0.001170     0.000752     0.000300    -0.000173    -0.000657    -0.001138    -0.001606    -0.002047    -0.002451    -0.002808    -0.003110    -0.003352    -0.003528    -0.003638    -0.003683    -0.003664    -0.003586    -0.003455    -0.003277    -0.003062    -0.002816    -0.002547    -0.002265    -0.001977    -0.001690    -0.001411    -0.001146    -0.000899    -0.000675    -0.000479    -0.000312    -0.000179    -0.000081    -0.000021     0.000000
    0.000000     0.000015     0.000057     0.000126     0.000220     0.000336     0.000473     0.000628     0.000800     0.000986     0.001182     0.001384     0.001589     0.001791     0.001985     0.002165     0.002323     0.002455     0.002552     0.002608     0.002618     0.002577     0.002480     0.002326     0.002113     0.001844     0.001521     0.001150     0.000738     0.000295    -0.000170    -0.000645    -0.001118    -0.001577    -0.002010    -0.002406    -0.002757    -0.003054    -0.003291    -0.003464    -0.003573    -0.003618    -0.003600    -0.003524    -0.003396    -0.003223    -0.003012    -0.002771    -0.002508    -0.002231    -0.001948    -0.001666    -0.001392    -0.001130    -0.000887    -0.000667    -0.000473    -0.000309    -0.000177    -0.000080    -0.000021     0.000000
    0.000000     0.000015     0.000057     0.000126     0.000219     0.000335     0.000471     0.000626     0.000796     0.000980     0.001174     0.001374     0.001576     0.001775     0.001965     0.002141     0.002297     0.002425     0.002519     0.002573     0.002581     0.002539     0.002442     0.002289     0.002079     0.001813     0.001495     0.001130     0.000725     0.000289    -0.000167    -0.000633    -0.001098    -0.001548    -0.001973    -0.002362    -0.002706    -0.002998    -0.003231    -0.003402    -0.003510    -0.003554    -0.003537    -0.003464    -0.003339    -0.003170    -0.002963    -0.002727    -0.002469    -0.002198    -0.001920    -0.001643    -0.001372    -0.001115    -0.000876    -0.000658    -0.000467    -0.000305    -0.000175    -0.000079    -0.000020     0.000000
    0.000000     0.000015     0.000057     0.000126     0.000219     0.000334     0.000469     0.000623     0.000792     0.000974     0.001166     0.001363     0.001562     0.001758     0.001946     0.002118     0.002270     0.002395     0.002487     0.002538     0.002545     0.002502     0.002406     0.002254     0.002046     0.001784     0.001470     0.001111     0.000713     0.000285    -0.000164    -0.000622    -0.001078    -0.001520    -0.001937    -0.002319    -0.002657    -0.002943    -0.003173    -0.003341    -0.003447    -0.003491    -0.003476    -0.003404    -0.003283    -0.003117    -0.002915    -0.002684    -0.002431    -0.002164    -0.001891    -0.001619    -0.001353    -0.001100    -0.000864    -0.000650    -0.000461    -0.000301    -0.000173    -0.000078    -0.000020     0.000000
    0.000000     0.000015     0.000057     0.000126     0.000218     0.000332     0.000467     0.000620     0.000787     0.000968     0.001157     0.001353     0.001549     0.001742     0.001926     0.002095     0.002244     0.002366     0.002455     0.002504     0.002510     0.002466     0.002370     0.002219     0.002014     0.001755     0.001446     0.001093     0.000701     0.000280    -0.000161    -0.000610    -0.001058    -0.001492    -0.001901    -0.002277    -0.002608    -0.002890    -0.003115    -0.003281    -0.003386    -0.003430    -0.003415    -0.003346    -0.003227    -0.003066    -0.002868    -0.002641    -0.002393    -0.002131    -0.001863    -0.001596    -0.001334    -0.001085    -0.000853    -0.000642    -0.000456    -0.000298    -0.000171    -0.000078    -0.000020     0.000000
    0.000000     0.000015     0.000057     0.000125     0.000217     0.000331     0.000465     0.000616     0.000783     0.000961     0.001149     0.001342     0.001536     0.001725     0.001906     0.002073     0.002218     0.002337     0.002423     0.002471     0.002475     0.002430     0.002334     0.002185     0.001982     0.001727     0.001423     0.001075     0.000690     0.000276    -0.000157    -0.000599    -0.001038    -0.001464    -0.001866    -0.002235    -0.002561    -0.002837    -0.003059    -0.003222    -0.003325    -0.003369    -0.003356    -0.003289    -0.003173    -0.003015    -0.002821    -0.002599    -0.002356    -0.002099    -0.001836    -0.001573    -0.001316    -0.001070    -0.000842    -0.000634    -0.000450    -0.000294    -0.000169    -0.000077    -0.000020     0.000000
    0.000000     0.000015     0.000057     0.000125     0.000216     0.000330     0.000463     0.000613     0.000778     0.000955     0.001141     0.001331     0.001522     0.001709     0.001887     0.002050     0.002193     0.002309     0.002393     0.002438     0.002440     0.002395     0.002300     0.002152     0.001951     0.001699     0.001400     0.001057     0.000679     0.000272    -0.000153    -0.000587    -0.001019    -0.001437    -0.001832    -0.002194    -0.002514    -0.002786    -0.003004    -0.003164    -0.003266    -0.003310    -0.003298    -0.003232    -0.003120    -0.002965    -0.002775    -0.002558    -0.002319    -0.002067    -0.001809    -0.001550    -0.001297    -0.001056    -0.000830    -0.000625    -0.000444    -0.000291    -0.000167    -0.000076    -0.000019     0.000000
    0.000000     0.000015     0.000057     0.000124     0.000216     0.000328     0.000460     0.000610     0.000773     0.000948     0.001132     0.001320     0.001508     0.001693     0.001868     0.002028     0.002168     0.002281     0.002362     0.002406     0.002407     0.002361     0.002266     0.002119     0.001921     0.001673     0.001378     0.001041     0.000668     0.000268    -0.000150    -0.000576    -0.001000    -0.001411    -0.001798    -0.002154    -0.002468    -0.002735    -0.002949    -0.003108    -0.003208    -0.003252    -0.003240    -0.003177    -0.003067    -0.002916    -0.002730    -0.002517    -0.002283    -0.002036    -0.001782    -0.001528    -0.001279    -0.001041    -0.000819    -0.000617    -0.000439    -0.000287    -0.000165    -0.000075    -0.000019     0.000000
    0.000000     0.000015     0.000057     0.000124     0.000215     0.000327     0.000458     0.000606     0.000768     0.000942     0.001123     0.001309     0.001495     0.001676     0.001848     0.002006     0.002143     0.002253     0.002332     0.002374     0.002374     0.002328     0.002233     0.002088     0.001892     0.001647     0.001356     0.001024     0.000658     0.000265    -0.000146    -0.000565    -0.000981    -0.001384    -0.001765    -0.002114    -0.002423    -0.002685    -0.002896    -0.003052    -0.003152    -0.003195    -0.003184    -0.003123    -0.003016    -0.002868    -0.002686    -0.002477    -0.002247    -0.002005    -0.001755    -0.001505    -0.001261    -0.001027    -0.000808    -0.000609    -0.000433    -0.000283    -0.000163    -0.000074    -0.000019     0.000000
    0.000000     0.000015     0.000056     0.000123     0.000214     0.000325     0.000455     0.000602     0.000763     0.000935     0.001114     0.001298     0.001481     0.001660     0.001829     0.001984     0.002118     0.002226     0.002303     0.002343     0.002341     0.002295     0.002200     0.002056     0.001863     0.001621     0.001335     0.001008     0.000648     0.000262    -0.000142    -0.000553    -0.000962    -0.001358    -0.001732    -0.002075    -0.002379    -0.002637    -0.002844    -0.002998    -0.003096    -0.003139    -0.003129    -0.003070    -0.002965    -0.002820    -0.002642    -0.002437    -0.002212    -0.001974    -0.001729    -0.001483    -0.001243    -0.001012    -0.000797    -0.000601    -0.000427    -0.000280    -0.000161    -0.000073    -0.000019     0.000000
    0.000000     0.000015     0.000056     0.000123     0.000213     0.000323     0.000453     0.000598     0.000758     0.000928     0.001105     0.001287     0.001468     0.001644     0.001810     0.001962     0.002093     0.002199     0.002273     0.002312     0.002309     0.002262     0.002168     0.002026     0.001835     0.001597     0.001314     0.000993     0.000638     0.000259    -0.000138    -0.000542    -0.000944    -0.001333    -0.001700    -0.002037    -0.002335    -0.002589    -0.002793    -0.002944    -0.003041    -0.003084    -0.003075    -0.003017    -0.002915    -0.002774    -0.002599    -0.002399    -0.002178    -0.001944    -0.001703    -0.001462    -0.001225    -0.000998    -0.000786    -0.000593    -0.000422    -0.000276    -0.000159    -0.000072    -0.000019     0.000000
    0.000000     0.000014     0.000056     0.000122     0.000211     0.000321     0.000450     0.000594     0.000752     0.000921     0.001096     0.001275     0.001454     0.001627     0.001791     0.001940     0.002069     0.002172     0.002245     0.002281     0.002278     0.002231     0.002137     0.001996     0.001807     0.001572     0.001294     0.000978     0.000629     0.000256    -0.000134    -0.000531    -0.000926    -0.001308    -0.001669    -0.002000    -0.002293    -0.002542    -0.002743    -0.002891    -0.002987    -0.003030    -0.003022    -0.002966    -0.002866    -0.002728    -0.002557    -0.002360    -0.002144    -0.001914    -0.001678    -0.001440    -0.001207    -0.000984    -0.000775    -0.000585    -0.000416    -0.000273    -0.000157    -0.000071    -0.000018     0.000000
    0.000000     0.000014     0.000056     0.000122     0.000210     0.000319     0.000447     0.000590     0.000747     0.000913     0.001087     0.001264     0.001440     0.001611     0.001772     0.001919     0.002045     0.002146     0.002216     0.002251     0.002247     0.002200     0.002107     0.001967     0.001780     0.001549     0.001275     0.000963     0.000620     0.000253    -0.000130    -0.000520    -0.000908    -0.001283    -0.001638    -0.001963    -0.002251    -0.002496    -0.002693    -0.002840    -0.002935    -0.002977    -0.002970    -0.002915    -0.002818    -0.002683    -0.002516    -0.002323    -0.002110    -0.001885    -0.001652    -0.001419    -0.001190    -0.000970    -0.000765    -0.000577    -0.000411    -0.000269    -0.000155    -0.000070    -0.000018     0.000000
    0.000000     0.000014     0.000055     0.000121     0.000209     0.000317     0.000444     0.000586     0.000741     0.000906     0.001078     0.001253     0.001426     0.001595     0.001754     0.001897     0.002021     0.002120     0.002188     0.002222     0.002217     0.002169     0.002077     0.001938     0.001754     0.001525     0.001256     0.000949     0.000612     0.000251    -0.000126    -0.000509    -0.000890    -0.001259    -0.001607    -0.001927    -0.002210    -0.002451    -0.002645    -0.002789    -0.002883    -0.002925    -0.002919    -0.002866    -0.002771    -0.002638    -0.002475    -0.002286    -0.002077    -0.001856    -0.001627    -0.001398    -0.001173    -0.000957    -0.000754    -0.000569    -0.000405    -0.000266    -0.000153    -0.000070    -0.000018     0.000000
    0.000000     0.000014     0.000055     0.000120     0.000208     0.000315     0.000441     0.000582     0.000735     0.000899     0.001069     0.001241     0.001413     0.001579     0.001735     0.001876     0.001997     0.002094     0.002160     0.002193     0.002187     0.002139     0.002047     0.001910     0.001728     0.001503     0.001237     0.000935     0.000603     0.000248    -0.000122    -0.000499    -0.000873    -0.001235    -0.001577    -0.001891    -0.002169    -0.002406    -0.002597    -0.002740    -0.002832    -0.002874    -0.002868    -0.002817    -0.002724    -0.002595    -0.002434    -0.002249    -0.002045    -0.001827    -0.001603    -0.001377    -0.001156    -0.000943    -0.000744    -0.000561    -0.000400    -0.000262    -0.000151    -0.000069    -0.000018     0.000000
    0.000000     0.000014     0.000055     0.000119     0.000206     0.000313     0.000438     0.000578     0.000730     0.000891     0.001059     0.001230     0.001399     0.001563     0.001716     0.001855     0.001974     0.002068     0.002133     0.002164     0.002157     0.002109     0.002018     0.001883     0.001703     0.001481     0.001219     0.000922     0.000595     0.000246    -0.000118    -0.000488    -0.000856    -0.001212    -0.001548    -0.001856    -0.002130    -0.002363    -0.002551    -0.002691    -0.002782    -0.002824    -0.002819    -0.002769    -0.002678    -0.002552    -0.002395    -0.002213    -0.002012    -0.001799    -0.001579    -0.001357    -0.001139    -0.000929    -0.000733    -0.000554    -0.000394    -0.000259    -0.000149    -0.000068    -0.000017     0.000000
    0.000000     0.000014     0.000054     0.000119     0.000205     0.000311     0.000435     0.000573     0.000724     0.000884     0.001050     0.001218     0.001385     0.001546     0.001698     0.001834     0.001951     0.002043     0.002106     0.002136     0.002128     0.002080     0.001990     0.001855     0.001678     0.001459     0.001201     0.000908     0.000587     0.000244    -0.000114    -0.000478    -0.000839    -0.001189    -0.001519    -0.001822    -0.002091    -0.002320    -0.002505    -0.002643    -0.002733    -0.002775    -0.002770    -0.002722    -0.002634    -0.002510    -0.002356    -0.002178    -0.001981    -0.001771    -0.001555    -0.001337    -0.001122    -0.000916    -0.000723    -0.000546    -0.000389    -0.000255    -0.000147    -0.000067    -0.000017     0.000000
    0.000000     0.000014     0.000054     0.000118     0.000204     0.000309     0.000431     0.000569     0.000718     0.000876     0.001040     0.001207     0.001371     0.001530     0.001679     0.001813     0.001928     0.002018     0.002079     0.002108     0.002100     0.002051     0.001962     0.001829     0.001654     0.001438     0.001184     0.000896     0.000580     0.000242    -0.000110    -0.000467    -0.000822    -0.001166    -0.001491    -0.001788    -0.002052    -0.002278    -0.002460    -0.002596    -0.002685    -0.002727    -0.002723    -0.002676    -0.002589    -0.002468    -0.002318    -0.002143    -0.001950    -0.001744    -0.001531    -0.001317    -0.001106    -0.000903    -0.000713    -0.000538    -0.000384    -0.000252    -0.000145    -0.000066    -0.000017     0.000000
    0.000000     0.000014     0.000054     0.000117     0.000202     0.000307     0.000428     0.000564     0.000712     0.000868     0.001031     0.001195     0.001357     0.001514     0.001661     0.001793     0.001905     0.001993     0.002053     0.002080     0.002071     0.002023     0.001934     0.001803     0.001630     0.001417     0.001166     0.000883     0.000572     0.000240    -0.000106    -0.000457    -0.000806    -0.001144    -0.001463    -0.001755    -0.002015    -0.002236    -0.002416    -0.002550    -0.002638    -0.002679    -0.002676    -0.002630    -0.002546    -0.002427    -0.002280    -0.002108    -0.001919    -0.001717    -0.001508    -0.001297    -0.001089    -0.000890    -0.000702    -0.000531    -0.000378    -0.000248    -0.000143    -0.000065    -0.000017     0.000000
    0.000000     0.000014     0.000053     0.000116     0.000201     0.000304     0.000425     0.000559     0.000706     0.000861     0.001021     0.001183     0.001344     0.001498     0.001642     0.001772     0.001882     0.001969     0.002027     0.002053     0.002044     0.001996     0.001907     0.001777     0.001607     0.001396     0.001150     0.000871     0.000565     0.000238    -0.000102    -0.000447    -0.000790    -0.001122    -0.001435    -0.001723    -0.001978    -0.002196    -0.002372    -0.002505    -0.002591    -0.002632    -0.002630    -0.002586    -0.002503    -0.002387    -0.002243    -0.002075    -0.001889    -0.001690    -0.001485    -0.001277    -0.001073    -0.000877    -0.000692    -0.000523    -0.000373    -0.000245    -0.000141    -0.000064    -0.000017     0.000000
    0.000000     0.000014     0.000053     0.000115     0.000199     0.000302     0.000421     0.000555     0.000699     0.000853     0.001011     0.001172     0.001330     0.001482     0.001624     0.001752     0.001860     0.001945     0.002001     0.002026     0.002016     0.001968     0.001880     0.001752     0.001584     0.001376     0.001134     0.000859     0.000558     0.000237    -0.000097    -0.000437    -0.000774    -0.001100    -0.001408    -0.001691    -0.001942    -0.002156    -0.002330    -0.002460    -0.002546    -0.002587    -0.002585    -0.002542    -0.002461    -0.002348    -0.002206    -0.002041    -0.001859    -0.001664    -0.001462    -0.001258    -0.001058    -0.000864    -0.000683    -0.000516    -0.000368    -0.000242    -0.000139    -0.000063    -0.000016     0.000000
    0.000000     0.000014     0.000053     0.000115     0.000198     0.000299     0.000418     0.000550     0.000693     0.000845     0.001002     0.001160     0.001316     0.001466     0.001606     0.001731     0.001838     0.001921     0.001976     0.002000     0.001989     0.001941     0.001854     0.001727     0.001561     0.001357     0.001118     0.000847     0.000551     0.000235    -0.000093    -0.000427    -0.000758    -0.001079    -0.001382    -0.001660    -0.001906    -0.002117    -0.002288    -0.002416    -0.002501    -0.002542    -0.002540    -0.002498    -0.002420    -0.002309    -0.002170    -0.002009    -0.001829    -0.001638    -0.001440    -0.001239    -0.001042    -0.000852    -0.000673    -0.000509    -0.000363    -0.000238    -0.000137    -0.000063    -0.000016     0.000000
    0.000000     0.000014     0.000052     0.000114     0.000196     0.000297     0.000414     0.000545     0.000687     0.000837     0.000992     0.001148     0.001302     0.001450     0.001588     0.001711     0.001816     0.001897     0.001951     0.001974     0.001963     0.001915     0.001829     0.001703     0.001539     0.001338     0.001102     0.000836     0.000544     0.000234    -0.000089    -0.000418    -0.000743    -0.001058    -0.001356    -0.001629    -0.001872    -0.002079    -0.002247    -0.002374    -0.002457    -0.002498    -0.002497    -0.002456    -0.002380    -0.002271    -0.002135    -0.001976    -0.001800    -0.001612    -0.001417    -0.001221    -0.001026    -0.000839    -0.000663    -0.000502    -0.000358    -0.000235    -0.000136    -0.000062    -0.000016     0.000000
    0.000000     0.000013     0.000052     0.000113     0.000194     0.000294     0.000411     0.000540     0.000681     0.000829     0.000982     0.001137     0.001289     0.001435     0.001570     0.001691     0.001794     0.001873     0.001926     0.001948     0.001937     0.001889     0.001803     0.001679     0.001517     0.001319     0.001087     0.000825     0.000538     0.000232    -0.000085    -0.000408    -0.000728    -0.001038    -0.001330    -0.001599    -0.001837    -0.002041    -0.002207    -0.002332    -0.002414    -0.002454    -0.002454    -0.002414    -0.002340    -0.002233    -0.002100    -0.001944    -0.001772    -0.001587    -0.001396    -0.001202    -0.001011    -0.000827    -0.000653    -0.000494    -0.000353    -0.000232    -0.000134    -0.000061    -0.000016     0.000000
    0.000000     0.000013     0.000051     0.000112     0.000193     0.000292     0.000407     0.000535     0.000674     0.000821     0.000972     0.001125     0.001275     0.001419     0.001552     0.001672     0.001772     0.001850     0.001901     0.001923     0.001911     0.001863     0.001778     0.001656     0.001496     0.001300     0.001071     0.000814     0.000531     0.000231    -0.000082    -0.000399    -0.000713    -0.001018    -0.001305    -0.001569    -0.001804    -0.002005    -0.002167    -0.002290    -0.002372    -0.002412    -0.002412    -0.002374    -0.002301    -0.002196    -0.002066    -0.001913    -0.001744    -0.001562    -0.001374    -0.001184    -0.000996    -0.000815    -0.000644    -0.000487    -0.000348    -0.000229    -0.000132    -0.000060    -0.000016     0.000000
    0.000000     0.000013     0.000051     0.000111     0.000191     0.000289     0.000403     0.000530     0.000668     0.000813     0.000963     0.001113     0.001261     0.001403     0.001535     0.001652     0.001751     0.001827     0.001877     0.001898     0.001885     0.001838     0.001754     0.001633     0.001475     0.001282     0.001057     0.000803     0.000525     0.000230    -0.000078    -0.000389    -0.000699    -0.000998    -0.001281    -0.001540    -0.001771    -0.001968    -0.002129    -0.002250    -0.002330    -0.002370    -0.002370    -0.002333    -0.002262    -0.002160    -0.002032    -0.001882    -0.001716    -0.001538    -0.001353    -0.001166    -0.000981    -0.000803    -0.000635    -0.000480    -0.000343    -0.000225    -0.000130    -0.000059    -0.000015     0.000000
    0.000000     0.000013     0.000050     0.000110     0.000189     0.000287     0.000400     0.000525     0.000661     0.000805     0.000953     0.001101     0.001248     0.001387     0.001517     0.001632     0.001729     0.001804     0.001853     0.001873     0.001860     0.001813     0.001730     0.001610     0.001454     0.001264     0.001042     0.000792     0.000519     0.000228    -0.000074    -0.000380    -0.000684    -0.000979    -0.001256    -0.001512    -0.001739    -0.001933    -0.002091    -0.002210    -0.002289    -0.002329    -0.002330    -0.002294    -0.002224    -0.002124    -0.001999    -0.001852    -0.001689    -0.001514    -0.001332    -0.001148    -0.000966    -0.000791    -0.000625    -0.000473    -0.000338    -0.000222    -0.000128    -0.000059    -0.000015     0.000000
    0.000000     0.000013     0.000050     0.000109     0.000188     0.000284     0.000396     0.000520     0.000655     0.000797     0.000943     0.001090     0.001234     0.001372     0.001500     0.001613     0.001708     0.001782     0.001830     0.001848     0.001835     0.001788     0.001706     0.001588     0.001434     0.001247     0.001028     0.000782     0.000513     0.000227    -0.000070    -0.000371    -0.000670    -0.000960    -0.001233    -0.001484    -0.001707    -0.001898    -0.002053    -0.002171    -0.002249    -0.002289    -0.002290    -0.002255    -0.002187    -0.002089    -0.001966    -0.001822    -0.001662    -0.001490    -0.001312    -0.001131    -0.000952    -0.000779    -0.000616    -0.000467    -0.000333    -0.000219    -0.000126    -0.000058    -0.000015     0.000000
    0.000000     0.000013     0.000050     0.000108     0.000186     0.000282     0.000392     0.000515     0.000649     0.000789     0.000933     0.001078     0.001220     0.001356     0.001482     0.001594     0.001688     0.001759     0.001806     0.001824     0.001811     0.001764     0.001682     0.001566     0.001414     0.001229     0.001014     0.000772     0.000507     0.000226    -0.000066    -0.000363    -0.000656    -0.000941    -0.001209    -0.001456    -0.001676    -0.001864    -0.002017    -0.002133    -0.002210    -0.002249    -0.002251    -0.002217    -0.002150    -0.002055    -0.001934    -0.001793    -0.001636    -0.001467    -0.001291    -0.001113    -0.000938    -0.000768    -0.000607    -0.000460    -0.000329    -0.000216    -0.000125    -0.000057    -0.000015     0.000000
    0.000000     0.000013     0.000049     0.000107     0.000184     0.000279     0.000388     0.000510     0.000642     0.000781     0.000923     0.001067     0.001207     0.001341     0.001465     0.001575     0.001667     0.001737     0.001783     0.001800     0.001787     0.001740     0.001659     0.001544     0.001395     0.001212     0.001000     0.000762     0.000502     0.000225    -0.000063    -0.000354    -0.000643    -0.000923    -0.001187    -0.001429    -0.001645    -0.001830    -0.001981    -0.002095    -0.002171    -0.002210    -0.002212    -0.002179    -0.002114    -0.002021    -0.001903    -0.001764    -0.001610    -0.001444    -0.001271    -0.001096    -0.000923    -0.000756    -0.000598    -0.000453    -0.000324    -0.000213    -0.000123    -0.000056    -0.000014     0.000000
    0.000000     0.000013     0.000049     0.000106     0.000183     0.000276     0.000385     0.000505     0.000636     0.000773     0.000913     0.001055     0.001193     0.001326     0.001448     0.001556     0.001646     0.001716     0.001760     0.001777     0.001763     0.001717     0.001637     0.001523     0.001375     0.001196     0.000987     0.000752     0.000496     0.000224    -0.000059    -0.000346    -0.000630    -0.000904    -0.001164    -0.001403    -0.001615    -0.001797    -0.001946    -0.002058    -0.002134    -0.002172    -0.002174    -0.002142    -0.002079    -0.001988    -0.001872    -0.001736    -0.001584    -0.001421    -0.001252    -0.001080    -0.000909    -0.000745    -0.000590    -0.000447    -0.000319    -0.000210    -0.000121    -0.000055    -0.000014     0.000000
    0.000000     0.000013     0.000048     0.000105     0.000181     0.000274     0.000381     0.000500     0.000629     0.000765     0.000904     0.001043     0.001180     0.001310     0.001431     0.001537     0.001626     0.001694     0.001737     0.001753     0.001739     0.001693     0.001614     0.001502     0.001356     0.001179     0.000974     0.000743     0.000490     0.000223    -0.000055    -0.000337    -0.000616    -0.000887    -0.001142    -0.001377    -0.001586    -0.001765    -0.001911    -0.002022    -0.002096    -0.002134    -0.002137    -0.002106    -0.002044    -0.001955    -0.001841    -0.001708    -0.001559    -0.001399    -0.001232    -0.001063    -0.000896    -0.000734    -0.000581    -0.000440    -0.000315    -0.000207    -0.000120    -0.000055    -0.000014     0.000000
    0.000000     0.000012     0.000048     0.000104     0.000179     0.000271     0.000377     0.000495     0.000623     0.000756     0.000894     0.001032     0.001167     0.001295     0.001414     0.001518     0.001606     0.001672     0.001715     0.001730     0.001716     0.001670     0.001592     0.001481     0.001338     0.001163     0.000961     0.000733     0.000485     0.000221    -0.000052    -0.000329    -0.000604    -0.000869    -0.001121    -0.001351    -0.001557    -0.001733    -0.001877    -0.001986    -0.002060    -0.002098    -0.002101    -0.002071    -0.002010    -0.001922    -0.001811    -0.001680    -0.001534    -0.001377    -0.001213    -0.001047    -0.000882    -0.000723    -0.000572    -0.000434    -0.000310    -0.000204    -0.000118    -0.000054    -0.000014     0.000000
    0.000000     0.000012     0.000047     0.000103     0.000177     0.000268     0.000373     0.000490     0.000616     0.000748     0.000884     0.001020     0.001153     0.001280     0.001397     0.001500     0.001586     0.001651     0.001693     0.001708     0.001693     0.001648     0.001571     0.001461     0.001319     0.001147     0.000948     0.000724     0.000480     0.000220    -0.000048    -0.000321    -0.000591    -0.000852    -0.001099    -0.001326    -0.001528    -0.001702    -0.001844    -0.001951    -0.002024    -0.002061    -0.002065    -0.002036    -0.001977    -0.001891    -0.001781    -0.001653    -0.001509    -0.001355    -0.001194    -0.001031    -0.000869    -0.000712    -0.000564    -0.000427    -0.000306    -0.000201    -0.000116    -0.000053    -0.000014     0.000000
    0.000000     0.000012     0.000047     0.000102     0.000176     0.000266     0.000369     0.000485     0.000609     0.000740     0.000874     0.001009     0.001140     0.001265     0.001380     0.001482     0.001566     0.001630     0.001671     0.001685     0.001671     0.001626     0.001549     0.001441     0.001301     0.001132     0.000935     0.000715     0.000474     0.000219    -0.000045    -0.000313    -0.000579    -0.000836    -0.001079    -0.001302    -0.001501    -0.001671    -0.001811    -0.001917    -0.001989    -0.002026    -0.002030    -0.002001    -0.001944    -0.001859    -0.001752    -0.001626    -0.001485    -0.001334    -0.001176    -0.001015    -0.000856    -0.000701    -0.000555    -0.000421    -0.000301    -0.000198    -0.000115    -0.000052    -0.000014     0.000000
    0.000000     0.000012     0.000046     0.000101     0.000174     0.000263     0.000366     0.000480     0.000603     0.000732     0.000865     0.000997     0.001127     0.001250     0.001364     0.001463     0.001547     0.001609     0.001649     0.001663     0.001648     0.001604     0.001528     0.001421     0.001283     0.001116     0.000923     0.000706     0.000469     0.000218    -0.000042    -0.000305    -0.000567    -0.000819    -0.001058    -0.001278    -0.001473    -0.001641    -0.001779    -0.001883    -0.001954    -0.001991    -0.001995    -0.001968    -0.001911    -0.001829    -0.001724    -0.001600    -0.001462    -0.001313    -0.001157    -0.000999    -0.000843    -0.000691    -0.000547    -0.000415    -0.000297    -0.000195    -0.000113    -0.000052    -0.000013     0.000000
    0.000000     0.000012     0.000046     0.000100     0.000172     0.000260     0.000362     0.000475     0.000596     0.000724     0.000855     0.000986     0.001114     0.001235     0.001347     0.001445     0.001527     0.001589     0.001628     0.001641     0.001626     0.001582     0.001507     0.001402     0.001266     0.001101     0.000911     0.000697     0.000464     0.000217    -0.000039    -0.000298    -0.000555    -0.000803    -0.001038    -0.001254    -0.001447    -0.001612    -0.001747    -0.001850    -0.001920    -0.001957    -0.001961    -0.001934    -0.001879    -0.001799    -0.001696    -0.001574    -0.001438    -0.001292    -0.001139    -0.000984    -0.000830    -0.000680    -0.000539    -0.000409    -0.000292    -0.000193    -0.000111    -0.000051    -0.000013     0.000000
    0.000000     0.000012     0.000045     0.000099     0.000170     0.000257     0.000358     0.000470     0.000590     0.000716     0.000845     0.000975     0.001101     0.001221     0.001331     0.001428     0.001508     0.001569     0.001607     0.001619     0.001604     0.001561     0.001487     0.001382     0.001248     0.001086     0.000899     0.000688     0.000459     0.000216    -0.000035    -0.000290    -0.000543    -0.000787    -0.001018    -0.001231    -0.001420    -0.001583    -0.001716    -0.001818    -0.001887    -0.001923    -0.001928    -0.001902    -0.001848    -0.001769    -0.001668    -0.001549    -0.001416    -0.001272    -0.001121    -0.000969    -0.000817    -0.000670    -0.000531    -0.000403    -0.000288    -0.000190    -0.000110    -0.000050    -0.000013     0.000000
    0.000000     0.000012     0.000045     0.000098     0.000169     0.000255     0.000354     0.000464     0.000583     0.000708     0.000836     0.000963     0.001088     0.001206     0.001314     0.001410     0.001489     0.001548     0.001586     0.001598     0.001583     0.001539     0.001466     0.001363     0.001231     0.001072     0.000887     0.000680     0.000454     0.000215    -0.000032    -0.000283    -0.000532    -0.000772    -0.000999    -0.001208    -0.001394    -0.001555    -0.001686    -0.001786    -0.001854    -0.001890    -0.001895    -0.001870    -0.001817    -0.001740    -0.001641    -0.001524    -0.001393    -0.001252    -0.001104    -0.000954    -0.000805    -0.000660    -0.000523    -0.000397    -0.000284    -0.000187    -0.000108    -0.000049    -0.000013     0.000000
    0.000000     0.000012     0.000045     0.000097     0.000167     0.000252     0.000350     0.000459     0.000577     0.000700     0.000826     0.000952     0.001075     0.001192     0.001298     0.001392     0.001470     0.001529     0.001565     0.001577     0.001562     0.001519     0.001446     0.001345     0.001215     0.001057     0.000875     0.000671     0.000450     0.000214    -0.000029    -0.000276    -0.000520    -0.000757    -0.000980    -0.001186    -0.001369    -0.001527    -0.001656    -0.001755    -0.001822    -0.001858    -0.001863    -0.001838    -0.001787    -0.001711    -0.001614    -0.001499    -0.001371    -0.001232    -0.001087    -0.000939    -0.000792    -0.000650    -0.000515    -0.000391    -0.000280    -0.000184    -0.000107    -0.000049    -0.000013     0.000000
    0.000000     0.000011     0.000044     0.000096     0.000165     0.000249     0.000346     0.000454     0.000570     0.000692     0.000817     0.000941     0.001062     0.001177     0.001282     0.001375     0.001451     0.001509     0.001544     0.001556     0.001541     0.001498     0.001427     0.001326     0.001198     0.001043     0.000864     0.000663     0.000445     0.000213    -0.000026    -0.000269    -0.000509    -0.000742    -0.000962    -0.001164    -0.001344    -0.001499    -0.001627    -0.001724    -0.001790    -0.001826    -0.001831    -0.001808    -0.001757    -0.001683    -0.001588    -0.001475    -0.001349    -0.001212    -0.001070    -0.000925    -0.000780    -0.000640    -0.000508    -0.000385    -0.000276    -0.000182    -0.000105    -0.000048    -0.000012     0.000000
    0.000000     0.000011     0.000044     0.000095     0.000163     0.000246     0.000343     0.000449     0.000564     0.000684     0.000807     0.000930     0.001050     0.001163     0.001267     0.001358     0.001433     0.001489     0.001524     0.001535     0.001520     0.001478     0.001407     0.001308     0.001182     0.001029     0.000852     0.000655     0.000440     0.000212    -0.000023    -0.000262    -0.000499    -0.000727    -0.000943    -0.001142    -0.001320    -0.001473    -0.001598    -0.001694    -0.001759    -0.001795    -0.001800    -0.001777    -0.001728    -0.001655    -0.001562    -0.001451    -0.001327    -0.001193    -0.001053    -0.000910    -0.000768    -0.000630    -0.000500    -0.000379    -0.000272    -0.000179    -0.000104    -0.000047    -0.000012     0.000000
    0.000000     0.000011     0.000043     0.000094     0.000161     0.000244     0.000339     0.000444     0.000558     0.000676     0.000798     0.000919     0.001037     0.001149     0.001251     0.001340     0.001415     0.001470     0.001504     0.001515     0.001500     0.001458     0.001388     0.001291     0.001166     0.001015     0.000841     0.000647     0.000435     0.000211    -0.000021    -0.000255    -0.000488    -0.000713    -0.000926    -0.001121    -0.001296    -0.001446    -0.001570    -0.001664    -0.001729    -0.001764    -0.001770    -0.001747    -0.001699    -0.001628    -0.001536    -0.001428    -0.001306    -0.001174    -0.001037    -0.000896    -0.000756    -0.000621    -0.000492    -0.000374    -0.000268    -0.000176    -0.000102    -0.000047    -0.000012     0.000000
    0.000000     0.000011     0.000043     0.000093     0.000160     0.000241     0.000335     0.000439     0.000551     0.000668     0.000788     0.000908     0.001024     0.001134     0.001235     0.001324     0.001396     0.001451     0.001484     0.001495     0.001480     0.001438     0.001369     0.001273     0.001150     0.001002     0.000830     0.000639     0.000431     0.000210    -0.000018    -0.000249    -0.000478    -0.000699    -0.000908    -0.001101    -0.001273    -0.001421    -0.001542    -0.001635    -0.001699    -0.001734    -0.001740    -0.001718    -0.001671    -0.001601    -0.001511    -0.001405    -0.001285    -0.001156    -0.001020    -0.000882    -0.000745    -0.000611    -0.000485    -0.000368    -0.000264    -0.000174    -0.000101    -0.000046    -0.000012     0.000000
    0.000000     0.000011     0.000042     0.000092     0.000158     0.000238     0.000331     0.000434     0.000545     0.000661     0.000779     0.000897     0.001012     0.001120     0.001220     0.001307     0.001378     0.001432     0.001465     0.001475     0.001460     0.001419     0.001351     0.001256     0.001134     0.000988     0.000820     0.000631     0.000426     0.000209    -0.000015    -0.000242    -0.000467    -0.000685    -0.000891    -0.001080    -0.001250    -0.001395    -0.001515    -0.001607    -0.001670    -0.001704    -0.001710    -0.001689    -0.001643    -0.001575    -0.001487    -0.001382    -0.001265    -0.001138    -0.001004    -0.000869    -0.000733    -0.000602    -0.000478    -0.000363    -0.000260    -0.000171    -0.000099    -0.000045    -0.000012     0.000000
    0.000000     0.000011     0.000042     0.000091     0.000156     0.000236     0.000327     0.000429     0.000538     0.000653     0.000770     0.000886     0.000999     0.001107     0.001204     0.001290     0.001361     0.001413     0.001445     0.001455     0.001440     0.001399     0.001332     0.001238     0.001119     0.000975     0.000809     0.000623     0.000422     0.000208    -0.000013    -0.000236    -0.000458    -0.000672    -0.000874    -0.001061    -0.001227    -0.001370    -0.001488    -0.001579    -0.001641    -0.001675    -0.001681    -0.001661    -0.001616    -0.001549    -0.001463    -0.001360    -0.001245    -0.001120    -0.000989    -0.000855    -0.000722    -0.000593    -0.000471    -0.000357    -0.000256    -0.000169    -0.000098    -0.000045    -0.000012     0.000000
    0.000000     0.000011     0.000041     0.000090     0.000154     0.000233     0.000324     0.000424     0.000532     0.000645     0.000760     0.000875     0.000987     0.001093     0.001189     0.001274     0.001343     0.001395     0.001426     0.001435     0.001421     0.001380     0.001314     0.001222     0.001104     0.000962     0.000798     0.000616     0.000417     0.000207    -0.000010    -0.000230    -0.000448    -0.000658    -0.000858    -0.001041    -0.001205    -0.001346    -0.001462    -0.001551    -0.001613    -0.001646    -0.001653    -0.001633    -0.001589    -0.001524    -0.001439    -0.001338    -0.001225    -0.001102    -0.000973    -0.000842    -0.000711    -0.000584    -0.000463    -0.000352    -0.000252    -0.000166    -0.000096    -0.000044    -0.000011     0.000000
    0.000000     0.000011     0.000041     0.000089     0.000153     0.000230     0.000320     0.000419     0.000526     0.000637     0.000751     0.000865     0.000975     0.001079     0.001174     0.001257     0.001326     0.001376     0.001407     0.001416     0.001401     0.001362     0.001296     0.001205     0.001089     0.000949     0.000788     0.000608     0.000413     0.000206    -0.000008    -0.000224    -0.000438    -0.000646    -0.000841    -0.001022    -0.001183    -0.001322    -0.001436    -0.001524    -0.001585    -0.001618    -0.001625    -0.001606    -0.001563    -0.001499    -0.001415    -0.001317    -0.001205    -0.001085    -0.000958    -0.000829    -0.000700    -0.000575    -0.000456    -0.000347    -0.000248    -0.000164    -0.000095    -0.000043    -0.000011     0.000000
    0.000000     0.000011     0.000040     0.000088     0.000151     0.000228     0.000316     0.000414     0.000520     0.000630     0.000742     0.000854     0.000963     0.001066     0.001159     0.001241     0.001308     0.001358     0.001389     0.001397     0.001382     0.001343     0.001278     0.001188     0.001074     0.000936     0.000778     0.000601     0.000408     0.000205    -0.000005    -0.000218    -0.000429    -0.000633    -0.000826    -0.001003    -0.001162    -0.001299    -0.001411    -0.001498    -0.001558    -0.001591    -0.001598    -0.001579    -0.001537    -0.001474    -0.001392    -0.001295    -0.001186    -0.001067    -0.000943    -0.000816    -0.000689    -0.000566    -0.000450    -0.000342    -0.000245    -0.000161    -0.000093    -0.000043    -0.000011     0.000000
    0.000000     0.000010     0.000040     0.000087     0.000149     0.000225     0.000312     0.000409     0.000513     0.000622     0.000733     0.000844     0.000951     0.001052     0.001144     0.001225     0.001291     0.001340     0.001370     0.001378     0.001364     0.001325     0.001261     0.001172     0.001059     0.000924     0.000768     0.000593     0.000404     0.000204    -0.000003    -0.000212    -0.000420    -0.000620    -0.000810    -0.000985    -0.001141    -0.001276    -0.001386    -0.001472    -0.001531    -0.001564    -0.001571    -0.001553    -0.001512    -0.001450    -0.001370    -0.001275    -0.001167    -0.001051    -0.000928    -0.000803    -0.000679    -0.000558    -0.000443    -0.000336    -0.000241    -0.000159    -0.000092    -0.000042    -0.000011     0.000000
    0.000000     0.000010     0.000039     0.000086     0.000147     0.000222     0.000309     0.000404     0.000507     0.000615     0.000724     0.000833     0.000939     0.001039     0.001130     0.001209     0.001274     0.001323     0.001352     0.001360     0.001345     0.001307     0.001244     0.001156     0.001045     0.000912     0.000758     0.000586     0.000400     0.000203    -0.000001    -0.000207    -0.000411    -0.000608    -0.000795    -0.000967    -0.001120    -0.001253    -0.001362    -0.001446    -0.001505    -0.001537    -0.001544    -0.001527    -0.001487    -0.001426    -0.001348    -0.001254    -0.001148    -0.001034    -0.000914    -0.000791    -0.000668    -0.000549    -0.000436    -0.000331    -0.000238    -0.000157    -0.000091    -0.000042    -0.000011     0.000000
    0.000000     0.000010     0.000039     0.000085     0.000146     0.000220     0.000305     0.000400     0.000501     0.000607     0.000715     0.000823     0.000927     0.001026     0.001115     0.001194     0.001258     0.001305     0.001334     0.001342     0.001327     0.001289     0.001227     0.001140     0.001031     0.000899     0.000748     0.000579     0.000396     0.000202     0.000001    -0.000201    -0.000402    -0.000596    -0.000780    -0.000949    -0.001100    -0.001231    -0.001338    -0.001421    -0.001479    -0.001511    -0.001518    -0.001501    -0.001462    -0.001403    -0.001326    -0.001234    -0.001130    -0.001018    -0.000899    -0.000779    -0.000658    -0.000541    -0.000430    -0.000326    -0.000234    -0.000154    -0.000089    -0.000041    -0.000011     0.000000
    0.000000     0.000010     0.000039     0.000084     0.000144     0.000217     0.000301     0.000395     0.000495     0.000600     0.000706     0.000812     0.000915     0.001013     0.001101     0.001178     0.001241     0.001288     0.001316     0.001323     0.001309     0.001271     0.001210     0.001125     0.001017     0.000887     0.000738     0.000572     0.000391     0.000201     0.000003    -0.000196    -0.000393    -0.000585    -0.000765    -0.000932    -0.001081    -0.001209    -0.001315    -0.001397    -0.001454    -0.001486    -0.001493    -0.001476    -0.001438    -0.001380    -0.001304    -0.001214    -0.001112    -0.001002    -0.000885    -0.000767    -0.000648    -0.000533    -0.000423    -0.000322    -0.000231    -0.000152    -0.000088    -0.000040    -0.000010     0.000000
    0.000000     0.000010     0.000038     0.000083     0.000142     0.000214     0.000298     0.000390     0.000489     0.000592     0.000697     0.000802     0.000904     0.001000     0.001087     0.001163     0.001225     0.001271     0.001298     0.001306     0.001291     0.001254     0.001193     0.001110     0.001003     0.000875     0.000728     0.000565     0.000387     0.000199     0.000005    -0.000191    -0.000385    -0.000573    -0.000751    -0.000915    -0.001061    -0.001188    -0.001292    -0.001373    -0.001429    -0.001460    -0.001468    -0.001452    -0.001414    -0.001357    -0.001283    -0.001195    -0.001094    -0.000986    -0.000872    -0.000755    -0.000638    -0.000525    -0.000417    -0.000317    -0.000227    -0.000150    -0.000087    -0.000040    -0.000010     0.000000
    0.000000     0.000010     0.000038     0.000082     0.000140     0.000212     0.000294     0.000385     0.000483     0.000585     0.000689     0.000792     0.000892     0.000987     0.001073     0.001147     0.001209     0.001254     0.001281     0.001288     0.001274     0.001237     0.001177     0.001094     0.000990     0.000864     0.000719     0.000558     0.000383     0.000198     0.000007    -0.000186    -0.000377    -0.000562    -0.000737    -0.000898    -0.001042    -0.001167    -0.001270    -0.001349    -0.001405    -0.001436    -0.001443    -0.001428    -0.001391    -0.001335    -0.001262    -0.001175    -0.001077    -0.000970    -0.000858    -0.000743    -0.000628    -0.000517    -0.000410    -0.000312    -0.000224    -0.000148    -0.000086    -0.000039    -0.000010     0.000000
    0.000000     0.000010     0.000037     0.000081     0.000139     0.000209     0.000290     0.000380     0.000477     0.000578     0.000680     0.000782     0.000881     0.000974     0.001059     0.001132     0.001193     0.001237     0.001264     0.001270     0.001256     0.001220     0.001161     0.001079     0.000976     0.000852     0.000710     0.000551     0.000379     0.000197     0.000009    -0.000181    -0.000369    -0.000551    -0.000723    -0.000882    -0.001024    -0.001146    -0.001247    -0.001326    -0.001381    -0.001411    -0.001419    -0.001404    -0.001368    -0.001313    -0.001242    -0.001157    -0.001060    -0.000955    -0.000844    -0.000731    -0.000619    -0.000509    -0.000404    -0.000307    -0.000220    -0.000145    -0.000084    -0.000039    -0.000010     0.000000
    0.000000     0.000010     0.000037     0.000080     0.000137     0.000207     0.000287     0.000376     0.000471     0.000570     0.000671     0.000772     0.000870     0.000961     0.001045     0.001117     0.001177     0.001220     0.001247     0.001253     0.001239     0.001203     0.001145     0.001065     0.000963     0.000841     0.000700     0.000544     0.000375     0.000196     0.000011    -0.000176    -0.000361    -0.000540    -0.000709    -0.000865    -0.001005    -0.001126    -0.001226    -0.001303    -0.001357    -0.001388    -0.001395    -0.001381    -0.001346    -0.001292    -0.001222    -0.001138    -0.001043    -0.000940    -0.000831    -0.000720    -0.000609    -0.000501    -0.000398    -0.000303    -0.000217    -0.000143    -0.000083    -0.000038    -0.000010     0.000000
    0.000000     0.000009     0.000036     0.000079     0.000135     0.000204     0.000283     0.000371     0.000465     0.000563     0.000663     0.000762     0.000858     0.000949     0.001031     0.001103     0.001161     0.001204     0.001230     0.001236     0.001222     0.001187     0.001129     0.001050     0.000950     0.000830     0.000691     0.000537     0.000371     0.000195     0.000013    -0.000171    -0.000353    -0.000529    -0.000696    -0.000850    -0.000987    -0.001106    -0.001204    -0.001281    -0.001334    -0.001364    -0.001372    -0.001358    -0.001323    -0.001271    -0.001202    -0.001120    -0.001026    -0.000925    -0.000818    -0.000709    -0.000600    -0.000493    -0.000392    -0.000298    -0.000214    -0.000141    -0.000082    -0.000037    -0.000010     0.000000
    0.000000     0.000009     0.000036     0.000078     0.000134     0.000202     0.000280     0.000366     0.000459     0.000556     0.000655     0.000752     0.000847     0.000936     0.001018     0.001088     0.001146     0.001188     0.001213     0.001219     0.001205     0.001170     0.001114     0.001036     0.000937     0.000818     0.000682     0.000531     0.000367     0.000193     0.000014    -0.000167    -0.000346    -0.000519    -0.000683    -0.000834    -0.000970    -0.001087    -0.001184    -0.001259    -0.001311    -0.001341    -0.001349    -0.001335    -0.001302    -0.001250    -0.001183    -0.001102    -0.001010    -0.000910    -0.000806    -0.000698    -0.000591    -0.000486    -0.000386    -0.000294    -0.000211    -0.000139    -0.000081    -0.000037    -0.000010     0.000000
    0.000000     0.000009     0.000035     0.000077     0.000132     0.000199     0.000276     0.000362     0.000453     0.000549     0.000646     0.000743     0.000836     0.000924     0.001004     0.001074     0.001130     0.001172     0.001197     0.001203     0.001189     0.001154     0.001098     0.001021     0.000924     0.000807     0.000673     0.000524     0.000363     0.000192     0.000016    -0.000162    -0.000338    -0.000509    -0.000670    -0.000819    -0.000952    -0.001068    -0.001163    -0.001237    -0.001289    -0.001319    -0.001326    -0.001313    -0.001280    -0.001230    -0.001164    -0.001084    -0.000994    -0.000896    -0.000793    -0.000687    -0.000581    -0.000478    -0.000380    -0.000289    -0.000208    -0.000137    -0.000079    -0.000036    -0.000009     0.000000
    0.000000     0.000009     0.000035     0.000076     0.000130     0.000197     0.000273     0.000357     0.000448     0.000542     0.000638     0.000733     0.000825     0.000912     0.000991     0.001059     0.001115     0.001156     0.001180     0.001186     0.001173     0.001138     0.001083     0.001007     0.000911     0.000797     0.000665     0.000518     0.000359     0.000191     0.000018    -0.000158    -0.000331    -0.000499    -0.000658    -0.000804    -0.000936    -0.001049    -0.001143    -0.001216    -0.001267    -0.001297    -0.001304    -0.001291    -0.001259    -0.001210    -0.001145    -0.001067    -0.000978    -0.000882    -0.000781    -0.000676    -0.000572    -0.000471    -0.000374    -0.000285    -0.000204    -0.000135    -0.000078    -0.000036    -0.000009     0.000000
    0.000000     0.000009     0.000034     0.000075     0.000129     0.000194     0.000269     0.000353     0.000442     0.000535     0.000630     0.000724     0.000815     0.000900     0.000978     0.001045     0.001100     0.001140     0.001164     0.001170     0.001156     0.001123     0.001068     0.000994     0.000899     0.000786     0.000656     0.000511     0.000355     0.000190     0.000019    -0.000153    -0.000324    -0.000489    -0.000646    -0.000790    -0.000919    -0.001031    -0.001123    -0.001195    -0.001246    -0.001275    -0.001283    -0.001270    -0.001239    -0.001190    -0.001126    -0.001050    -0.000963    -0.000868    -0.000768    -0.000666    -0.000564    -0.000464    -0.000369    -0.000281    -0.000201    -0.000133    -0.000077    -0.000035    -0.000009     0.000000
    0.000000     0.000009     0.000034     0.000074     0.000127     0.000192     0.000266     0.000348     0.000436     0.000528     0.000621     0.000714     0.000804     0.000888     0.000965     0.001031     0.001085     0.001125     0.001148     0.001154     0.001140     0.001107     0.001054     0.000980     0.000887     0.000775     0.000647     0.000505     0.000351     0.000188     0.000021    -0.000149    -0.000317    -0.000480    -0.000634    -0.000775    -0.000903    -0.001013    -0.001104    -0.001175    -0.001225    -0.001253    -0.001261    -0.001249    -0.001218    -0.001171    -0.001108    -0.001033    -0.000948    -0.000855    -0.000756    -0.000656    -0.000555    -0.000457    -0.000363    -0.000276    -0.000198    -0.000131    -0.000076    -0.000035    -0.000009     0.000000
    0.000000     0.000009     0.000034     0.000073     0.000125     0.000189     0.000263     0.000344     0.000431     0.000521     0.000613     0.000705     0.000793     0.000876     0.000952     0.001017     0.001071     0.001110     0.001133     0.001138     0.001125     0.001092     0.001039     0.000966     0.000875     0.000765     0.000639     0.000499     0.000347     0.000187     0.000022    -0.000145    -0.000310    -0.000470    -0.000622    -0.000762    -0.000887    -0.000995    -0.001085    -0.001155    -0.001204    -0.001232    -0.001240    -0.001229    -0.001199    -0.001152    -0.001090    -0.001017    -0.000933    -0.000841    -0.000745    -0.000646    -0.000546    -0.000450    -0.000358    -0.000272    -0.000195    -0.000129    -0.000075    -0.000034    -0.000009     0.000000
    0.000000     0.000009     0.000033     0.000072     0.000124     0.000187     0.000259     0.000339     0.000425     0.000514     0.000605     0.000696     0.000783     0.000865     0.000939     0.001004     0.001056     0.001094     0.001117     0.001122     0.001109     0.001077     0.001025     0.000953     0.000863     0.000755     0.000631     0.000493     0.000343     0.000186     0.000023    -0.000141    -0.000304    -0.000461    -0.000610    -0.000748    -0.000871    -0.000978    -0.001066    -0.001135    -0.001184    -0.001212    -0.001220    -0.001208    -0.001179    -0.001133    -0.001073    -0.001000    -0.000918    -0.000828    -0.000733    -0.000636    -0.000538    -0.000443    -0.000352    -0.000268    -0.000192    -0.000127    -0.000074    -0.000034    -0.000009     0.000000
    0.000000     0.000009     0.000033     0.000071     0.000122     0.000184     0.000256     0.000335     0.000420     0.000508     0.000597     0.000686     0.000772     0.000853     0.000927     0.000990     0.001042     0.001080     0.001102     0.001107     0.001094     0.001062     0.001011     0.000940     0.000851     0.000744     0.000622     0.000487     0.000340     0.000185     0.000024    -0.000137    -0.000297    -0.000452    -0.000599    -0.000734    -0.000856    -0.000961    -0.001048    -0.001116    -0.001164    -0.001192    -0.001200    -0.001189    -0.001160    -0.001115    -0.001056    -0.000984    -0.000903    -0.000815    -0.000721    -0.000626    -0.000530    -0.000436    -0.000347    -0.000264    -0.000190    -0.000125    -0.000073    -0.000033    -0.000009     0.000000
    0.000000     0.000008     0.000032     0.000070     0.000121     0.000182     0.000253     0.000331     0.000414     0.000501     0.000590     0.000677     0.000762     0.000842     0.000914     0.000977     0.001028     0.001065     0.001087     0.001092     0.001079     0.001047     0.000997     0.000927     0.000839     0.000734     0.000614     0.000480     0.000336     0.000183     0.000026    -0.000134    -0.000291    -0.000444    -0.000588    -0.000721    -0.000841    -0.000944    -0.001030    -0.001097    -0.001144    -0.001172    -0.001180    -0.001169    -0.001141    -0.001097    -0.001039    -0.000969    -0.000889    -0.000802    -0.000710    -0.000616    -0.000522    -0.000429    -0.000342    -0.000260    -0.000187    -0.000123    -0.000072    -0.000033    -0.000009     0.000000
    0.000000     0.000008     0.000032     0.000069     0.000119     0.000180     0.000249     0.000326     0.000409     0.000494     0.000582     0.000668     0.000752     0.000831     0.000902     0.000963     0.001014     0.001050     0.001072     0.001077     0.001064     0.001033     0.000983     0.000914     0.000828     0.000725     0.000606     0.000474     0.000332     0.000182     0.000027    -0.000130    -0.000285    -0.000435    -0.000577    -0.000708    -0.000826    -0.000928    -0.001012    -0.001078    -0.001125    -0.001152    -0.001160    -0.001150    -0.001122    -0.001079    -0.001022    -0.000953    -0.000875    -0.000789    -0.000699    -0.000606    -0.000514    -0.000423    -0.000336    -0.000256    -0.000184    -0.000122    -0.000071    -0.000032    -0.000008     0.000000
    0.000000     0.000008     0.000032     0.000068     0.000118     0.000177     0.000246     0.000322     0.000403     0.000488     0.000574     0.000659     0.000742     0.000819     0.000890     0.000950     0.001000     0.001036     0.001057     0.001062     0.001049     0.001018     0.000969     0.000902     0.000816     0.000715     0.000598     0.000468     0.000328     0.000181     0.000028    -0.000126    -0.000279    -0.000427    -0.000566    -0.000696    -0.000811    -0.000912    -0.000995    -0.001060    -0.001106    -0.001133    -0.001141    -0.001131    -0.001104    -0.001062    -0.001006    -0.000938    -0.000861    -0.000777    -0.000688    -0.000597    -0.000506    -0.000416    -0.000331    -0.000252    -0.000181    -0.000120    -0.000069    -0.000032    -0.000008     0.000000
    0.000000     0.000008     0.000031     0.000068     0.000116     0.000175     0.000243     0.000318     0.000398     0.000482     0.000566     0.000651     0.000732     0.000808     0.000877     0.000937     0.000986     0.001022     0.001042     0.001047     0.001034     0.001004     0.000956     0.000889     0.000805     0.000705     0.000590     0.000463     0.000325     0.000179     0.000029    -0.000123    -0.000273    -0.000418    -0.000556    -0.000683    -0.000797    -0.000896    -0.000978    -0.001042    -0.001088    -0.001114    -0.001122    -0.001112    -0.001086    -0.001045    -0.000990    -0.000923    -0.000848    -0.000765    -0.000678    -0.000588    -0.000498    -0.000410    -0.000326    -0.000249    -0.000179    -0.000118    -0.000068    -0.000031    -0.000008     0.000000
    0.000000     0.000008     0.000031     0.000067     0.000115     0.000173     0.000240     0.000314     0.000393     0.000475     0.000559     0.000642     0.000722     0.000797     0.000866     0.000925     0.000972     0.001007     0.001028     0.001032     0.001020     0.000990     0.000942     0.000877     0.000794     0.000695     0.000582     0.000457     0.000321     0.000178     0.000030    -0.000119    -0.000267    -0.000410    -0.000546    -0.000671    -0.000783    -0.000880    -0.000961    -0.001024    -0.001069    -0.001096    -0.001104    -0.001094    -0.001068    -0.001028    -0.000974    -0.000908    -0.000834    -0.000753    -0.000667    -0.000579    -0.000490    -0.000404    -0.000321    -0.000245    -0.000176    -0.000116    -0.000067    -0.000031    -0.000008     0.000000
    0.000000     0.000008     0.000030     0.000066     0.000113     0.000170     0.000236     0.000309     0.000387     0.000469     0.000551     0.000633     0.000712     0.000787     0.000854     0.000912     0.000959     0.000994     0.001014     0.001018     0.001006     0.000976     0.000929     0.000865     0.000783     0.000686     0.000575     0.000451     0.000317     0.000176     0.000031    -0.000116    -0.000262    -0.000402    -0.000536    -0.000659    -0.000769    -0.000865    -0.000945    -0.001007    -0.001051    -0.001077    -0.001086    -0.001076    -0.001051    -0.001011    -0.000958    -0.000894    -0.000821    -0.000741    -0.000657    -0.000570    -0.000483    -0.000398    -0.000317    -0.000241    -0.000173    -0.000114    -0.000066    -0.000030    -0.000008     0.000000
    0.000000     0.000008     0.000030     0.000065     0.000112     0.000168     0.000233     0.000305     0.000382     0.000463     0.000544     0.000625     0.000703     0.000776     0.000842     0.000899     0.000946     0.000980     0.001000     0.001004     0.000992     0.000963     0.000916     0.000853     0.000772     0.000677     0.000567     0.000445     0.000314     0.000175     0.000032    -0.000113    -0.000256    -0.000395    -0.000526    -0.000647    -0.000756    -0.000850    -0.000929    -0.000990    -0.001034    -0.001060    -0.001068    -0.001059    -0.001034    -0.000995    -0.000943    -0.000880    -0.000808    -0.000730    -0.000646    -0.000561    -0.000475    -0.000392    -0.000312    -0.000237    -0.000171    -0.000113    -0.000065    -0.000030    -0.000008     0.000000
    0.000000     0.000008     0.000030     0.000064     0.000110     0.000166     0.000230     0.000301     0.000377     0.000456     0.000537     0.000616     0.000693     0.000765     0.000831     0.000887     0.000933     0.000966     0.000986     0.000990     0.000978     0.000949     0.000903     0.000841     0.000762     0.000668     0.000560     0.000440     0.000310     0.000174     0.000033    -0.000110    -0.000251    -0.000387    -0.000516    -0.000636    -0.000743    -0.000836    -0.000913    -0.000974    -0.001017    -0.001042    -0.001050    -0.001042    -0.001017    -0.000979    -0.000928    -0.000866    -0.000795    -0.000718    -0.000636    -0.000552    -0.000468    -0.000386    -0.000307    -0.000234    -0.000168    -0.000111    -0.000065    -0.000030    -0.000008     0.000000
    0.000000     0.000008     0.000029     0.000063     0.000109     0.000164     0.000227     0.000297     0.000372     0.000450     0.000529     0.000608     0.000684     0.000755     0.000819     0.000875     0.000920     0.000953     0.000972     0.000976     0.000964     0.000936     0.000891     0.000829     0.000751     0.000658     0.000552     0.000434     0.000307     0.000172     0.000033    -0.000107    -0.000246    -0.000380    -0.000507    -0.000624    -0.000730    -0.000821    -0.000898    -0.000957    -0.001000    -0.001025    -0.001033    -0.001025    -0.001001    -0.000963    -0.000913    -0.000852    -0.000783    -0.000707    -0.000627    -0.000544    -0.000461    -0.000380    -0.000302    -0.000230    -0.000166    -0.000109    -0.000064    -0.000029    -0.000008     0.000000
    0.000000     0.000008     0.000029     0.000062     0.000107     0.000162     0.000224     0.000293     0.000367     0.000444     0.000522     0.000600     0.000674     0.000745     0.000808     0.000863     0.000907     0.000940     0.000958     0.000962     0.000951     0.000923     0.000878     0.000817     0.000741     0.000649     0.000545     0.000429     0.000303     0.000171     0.000034    -0.000104    -0.000240    -0.000373    -0.000498    -0.000613    -0.000717    -0.000807    -0.000882    -0.000941    -0.000983    -0.001008    -0.001016    -0.001008    -0.000985    -0.000948    -0.000898    -0.000839    -0.000771    -0.000696    -0.000617    -0.000535    -0.000454    -0.000374    -0.000298    -0.000227    -0.000163    -0.000108    -0.000063    -0.000029    -0.000007     0.000000
    0.000000     0.000007     0.000028     0.000062     0.000106     0.000159     0.000221     0.000289     0.000362     0.000438     0.000515     0.000592     0.000665     0.000734     0.000797     0.000851     0.000895     0.000926     0.000945     0.000949     0.000937     0.000910     0.000866     0.000806     0.000731     0.000641     0.000537     0.000423     0.000300     0.000169     0.000035    -0.000101    -0.000235    -0.000365    -0.000489    -0.000603    -0.000705    -0.000794    -0.000867    -0.000925    -0.000967    -0.000991    -0.000999    -0.000992    -0.000969    -0.000933    -0.000884    -0.000825    -0.000758    -0.000685    -0.000607    -0.000527    -0.000447    -0.000368    -0.000293    -0.000223    -0.000161    -0.000106    -0.000062    -0.000028    -0.000007     0.000000
    0.000000     0.000007     0.000028     0.000061     0.000104     0.000157     0.000218     0.000285     0.000357     0.000432     0.000508     0.000583     0.000656     0.000724     0.000786     0.000839     0.000882     0.000913     0.000932     0.000936     0.000924     0.000897     0.000854     0.000795     0.000720     0.000632     0.000530     0.000418     0.000296     0.000168     0.000035    -0.000098    -0.000230    -0.000359    -0.000480    -0.000592    -0.000693    -0.000780    -0.000853    -0.000910    -0.000951    -0.000975    -0.000983    -0.000976    -0.000953    -0.000918    -0.000870    -0.000812    -0.000747    -0.000674    -0.000598    -0.000519    -0.000440    -0.000363    -0.000289    -0.000220    -0.000158    -0.000105    -0.000061    -0.000028    -0.000007     0.000000
    0.000000     0.000007     0.000028     0.000060     0.000103     0.000155     0.000215     0.000282     0.000352     0.000426     0.000501     0.000575     0.000647     0.000714     0.000775     0.000827     0.000870     0.000901     0.000919     0.000922     0.000911     0.000884     0.000842     0.000784     0.000710     0.000623     0.000523     0.000412     0.000293     0.000166     0.000036    -0.000096    -0.000226    -0.000352    -0.000471    -0.000581    -0.000681    -0.000767    -0.000838    -0.000895    -0.000935    -0.000959    -0.000967    -0.000960    -0.000938    -0.000903    -0.000856    -0.000800    -0.000735    -0.000664    -0.000589    -0.000511    -0.000433    -0.000357    -0.000284    -0.000217    -0.000156    -0.000103    -0.000060    -0.000027    -0.000007     0.000000
    0.000000     0.000007     0.000027     0.000059     0.000102     0.000153     0.000212     0.000278     0.000348     0.000420     0.000494     0.000568     0.000638     0.000704     0.000764     0.000816     0.000858     0.000888     0.000906     0.000909     0.000898     0.000872     0.000830     0.000773     0.000701     0.000615     0.000516     0.000407     0.000289     0.000165     0.000037    -0.000093    -0.000221    -0.000345    -0.000463    -0.000571    -0.000669    -0.000754    -0.000824    -0.000880    -0.000920    -0.000943    -0.000951    -0.000944    -0.000923    -0.000888    -0.000843    -0.000787    -0.000723    -0.000653    -0.000579    -0.000503    -0.000427    -0.000352    -0.000280    -0.000214    -0.000154    -0.000102    -0.000059    -0.000027    -0.000007     0.000000
    0.000000     0.000007     0.000027     0.000058     0.000100     0.000151     0.000209     0.000274     0.000343     0.000415     0.000488     0.000560     0.000629     0.000695     0.000754     0.000804     0.000846     0.000876     0.000893     0.000897     0.000886     0.000860     0.000818     0.000762     0.000691     0.000606     0.000509     0.000402     0.000286     0.000163     0.000037    -0.000090    -0.000216    -0.000339    -0.000454    -0.000561    -0.000657    -0.000741    -0.000810    -0.000865    -0.000904    -0.000928    -0.000936    -0.000929    -0.000908    -0.000874    -0.000829    -0.000775    -0.000712    -0.000643    -0.000570    -0.000496    -0.000420    -0.000346    -0.000276    -0.000210    -0.000151    -0.000100    -0.000058    -0.000027    -0.000007     0.000000
    0.000000     0.000007     0.000027     0.000058     0.000099     0.000149     0.000207     0.000270     0.000338     0.000409     0.000481     0.000552     0.000621     0.000685     0.000743     0.000793     0.000834     0.000863     0.000880     0.000884     0.000873     0.000848     0.000807     0.000751     0.000681     0.000598     0.000502     0.000397     0.000282     0.000162     0.000038    -0.000088    -0.000212    -0.000332    -0.000446    -0.000551    -0.000646    -0.000728    -0.000797    -0.000851    -0.000889    -0.000913    -0.000921    -0.000914    -0.000893    -0.000860    -0.000816    -0.000762    -0.000701    -0.000633    -0.000562    -0.000488    -0.000414    -0.000341    -0.000272    -0.000207    -0.000149    -0.000099    -0.000057    -0.000026    -0.000007     0.000000
    0.000000     0.000007     0.000026     0.000057     0.000097     0.000147     0.000204     0.000266     0.000334     0.000403     0.000474     0.000544     0.000612     0.000675     0.000733     0.000782     0.000822     0.000851     0.000868     0.000871     0.000861     0.000836     0.000795     0.000741     0.000672     0.000590     0.000496     0.000391     0.000279     0.000160     0.000038    -0.000085    -0.000208    -0.000326    -0.000438    -0.000542    -0.000635    -0.000716    -0.000784    -0.000837    -0.000875    -0.000898    -0.000906    -0.000899    -0.000879    -0.000847    -0.000803    -0.000750    -0.000690    -0.000623    -0.000553    -0.000480    -0.000407    -0.000336    -0.000268    -0.000204    -0.000147    -0.000097    -0.000056    -0.000026    -0.000007     0.000000
    0.000000     0.000007     0.000026     0.000056     0.000096     0.000145     0.000201     0.000263     0.000329     0.000398     0.000468     0.000537     0.000604     0.000666     0.000722     0.000771     0.000811     0.000839     0.000856     0.000859     0.000849     0.000824     0.000784     0.000730     0.000662     0.000581     0.000489     0.000386     0.000276     0.000159     0.000039    -0.000083    -0.000203    -0.000320    -0.000430    -0.000532    -0.000624    -0.000704    -0.000770    -0.000823    -0.000860    -0.000883    -0.000891    -0.000885    -0.000865    -0.000833    -0.000791    -0.000739    -0.000679    -0.000614    -0.000544    -0.000473    -0.000401    -0.000331    -0.000264    -0.000201    -0.000145    -0.000096    -0.000056    -0.000026    -0.000007     0.000000
    0.000000     0.000007     0.000025     0.000055     0.000095     0.000143     0.000198     0.000259     0.000324     0.000392     0.000461     0.000529     0.000595     0.000657     0.000712     0.000760     0.000799     0.000827     0.000844     0.000847     0.000837     0.000812     0.000773     0.000720     0.000653     0.000573     0.000482     0.000381     0.000272     0.000157     0.000039    -0.000081    -0.000199    -0.000314    -0.000423    -0.000523    -0.000613    -0.000692    -0.000758    -0.000809    -0.000846    -0.000869    -0.000877    -0.000870    -0.000851    -0.000820    -0.000778    -0.000727    -0.000668    -0.000604    -0.000536    -0.000466    -0.000395    -0.000326    -0.000260    -0.000198    -0.000142    -0.000094    -0.000055    -0.000025    -0.000007     0.000000
    0.000000     0.000007     0.000025     0.000054     0.000094     0.000141     0.000195     0.000256     0.000320     0.000387     0.000455     0.000522     0.000587     0.000648     0.000702     0.000750     0.000788     0.000816     0.000832     0.000835     0.000825     0.000800     0.000762     0.000710     0.000644     0.000565     0.000476     0.000376     0.000269     0.000156     0.000039    -0.000079    -0.000195    -0.000308    -0.000415    -0.000514    -0.000603    -0.000680    -0.000745    -0.000796    -0.000832    -0.000854    -0.000862    -0.000856    -0.000838    -0.000807    -0.000766    -0.000716    -0.000658    -0.000595    -0.000528    -0.000459    -0.000389    -0.000321    -0.000256    -0.000195    -0.000140    -0.000093    -0.000054    -0.000025    -0.000006     0.000000
    0.000000     0.000006     0.000025     0.000054     0.000092     0.000139     0.000193     0.000252     0.000316     0.000382     0.000449     0.000515     0.000579     0.000638     0.000692     0.000739     0.000777     0.000804     0.000820     0.000823     0.000813     0.000789     0.000751     0.000700     0.000635     0.000558     0.000469     0.000371     0.000266     0.000154     0.000040    -0.000076    -0.000191    -0.000302    -0.000408    -0.000505    -0.000593    -0.000669    -0.000732    -0.000783    -0.000819    -0.000841    -0.000848    -0.000843    -0.000824    -0.000794    -0.000754    -0.000704    -0.000648    -0.000586    -0.000520    -0.000452    -0.000383    -0.000316    -0.000252    -0.000192    -0.000138    -0.000091    -0.000053    -0.000024    -0.000006     0.000000
    0.000000     0.000006     0.000024     0.000053     0.000091     0.000137     0.000190     0.000249     0.000311     0.000376     0.000442     0.000508     0.000571     0.000629     0.000683     0.000729     0.000766     0.000793     0.000808     0.000811     0.000801     0.000778     0.000741     0.000690     0.000626     0.000550     0.000463     0.000367     0.000263     0.000153     0.000040    -0.000074    -0.000187    -0.000297    -0.000400    -0.000496    -0.000582    -0.000658    -0.000720    -0.000770    -0.000805    -0.000827    -0.000835    -0.000829    -0.000811    -0.000782    -0.000742    -0.000693    -0.000638    -0.000577    -0.000512    -0.000445    -0.000377    -0.000311    -0.000248    -0.000189    -0.000136    -0.000090    -0.000052    -0.000024    -0.000006     0.000000
    0.000000     0.000006     0.000024     0.000052     0.000090     0.000135     0.000187     0.000245     0.000307     0.000371     0.000436     0.000500     0.000563     0.000621     0.000673     0.000718     0.000755     0.000781     0.000797     0.000800     0.000790     0.000767     0.000730     0.000680     0.000617     0.000542     0.000457     0.000362     0.000259     0.000151     0.000040    -0.000072    -0.000183    -0.000291    -0.000393    -0.000488    -0.000573    -0.000647    -0.000708    -0.000757    -0.000792    -0.000814    -0.000821    -0.000816    -0.000798    -0.000769    -0.000730    -0.000682    -0.000628    -0.000568    -0.000504    -0.000438    -0.000372    -0.000307    -0.000244    -0.000186    -0.000134    -0.000089    -0.000052    -0.000024    -0.000006     0.000000
    0.000000     0.000006     0.000024     0.000052     0.000088     0.000133     0.000185     0.000242     0.000303     0.000366     0.000430     0.000493     0.000555     0.000612     0.000664     0.000708     0.000744     0.000770     0.000785     0.000788     0.000779     0.000756     0.000720     0.000670     0.000608     0.000535     0.000450     0.000357     0.000256     0.000150     0.000040    -0.000070    -0.000180    -0.000286    -0.000386    -0.000479    -0.000563    -0.000636    -0.000697    -0.000745    -0.000779    -0.000800    -0.000808    -0.000803    -0.000785    -0.000757    -0.000719    -0.000672    -0.000618    -0.000559    -0.000496    -0.000431    -0.000366    -0.000302    -0.000241    -0.000184    -0.000132    -0.000087    -0.000051    -0.000023    -0.000006     0.000000
    0.000000     0.000006     0.000023     0.000051     0.000087     0.000131     0.000182     0.000238     0.000298     0.000361     0.000424     0.000487     0.000547     0.000603     0.000654     0.000698     0.000734     0.000759     0.000774     0.000777     0.000768     0.000745     0.000709     0.000661     0.000600     0.000527     0.000444     0.000352     0.000253     0.000148     0.000041    -0.000068    -0.000176    -0.000281    -0.000379    -0.000471    -0.000553    -0.000625    -0.000685    -0.000732    -0.000767    -0.000787    -0.000795    -0.000790    -0.000773    -0.000745    -0.000707    -0.000661    -0.000608    -0.000550    -0.000488    -0.000425    -0.000360    -0.000297    -0.000237    -0.000181    -0.000130    -0.000086    -0.000050    -0.000023    -0.000006     0.000000
    0.000000     0.000006     0.000023     0.000050     0.000086     0.000130     0.000180     0.000235     0.000294     0.000356     0.000418     0.000480     0.000539     0.000595     0.000645     0.000688     0.000723     0.000748     0.000763     0.000766     0.000757     0.000734     0.000699     0.000651     0.000591     0.000520     0.000438     0.000348     0.000250     0.000147     0.000041    -0.000067    -0.000173    -0.000275    -0.000373    -0.000463    -0.000544    -0.000615    -0.000674    -0.000720    -0.000754    -0.000775    -0.000782    -0.000777    -0.000761    -0.000733    -0.000696    -0.000651    -0.000599    -0.000542    -0.000481    -0.000418    -0.000355    -0.000293    -0.000233    -0.000178    -0.000128    -0.000085    -0.000049    -0.000023    -0.000006     0.000000
    0.000000     0.000006     0.000023     0.000049     0.000085     0.000128     0.000177     0.000232     0.000290     0.000351     0.000412     0.000473     0.000531     0.000586     0.000636     0.000678     0.000713     0.000738     0.000752     0.000755     0.000746     0.000724     0.000689     0.000642     0.000583     0.000513     0.000432     0.000343     0.000247     0.000145     0.000041    -0.000065    -0.000169    -0.000270    -0.000366    -0.000455    -0.000535    -0.000604    -0.000663    -0.000709    -0.000742    -0.000762    -0.000770    -0.000765    -0.000749    -0.000722    -0.000685    -0.000641    -0.000590    -0.000533    -0.000473    -0.000412    -0.000349    -0.000288    -0.000230    -0.000175    -0.000126    -0.000084    -0.000049    -0.000022    -0.000006     0.000000
    0.000000     0.000006     0.000022     0.000049     0.000084     0.000126     0.000175     0.000229     0.000286     0.000346     0.000406     0.000466     0.000524     0.000578     0.000627     0.000669     0.000703     0.000727     0.000741     0.000744     0.000735     0.000713     0.000679     0.000633     0.000575     0.000505     0.000426     0.000338     0.000244     0.000144     0.000041    -0.000063    -0.000166    -0.000265    -0.000360    -0.000447    -0.000526    -0.000594    -0.000652    -0.000697    -0.000730    -0.000750    -0.000757    -0.000753    -0.000737    -0.000710    -0.000675    -0.000631    -0.000580    -0.000525    -0.000466    -0.000405    -0.000344    -0.000284    -0.000226    -0.000173    -0.000124    -0.000082    -0.000048    -0.000022    -0.000006     0.000000
    0.000000     0.000006     0.000022     0.000048     0.000082     0.000124     0.000172     0.000225     0.000282     0.000341     0.000401     0.000460     0.000517     0.000570     0.000618     0.000659     0.000693     0.000717     0.000731     0.000734     0.000724     0.000703     0.000670     0.000624     0.000567     0.000498     0.000420     0.000334     0.000241     0.000142     0.000041    -0.000061    -0.000162    -0.000261    -0.000353    -0.000439    -0.000517    -0.000584    -0.000641    -0.000686    -0.000718    -0.000738    -0.000745    -0.000741    -0.000725    -0.000699    -0.000664    -0.000621    -0.000571    -0.000517    -0.000459    -0.000399    -0.000339    -0.000280    -0.000223    -0.000170    -0.000123    -0.000081    -0.000047    -0.000022    -0.000006     0.000000
    0.000000     0.000006     0.000022     0.000047     0.000081     0.000123     0.000170     0.000222     0.000278     0.000336     0.000395     0.000453     0.000509     0.000562     0.000609     0.000650     0.000683     0.000707     0.000720     0.000723     0.000714     0.000693     0.000660     0.000615     0.000559     0.000491     0.000415     0.000329     0.000238     0.000141     0.000041    -0.000060    -0.000159    -0.000256    -0.000347    -0.000432    -0.000508    -0.000575    -0.000630    -0.000674    -0.000706    -0.000726    -0.000733    -0.000729    -0.000714    -0.000688    -0.000654    -0.000611    -0.000563    -0.000509    -0.000452    -0.000393    -0.000334    -0.000276    -0.000220    -0.000168    -0.000121    -0.000080    -0.000046    -0.000021    -0.000006     0.000000
    0.000000     0.000006     0.000022     0.000047     0.000080     0.000121     0.000167     0.000219     0.000274     0.000331     0.000389     0.000447     0.000502     0.000554     0.000600     0.000640     0.000673     0.000696     0.000710     0.000713     0.000704     0.000683     0.000651     0.000606     0.000551     0.000484     0.000409     0.000325     0.000235     0.000139     0.000041    -0.000058    -0.000156    -0.000251    -0.000341    -0.000425    -0.000500    -0.000565    -0.000620    -0.000663    -0.000695    -0.000714    -0.000722    -0.000717    -0.000702    -0.000677    -0.000643    -0.000602    -0.000554    -0.000501    -0.000445    -0.000387    -0.000329    -0.000271    -0.000216    -0.000165    -0.000119    -0.000079    -0.000046    -0.000021    -0.000005     0.000000
    0.000000     0.000006     0.000021     0.000046     0.000079     0.000119     0.000165     0.000216     0.000270     0.000327     0.000384     0.000440     0.000495     0.000546     0.000592     0.000631     0.000663     0.000686     0.000700     0.000702     0.000694     0.000673     0.000641     0.000598     0.000543     0.000478     0.000403     0.000321     0.000232     0.000138     0.000041    -0.000056    -0.000153    -0.000247    -0.000335    -0.000417    -0.000491    -0.000556    -0.000610    -0.000653    -0.000684    -0.000703    -0.000710    -0.000706    -0.000691    -0.000667    -0.000633    -0.000592    -0.000545    -0.000493    -0.000438    -0.000381    -0.000324    -0.000267    -0.000213    -0.000163    -0.000117    -0.000078    -0.000045    -0.000021    -0.000005     0.000000
    0.000000     0.000005     0.000021     0.000045     0.000078     0.000117     0.000163     0.000213     0.000266     0.000322     0.000378     0.000434     0.000488     0.000538     0.000583     0.000622     0.000654     0.000676     0.000690     0.000692     0.000684     0.000664     0.000632     0.000589     0.000535     0.000471     0.000398     0.000316     0.000229     0.000136     0.000041    -0.000055    -0.000150    -0.000242    -0.000329    -0.000410    -0.000483    -0.000547    -0.000600    -0.000642    -0.000673    -0.000692    -0.000699    -0.000695    -0.000680    -0.000656    -0.000623    -0.000583    -0.000537    -0.000486    -0.000432    -0.000375    -0.000319    -0.000263    -0.000210    -0.000160    -0.000115    -0.000076    -0.000044    -0.000020    -0.000005     0.000000
    0.000000     0.000005     0.000021     0.000045     0.000077     0.000116     0.000160     0.000210     0.000262     0.000317     0.000373     0.000428     0.000481     0.000530     0.000575     0.000613     0.000644     0.000667     0.000680     0.000682     0.000674     0.000654     0.000623     0.000581     0.000527     0.000464     0.000392     0.000312     0.000226     0.000135     0.000041    -0.000053    -0.000147    -0.000238    -0.000324    -0.000403    -0.000475    -0.000538    -0.000590    -0.000632    -0.000662    -0.000680    -0.000688    -0.000684    -0.000670    -0.000646    -0.000614    -0.000574    -0.000529    -0.000478    -0.000425    -0.000370    -0.000314    -0.000259    -0.000207    -0.000158    -0.000114    -0.000075    -0.000044    -0.000020    -0.000005     0.000000
    0.000000     0.000005     0.000020     0.000044     0.000076     0.000114     0.000158     0.000207     0.000259     0.000313     0.000368     0.000422     0.000474     0.000523     0.000566     0.000604     0.000635     0.000657     0.000670     0.000672     0.000664     0.000645     0.000614     0.000572     0.000520     0.000458     0.000387     0.000308     0.000223     0.000133     0.000041    -0.000052    -0.000144    -0.000233    -0.000318    -0.000397    -0.000467    -0.000529    -0.000581    -0.000621    -0.000651    -0.000670    -0.000677    -0.000673    -0.000659    -0.000636    -0.000604    -0.000565    -0.000520    -0.000471    -0.000418    -0.000364    -0.000309    -0.000255    -0.000204    -0.000156    -0.000112    -0.000074    -0.000043    -0.000020    -0.000005     0.000000
    0.000000     0.000005     0.000020     0.000044     0.000075     0.000112     0.000156     0.000204     0.000255     0.000308     0.000362     0.000416     0.000467     0.000515     0.000558     0.000596     0.000626     0.000648     0.000660     0.000663     0.000654     0.000635     0.000605     0.000564     0.000512     0.000451     0.000381     0.000304     0.000220     0.000132     0.000041    -0.000051    -0.000141    -0.000229    -0.000313    -0.000390    -0.000459    -0.000520    -0.000571    -0.000611    -0.000641    -0.000659    -0.000666    -0.000662    -0.000649    -0.000626    -0.000595    -0.000557    -0.000512    -0.000464    -0.000412    -0.000359    -0.000305    -0.000251    -0.000201    -0.000153    -0.000110    -0.000073    -0.000043    -0.000020    -0.000005     0.000000
    0.000000     0.000005     0.000020     0.000043     0.000074     0.000111     0.000154     0.000201     0.000251     0.000304     0.000357     0.000410     0.000460     0.000508     0.000550     0.000587     0.000617     0.000638     0.000651     0.000653     0.000645     0.000626     0.000596     0.000556     0.000505     0.000445     0.000376     0.000299     0.000217     0.000130     0.000041    -0.000049    -0.000139    -0.000225    -0.000307    -0.000383    -0.000452    -0.000512    -0.000562    -0.000602    -0.000630    -0.000648    -0.000655    -0.000652    -0.000639    -0.000616    -0.000586    -0.000548    -0.000505    -0.000457    -0.000406    -0.000353    -0.000300    -0.000248    -0.000198    -0.000151    -0.000109    -0.000072    -0.000042    -0.000019    -0.000005     0.000000
    0.000000     0.000005     0.000019     0.000042     0.000073     0.000109     0.000152     0.000198     0.000248     0.000300     0.000352     0.000404     0.000454     0.000500     0.000542     0.000579     0.000608     0.000629     0.000641     0.000643     0.000636     0.000617     0.000588     0.000548     0.000498     0.000438     0.000371     0.000295     0.000214     0.000129     0.000041    -0.000048    -0.000136    -0.000221    -0.000302    -0.000377    -0.000444    -0.000503    -0.000553    -0.000592    -0.000620    -0.000638    -0.000645    -0.000642    -0.000629    -0.000606    -0.000576    -0.000539    -0.000497    -0.000450    -0.000400    -0.000348    -0.000295    -0.000244    -0.000195    -0.000149    -0.000107    -0.000071    -0.000041    -0.000019    -0.000005     0.000000
    0.000000     0.000005     0.000019     0.000042     0.000071     0.000108     0.000149     0.000195     0.000244     0.000295     0.000347     0.000398     0.000447     0.000493     0.000534     0.000570     0.000599     0.000620     0.000632     0.000634     0.000626     0.000608     0.000579     0.000540     0.000491     0.000432     0.000365     0.000291     0.000211     0.000127     0.000041    -0.000047    -0.000133    -0.000217    -0.000297    -0.000371    -0.000437    -0.000495    -0.000544    -0.000582    -0.000610    -0.000628    -0.000635    -0.000632    -0.000619    -0.000597    -0.000567    -0.000531    -0.000489    -0.000443    -0.000393    -0.000342    -0.000291    -0.000240    -0.000192    -0.000146    -0.000105    -0.000070    -0.000041    -0.000019    -0.000005     0.000000
    0.000000     0.000005     0.000019     0.000041     0.000070     0.000106     0.000147     0.000192     0.000241     0.000291     0.000342     0.000392     0.000441     0.000486     0.000527     0.000562     0.000590     0.000611     0.000623     0.000625     0.000617     0.000599     0.000571     0.000532     0.000484     0.000426     0.000360     0.000287     0.000209     0.000126     0.000041    -0.000046    -0.000131    -0.000213    -0.000292    -0.000364    -0.000430    -0.000487    -0.000535    -0.000573    -0.000601    -0.000618    -0.000625    -0.000622    -0.000609    -0.000588    -0.000559    -0.000523    -0.000482    -0.000436    -0.000387    -0.000337    -0.000287    -0.000237    -0.000189    -0.000144    -0.000104    -0.000069    -0.000040    -0.000018    -0.000005     0.000000
    0.000000     0.000005     0.000019     0.000040     0.000069     0.000105     0.000145     0.000190     0.000237     0.000287     0.000337     0.000387     0.000434     0.000479     0.000519     0.000554     0.000582     0.000602     0.000613     0.000616     0.000608     0.000590     0.000562     0.000524     0.000477     0.000420     0.000355     0.000283     0.000206     0.000124     0.000040    -0.000044    -0.000128    -0.000210    -0.000287    -0.000358    -0.000423    -0.000479    -0.000526    -0.000564    -0.000591    -0.000608    -0.000615    -0.000612    -0.000599    -0.000579    -0.000550    -0.000515    -0.000474    -0.000429    -0.000382    -0.000332    -0.000282    -0.000233    -0.000186    -0.000142    -0.000102    -0.000068    -0.000039    -0.000018    -0.000005     0.000000
    0.000000     0.000005     0.000018     0.000040     0.000068     0.000103     0.000143     0.000187     0.000234     0.000283     0.000332     0.000381     0.000428     0.000472     0.000512     0.000546     0.000573     0.000593     0.000605     0.000607     0.000599     0.000582     0.000554     0.000517     0.000470     0.000414     0.000350     0.000279     0.000203     0.000123     0.000040    -0.000043    -0.000126    -0.000206    -0.000282    -0.000352    -0.000416    -0.000471    -0.000518    -0.000555    -0.000582    -0.000598    -0.000605    -0.000602    -0.000590    -0.000570    -0.000541    -0.000507    -0.000467    -0.000423    -0.000376    -0.000327    -0.000278    -0.000230    -0.000183    -0.000140    -0.000101    -0.000067    -0.000039    -0.000018    -0.000005     0.000000
    0.000000     0.000005     0.000018     0.000039     0.000067     0.000102     0.000141     0.000184     0.000230     0.000279     0.000327     0.000375     0.000422     0.000465     0.000504     0.000538     0.000565     0.000584     0.000596     0.000598     0.000591     0.000573     0.000546     0.000509     0.000463     0.000408     0.000345     0.000276     0.000201     0.000122     0.000040    -0.000042    -0.000123    -0.000202    -0.000277    -0.000346    -0.000409    -0.000464    -0.000509    -0.000546    -0.000572    -0.000589    -0.000596    -0.000593    -0.000581    -0.000561    -0.000533    -0.000499    -0.000460    -0.000416    -0.000370    -0.000322    -0.000274    -0.000226    -0.000180    -0.000138    -0.000099    -0.000066    -0.000038    -0.000018    -0.000005     0.000000
    0.000000     0.000005     0.000018     0.000039     0.000067     0.000100     0.000139     0.000182     0.000227     0.000275     0.000323     0.000370     0.000416     0.000458     0.000497     0.000530     0.000557     0.000576     0.000587     0.000589     0.000582     0.000565     0.000538     0.000502     0.000456     0.000402     0.000340     0.000272     0.000198     0.000120     0.000040    -0.000041    -0.000121    -0.000199    -0.000272    -0.000341    -0.000402    -0.000456    -0.000501    -0.000537    -0.000563    -0.000580    -0.000586    -0.000583    -0.000572    -0.000552    -0.000525    -0.000491    -0.000453    -0.000410    -0.000364    -0.000317    -0.000270    -0.000223    -0.000178    -0.000136    -0.000098    -0.000065    -0.000038    -0.000017    -0.000005     0.000000
    0.000000     0.000005     0.000018     0.000038     0.000066     0.000099     0.000137     0.000179     0.000224     0.000271     0.000318     0.000365     0.000410     0.000452     0.000490     0.000522     0.000548     0.000568     0.000578     0.000581     0.000573     0.000557     0.000530     0.000495     0.000450     0.000396     0.000335     0.000268     0.000195     0.000119     0.000040    -0.000040    -0.000119    -0.000195    -0.000268    -0.000335    -0.000396    -0.000449    -0.000493    -0.000528    -0.000554    -0.000570    -0.000577    -0.000574    -0.000563    -0.000543    -0.000517    -0.000484    -0.000446    -0.000404    -0.000359    -0.000312    -0.000266    -0.000219    -0.000175    -0.000134    -0.000096    -0.000064    -0.000037    -0.000017    -0.000004     0.000000
    0.000000     0.000005     0.000017     0.000038     0.000065     0.000097     0.000135     0.000176     0.000221     0.000267     0.000313     0.000359     0.000404     0.000445     0.000482     0.000515     0.000540     0.000559     0.000570     0.000572     0.000565     0.000549     0.000523     0.000487     0.000443     0.000391     0.000331     0.000264     0.000193     0.000117     0.000040    -0.000039    -0.000117    -0.000192    -0.000263    -0.000329    -0.000389    -0.000441    -0.000485    -0.000520    -0.000546    -0.000561    -0.000568    -0.000565    -0.000554    -0.000535    -0.000509    -0.000476    -0.000439    -0.000398    -0.000353    -0.000308    -0.000262    -0.000216    -0.000172    -0.000132    -0.000095    -0.000063    -0.000037    -0.000017    -0.000004     0.000000
    0.000000     0.000004     0.000017     0.000037     0.000064     0.000096     0.000133     0.000174     0.000217     0.000263     0.000309     0.000354     0.000398     0.000439     0.000475     0.000507     0.000533     0.000551     0.000562     0.000564     0.000557     0.000541     0.000515     0.000480     0.000437     0.000385     0.000326     0.000261     0.000190     0.000116     0.000039    -0.000038    -0.000114    -0.000189    -0.000259    -0.000324    -0.000383    -0.000434    -0.000477    -0.000512    -0.000537    -0.000553    -0.000559    -0.000557    -0.000546    -0.000527    -0.000501    -0.000469    -0.000432    -0.000391    -0.000348    -0.000303    -0.000258    -0.000213    -0.000170    -0.000130    -0.000094    -0.000062    -0.000036    -0.000017    -0.000004     0.000000
    0.000000     0.000004     0.000017     0.000037     0.000063     0.000095     0.000131     0.000171     0.000214     0.000259     0.000304     0.000349     0.000392     0.000432     0.000468     0.000500     0.000525     0.000543     0.000553     0.000555     0.000549     0.000533     0.000507     0.000473     0.000430     0.000379     0.000321     0.000257     0.000187     0.000114     0.000039    -0.000037    -0.000112    -0.000185    -0.000255    -0.000319    -0.000377    -0.000427    -0.000470    -0.000504    -0.000528    -0.000544    -0.000550    -0.000548    -0.000537    -0.000519    -0.000493    -0.000462    -0.000426    -0.000386    -0.000343    -0.000298    -0.000254    -0.000210    -0.000167    -0.000128    -0.000092    -0.000061    -0.000036    -0.000016    -0.000004     0.000000
    0.000000     0.000004     0.000017     0.000036     0.000062     0.000093     0.000129     0.000169     0.000211     0.000255     0.000300     0.000344     0.000386     0.000426     0.000462     0.000492     0.000517     0.000535     0.000545     0.000547     0.000541     0.000525     0.000500     0.000466     0.000424     0.000374     0.000317     0.000253     0.000185     0.000113     0.000039    -0.000036    -0.000110    -0.000182    -0.000250    -0.000313    -0.000370    -0.000420    -0.000462    -0.000496    -0.000520    -0.000535    -0.000542    -0.000539    -0.000529    -0.000510    -0.000486    -0.000455    -0.000419    -0.000380    -0.000338    -0.000294    -0.000250    -0.000206    -0.000165    -0.000126    -0.000091    -0.000060    -0.000035    -0.000016    -0.000004     0.000000
    0.000000     0.000004     0.000016     0.000036     0.000061     0.000092     0.000127     0.000166     0.000208     0.000251     0.000295     0.000339     0.000381     0.000420     0.000455     0.000485     0.000509     0.000527     0.000537     0.000539     0.000533     0.000517     0.000493     0.000459     0.000418     0.000369     0.000312     0.000250     0.000182     0.000112     0.000039    -0.000035    -0.000108    -0.000179    -0.000246    -0.000308    -0.000364    -0.000414    -0.000455    -0.000488    -0.000512    -0.000527    -0.000533    -0.000531    -0.000520    -0.000503    -0.000478    -0.000448    -0.000413    -0.000374    -0.000332    -0.000289    -0.000246    -0.000203    -0.000162    -0.000124    -0.000089    -0.000059    -0.000035    -0.000016    -0.000004     0.000000
    0.000000     0.000004     0.000016     0.000035     0.000060     0.000090     0.000125     0.000164     0.000205     0.000248     0.000291     0.000334     0.000375     0.000413     0.000448     0.000478     0.000502     0.000519     0.000529     0.000531     0.000525     0.000509     0.000485     0.000453     0.000412     0.000363     0.000308     0.000246     0.000180     0.000110     0.000038    -0.000034    -0.000106    -0.000176    -0.000242    -0.000303    -0.000359    -0.000407    -0.000448    -0.000480    -0.000504    -0.000519    -0.000525    -0.000523    -0.000512    -0.000495    -0.000471    -0.000441    -0.000406    -0.000368    -0.000327    -0.000285    -0.000242    -0.000200    -0.000160    -0.000122    -0.000088    -0.000058    -0.000034    -0.000016    -0.000004     0.000000
    0.000000     0.000004     0.000016     0.000034     0.000059     0.000089     0.000124     0.000161     0.000202     0.000244     0.000287     0.000329     0.000369     0.000407     0.000441     0.000471     0.000495     0.000512     0.000521     0.000523     0.000517     0.000502     0.000478     0.000446     0.000406     0.000358     0.000303     0.000243     0.000178     0.000109     0.000038    -0.000033    -0.000104    -0.000173    -0.000238    -0.000298    -0.000353    -0.000400    -0.000440    -0.000472    -0.000496    -0.000510    -0.000517    -0.000514    -0.000504    -0.000487    -0.000463    -0.000434    -0.000400    -0.000363    -0.000322    -0.000281    -0.000239    -0.000197    -0.000158    -0.000120    -0.000087    -0.000058    -0.000033    -0.000015    -0.000004     0.000000
    0.000000     0.000004     0.000016     0.000034     0.000058     0.000088     0.000122     0.000159     0.000199     0.000241     0.000283     0.000324     0.000364     0.000401     0.000435     0.000464     0.000487     0.000504     0.000514     0.000516     0.000509     0.000495     0.000471     0.000440     0.000400     0.000353     0.000299     0.000239     0.000175     0.000107     0.000038    -0.000033    -0.000102    -0.000170    -0.000234    -0.000293    -0.000347    -0.000394    -0.000433    -0.000465    -0.000488    -0.000502    -0.000509    -0.000506    -0.000497    -0.000480    -0.000456    -0.000427    -0.000394    -0.000357    -0.000317    -0.000277    -0.000235    -0.000194    -0.000155    -0.000119    -0.000085    -0.000057    -0.000033    -0.000015    -0.000004     0.000000
    0.000000     0.000004     0.000015     0.000033     0.000057     0.000087     0.000120     0.000157     0.000196     0.000237     0.000278     0.000319     0.000359     0.000395     0.000429     0.000457     0.000480     0.000497     0.000506     0.000508     0.000502     0.000487     0.000464     0.000433     0.000394     0.000348     0.000295     0.000236     0.000173     0.000106     0.000037    -0.000032    -0.000100    -0.000167    -0.000230    -0.000289    -0.000341    -0.000388    -0.000427    -0.000458    -0.000480    -0.000495    -0.000501    -0.000499    -0.000489    -0.000472    -0.000449    -0.000421    -0.000388    -0.000352    -0.000313    -0.000272    -0.000232    -0.000191    -0.000153    -0.000117    -0.000084    -0.000056    -0.000033    -0.000015    -0.000004     0.000000
    0.000000     0.000004     0.000015     0.000033     0.000057     0.000085     0.000118     0.000154     0.000193     0.000233     0.000274     0.000315     0.000353     0.000390     0.000422     0.000450     0.000473     0.000489     0.000499     0.000501     0.000494     0.000480     0.000457     0.000427     0.000388     0.000342     0.000290     0.000233     0.000170     0.000105     0.000037    -0.000031    -0.000099    -0.000164    -0.000226    -0.000284    -0.000336    -0.000381    -0.000420    -0.000450    -0.000473    -0.000487    -0.000493    -0.000491    -0.000481    -0.000465    -0.000442    -0.000414    -0.000382    -0.000346    -0.000308    -0.000268    -0.000228    -0.000189    -0.000151    -0.000115    -0.000083    -0.000055    -0.000032    -0.000015    -0.000004     0.000000
    0.000000     0.000004     0.000015     0.000032     0.000056     0.000084     0.000116     0.000152     0.000190     0.000230     0.000270     0.000310     0.000348     0.000384     0.000416     0.000444     0.000466     0.000482     0.000491     0.000493     0.000487     0.000473     0.000451     0.000420     0.000382     0.000337     0.000286     0.000229     0.000168     0.000103     0.000037    -0.000030    -0.000097    -0.000161    -0.000223    -0.000279    -0.000331    -0.000375    -0.000413    -0.000443    -0.000465    -0.000479    -0.000485    -0.000483    -0.000474    -0.000458    -0.000436    -0.000408    -0.000376    -0.000341    -0.000303    -0.000264    -0.000225    -0.000186    -0.000148    -0.000113    -0.000082    -0.000054    -0.000032    -0.000015    -0.000004     0.000000
    0.000000     0.000004     0.000015     0.000032     0.000055     0.000083     0.000115     0.000150     0.000188     0.000227     0.000266     0.000305     0.000343     0.000378     0.000410     0.000437     0.000459     0.000475     0.000484     0.000486     0.000480     0.000466     0.000444     0.000414     0.000377     0.000333     0.000282     0.000226     0.000166     0.000102     0.000037    -0.000030    -0.000095    -0.000159    -0.000219    -0.000275    -0.000325    -0.000369    -0.000407    -0.000436    -0.000458    -0.000472    -0.000477    -0.000476    -0.000467    -0.000451    -0.000429    -0.000402    -0.000370    -0.000336    -0.000299    -0.000260    -0.000221    -0.000183    -0.000146    -0.000112    -0.000080    -0.000053    -0.000031    -0.000014    -0.000004     0.000000
    0.000000     0.000004     0.000015     0.000032     0.000054     0.000082     0.000113     0.000148     0.000185     0.000223     0.000262     0.000301     0.000338     0.000373     0.000404     0.000431     0.000452     0.000468     0.000477     0.000479     0.000473     0.000459     0.000437     0.000408     0.000371     0.000328     0.000278     0.000223     0.000163     0.000101     0.000036    -0.000029    -0.000093    -0.000156    -0.000215    -0.000270    -0.000320    -0.000363    -0.000400    -0.000429    -0.000451    -0.000464    -0.000470    -0.000468    -0.000459    -0.000444    -0.000422    -0.000396    -0.000365    -0.000331    -0.000294    -0.000256    -0.000218    -0.000180    -0.000144    -0.000110    -0.000079    -0.000053    -0.000031    -0.000014    -0.000004     0.000000
    0.000000     0.000004     0.000014     0.000031     0.000053     0.000080     0.000111     0.000146     0.000182     0.000220     0.000258     0.000296     0.000333     0.000367     0.000398     0.000424     0.000446     0.000461     0.000470     0.000471     0.000466     0.000452     0.000431     0.000402     0.000366     0.000323     0.000274     0.000220     0.000161     0.000099     0.000036    -0.000028    -0.000092    -0.000153    -0.000212    -0.000266    -0.000315    -0.000358    -0.000394    -0.000422    -0.000444    -0.000457    -0.000463    -0.000461    -0.000452    -0.000437    -0.000416    -0.000390    -0.000359    -0.000326    -0.000290    -0.000252    -0.000215    -0.000177    -0.000142    -0.000108    -0.000078    -0.000052    -0.000030    -0.000014    -0.000004     0.000000
    0.000000     0.000004     0.000014     0.000031     0.000053     0.000079     0.000110     0.000143     0.000179     0.000217     0.000255     0.000292     0.000328     0.000362     0.000392     0.000418     0.000439     0.000454     0.000463     0.000464     0.000459     0.000445     0.000424     0.000396     0.000360     0.000318     0.000270     0.000216     0.000159     0.000098     0.000036    -0.000028    -0.000090    -0.000151    -0.000208    -0.000262    -0.000310    -0.000352    -0.000387    -0.000416    -0.000437    -0.000450    -0.000455    -0.000454    -0.000445    -0.000430    -0.000409    -0.000384    -0.000354    -0.000321    -0.000285    -0.000248    -0.000211    -0.000175    -0.000140    -0.000107    -0.000077    -0.000051    -0.000030    -0.000014    -0.000004     0.000000
    0.000000     0.000004     0.000014     0.000030     0.000052     0.000078     0.000108     0.000141     0.000177     0.000213     0.000251     0.000288     0.000323     0.000356     0.000386     0.000412     0.000432     0.000447     0.000456     0.000457     0.000452     0.000439     0.000418     0.000390     0.000355     0.000313     0.000266     0.000213     0.000157     0.000097     0.000035    -0.000027    -0.000088    -0.000148    -0.000205    -0.000257    -0.000305    -0.000346    -0.000381    -0.000409    -0.000430    -0.000443    -0.000448    -0.000447    -0.000438    -0.000423    -0.000403    -0.000378    -0.000348    -0.000316    -0.000281    -0.000245    -0.000208    -0.000172    -0.000137    -0.000105    -0.000076    -0.000050    -0.000029    -0.000013    -0.000004     0.000000
    0.000000     0.000004     0.000014     0.000030     0.000051     0.000077     0.000106     0.000139     0.000174     0.000210     0.000247     0.000283     0.000318     0.000351     0.000380     0.000406     0.000426     0.000441     0.000449     0.000451     0.000445     0.000432     0.000412     0.000384     0.000350     0.000309     0.000262     0.000210     0.000154     0.000096     0.000035    -0.000026    -0.000087    -0.000146    -0.000201    -0.000253    -0.000300    -0.000341    -0.000375    -0.000403    -0.000423    -0.000436    -0.000441    -0.000440    -0.000431    -0.000417    -0.000397    -0.000372    -0.000343    -0.000311    -0.000277    -0.000241    -0.000205    -0.000170    -0.000135    -0.000104    -0.000075    -0.000050    -0.000029    -0.000013    -0.000003     0.000000
    0.000000     0.000004     0.000013     0.000029     0.000050     0.000076     0.000105     0.000137     0.000171     0.000207     0.000243     0.000279     0.000314     0.000346     0.000375     0.000399     0.000419     0.000434     0.000442     0.000444     0.000438     0.000426     0.000406     0.000379     0.000345     0.000304     0.000258     0.000207     0.000152     0.000094     0.000035    -0.000026    -0.000085    -0.000143    -0.000198    -0.000249    -0.000295    -0.000335    -0.000369    -0.000396    -0.000416    -0.000429    -0.000435    -0.000433    -0.000425    -0.000410    -0.000391    -0.000366    -0.000338    -0.000306    -0.000272    -0.000237    -0.000202    -0.000167    -0.000133    -0.000102    -0.000074    -0.000049    -0.000028    -0.000013    -0.000003     0.000000
    0.000000     0.000003     0.000013     0.000029     0.000049     0.000075     0.000103     0.000135     0.000169     0.000204     0.000240     0.000275     0.000309     0.000340     0.000369     0.000393     0.000413     0.000427     0.000436     0.000437     0.000432     0.000419     0.000400     0.000373     0.000339     0.000300     0.000254     0.000204     0.000150     0.000093     0.000034    -0.000025    -0.000084    -0.000141    -0.000195    -0.000245    -0.000290    -0.000330    -0.000364    -0.000390    -0.000410    -0.000422    -0.000428    -0.000426    -0.000418    -0.000404    -0.000385    -0.000361    -0.000333    -0.000301    -0.000268    -0.000234    -0.000199    -0.000164    -0.000131    -0.000100    -0.000072    -0.000048    -0.000028    -0.000013    -0.000003     0.000000
    0.000000     0.000003     0.000013     0.000028     0.000049     0.000073     0.000102     0.000133     0.000166     0.000201     0.000236     0.000271     0.000304     0.000335     0.000363     0.000388     0.000407     0.000421     0.000429     0.000431     0.000425     0.000413     0.000394     0.000367     0.000334     0.000295     0.000251     0.000201     0.000148     0.000092     0.000034    -0.000025    -0.000082    -0.000138    -0.000192    -0.000241    -0.000286    -0.000325    -0.000358    -0.000384    -0.000403    -0.000416    -0.000421    -0.000420    -0.000412    -0.000398    -0.000379    -0.000355    -0.000327    -0.000297    -0.000264    -0.000230    -0.000196    -0.000162    -0.000129    -0.000099    -0.000071    -0.000047    -0.000028    -0.000013    -0.000003     0.000000
    0.000000     0.000003     0.000013     0.000028     0.000048     0.000072     0.000100     0.000131     0.000164     0.000198     0.000233     0.000267     0.000300     0.000330     0.000358     0.000382     0.000401     0.000415     0.000423     0.000424     0.000419     0.000407     0.000388     0.000362     0.000329     0.000291     0.000247     0.000198     0.000146     0.000090     0.000034    -0.000024    -0.000081    -0.000136    -0.000189    -0.000237    -0.000281    -0.000320    -0.000352    -0.000378    -0.000397    -0.000409    -0.000414    -0.000413    -0.000405    -0.000392    -0.000373    -0.000350    -0.000322    -0.000292    -0.000260    -0.000227    -0.000193    -0.000159    -0.000127    -0.000097    -0.000070    -0.000047    -0.000027    -0.000012    -0.000003     0.000000
    0.000000     0.000003     0.000013     0.000028     0.000047     0.000071     0.000099     0.000129     0.000161     0.000195     0.000229     0.000263     0.000295     0.000325     0.000352     0.000376     0.000395     0.000408     0.000416     0.000418     0.000413     0.000401     0.000382     0.000356     0.000324     0.000286     0.000243     0.000195     0.000144     0.000089     0.000033    -0.000023    -0.000080    -0.000134    -0.000186    -0.000233    -0.000277    -0.000315    -0.000347    -0.000372    -0.000391    -0.000403    -0.000408    -0.000407    -0.000399    -0.000386    -0.000367    -0.000344    -0.000317    -0.000288    -0.000256    -0.000223    -0.000190    -0.000157    -0.000125    -0.000096    -0.000069    -0.000046    -0.000027    -0.000012    -0.000003     0.000000
    0.000000     0.000003     0.000012     0.000027     0.000047     0.000070     0.000097     0.000127     0.000159     0.000192     0.000226     0.000259     0.000291     0.000320     0.000347     0.000370     0.000389     0.000402     0.000410     0.000411     0.000406     0.000395     0.000376     0.000351     0.000320     0.000282     0.000240     0.000192     0.000142     0.000088     0.000033    -0.000023    -0.000078    -0.000132    -0.000182    -0.000230    -0.000272    -0.000310    -0.000341    -0.000366    -0.000385    -0.000397    -0.000402    -0.000400    -0.000393    -0.000380    -0.000361    -0.000339    -0.000313    -0.000283    -0.000252    -0.000220    -0.000187    -0.000155    -0.000124    -0.000094    -0.000068    -0.000045    -0.000026    -0.000012    -0.000003     0.000000
    0.000000     0.000003     0.000012     0.000027     0.000046     0.000069     0.000096     0.000125     0.000156     0.000189     0.000222     0.000255     0.000286     0.000315     0.000342     0.000365     0.000383     0.000396     0.000404     0.000405     0.000400     0.000389     0.000370     0.000346     0.000315     0.000278     0.000236     0.000190     0.000139     0.000087     0.000032    -0.000022    -0.000077    -0.000129    -0.000179    -0.000226    -0.000268    -0.000305    -0.000336    -0.000360    -0.000379    -0.000390    -0.000395    -0.000394    -0.000387    -0.000374    -0.000356    -0.000334    -0.000308    -0.000279    -0.000248    -0.000216    -0.000184    -0.000152    -0.000122    -0.000093    -0.000067    -0.000044    -0.000026    -0.000012    -0.000003     0.000000
    0.000000     0.000003     0.000012     0.000026     0.000045     0.000068     0.000094     0.000123     0.000154     0.000186     0.000219     0.000251     0.000282     0.000311     0.000337     0.000359     0.000377     0.000390     0.000398     0.000399     0.000394     0.000383     0.000365     0.000340     0.000310     0.000274     0.000232     0.000187     0.000137     0.000086     0.000032    -0.000022    -0.000075    -0.000127    -0.000177    -0.000222    -0.000264    -0.000300    -0.000330    -0.000355    -0.000373    -0.000384    -0.000389    -0.000388    -0.000381    -0.000368    -0.000350    -0.000328    -0.000303    -0.000275    -0.000244    -0.000213    -0.000181    -0.000150    -0.000120    -0.000092    -0.000066    -0.000044    -0.000026    -0.000012    -0.000003     0.000000
    0.000000     0.000003     0.000012     0.000026     0.000044     0.000067     0.000093     0.000121     0.000152     0.000183     0.000215     0.000247     0.000277     0.000306     0.000332     0.000354     0.000371     0.000384     0.000391     0.000393     0.000388     0.000377     0.000359     0.000335     0.000305     0.000270     0.000229     0.000184     0.000135     0.000084     0.000032    -0.000021    -0.000074    -0.000125    -0.000174    -0.000219    -0.000259    -0.000295    -0.000325    -0.000349    -0.000367    -0.000378    -0.000383    -0.000382    -0.000375    -0.000362    -0.000345    -0.000323    -0.000298    -0.000270    -0.000241    -0.000210    -0.000178    -0.000148    -0.000118    -0.000090    -0.000065    -0.000043    -0.000025    -0.000012    -0.000003     0.000000
    0.000000     0.000003     0.000012     0.000025     0.000044     0.000066     0.000091     0.000119     0.000149     0.000181     0.000212     0.000243     0.000273     0.000301     0.000326     0.000348     0.000366     0.000378     0.000385     0.000387     0.000382     0.000371     0.000354     0.000330     0.000301     0.000266     0.000226     0.000181     0.000133     0.000083     0.000031    -0.000021    -0.000073    -0.000123    -0.000171    -0.000215    -0.000255    -0.000290    -0.000320    -0.000344    -0.000361    -0.000372    -0.000377    -0.000376    -0.000369    -0.000357    -0.000339    -0.000318    -0.000294    -0.000266    -0.000237    -0.000206    -0.000176    -0.000145    -0.000116    -0.000089    -0.000064    -0.000042    -0.000025    -0.000011    -0.000003     0.000000
    0.000000     0.000003     0.000012     0.000025     0.000043     0.000065     0.000090     0.000118     0.000147     0.000178     0.000209     0.000239     0.000269     0.000297     0.000321     0.000343     0.000360     0.000372     0.000380     0.000381     0.000376     0.000365     0.000348     0.000325     0.000296     0.000262     0.000222     0.000178     0.000131     0.000082     0.000031    -0.000021    -0.000072    -0.000121    -0.000168    -0.000212    -0.000251    -0.000286    -0.000315    -0.000338    -0.000355    -0.000366    -0.000371    -0.000370    -0.000363    -0.000351    -0.000334    -0.000313    -0.000289    -0.000262    -0.000233    -0.000203    -0.000173    -0.000143    -0.000114    -0.000087    -0.000063    -0.000042    -0.000024    -0.000011    -0.000003     0.000000
    0.000000     0.000003     0.000011     0.000025     0.000042     0.000064     0.000089     0.000116     0.000145     0.000175     0.000206     0.000236     0.000265     0.000292     0.000316     0.000337     0.000354     0.000367     0.000374     0.000375     0.000371     0.000360     0.000343     0.000320     0.000292     0.000258     0.000219     0.000176     0.000130     0.000081     0.000031    -0.000020    -0.000070    -0.000119    -0.000165    -0.000208    -0.000247    -0.000281    -0.000310    -0.000333    -0.000350    -0.000360    -0.000365    -0.000364    -0.000357    -0.000345    -0.000329    -0.000308    -0.000284    -0.000258    -0.000230    -0.000200    -0.000170    -0.000141    -0.000113    -0.000086    -0.000062    -0.000041    -0.000024    -0.000011    -0.000003     0.000000
    0.000000     0.000003     0.000011     0.000024     0.000042     0.000063     0.000087     0.000114     0.000143     0.000172     0.000202     0.000232     0.000261     0.000287     0.000311     0.000332     0.000349     0.000361     0.000368     0.000369     0.000365     0.000354     0.000338     0.000315     0.000287     0.000254     0.000215     0.000173     0.000128     0.000080     0.000030    -0.000020    -0.000069    -0.000117    -0.000163    -0.000205    -0.000243    -0.000277    -0.000305    -0.000327    -0.000344    -0.000355    -0.000359    -0.000358    -0.000352    -0.000340    -0.000324    -0.000303    -0.000280    -0.000254    -0.000226    -0.000197    -0.000168    -0.000139    -0.000111    -0.000085    -0.000061    -0.000041    -0.000024    -0.000011    -0.000003     0.000000
    0.000000     0.000003     0.000011     0.000024     0.000041     0.000062     0.000086     0.000112     0.000140     0.000170     0.000199     0.000228     0.000257     0.000283     0.000307     0.000327     0.000343     0.000355     0.000362     0.000363     0.000359     0.000349     0.000332     0.000310     0.000283     0.000250     0.000212     0.000170     0.000126     0.000078     0.000030    -0.000019    -0.000068    -0.000115    -0.000160    -0.000201    -0.000239    -0.000272    -0.000300    -0.000322    -0.000339    -0.000349    -0.000354    -0.000353    -0.000346    -0.000335    -0.000319    -0.000299    -0.000276    -0.000250    -0.000222    -0.000194    -0.000165    -0.000136    -0.000109    -0.000083    -0.000060    -0.000040    -0.000023    -0.000011    -0.000003     0.000000
    0.000000     0.000003     0.000011     0.000024     0.000040     0.000061     0.000084     0.000110     0.000138     0.000167     0.000196     0.000225     0.000253     0.000278     0.000302     0.000322     0.000338     0.000350     0.000356     0.000358     0.000353     0.000343     0.000327     0.000305     0.000278     0.000246     0.000209     0.000168     0.000124     0.000077     0.000029    -0.000019    -0.000067    -0.000113    -0.000157    -0.000198    -0.000235    -0.000268    -0.000295    -0.000317    -0.000333    -0.000343    -0.000348    -0.000347    -0.000340    -0.000329    -0.000313    -0.000294    -0.000271    -0.000246    -0.000219    -0.000191    -0.000162    -0.000134    -0.000107    -0.000082    -0.000059    -0.000039    -0.000023    -0.000011    -0.000003     0.000000
    0.000000     0.000003     0.000011     0.000023     0.000040     0.000060     0.000083     0.000109     0.000136     0.000164     0.000193     0.000221     0.000249     0.000274     0.000297     0.000317     0.000333     0.000344     0.000351     0.000352     0.000348     0.000338     0.000322     0.000301     0.000274     0.000242     0.000206     0.000165     0.000122     0.000076     0.000029    -0.000018    -0.000066    -0.000111    -0.000155    -0.000195    -0.000231    -0.000263    -0.000290    -0.000312    -0.000328    -0.000338    -0.000342    -0.000341    -0.000335    -0.000324    -0.000308    -0.000289    -0.000267    -0.000242    -0.000215    -0.000188    -0.000160    -0.000132    -0.000106    -0.000081    -0.000058    -0.000039    -0.000022    -0.000010    -0.000003     0.000000
    0.000000     0.000003     0.000010     0.000023     0.000039     0.000059     0.000082     0.000107     0.000134     0.000162     0.000190     0.000218     0.000245     0.000270     0.000292     0.000312     0.000327     0.000339     0.000345     0.000347     0.000342     0.000333     0.000317     0.000296     0.000269     0.000238     0.000202     0.000163     0.000120     0.000075     0.000029    -0.000018    -0.000064    -0.000109    -0.000152    -0.000192    -0.000228    -0.000259    -0.000285    -0.000307    -0.000322    -0.000332    -0.000337    -0.000336    -0.000330    -0.000319    -0.000303    -0.000285    -0.000262    -0.000238    -0.000212    -0.000185    -0.000157    -0.000130    -0.000104    -0.000079    -0.000057    -0.000038    -0.000022    -0.000010    -0.000003     0.000000
    0.000000     0.000003     0.000010     0.000022     0.000038     0.000058     0.000080     0.000105     0.000131     0.000159     0.000187     0.000214     0.000241     0.000265     0.000288     0.000307     0.000322     0.000333     0.000340     0.000341     0.000337     0.000327     0.000312     0.000291     0.000265     0.000234     0.000199     0.000160     0.000118     0.000074     0.000028    -0.000018    -0.000063    -0.000108    -0.000150    -0.000189    -0.000224    -0.000255    -0.000281    -0.000302    -0.000317    -0.000327    -0.000331    -0.000330    -0.000324    -0.000313    -0.000298    -0.000280    -0.000258    -0.000234    -0.000208    -0.000182    -0.000155    -0.000128    -0.000102    -0.000078    -0.000056    -0.000037    -0.000022    -0.000010    -0.000003     0.000000
    0.000000     0.000003     0.000010     0.000022     0.000038     0.000057     0.000079     0.000103     0.000129     0.000156     0.000184     0.000211     0.000237     0.000261     0.000283     0.000302     0.000317     0.000328     0.000334     0.000335     0.000331     0.000322     0.000307     0.000287     0.000261     0.000231     0.000196     0.000158     0.000116     0.000073     0.000028    -0.000017    -0.000062    -0.000106    -0.000147    -0.000185    -0.000220    -0.000250    -0.000276    -0.000297    -0.000312    -0.000322    -0.000326    -0.000325    -0.000319    -0.000308    -0.000294    -0.000275    -0.000254    -0.000230    -0.000205    -0.000179    -0.000152    -0.000126    -0.000100    -0.000077    -0.000055    -0.000037    -0.000021    -0.000010    -0.000003     0.000000
    0.000000     0.000003     0.000010     0.000022     0.000037     0.000056     0.000078     0.000102     0.000127     0.000154     0.000181     0.000207     0.000233     0.000257     0.000278     0.000297     0.000312     0.000323     0.000329     0.000330     0.000326     0.000317     0.000302     0.000282     0.000257     0.000227     0.000193     0.000155     0.000114     0.000072     0.000028    -0.000017    -0.000061    -0.000104    -0.000145    -0.000182    -0.000216    -0.000246    -0.000272    -0.000292    -0.000307    -0.000316    -0.000320    -0.000319    -0.000314    -0.000303    -0.000289    -0.000271    -0.000250    -0.000226    -0.000202    -0.000176    -0.000149    -0.000124    -0.000099    -0.000075    -0.000054    -0.000036    -0.000021    -0.000010    -0.000003     0.000000
    0.000000     0.000003     0.000010     0.000021     0.000037     0.000055     0.000076     0.000100     0.000125     0.000151     0.000178     0.000204     0.000229     0.000252     0.000274     0.000292     0.000307     0.000317     0.000323     0.000325     0.000321     0.000311     0.000297     0.000277     0.000253     0.000223     0.000190     0.000153     0.000113     0.000071     0.000027    -0.000017    -0.000060    -0.000102    -0.000142    -0.000179    -0.000213    -0.000242    -0.000267    -0.000287    -0.000302    -0.000311    -0.000315    -0.000314    -0.000308    -0.000298    -0.000284    -0.000266    -0.000246    -0.000223    -0.000198    -0.000173    -0.000147    -0.000122    -0.000097    -0.000074    -0.000053    -0.000035    -0.000021    -0.000010    -0.000002     0.000000
    0.000000     0.000003     0.000010     0.000021     0.000036     0.000054     0.000075     0.000098     0.000123     0.000148     0.000174     0.000200     0.000225     0.000248     0.000269     0.000287     0.000301     0.000312     0.000318     0.000319     0.000315     0.000306     0.000292     0.000273     0.000248     0.000220     0.000187     0.000150     0.000111     0.000069     0.000027    -0.000016    -0.000059    -0.000100    -0.000140    -0.000176    -0.000209    -0.000238    -0.000262    -0.000282    -0.000296    -0.000306    -0.000310    -0.000309    -0.000303    -0.000293    -0.000279    -0.000262    -0.000241    -0.000219    -0.000195    -0.000170    -0.000144    -0.000119    -0.000095    -0.000073    -0.000053    -0.000035    -0.000020    -0.000009    -0.000002     0.000000
    0.000000     0.000002     0.000009     0.000021     0.000035     0.000053     0.000074     0.000096     0.000121     0.000146     0.000171     0.000197     0.000221     0.000244     0.000264     0.000282     0.000296     0.000307     0.000313     0.000314     0.000310     0.000301     0.000287     0.000268     0.000244     0.000216     0.000183     0.000148     0.000109     0.000068     0.000026    -0.000016    -0.000058    -0.000099    -0.000137    -0.000173    -0.000205    -0.000234    -0.000258    -0.000277    -0.000291    -0.000300    -0.000304    -0.000303    -0.000298    -0.000288    -0.000274    -0.000257    -0.000237    -0.000215    -0.000191    -0.000167    -0.000142    -0.000117    -0.000094    -0.000072    -0.000052    -0.000034    -0.000020    -0.000009    -0.000002     0.000000
    0.000000     0.000002     0.000009     0.000020     0.000035     0.000052     0.000072     0.000095     0.000119     0.000143     0.000168     0.000193     0.000217     0.000240     0.000260     0.000277     0.000291     0.000301     0.000307     0.000308     0.000305     0.000296     0.000282     0.000264     0.000240     0.000212     0.000180     0.000145     0.000107     0.000067     0.000026    -0.000016    -0.000057    -0.000097    -0.000135    -0.000170    -0.000202    -0.000230    -0.000253    -0.000272    -0.000286    -0.000295    -0.000299    -0.000298    -0.000293    -0.000283    -0.000269    -0.000253    -0.000233    -0.000211    -0.000188    -0.000164    -0.000139    -0.000115    -0.000092    -0.000070    -0.000051    -0.000034    -0.000020    -0.000009    -0.000002     0.000000
    0.000000     0.000002     0.000009     0.000020     0.000034     0.000051     0.000071     0.000093     0.000116     0.000141     0.000165     0.000190     0.000213     0.000235     0.000255     0.000272     0.000286     0.000296     0.000302     0.000303     0.000299     0.000291     0.000277     0.000259     0.000236     0.000209     0.000177     0.000143     0.000105     0.000066     0.000026    -0.000015    -0.000056    -0.000095    -0.000132    -0.000167    -0.000198    -0.000226    -0.000249    -0.000267    -0.000281    -0.000290    -0.000294    -0.000293    -0.000288    -0.000278    -0.000265    -0.000248    -0.000229    -0.000208    -0.000185    -0.000161    -0.000137    -0.000113    -0.000090    -0.000069    -0.000050    -0.000033    -0.000019    -0.000009    -0.000002     0.000000
    0.000000     0.000002     0.000009     0.000019     0.000033     0.000050     0.000070     0.000091     0.000114     0.000138     0.000162     0.000186     0.000210     0.000231     0.000251     0.000267     0.000281     0.000291     0.000296     0.000298     0.000294     0.000286     0.000272     0.000254     0.000232     0.000205     0.000174     0.000140     0.000104     0.000065     0.000025    -0.000015    -0.000055    -0.000093    -0.000130    -0.000164    -0.000195    -0.000222    -0.000244    -0.000263    -0.000276    -0.000285    -0.000289    -0.000288    -0.000282    -0.000273    -0.000260    -0.000244    -0.000225    -0.000204    -0.000181    -0.000158    -0.000134    -0.000111    -0.000089    -0.000068    -0.000049    -0.000032    -0.000019    -0.000009    -0.000002     0.000000
    0.000000     0.000002     0.000009     0.000019     0.000033     0.000049     0.000068     0.000090     0.000112     0.000136     0.000159     0.000183     0.000206     0.000227     0.000246     0.000262     0.000276     0.000285     0.000291     0.000292     0.000289     0.000281     0.000268     0.000250     0.000228     0.000201     0.000171     0.000138     0.000102     0.000064     0.000025    -0.000015    -0.000054    -0.000091    -0.000127    -0.000161    -0.000191    -0.000218    -0.000240    -0.000258    -0.000271    -0.000279    -0.000283    -0.000282    -0.000277    -0.000268    -0.000255    -0.000239    -0.000221    -0.000200    -0.000178    -0.000155    -0.000132    -0.000109    -0.000087    -0.000067    -0.000048    -0.000032    -0.000018    -0.000009    -0.000002     0.000000
    0.000000     0.000002     0.000009     0.000019     0.000032     0.000048     0.000067     0.000088     0.000110     0.000133     0.000156     0.000180     0.000202     0.000223     0.000241     0.000258     0.000271     0.000280     0.000286     0.000287     0.000283     0.000275     0.000263     0.000245     0.000223     0.000198     0.000168     0.000135     0.000100     0.000063     0.000024    -0.000014    -0.000053    -0.000090    -0.000125    -0.000158    -0.000187    -0.000213    -0.000235    -0.000253    -0.000266    -0.000274    -0.000278    -0.000277    -0.000272    -0.000263    -0.000250    -0.000235    -0.000216    -0.000196    -0.000175    -0.000152    -0.000129    -0.000107    -0.000085    -0.000065    -0.000047    -0.000031    -0.000018    -0.000008    -0.000002     0.000000
    0.000000     0.000002     0.000008     0.000018     0.000031     0.000047     0.000066     0.000086     0.000108     0.000130     0.000153     0.000176     0.000198     0.000218     0.000237     0.000253     0.000265     0.000275     0.000280     0.000281     0.000278     0.000270     0.000258     0.000241     0.000219     0.000194     0.000165     0.000133     0.000098     0.000062     0.000024    -0.000014    -0.000051    -0.000088    -0.000123    -0.000155    -0.000184    -0.000209    -0.000231    -0.000248    -0.000261    -0.000269    -0.000273    -0.000272    -0.000267    -0.000258    -0.000245    -0.000230    -0.000212    -0.000192    -0.000171    -0.000149    -0.000127    -0.000105    -0.000084    -0.000064    -0.000046    -0.000031    -0.000018    -0.000008    -0.000002     0.000000
    0.000000     0.000002     0.000008     0.000018     0.000031     0.000046     0.000064     0.000084     0.000106     0.000128     0.000150     0.000173     0.000194     0.000214     0.000232     0.000248     0.000260     0.000269     0.000275     0.000276     0.000273     0.000265     0.000253     0.000236     0.000215     0.000190     0.000162     0.000130     0.000096     0.000061     0.000024    -0.000014    -0.000050    -0.000086    -0.000120    -0.000152    -0.000180    -0.000205    -0.000226    -0.000243    -0.000256    -0.000264    -0.000267    -0.000266    -0.000261    -0.000253    -0.000241    -0.000226    -0.000208    -0.000189    -0.000168    -0.000146    -0.000124    -0.000103    -0.000082    -0.000063    -0.000045    -0.000030    -0.000017    -0.000008    -0.000002     0.000000
    0.000000     0.000002     0.000008     0.000018     0.000030     0.000045     0.000063     0.000083     0.000103     0.000125     0.000147     0.000169     0.000190     0.000210     0.000227     0.000243     0.000255     0.000264     0.000269     0.000270     0.000267     0.000260     0.000248     0.000231     0.000211     0.000186     0.000158     0.000128     0.000094     0.000059     0.000023    -0.000013    -0.000049    -0.000084    -0.000118    -0.000149    -0.000176    -0.000201    -0.000222    -0.000238    -0.000250    -0.000258    -0.000262    -0.000261    -0.000256    -0.000247    -0.000236    -0.000221    -0.000204    -0.000185    -0.000164    -0.000143    -0.000122    -0.000101    -0.000080    -0.000061    -0.000044    -0.000029    -0.000017    -0.000008    -0.000002     0.000000
    0.000000     0.000002     0.000008     0.000017     0.000030     0.000045     0.000062     0.000081     0.000101     0.000123     0.000144     0.000165     0.000186     0.000205     0.000223     0.000238     0.000250     0.000258     0.000263     0.000265     0.000262     0.000254     0.000242     0.000226     0.000206     0.000182     0.000155     0.000125     0.000092     0.000058     0.000023    -0.000013    -0.000048    -0.000083    -0.000115    -0.000145    -0.000173    -0.000197    -0.000217    -0.000233    -0.000245    -0.000253    -0.000256    -0.000255    -0.000251    -0.000242    -0.000231    -0.000216    -0.000199    -0.000181    -0.000161    -0.000140    -0.000119    -0.000098    -0.000079    -0.000060    -0.000043    -0.000029    -0.000017    -0.000008    -0.000002     0.000000
    0.000000     0.000002     0.000008     0.000017     0.000029     0.000044     0.000061     0.000079     0.000099     0.000120     0.000141     0.000162     0.000182     0.000201     0.000218     0.000232     0.000244     0.000253     0.000258     0.000259     0.000256     0.000249     0.000237     0.000221     0.000202     0.000178     0.000152     0.000122     0.000090     0.000057     0.000022    -0.000013    -0.000047    -0.000081    -0.000113    -0.000142    -0.000169    -0.000192    -0.000212    -0.000228    -0.000240    -0.000247    -0.000250    -0.000250    -0.000245    -0.000237    -0.000226    -0.000211    -0.000195    -0.000177    -0.000157    -0.000137    -0.000117    -0.000096    -0.000077    -0.000059    -0.000042    -0.000028    -0.000016    -0.000008    -0.000002     0.000000
    0.000000     0.000002     0.000008     0.000016     0.000028     0.000043     0.000059     0.000077     0.000097     0.000117     0.000138     0.000158     0.000178     0.000196     0.000213     0.000227     0.000239     0.000247     0.000252     0.000253     0.000250     0.000243     0.000232     0.000216     0.000197     0.000174     0.000148     0.000120     0.000088     0.000056     0.000022    -0.000012    -0.000046    -0.000079    -0.000110    -0.000139    -0.000165    -0.000188    -0.000207    -0.000223    -0.000234    -0.000241    -0.000245    -0.000244    -0.000239    -0.000231    -0.000220    -0.000207    -0.000191    -0.000173    -0.000154    -0.000134    -0.000114    -0.000094    -0.000075    -0.000058    -0.000041    -0.000027    -0.000016    -0.000007    -0.000002     0.000000
    0.000000     0.000002     0.000007     0.000016     0.000028     0.000042     0.000058     0.000076     0.000095     0.000115     0.000135     0.000155     0.000174     0.000192     0.000208     0.000222     0.000233     0.000241     0.000246     0.000247     0.000244     0.000237     0.000226     0.000211     0.000193     0.000170     0.000145     0.000117     0.000086     0.000054     0.000021    -0.000012    -0.000045    -0.000077    -0.000107    -0.000135    -0.000161    -0.000183    -0.000202    -0.000217    -0.000228    -0.000236    -0.000239    -0.000238    -0.000234    -0.000226    -0.000215    -0.000202    -0.000186    -0.000169    -0.000150    -0.000131    -0.000111    -0.000092    -0.000074    -0.000056    -0.000041    -0.000027    -0.000016    -0.000007    -0.000002     0.000000
    0.000000     0.000002     0.000007     0.000016     0.000027     0.000041     0.000057     0.000074     0.000093     0.000112     0.000132     0.000151     0.000170     0.000187     0.000203     0.000216     0.000227     0.000235     0.000240     0.000241     0.000238     0.000231     0.000220     0.000206     0.000188     0.000166     0.000141     0.000114     0.000084     0.000053     0.000021    -0.000011    -0.000044    -0.000075    -0.000104    -0.000132    -0.000157    -0.000179    -0.000197    -0.000212    -0.000223    -0.000229    -0.000233    -0.000232    -0.000228    -0.000220    -0.000210    -0.000197    -0.000182    -0.000165    -0.000147    -0.000128    -0.000109    -0.000090    -0.000072    -0.000055    -0.000040    -0.000026    -0.000015    -0.000007    -0.000002     0.000000
    0.000000     0.000002     0.000007     0.000016     0.000027     0.000040     0.000056     0.000073     0.000091     0.000109     0.000128     0.000147     0.000165     0.000182     0.000197     0.000211     0.000221     0.000229     0.000233     0.000234     0.000231     0.000225     0.000215     0.000200     0.000183     0.000162     0.000137     0.000111     0.000082     0.000052     0.000021    -0.000011    -0.000042    -0.000073    -0.000101    -0.000128    -0.000152    -0.000174    -0.000191    -0.000206    -0.000216    -0.000223    -0.000226    -0.000226    -0.000222    -0.000214    -0.000204    -0.000192    -0.000177    -0.000160    -0.000143    -0.000125    -0.000106    -0.000088    -0.000071    -0.000054    -0.000039    -0.000026    -0.000015    -0.000007    -0.000002     0.000000
    0.000000     0.000002     0.000007     0.000015     0.000026     0.000040     0.000055     0.000071     0.000089     0.000107     0.000125     0.000144     0.000161     0.000177     0.000192     0.000205     0.000215     0.000222     0.000227     0.000228     0.000225     0.000218     0.000208     0.000195     0.000177     0.000157     0.000134     0.000108     0.000080     0.000050     0.000020    -0.000011    -0.000041    -0.000070    -0.000098    -0.000124    -0.000148    -0.000168    -0.000186    -0.000200    -0.000210    -0.000217    -0.000220    -0.000219    -0.000215    -0.000208    -0.000198    -0.000186    -0.000172    -0.000156    -0.000139    -0.000122    -0.000104    -0.000086    -0.000069    -0.000053    -0.000038    -0.000026    -0.000015    -0.000007    -0.000002     0.000000
    0.000000     0.000002     0.000007     0.000015     0.000026     0.000039     0.000054     0.000070     0.000087     0.000104     0.000122     0.000140     0.000157     0.000172     0.000186     0.000199     0.000208     0.000216     0.000220     0.000221     0.000218     0.000212     0.000202     0.000189     0.000172     0.000152     0.000129     0.000104     0.000077     0.000049     0.000019    -0.000010    -0.000040    -0.000068    -0.000095    -0.000120    -0.000143    -0.000163    -0.000180    -0.000193    -0.000203    -0.000210    -0.000213    -0.000212    -0.000209    -0.000202    -0.000192    -0.000181    -0.000167    -0.000152    -0.000136    -0.000119    -0.000101    -0.000084    -0.000068    -0.000052    -0.000038    -0.000025    -0.000015    -0.000007    -0.000002     0.000000
    0.000000     0.000002     0.000007     0.000016     0.000026     0.000039     0.000053     0.000069     0.000085     0.000102     0.000119     0.000136     0.000152     0.000167     0.000181     0.000192     0.000202     0.000209     0.000212     0.000213     0.000211     0.000205     0.000195     0.000182     0.000166     0.000147     0.000125     0.000101     0.000075     0.000047     0.000019    -0.000010    -0.000038    -0.000066    -0.000092    -0.000116    -0.000138    -0.000157    -0.000174    -0.000187    -0.000196    -0.000203    -0.000206    -0.000205    -0.000202    -0.000195    -0.000186    -0.000175    -0.000162    -0.000147    -0.000132    -0.000116    -0.000099    -0.000083    -0.000067    -0.000052    -0.000038    -0.000026    -0.000015    -0.000007    -0.000002     0.000000
    0.000000     0.000002     0.000008     0.000016     0.000027     0.000039     0.000053     0.000068     0.000084     0.000100     0.000116     0.000132     0.000147     0.000162     0.000175     0.000186     0.000195     0.000201     0.000205     0.000205     0.000203     0.000197     0.000188     0.000175     0.000160     0.000141     0.000120     0.000097     0.000072     0.000046     0.000018    -0.000009    -0.000037    -0.000063    -0.000088    -0.000112    -0.000133    -0.000151    -0.000167    -0.000180    -0.000189    -0.000195    -0.000198    -0.000198    -0.000194    -0.000188    -0.000180    -0.000169    -0.000157    -0.000143    -0.000128    -0.000112    -0.000097    -0.000081    -0.000066    -0.000051    -0.000038    -0.000026    -0.000016    -0.000008    -0.000002     0.000000
    0.000000     0.000003     0.000009     0.000017     0.000028     0.000040     0.000053     0.000067     0.000082     0.000098     0.000113     0.000128     0.000143     0.000156     0.000168     0.000179     0.000187     0.000193     0.000197     0.000197     0.000195     0.000189     0.000180     0.000168     0.000153     0.000136     0.000115     0.000093     0.000069     0.000044     0.000018    -0.000009    -0.000035    -0.000060    -0.000084    -0.000107    -0.000127    -0.000145    -0.000160    -0.000172    -0.000181    -0.000187    -0.000190    -0.000190    -0.000187    -0.000181    -0.000173    -0.000163    -0.000151    -0.000138    -0.000124    -0.000109    -0.000095    -0.000080    -0.000065    -0.000052    -0.000039    -0.000027    -0.000017    -0.000008    -0.000002     0.000000
    0.000000     0.000004     0.000011     0.000019     0.000030     0.000041     0.000054     0.000067     0.000081     0.000096     0.000110     0.000124     0.000138     0.000150     0.000162     0.000171     0.000179     0.000185     0.000188     0.000188     0.000186     0.000180     0.000172     0.000160     0.000146     0.000129     0.000110     0.000089     0.000066     0.000042     0.000017    -0.000008    -0.000033    -0.000057    -0.000080    -0.000102    -0.000121    -0.000138    -0.000152    -0.000164    -0.000173    -0.000178    -0.000181    -0.000181    -0.000178    -0.000173    -0.000166    -0.000156    -0.000145    -0.000133    -0.000120    -0.000106    -0.000093    -0.000079    -0.000065    -0.000052    -0.000040    -0.000029    -0.000019    -0.000010    -0.000003     0.000000
    0.000000     0.000006     0.000014     0.000022     0.000032     0.000043     0.000055     0.000068     0.000081     0.000094     0.000107     0.000120     0.000133     0.000144     0.000155     0.000164     0.000171     0.000176     0.000179     0.000179     0.000176     0.000171     0.000163     0.000152     0.000139     0.000123     0.000104     0.000084     0.000063     0.000040     0.000016    -0.000008    -0.000031    -0.000054    -0.000076    -0.000096    -0.000114    -0.000130    -0.000144    -0.000155    -0.000163    -0.000169    -0.000172    -0.000172    -0.000169    -0.000165    -0.000158    -0.000149    -0.000139    -0.000128    -0.000116    -0.000104    -0.000091    -0.000078    -0.000065    -0.000053    -0.000042    -0.000031    -0.000022    -0.000013    -0.000006     0.000000
    0.000000     0.000011     0.000018     0.000026     0.000035     0.000046     0.000057     0.000068     0.000080     0.000092     0.000104     0.000116     0.000127     0.000138     0.000147     0.000155     0.000162     0.000166     0.000168     0.000168     0.000166     0.000161     0.000153     0.000143     0.000130     0.000115     0.000098     0.000079     0.000059     0.000037     0.000015    -0.000007    -0.000029    -0.000050    -0.000071    -0.000090    -0.000107    -0.000122    -0.000135    -0.000145    -0.000153    -0.000159    -0.000161    -0.000162    -0.000160    -0.000156    -0.000150    -0.000142    -0.000133    -0.000123    -0.000112    -0.000101    -0.000089    -0.000077    -0.000066    -0.000055    -0.000044    -0.000034    -0.000025    -0.000017    -0.000011     0.000000
    0.000000     0.000009     0.000018     0.000028     0.000038     0.000048     0.000059     0.000069     0.000080     0.000091     0.000102     0.000112     0.000122     0.000131     0.000140     0.000146     0.000152     0.000155     0.000157     0.000157     0.000154     0.000149     0.000142     0.000132     0.000120     0.000106     0.000090     0.000073     0.000054     0.000035     0.000014    -0.000006    -0.000026    -0.000046    -0.000065    -0.000082    -0.000098    -0.000112    -0.000124    -0.000134    -0.000142    -0.000147    -0.000150    -0.000151    -0.000149    -0.000146    -0.000141    -0.000134    -0.000127    -0.000118    -0.000108    -0.000098    -0.000088    -0.000077    -0.000067    -0.000057    -0.000047    -0.000037    -0.000027    -0.000018    -0.000009     0.000000
    0.000000     0.000008     0.000021     0.000032     0.000044     0.000055     0.000067     0.000078     0.000090     0.000102     0.000114     0.000125     0.000136     0.000146     0.000154     0.000162     0.000167     0.000171     0.000173     0.000172     0.000169     0.000163     0.000155     0.000144     0.000131     0.000116     0.000099     0.000080     0.000059     0.000038     0.000016    -0.000006    -0.000028    -0.000050    -0.000070    -0.000090    -0.000107    -0.000122    -0.000136    -0.000146    -0.000155    -0.000161    -0.000164    -0.000165    -0.000164    -0.000161    -0.000155    -0.000149    -0.000140    -0.000131    -0.000121    -0.000110    -0.000099    -0.000087    -0.000076    -0.000064    -0.000053    -0.000042    -0.000031    -0.000020    -0.000008     0.000000
