    0.000000    -0.116593    -0.051144    -0.023014    -0.011479    -0.006878    -0.005079    -0.004395    -0.004158    -0.004102    -0.004111    -0.004127    -0.004115    -0.004050    -0.003914    -0.003694    -0.003385    -0.002986    -0.002505    -0.001956    -0.001358    -0.000734    -0.000112     0.000483     0.001026     0.001500     0.001888     0.002183     0.002382     0.002487     0.002504     0.002440     0.002306     0.002111     0.001864     0.001574     0.001251     0.000906     0.000561     0.000261     0.000068     0.000000
    0.000000    -0.062605    -0.057773    -0.040503    -0.027099    -0.019173    -0.015092    -0.013216    -0.012477    -0.012278    -0.012294    -0.012343    -0.012312    -0.012122    -0.011719    -0.011065    -0.010140    -0.008947    -0.007505    -0.005857    -0.004062    -0.002191    -0.000325     0.001459     0.003089     0.004505     0.005667     0.006548     0.007141     0.007451     0.007497     0.007302     0.006895     0.006307     0.005566     0.004702     0.003747     0.002744     0.001758     0.000887     0.000259     0.000000
    0.000000    -0.029628    -0.042299    -0.039840    -0.032950    -0.026943    -0.023109    -0.021132    -0.020356    -0.020229    -0.020371    -0.020529    -0.020534    -0.020261    -0.019620    -0.018548    -0.017013    -0.015016    -0.012593    -0.009814    -0.006782    -0.003622    -0.000468     0.002542     0.005287     0.007667     0.009610     0.011076     0.012052     0.012552     0.012607     0.012259     0.011559     0.010558     0.009307     0.007859     0.006269     0.004610     0.002983     0.001534     0.000459     0.000000
    0.000000    -0.014789    -0.028621    -0.033770    -0.033222    -0.030882    -0.028869    -0.027798    -0.027561    -0.027836    -0.028304    -0.028709    -0.028851    -0.028571    -0.027745    -0.026287    -0.024148    -0.021328    -0.017878    -0.013902    -0.009551    -0.005010    -0.000481     0.003835     0.007757     0.011142     0.013887     0.015937     0.017280     0.017940     0.017967     0.017426     0.016392     0.014942     0.013149     0.011089     0.008843     0.006510     0.004226     0.002184     0.000656     0.000000
    0.000000    -0.008285    -0.019923    -0.027880    -0.031512    -0.032624    -0.032936    -0.033347    -0.034098    -0.035093    -0.036116    -0.036940    -0.037354    -0.037174    -0.036244    -0.034446    -0.031713    -0.028039    -0.023491    -0.018210    -0.012407    -0.006339    -0.000292     0.005456     0.010655     0.015109     0.018685     0.021316     0.022997     0.023770     0.023710     0.022913     0.021485     0.019529     0.017145     0.014433     0.011495     0.008458     0.005492     0.002840     0.000852     0.000000
    0.000000    -0.005358    -0.014925    -0.023629    -0.029684    -0.033472    -0.036018    -0.038113    -0.040121    -0.042086    -0.043881    -0.045311    -0.046161    -0.046220    -0.045293    -0.043224    -0.039913    -0.035343    -0.029595    -0.022853    -0.015400    -0.007592     0.000185     0.007549     0.014166     0.019778     0.024220     0.027422     0.029392     0.030203     0.029971     0.028829     0.026921     0.024382     0.021342     0.017922     0.014248     0.010471     0.006793     0.003511     0.001053     0.000000
    0.000000    -0.003999    -0.012192    -0.020980    -0.028431    -0.034181    -0.038665    -0.042433    -0.045826    -0.048941    -0.051702    -0.053934    -0.055410    -0.055883    -0.055105    -0.052863    -0.049007    -0.043492    -0.036404    -0.027982    -0.018602    -0.008745     0.001060     0.010297     0.018523     0.025406     0.030751     0.034492     0.036671     0.037412     0.036884     0.035275     0.032773     0.029552     0.025772     0.021577     0.017115     0.012557     0.008138     0.004203     0.001260     0.000000
    0.000000    -0.003362    -0.010776    -0.019544    -0.027881    -0.035089    -0.041212    -0.046557    -0.051380    -0.055775    -0.059680    -0.062922    -0.065249    -0.066360    -0.065934    -0.063668    -0.059329    -0.052816    -0.044209    -0.033805    -0.022107    -0.009770     0.002480     0.013943     0.024031     0.032322     0.038594     0.042808     0.045068     0.045576     0.044580     0.042338     0.039096     0.035070     0.030451     0.025406     0.020098     0.014718     0.009527     0.004918     0.001475     0.000000
    0.000000    -0.003080    -0.010122    -0.018939    -0.027934    -0.036288    -0.043811    -0.050624    -0.056887    -0.062664    -0.067888    -0.072371    -0.075822    -0.077867    -0.078078    -0.076018    -0.071317    -0.063766    -0.053412    -0.040615    -0.026049    -0.010623     0.004654     0.018824     0.031102     0.040955     0.048147     0.052703     0.054838     0.054875     0.053174     0.050084     0.045918     0.040940     0.035370     0.029391     0.023180     0.016940     0.010952     0.005652     0.001696     0.000000
    0.000000    -0.002979    -0.009903    -0.018867    -0.028424    -0.037733    -0.046482    -0.054666    -0.062367    -0.069619    -0.076342    -0.082328    -0.087242    -0.090617    -0.091879    -0.090391    -0.085556    -0.076970    -0.064587    -0.048832    -0.030619    -0.011237     0.007884     0.025420     0.040310     0.051883     0.059918     0.064576     0.066261     0.065482     0.062755     0.058541     0.053229     0.047129     0.040484     0.033489     0.026322     0.019190     0.012391     0.006393     0.001920     0.000000
    0.000000    -0.002970    -0.009922    -0.019101    -0.029172    -0.039313    -0.049156    -0.058626    -0.067759    -0.076569    -0.084975    -0.092764    -0.099560    -0.104798    -0.107715    -0.107385    -0.102839    -0.093318    -0.078578    -0.059079    -0.036089    -0.011497     0.012623     0.034430     0.052479     0.065900     0.074559     0.078892     0.079622     0.077537     0.073356     0.067676     0.060960     0.053553     0.045710     0.037622     0.029458     0.021419     0.013808     0.007121     0.002141     0.000000
    0.000000    -0.002999    -0.010045    -0.019466    -0.030006    -0.040878    -0.051700    -0.062370    -0.072910    -0.083341    -0.093609    -0.103525    -0.112705    -0.120510    -0.125965    -0.127737    -0.124255    -0.114106    -0.096658    -0.072308    -0.042848    -0.011187     0.019555     0.046895     0.068825     0.084122     0.092912     0.096176     0.095177     0.091101     0.084921     0.077368     0.068963     0.060064     0.050911     0.041672     0.032493     0.023555     0.015155     0.007808     0.002348     0.000000
    0.000000    -0.003032    -0.010179    -0.019820    -0.030764    -0.042259    -0.053937    -0.065701    -0.077585    -0.089654    -0.101917    -0.114268    -0.126394    -0.137660    -0.146921    -0.152332    -0.151328    -0.141206    -0.120687    -0.089833    -0.051337    -0.009918     0.029583     0.064248     0.091159     0.108138     0.116035     0.116964     0.113073     0.106087     0.097241     0.087367     0.076991     0.066437     0.055895     0.045483     0.035303     0.025504     0.016369     0.008419     0.002530     0.000000
    0.000000    -0.003044    -0.010248    -0.020045    -0.031294    -0.043281    -0.055665    -0.068370    -0.081473    -0.095109    -0.109406    -0.124418    -0.140039    -0.155821    -0.170636    -0.182102    -0.185903    -0.176219    -0.151492    -0.111560    -0.061111    -0.007211     0.042781     0.087356     0.121671     0.139911     0.145062     0.141629     0.133201     0.122145     0.109891     0.097255     0.084675     0.072364     0.060414     0.048860     0.037740     0.027160     0.017377     0.008915     0.002673     0.000000
    0.000000    -0.003013    -0.010195    -0.020041    -0.031460    -0.043776    -0.056673    -0.070108    -0.084210    -0.099208    -0.115380    -0.133024    -0.152395    -0.173538    -0.195754    -0.216133    -0.226616    -0.211599    -0.175283    -0.125059    -0.067079    -0.003849     0.053550     0.111527     0.159906     0.179642     0.179953     0.169697     0.154796     0.138438     0.122103     0.106394     0.091506     0.077453     0.064169     0.051580     0.039640     0.028404     0.018103     0.009253     0.002763     0.000000
    0.000000    -0.002927    -0.009976    -0.019730    -0.031152    -0.043595    -0.056765    -0.070646    -0.085415    -0.101389    -0.119017    -0.138909    -0.161856    -0.188595    -0.218644    -0.247073    -0.259057    -0.207566     0.000000     0.000000     0.000000     0.000000     0.000000     0.116912     0.191457     0.215924     0.214248     0.197819     0.175910     0.153603     0.132830     0.113977     0.096882     0.081259     0.066840     0.053409     0.040837     0.029123     0.018472     0.009392     0.002787     0.000000
    0.000000    -0.002777    -0.009561    -0.019058    -0.030289    -0.042629    -0.055796    -0.069783    -0.084798    -0.101226    -0.119630    -0.140731    -0.165106    -0.192057    -0.216943    -0.227154    -0.207302     0.000000     0.000000     0.000000     0.000000     0.000000     0.000000     0.000000     0.139825     0.200176     0.219817     0.210806     0.188857     0.163820     0.140083     0.118870     0.100096     0.083320     0.068110     0.054131     0.041180     0.029214     0.018422     0.009300     0.002733     0.000000
    0.000000    -0.002558    -0.008939    -0.018001    -0.028831    -0.040824    -0.053686    -0.067395    -0.082133    -0.098215    -0.115952    -0.135249    -0.154499    -0.168420    -0.165588    -0.129611     0.000000     0.000000     0.000000     0.000000     0.000000     0.000000     0.000000     0.000000     0.000000     0.137233     0.190240     0.198971     0.186092     0.164502     0.141368     0.119754     0.100424     0.083212     0.067717     0.053577     0.040559     0.028608     0.017908     0.008956     0.002597     0.000000
    0.000000    -0.002277    -0.008116    -0.016562    -0.026783    -0.038182    -0.050436    -0.063465    -0.077341    -0.092132    -0.107569    -0.122326    -0.132738    -0.131402    -0.107398    -0.049266     0.000000     0.000000     0.000000     0.000000     0.000000     0.000000     0.000000     0.000000     0.000000     0.089582     0.133379     0.158837     0.162677     0.151907     0.134435     0.115429     0.097263     0.080628     0.065499     0.051656     0.038921     0.027272     0.016918     0.008355     0.002378     0.000000
    0.000000    -0.001940    -0.007113    -0.014777    -0.024192    -0.034767    -0.046131    -0.058107    -0.070587    -0.083293    -0.095330    -0.104458    -0.106335    -0.094747    -0.064739     0.000000     0.000000     0.000000     0.000000     0.000000     0.000000     0.000000     0.000000     0.000000     0.000000     0.000000     0.067549     0.104064     0.124544     0.127661     0.119355     0.105670     0.090446     0.075498     0.061440     0.048375     0.036283     0.025228     0.015468     0.007512     0.002082     0.000000
    0.000000    -0.001562    -0.005965    -0.012703    -0.021142    -0.030697    -0.040937    -0.051563    -0.062260    -0.072414    -0.080654    -0.084337    -0.079419    -0.061821    -0.031785     0.000000     0.000000     0.000000     0.000000     0.000000     0.000000     0.000000     0.000000     0.000000     0.000000     0.000000     0.021702     0.056627     0.084767     0.098310     0.098999     0.091650     0.080482     0.068085     0.055709     0.043857     0.032736     0.022542     0.013609     0.006457     0.001723     0.000000
    0.000000    -0.001160    -0.004719    -0.010418    -0.017745    -0.026129    -0.035076    -0.044163    -0.052888    -0.060387    -0.065074    -0.064423    -0.055433    -0.036669    -0.012575    -0.000386     0.000000     0.000000     0.000000     0.000000     0.000000     0.000000     0.000000     0.000000     0.000000     0.001436     0.003258     0.026107     0.052210     0.070098     0.077051     0.075334     0.068389     0.058945     0.048642     0.038324     0.028437     0.019329     0.011420     0.005238     0.001318     0.000000
    0.000000    -0.000749    -0.003422    -0.008008    -0.014128    -0.021239    -0.028796    -0.036270    -0.043019    -0.048058    -0.049851    -0.046394    -0.036130    -0.020162    -0.005146    -0.001699     0.000000     0.000000     0.000000     0.000000     0.000000     0.000000     0.000000     0.000000     0.000000    -0.006137    -0.006530     0.007446     0.028187     0.046055     0.056204     0.058572     0.055312     0.048775     0.040676     0.032067     0.023589     0.015732     0.008998     0.003913     0.000889     0.000000
    0.000000    -0.000348    -0.002124    -0.005560    -0.010420    -0.016207    -0.022344    -0.028224    -0.033126    -0.036063    -0.035709    -0.030707    -0.020669    -0.007831     0.002203     0.004459     0.001335     0.000000     0.000000     0.000000     0.000000     0.000000     0.000000     0.000000    -0.001511    -0.007233    -0.010158    -0.003168     0.011474     0.026906     0.037846     0.042661     0.042223     0.038240     0.032261     0.025398     0.018412     0.011908     0.006450     0.002541     0.000455     0.000000
    0.000000     0.000029    -0.000871    -0.003156    -0.006743    -0.011199    -0.015937    -0.020309    -0.023572    -0.024807    -0.022978    -0.017319    -0.008224     0.001757     0.008345     0.008922     0.005226     0.000109     0.000000     0.000000     0.000000     0.000000     0.000000     0.003703     0.007134    -0.002574    -0.009827    -0.008767     0.000145     0.012158     0.022368     0.028296     0.029792     0.027877     0.023800     0.018611     0.013124     0.008015     0.003880     0.001181     0.000036     0.000000
    0.000000     0.000373     0.000302    -0.000867    -0.003204    -0.006356    -0.009757    -0.012747    -0.014599    -0.014514    -0.011744    -0.006001     0.001853     0.009335     0.013204     0.011888     0.006541    -0.000519    -0.005118    -0.005417    -0.001935     0.002539     0.007756     0.010260     0.007970    -0.001315    -0.009829    -0.012332    -0.007833     0.000815     0.009572     0.015710     0.018397     0.018060     0.015605     0.011955     0.007916     0.004192     0.001384    -0.000116    -0.000352     0.000000
    0.000000     0.000674     0.001364     0.001250     0.000113    -0.001792    -0.003939    -0.005689    -0.006357    -0.005276    -0.001957     0.003538     0.010107     0.015500     0.017278     0.014504     0.008238     0.000691    -0.005068    -0.006600    -0.002790     0.003784     0.008652     0.009461     0.005532    -0.002798    -0.011165    -0.015430    -0.013933    -0.008098    -0.000969     0.004862     0.008196     0.009012     0.007898     0.005622     0.002942     0.000557    -0.000959    -0.001309    -0.000697     0.000000
    0.000000     0.000930     0.002298     0.003155     0.003143     0.002409     0.001417     0.000767     0.001082     0.002900     0.006501     0.011586     0.016973     0.020708     0.020982     0.017325     0.010846     0.003627    -0.001872    -0.003734    -0.001434     0.003003     0.006144     0.005872     0.001622    -0.005809    -0.013606    -0.018603    -0.019007    -0.015320    -0.009703    -0.004415    -0.000792     0.000844     0.000819    -0.000252    -0.001678    -0.002798    -0.003091    -0.002368    -0.000992     0.000000
    0.000000     0.001137     0.003091     0.004821     0.005842     0.006190     0.006250     0.006567     0.007693     0.010054     0.013768     0.018394     0.022768     0.025243     0.024499     0.020391     0.014042     0.007294     0.002062    -0.000360     0.000127     0.002060     0.003161     0.001770    -0.002657    -0.009455    -0.016675    -0.021903    -0.023465    -0.021339    -0.016998    -0.012318    -0.008622    -0.006411    -0.005555    -0.005578    -0.005866    -0.005812    -0.004972    -0.003277    -0.001233     0.000000
    0.000000     0.001298     0.003743     0.006235     0.008186     0.009518     0.010528     0.011690     0.013488     0.016250     0.019979     0.024161     0.027708     0.029254     0.027845     0.023545     0.017415     0.011013     0.005804     0.002647     0.001474     0.001259     0.000498    -0.002013    -0.006733    -0.013185    -0.019965    -0.025215    -0.027471    -0.026449    -0.023131    -0.019030    -0.015378    -0.012764    -0.011195    -0.010309    -0.009571    -0.008445    -0.006580    -0.004027    -0.001422     0.000000
    0.000000     0.001415     0.004255     0.007396     0.010166     0.012379     0.014237     0.016139     0.018495     0.021557     0.025250     0.029037     0.031929     0.032802     0.030971     0.026609     0.020673     0.014455     0.009080     0.005147     0.002562     0.000611    -0.001714    -0.005262    -0.010376    -0.016703    -0.023194    -0.028398    -0.031070    -0.030822    -0.028297    -0.024706    -0.021153    -0.018251    -0.016098    -0.014424    -0.012771    -0.010682    -0.007907    -0.004620    -0.001560     0.000000
    0.000000     0.001493     0.004636     0.008312     0.011786     0.014775     0.017384     0.019930     0.022756     0.026048     0.029683     0.033133     0.035516     0.035909     0.033812     0.029448     0.023653     0.017492     0.011853     0.007187     0.003428     0.000088    -0.003521    -0.007982    -0.013527    -0.019871    -0.026193    -0.031338    -0.034263    -0.034554    -0.032635    -0.029472    -0.026034    -0.022922    -0.020286    -0.017927    -0.015463    -0.012522    -0.008960    -0.005064    -0.001652     0.000000
    0.000000     0.001535     0.004897     0.008997     0.013061     0.016721     0.019987     0.023094     0.026316     0.029788     0.033361     0.036532     0.038526     0.038578     0.036317     0.031977     0.026276     0.020096     0.014161     0.008841     0.004116    -0.000341    -0.004994    -0.010236    -0.016202    -0.022637    -0.028870    -0.033962    -0.037040    -0.037707    -0.036245    -0.033430    -0.030104    -0.026830    -0.023789    -0.020835    -0.017659    -0.013978    -0.009753    -0.005371    -0.001703     0.000000
    0.000000     0.001548     0.005051     0.009471     0.014012     0.018239     0.022072     0.025663     0.029222     0.032841     0.036356     0.039303     0.041000     0.040813     0.038458     0.034153     0.028515     0.022282     0.016061     0.010179     0.004661    -0.000695    -0.006196    -0.012093    -0.018442    -0.024994    -0.031184    -0.036229    -0.039396    -0.040321    -0.039201    -0.036664    -0.033435    -0.030033    -0.026647    -0.023178    -0.019384    -0.015073    -0.010306    -0.005555    -0.001720     0.000000
    0.000000     0.001536     0.005112     0.009754     0.014667     0.019361     0.023674     0.027680     0.031526     0.035265     0.038731     0.041499     0.042975     0.042624     0.040220     0.035961     0.030371     0.024077     0.017603     0.011251     0.005090    -0.000990    -0.007177    -0.013613    -0.020289    -0.026959    -0.033124    -0.038122    -0.041332    -0.042433    -0.041565    -0.039245    -0.036095    -0.032586    -0.028905    -0.024992    -0.020671    -0.015837    -0.010644    -0.005632    -0.001707     0.000000
    0.000000     0.001504     0.005095     0.009871     0.015055     0.020119     0.024830     0.029186     0.033274     0.037115     0.040543     0.043172     0.044484     0.044023     0.041605     0.037402     0.031859     0.025516     0.018833     0.012101     0.005422    -0.001238    -0.007973    -0.014845    -0.021788    -0.028555    -0.034697    -0.039642    -0.042862    -0.044077    -0.043391    -0.041235    -0.038147    -0.034544    -0.030610    -0.026318    -0.021556    -0.016302    -0.010794    -0.005619    -0.001672     0.000000
    0.000000     0.001455     0.005011     0.009845     0.015209     0.020552     0.025581     0.030227     0.034518     0.038445     0.041843     0.044365     0.045559     0.045032     0.042628     0.038491     0.033003     0.026631     0.019789     0.012758     0.005671    -0.001445    -0.008613    -0.015826    -0.022977    -0.029811    -0.035919    -0.040802    -0.044003    -0.045284    -0.044726    -0.042693    -0.039647    -0.035961    -0.031811    -0.027202    -0.022081    -0.016505    -0.010781    -0.005531    -0.001618     0.000000
    0.000000     0.001395     0.004874     0.009699     0.015160     0.020697     0.025970     0.030848     0.035306     0.039304     0.042681     0.045124     0.046235     0.045675     0.043306     0.039248     0.033828     0.027455     0.020503     0.013248     0.005850    -0.001619    -0.009119    -0.016589    -0.023888    -0.030756    -0.036814    -0.041620    -0.044780    -0.046089    -0.045615    -0.043669    -0.040650    -0.036890    -0.032559    -0.027690    -0.022288    -0.016481    -0.010634    -0.005383    -0.001551     0.000000
    0.000000     0.001325     0.004696     0.009455     0.014940     0.020593     0.026040     0.031094     0.035685     0.039741     0.043103     0.045489     0.046547     0.045980     0.043664     0.039699     0.034363     0.028016     0.021003     0.013592     0.005965    -0.001763    -0.009508    -0.017162    -0.024553    -0.031420    -0.037408    -0.042122    -0.045220    -0.046526    -0.046102    -0.044213    -0.041209    -0.037384    -0.032903    -0.027828    -0.022219    -0.016265    -0.010375    -0.005188    -0.001473     0.000000
    0.000000     0.001250     0.004487     0.009132     0.014577     0.020277     0.025833     0.031013     0.035702     0.039803     0.043156     0.045501     0.046529     0.045976     0.043730     0.039869     0.034634     0.028343     0.021313     0.013808     0.006027    -0.001883    -0.009795    -0.017566    -0.024999    -0.031831    -0.037727    -0.042333    -0.045351    -0.046630    -0.046227    -0.044373    -0.041373    -0.037491    -0.032891    -0.027663    -0.021916    -0.015891    -0.010029    -0.004958    -0.001389     0.000000
    0.000000     0.001171     0.004255     0.008749     0.014101     0.019785     0.025389     0.030648     0.035404     0.039536     0.042881     0.045200     0.046216     0.045695     0.043531     0.039788     0.034671     0.028462     0.021456     0.013911     0.006040    -0.001981    -0.009994    -0.017822    -0.025251    -0.032015    -0.037799    -0.042283    -0.045204    -0.046436    -0.046032    -0.044193    -0.041189    -0.037261    -0.032573    -0.027240    -0.021418    -0.015389    -0.009616    -0.004703    -0.001301     0.000000
    0.000000     0.001090     0.004008     0.008323     0.013536     0.019150     0.024750     0.030041     0.034834     0.038983     0.042320     0.044623     0.045642     0.045167     0.043098     0.039483     0.034499     0.028397     0.021451     0.013915     0.006012    -0.002061    -0.010114    -0.017948    -0.025332    -0.031999    -0.037652    -0.041999    -0.044810    -0.045978    -0.045553    -0.043715    -0.040704    -0.036741    -0.031993    -0.026602    -0.020762    -0.014789    -0.009153    -0.004432    -0.001211     0.000000
    0.000000     0.001009     0.003753     0.007866     0.012905     0.018404     0.023951     0.029233     0.034034     0.038185     0.041513     0.043808     0.044841     0.044423     0.042458     0.038981     0.034144     0.028172     0.021319     0.013834     0.005947    -0.002124    -0.010167    -0.017960    -0.025263    -0.031806    -0.037310    -0.041508    -0.044197    -0.045288    -0.044828    -0.042980    -0.039959    -0.035974    -0.031195    -0.025789    -0.019982    -0.014115    -0.008658    -0.004152    -0.001122     0.000000
    0.000000     0.000930     0.003495     0.007391     0.012227     0.017573     0.023026     0.028263     0.033044     0.037182     0.040497     0.042789     0.043846     0.043492     0.041639     0.038308     0.033631     0.027807     0.021075     0.013678     0.005851    -0.002172    -0.010160    -0.017875    -0.025063    -0.031461    -0.036801    -0.040839    -0.043396    -0.044398    -0.043892    -0.042026    -0.038997    -0.035002    -0.030219    -0.024837    -0.019108    -0.013390    -0.008142    -0.003869    -0.001034     0.000000
    0.000000     0.000853     0.003239     0.006908     0.011521     0.016682     0.022007     0.027165     0.031900     0.036011     0.039309     0.041600     0.042686     0.042405     0.040668     0.037491     0.032982     0.027324     0.020737     0.013458     0.005728    -0.002208    -0.010103    -0.017704    -0.024752    -0.030984    -0.036146    -0.040016    -0.042434    -0.043340    -0.042779    -0.040890    -0.037855    -0.033864    -0.029104    -0.023781    -0.018169    -0.012633    -0.007618    -0.003588    -0.000949     0.000000
    0.000000     0.000778     0.002987     0.006426     0.010800     0.015754     0.020921     0.025971     0.030638     0.034706     0.037981     0.040272     0.041391     0.041186     0.039571     0.036552     0.032220     0.026740     0.020318     0.013184     0.005583    -0.002232    -0.010001    -0.017460    -0.024345    -0.030395    -0.035370    -0.039064    -0.041338    -0.042141    -0.041521    -0.039606    -0.036569    -0.032597    -0.027883    -0.022650    -0.017187    -0.011860    -0.007095    -0.003314    -0.000867     0.000000
    0.000000     0.000707     0.002744     0.005951     0.010078     0.014807     0.019792     0.024710     0.029288     0.033299     0.036545     0.038834     0.039989     0.039863     0.038372     0.035513     0.031365     0.026073     0.019832     0.012865     0.005419    -0.002247    -0.009863    -0.017156    -0.023858    -0.029713    -0.034492    -0.038006    -0.040131    -0.040828    -0.040145    -0.038205    -0.035173    -0.031233    -0.026587    -0.021471    -0.016182    -0.011085    -0.006580    -0.003048    -0.000789     0.000000
    0.000000     0.000640     0.002510     0.005488     0.009365     0.013856     0.018641     0.023407     0.027878     0.031820     0.035028     0.037314     0.038504     0.038458     0.037092     0.034396     0.030434     0.025339     0.019292     0.012510     0.005239    -0.002254    -0.009694    -0.016801    -0.023305    -0.028955    -0.033533    -0.036863    -0.038838    -0.039427    -0.038680    -0.036716    -0.033695    -0.029802    -0.025243    -0.020266    -0.015173    -0.010320    -0.006079    -0.002793    -0.000716     0.000000
    0.000000     0.000577     0.002287     0.005042     0.008668     0.012916     0.017488     0.022085     0.026433     0.030293     0.033457     0.035736     0.036960     0.036994     0.035752     0.033218     0.029445     0.024552     0.018708     0.012126     0.005049    -0.002254    -0.009499    -0.016404    -0.022699    -0.028137    -0.032509    -0.035656    -0.037480    -0.037961    -0.037151    -0.035166    -0.032164    -0.028329    -0.023876    -0.019056    -0.014174    -0.009572    -0.005597    -0.002551    -0.000647     0.000000
    0.000000     0.000519     0.002077     0.004616     0.007995     0.011995     0.016346     0.020762     0.024974     0.028742     0.031854     0.034122     0.035379     0.035490     0.034370     0.031997     0.028413     0.023725     0.018092     0.011719     0.004849    -0.002247    -0.009283    -0.015975    -0.022051    -0.027272    -0.031438    -0.034401    -0.036076    -0.036450    -0.035580    -0.033578    -0.030602    -0.026838    -0.022504    -0.017857    -0.013196    -0.008850    -0.005137    -0.002322    -0.000583     0.000000
    0.000000     0.000464     0.001880     0.004212     0.007350     0.011104     0.015228     0.019455     0.023521     0.027187     0.030240     0.032492     0.033778     0.033963     0.032963     0.030748     0.027352     0.022869     0.017451     0.011295     0.004643    -0.002235    -0.009051    -0.015520    -0.021373    -0.026374    -0.030333    -0.033114    -0.034643    -0.034914    -0.033986    -0.031973    -0.029031    -0.025348    -0.021145    -0.016681    -0.012248    -0.008158    -0.004701    -0.002108    -0.000524     0.000000
    0.000000     0.000414     0.001695     0.003832     0.006737     0.010248     0.014145     0.018176     0.022088     0.025645     0.028633     0.030864     0.032174     0.032431     0.031546     0.029485     0.026273     0.021996     0.016794     0.010861     0.004433    -0.002219    -0.008807    -0.015047    -0.020672    -0.025453    -0.029208    -0.031811    -0.033198    -0.033369    -0.032388    -0.030370    -0.027469    -0.023877    -0.019815    -0.015540    -0.011338    -0.007500    -0.004291    -0.001909    -0.000469     0.000000
    0.000000     0.000368     0.001524     0.003476     0.006157     0.009432     0.013103     0.016936     0.020689     0.024130     0.027048     0.029253     0.030583     0.030906     0.030131     0.028219     0.025188     0.021114     0.016129     0.010421     0.004222    -0.002198    -0.008555    -0.014562    -0.019958    -0.024521    -0.028074    -0.030504    -0.031753    -0.031830    -0.030802    -0.028783    -0.025931    -0.022437    -0.018523    -0.014443    -0.010471    -0.006880    -0.003907    -0.001724    -0.000419     0.000000
    0.000000     0.000325     0.001367     0.003144     0.005614     0.008660     0.012109     0.015744     0.019335     0.022655     0.025497     0.027672     0.029017     0.029400     0.028730     0.026962     0.024106     0.020231     0.015462     0.009979     0.004011    -0.002175    -0.008296    -0.014070    -0.019238    -0.023585    -0.026942    -0.029203    -0.030321    -0.030310    -0.029240    -0.027227    -0.024430    -0.021040    -0.017279    -0.013394    -0.009650    -0.006297    -0.003550    -0.001554    -0.000373     0.000000
    0.000000     0.000287     0.001222     0.002837     0.005106     0.007934     0.011167     0.014605     0.018033     0.021230     0.023991     0.026130     0.027486     0.027924     0.027352     0.025721     0.023035     0.019354     0.014797     0.009538     0.003802    -0.002149    -0.008034    -0.013575    -0.018519    -0.022653    -0.025820    -0.027919    -0.028913    -0.028820    -0.027713    -0.025713    -0.022976    -0.019695    -0.016089    -0.012400    -0.008877    -0.005754    -0.003220    -0.001397    -0.000332     0.000000
    0.000000     0.000252     0.001089     0.002555     0.004635     0.007255     0.010279     0.013525     0.016789     0.019861     0.022539     0.024638     0.025998     0.026487     0.026006     0.024505     0.021982     0.018489     0.014140     0.009102     0.003595    -0.002122    -0.007772    -0.013083    -0.017804    -0.021732    -0.024715    -0.026660    -0.027536    -0.027367    -0.026231    -0.024248    -0.021577    -0.018409    -0.014959    -0.011463    -0.008155    -0.005250    -0.002916    -0.001254    -0.000294     0.000000
    0.000000     0.000221     0.000969     0.002295     0.004200     0.006624     0.009447     0.012506     0.015609     0.018555     0.021146     0.023202     0.024562     0.025094     0.024699     0.023320     0.020952     0.017642     0.013495     0.008674     0.003393    -0.002092    -0.007511    -0.012595    -0.017100    -0.020828    -0.023633    -0.025432    -0.026198    -0.025961    -0.024801    -0.022841    -0.020239    -0.017186    -0.013892    -0.010583    -0.007482    -0.004784    -0.002637    -0.001124    -0.000260     0.000000
    0.000000     0.000193     0.000859     0.002058     0.003800     0.006039     0.008671     0.011550     0.014495     0.017314     0.019818     0.021827     0.023183     0.023752     0.023434     0.022171     0.019951     0.016815     0.012864     0.008255     0.003197    -0.002062    -0.007254    -0.012115    -0.016410    -0.019944    -0.022581    -0.024241    -0.024904    -0.024606    -0.023428    -0.021495    -0.018967    -0.016029    -0.012889    -0.009763    -0.006859    -0.004356    -0.002383    -0.001007    -0.000230     0.000000
    0.000000     0.000167     0.000761     0.001843     0.003434     0.005499     0.007952     0.010657     0.013448     0.016143     0.018558     0.020517     0.021863     0.022464     0.022218     0.021062     0.018981     0.016013     0.012251     0.007847     0.003006    -0.002031    -0.007000    -0.011646    -0.015737    -0.019085    -0.021561    -0.023090    -0.023659    -0.023306    -0.022117    -0.020216    -0.017763    -0.014941    -0.011951    -0.009001    -0.006284    -0.003963    -0.002151    -0.000900    -0.000203     0.000000
    0.000000     0.000145     0.000672     0.001649     0.003100     0.005005     0.007287     0.009826     0.012469     0.015042     0.017367     0.019274     0.020607     0.021234     0.021052     0.019996     0.018047     0.015237     0.011657     0.007452     0.002821    -0.001999    -0.006753    -0.011189    -0.015083    -0.018254    -0.020577    -0.021984    -0.022466    -0.022065    -0.020869    -0.019004    -0.016628    -0.013921    -0.011078    -0.008296    -0.005756    -0.003606    -0.001942    -0.000805    -0.000178     0.000000
    0.000000     0.000125     0.000593     0.001473     0.002797     0.004552     0.006675     0.009057     0.011557     0.014010     0.016247     0.018099     0.019415     0.020063     0.019938     0.018974     0.017149     0.014491     0.011084     0.007071     0.002644    -0.001967    -0.006512    -0.010746    -0.014451    -0.017453    -0.019632    -0.020925    -0.021328    -0.020885    -0.019688    -0.017862    -0.015563    -0.012969    -0.010268    -0.007647    -0.005273    -0.003281    -0.001753    -0.000720    -0.000157     0.000000
    0.000000     0.000108     0.000523     0.001316     0.002523     0.004140     0.006114     0.008348     0.010711     0.013048     0.015197     0.016994     0.018289     0.018952     0.018878     0.017999     0.016290     0.013775     0.010534     0.006705     0.002474    -0.001935    -0.006278    -0.010318    -0.013842    -0.016683    -0.018726    -0.019914    -0.020244    -0.019767    -0.018573    -0.016788    -0.014568    -0.012084    -0.009520    -0.007051    -0.004833    -0.002986    -0.001583    -0.000644    -0.000138     0.000000
    0.000000     0.000093     0.000461     0.001175     0.002277     0.003767     0.005602     0.007696     0.009928     0.012154     0.014215     0.015956     0.017228     0.017902     0.017873     0.017071     0.015470     0.013089     0.010007     0.006353     0.002311    -0.001903    -0.006052    -0.009906    -0.013258    -0.015946    -0.017861    -0.018951    -0.019217    -0.018710    -0.017523    -0.015783    -0.013640    -0.011265    -0.008831    -0.006505    -0.004433    -0.002721    -0.001432    -0.000576    -0.000122     0.000000
    0.000000     0.000079     0.000406     0.001050     0.002056     0.003429     0.005136     0.007099     0.009207     0.011325     0.013302     0.014985     0.016231     0.016911     0.016921     0.016190     0.014689     0.012436     0.009503     0.006018     0.002156    -0.001872    -0.005835    -0.009510    -0.012698    -0.015242    -0.017038    -0.018037    -0.018245    -0.017715    -0.016539    -0.014844    -0.012779    -0.010508    -0.008198    -0.006008    -0.004070    -0.002483    -0.001296    -0.000517    -0.000107     0.000000
    0.000000     0.000068     0.000358     0.000940     0.001858     0.003126     0.004713     0.006554     0.008545     0.010559     0.012453     0.014079     0.015297     0.015979     0.016023     0.015356     0.013948     0.011813     0.009023     0.005697     0.002008    -0.001840    -0.005626    -0.009130    -0.012162    -0.014570    -0.016255    -0.017172    -0.017328    -0.016779    -0.015618    -0.013969    -0.011980    -0.009810    -0.007619    -0.005556    -0.003743    -0.002269    -0.001176    -0.000465    -0.000095     0.000000
    0.000000     0.000058     0.000316     0.000842     0.001683     0.002853     0.004331     0.006058     0.007938     0.009853     0.011667     0.013236     0.014423     0.015104     0.015176     0.014567     0.013245     0.011222     0.008566     0.005393     0.001868    -0.001810    -0.005425    -0.008768    -0.011652    -0.013932    -0.015513    -0.016354    -0.016465    -0.015901    -0.014758    -0.013157    -0.011243    -0.009170    -0.007091    -0.005146    -0.003449    -0.002078    -0.001070    -0.000419    -0.000084     0.000000
    0.000000     0.000050     0.000280     0.000757     0.001527     0.002609     0.003987     0.005607     0.007384     0.009205     0.010940     0.012452     0.013608     0.014285     0.014381     0.013824     0.012580     0.010662     0.008132     0.005103     0.001735    -0.001780    -0.005233    -0.008422    -0.011166    -0.013326    -0.014811    -0.015583    -0.015654    -0.015080    -0.013956    -0.012404    -0.010563    -0.008583    -0.006610    -0.004775    -0.003185    -0.001909    -0.000977    -0.000379    -0.000075     0.000000
    0.000000     0.000043     0.000249     0.000682     0.001390     0.002392     0.003678     0.005199     0.006879     0.008610     0.010270     0.011726     0.012849     0.013518     0.013633     0.013123     0.011953     0.010132     0.007721     0.004829     0.001610    -0.001750    -0.005050    -0.008093    -0.010705    -0.012752    -0.014148    -0.014857    -0.014892    -0.014313    -0.013211    -0.011707    -0.009937    -0.008046    -0.006172    -0.004441    -0.002949    -0.001759    -0.000895    -0.000345    -0.000067     0.000000
    0.000000     0.000038     0.000223     0.000618     0.001270     0.002200     0.003401     0.004831     0.006419     0.008065     0.009652     0.011054     0.012143     0.012802     0.012933     0.012464     0.011361     0.009631     0.007332     0.004569     0.001492    -0.001721    -0.004875    -0.007779    -0.010267    -0.012209    -0.013522    -0.014173    -0.014179    -0.013597    -0.012519    -0.011063    -0.009362    -0.007555    -0.005776    -0.004141    -0.002739    -0.001626    -0.000823    -0.000315    -0.000061     0.000000
    0.000000     0.000033     0.000200     0.000562     0.001164     0.002030     0.003153     0.004500     0.006002     0.007568     0.009085     0.010433     0.011487     0.012135     0.012277     0.011845     0.010803     0.009158     0.006964     0.004324     0.001380    -0.001693    -0.004708    -0.007482    -0.009852    -0.011695    -0.012932    -0.013531    -0.013511    -0.012929    -0.011877    -0.010469    -0.008835    -0.007109    -0.005418    -0.003871    -0.002551    -0.001510    -0.000761    -0.000290    -0.000056     0.000000
    0.000000     0.000029     0.000182     0.000515     0.001073     0.001880     0.002933     0.004202     0.005624     0.007114     0.008564     0.009859     0.010879     0.011512     0.011664     0.011264     0.010278     0.008712     0.006617     0.004092     0.001275    -0.001666    -0.004550    -0.007199    -0.009459    -0.011210    -0.012376    -0.012929    -0.012887    -0.012308    -0.011282    -0.009921    -0.008352    -0.006702    -0.005094    -0.003629    -0.002385    -0.001407    -0.000707    -0.000269    -0.000051     0.000000
    0.000000     0.000026     0.000166     0.000474     0.000993     0.001748     0.002738     0.003935     0.005283     0.006700     0.008087     0.009330     0.010315     0.010933     0.011091     0.010720     0.009785     0.008292     0.006290     0.003874     0.001177    -0.001639    -0.004399    -0.006931    -0.009087    -0.010752    -0.011853    -0.012364    -0.012304    -0.011730    -0.010731    -0.009417    -0.007909    -0.006333    -0.004802    -0.003413    -0.002238    -0.001318    -0.000661    -0.000251    -0.000048     0.000000
    0.000000     0.000024     0.000154     0.000440     0.000925     0.001633     0.002564     0.003695     0.004974     0.006324     0.007649     0.008843     0.009793     0.010394     0.010555     0.010209     0.009321     0.007896     0.005981     0.003668     0.001084    -0.001613    -0.004255    -0.006677    -0.008736    -0.010320    -0.011360    -0.011834    -0.011759    -0.011192    -0.010221    -0.008953    -0.007505    -0.005997    -0.004538    -0.003220    -0.002109    -0.001240    -0.000621    -0.000236    -0.000045     0.000000
    0.000000     0.000023     0.000144     0.000412     0.000867     0.001532     0.002411     0.003481     0.004696     0.005982     0.007249     0.008394     0.009309     0.009892     0.010055     0.009731     0.008886     0.007524     0.005690     0.003474     0.000997    -0.001587    -0.004118    -0.006436    -0.008403    -0.009912    -0.010897    -0.011337    -0.011250    -0.010692    -0.009750    -0.008526    -0.007135    -0.005693    -0.004302    -0.003048    -0.001994    -0.001172    -0.000588    -0.000223    -0.000043     0.000000
    0.000000     0.000022     0.000136     0.000389     0.000817     0.001445     0.002276     0.003291     0.004445     0.005671     0.006882     0.007980     0.008861     0.009426     0.009588     0.009283     0.008477     0.007173     0.005417     0.003291     0.000916    -0.001563    -0.003988    -0.006208    -0.008089    -0.009528    -0.010462    -0.010871    -0.010775    -0.010228    -0.009313    -0.008133    -0.006798    -0.005416    -0.004089    -0.002895    -0.001894    -0.001114    -0.000559    -0.000213    -0.000041     0.000000
    0.000000     0.000021     0.000130     0.000370     0.000775     0.001370     0.002157     0.003121     0.004219     0.005388     0.006547     0.007600     0.008447     0.008992     0.009152     0.008863     0.008093     0.006844     0.005159     0.003119     0.000840    -0.001538    -0.003865    -0.005992    -0.007791    -0.009165    -0.010053    -0.010434    -0.010331    -0.009796    -0.008910    -0.007772    -0.006489    -0.005166    -0.003897    -0.002759    -0.001805    -0.001063    -0.000535    -0.000205    -0.000040     0.000000
    0.000000     0.000021     0.000126     0.000354     0.000740     0.001305     0.002053     0.002969     0.004016     0.005132     0.006240     0.007249     0.008063     0.008588     0.008744     0.008470     0.007732     0.006534     0.004916     0.002957     0.000769    -0.001515    -0.003747    -0.005787    -0.007510    -0.008823    -0.009667    -0.010025    -0.009916    -0.009394    -0.008536    -0.007440    -0.006207    -0.004939    -0.003725    -0.002638    -0.001728    -0.001020    -0.000515    -0.000199    -0.000039     0.000000
    0.000000     0.000021     0.000123     0.000342     0.000711     0.001249     0.001961     0.002835     0.003833     0.004899     0.005959     0.006926     0.007707     0.008213     0.008364     0.008101     0.007393     0.006243     0.004688     0.002805     0.000702    -0.001491    -0.003635    -0.005592    -0.007244    -0.008500    -0.009305    -0.009641    -0.009528    -0.009019    -0.008190    -0.007134    -0.005949    -0.004732    -0.003570    -0.002531    -0.001660    -0.000982    -0.000499    -0.000194    -0.000039     0.000000
    0.000000     0.000021     0.000121     0.000333     0.000686     0.001201     0.001881     0.002715     0.003668     0.004687     0.005702     0.006628     0.007378     0.007863     0.008008     0.007756     0.007075     0.005968     0.004473     0.002662     0.000640    -0.001469    -0.003528    -0.005408    -0.006993    -0.008196    -0.008963    -0.009280    -0.009166    -0.008671    -0.007870    -0.006852    -0.005713    -0.004545    -0.003431    -0.002435    -0.001601    -0.000951    -0.000485    -0.000190    -0.000039     0.000000
    0.000000     0.000022     0.000120     0.000326     0.000667     0.001160     0.001811     0.002608     0.003520     0.004495     0.005466     0.006354     0.007072     0.007538     0.007676     0.007432     0.006776     0.005710     0.004271     0.002528     0.000582    -0.001446    -0.003427    -0.005233    -0.006755    -0.007908    -0.008642    -0.008942    -0.008827    -0.008346    -0.007572    -0.006592    -0.005496    -0.004375    -0.003306    -0.002350    -0.001549    -0.000923    -0.000474    -0.000187    -0.000039     0.000000
    0.000000     0.000022     0.000120     0.000321     0.000651     0.001125     0.001750     0.002513     0.003386     0.004320     0.005250     0.006100     0.006789     0.007234     0.007365     0.007128     0.006495     0.005467     0.004080     0.002401     0.000527    -0.001425    -0.003330    -0.005067    -0.006529    -0.007636    -0.008339    -0.008623    -0.008509    -0.008043    -0.007296    -0.006351    -0.005297    -0.004220    -0.003192    -0.002274    -0.001504    -0.000900    -0.000465    -0.000185    -0.000039     0.000000
    0.000000     0.000023     0.000121     0.000318     0.000638     0.001096     0.001696     0.002429     0.003265     0.004160     0.005051     0.005866     0.006525     0.006950     0.007074     0.006843     0.006231     0.005238     0.003900     0.002282     0.000477    -0.001403    -0.003238    -0.004909    -0.006315    -0.007379    -0.008052    -0.008323    -0.008210    -0.007760    -0.007039    -0.006129    -0.005115    -0.004078    -0.003090    -0.002206    -0.001464    -0.000880    -0.000458    -0.000184    -0.000040     0.000000
    0.000000     0.000024     0.000122     0.000316     0.000627     0.001071     0.001650     0.002354     0.003156     0.004014     0.004868     0.005649     0.006279     0.006685     0.006801     0.006575     0.005982     0.005023     0.003731     0.002170     0.000429    -0.001382    -0.003150    -0.004759    -0.006112    -0.007135    -0.007782    -0.008041    -0.007930    -0.007495    -0.006800    -0.005923    -0.004947    -0.003949    -0.002998    -0.002146    -0.001429    -0.000863    -0.000452    -0.000183    -0.000040     0.000000
    0.000000     0.000025     0.000123     0.000315     0.000619     0.001050     0.001608     0.002286     0.003057     0.003881     0.004700     0.005447     0.006051     0.006438     0.006544     0.006323     0.005747     0.004819     0.003571     0.002064     0.000385    -0.001362    -0.003065    -0.004616    -0.005920    -0.006904    -0.007526    -0.007775    -0.007667    -0.007246    -0.006576    -0.005732    -0.004791    -0.003830    -0.002913    -0.002091    -0.001398    -0.000849    -0.000447    -0.000183    -0.000041     0.000000
    0.000000     0.000026     0.000125     0.000315     0.000613     0.001032     0.001572     0.002226     0.002967     0.003758     0.004544     0.005260     0.005837     0.006205     0.006303     0.006085     0.005526     0.004627     0.003421     0.001965     0.000344    -0.001342    -0.002985    -0.004480    -0.005736    -0.006685    -0.007284    -0.007523    -0.007419    -0.007013    -0.006367    -0.005554    -0.004647    -0.003721    -0.002837    -0.002042    -0.001370    -0.000837    -0.000443    -0.000183    -0.000041     0.000000
    0.000000     0.000027     0.000127     0.000316     0.000609     0.001016     0.001540     0.002171     0.002886     0.003645     0.004400     0.005086     0.005638     0.005988     0.006077     0.005861     0.005317     0.004446     0.003278     0.001871     0.000306    -0.001322    -0.002907    -0.004350    -0.005562    -0.006477    -0.007055    -0.007285    -0.007185    -0.006794    -0.006172    -0.005388    -0.004514    -0.003621    -0.002766    -0.001998    -0.001346    -0.000826    -0.000441    -0.000183    -0.000042     0.000000
    0.000000     0.000028     0.000129     0.000317     0.000605     0.001003     0.001512     0.002122     0.002811     0.003542     0.004266     0.004924     0.005451     0.005783     0.005864     0.005650     0.005119     0.004274     0.003144     0.001783     0.000270    -0.001302    -0.002833    -0.004226    -0.005396    -0.006279    -0.006838    -0.007060    -0.006964    -0.006588    -0.005988    -0.005232    -0.004390    -0.003527    -0.002702    -0.001958    -0.001324    -0.000816    -0.000438    -0.000184    -0.000042     0.000000
    0.000000     0.000029     0.000131     0.000318     0.000603     0.000992     0.001487     0.002077     0.002742     0.003445     0.004141     0.004772     0.005275     0.005590     0.005662     0.005450     0.004933     0.004112     0.003017     0.001700     0.000237    -0.001283    -0.002762    -0.004108    -0.005238    -0.006091    -0.006631    -0.006847    -0.006755    -0.006393    -0.005815    -0.005087    -0.004274    -0.003441    -0.002642    -0.001920    -0.001304    -0.000808    -0.000436    -0.000185    -0.000043     0.000000
    0.000000     0.000030     0.000133     0.000320     0.000601     0.000982     0.001464     0.002036     0.002678     0.003356     0.004025     0.004629     0.005110     0.005409     0.005472     0.005262     0.004756     0.003959     0.002896     0.001621     0.000205    -0.001264    -0.002694    -0.003994    -0.005087    -0.005912    -0.006434    -0.006644    -0.006557    -0.006209    -0.005653    -0.004950    -0.004165    -0.003360    -0.002587    -0.001886    -0.001286    -0.000801    -0.000435    -0.000185    -0.000044     0.000000
    0.000000     0.000031     0.000135     0.000322     0.000599     0.000973     0.001443     0.001999     0.002619     0.003273     0.003916     0.004495     0.004955     0.005237     0.005292     0.005083     0.004589     0.003813     0.002782     0.001547     0.000176    -0.001245    -0.002628    -0.003886    -0.004942    -0.005741    -0.006247    -0.006451    -0.006369    -0.006034    -0.005499    -0.004821    -0.004063    -0.003285    -0.002535    -0.001855    -0.001269    -0.000794    -0.000433    -0.000186    -0.000044     0.000000
    0.000000     0.000032     0.000137     0.000323     0.000598     0.000966     0.001424     0.001964     0.002565     0.003195     0.003813     0.004369     0.004808     0.005075     0.005122     0.004913     0.004430     0.003675     0.002674     0.001477     0.000149    -0.001227    -0.002565    -0.003782    -0.004804    -0.005578    -0.006068    -0.006268    -0.006190    -0.005869    -0.005353    -0.004699    -0.003967    -0.003214    -0.002487    -0.001825    -0.001253    -0.000787    -0.000432    -0.000186    -0.000045     0.000000
    0.000000     0.000033     0.000139     0.000325     0.000597     0.000959     0.001407     0.001931     0.002513     0.003122     0.003717     0.004250     0.004669     0.004921     0.004960     0.004752     0.004279     0.003544     0.002572     0.001410     0.000124    -0.001208    -0.002504    -0.003682    -0.004672    -0.005421    -0.005898    -0.006093    -0.006020    -0.005712    -0.005215    -0.004584    -0.003876    -0.003147    -0.002441    -0.001797    -0.001239    -0.000781    -0.000431    -0.000187    -0.000045     0.000000
    0.000000     0.000034     0.000141     0.000327     0.000597     0.000952     0.001390     0.001901     0.002465     0.003053     0.003626     0.004138     0.004538     0.004775     0.004807     0.004599     0.004136     0.003419     0.002475     0.001347     0.000101    -0.001190    -0.002445    -0.003586    -0.004545    -0.005272    -0.005735    -0.005926    -0.005858    -0.005562    -0.005083    -0.004474    -0.003790    -0.003083    -0.002398    -0.001770    -0.001225    -0.000776    -0.000430    -0.000187    -0.000046     0.000000
    0.000000     0.000035     0.000142     0.000328     0.000596     0.000946     0.001375     0.001872     0.002419     0.002988     0.003540     0.004031     0.004412     0.004637     0.004661     0.004454     0.003999     0.003301     0.002382     0.001288     0.000079    -0.001173    -0.002389    -0.003494    -0.004424    -0.005129    -0.005579    -0.005766    -0.005703    -0.005419    -0.004958    -0.004370    -0.003708    -0.003022    -0.002357    -0.001745    -0.001211    -0.000770    -0.000428    -0.000188    -0.000046     0.000000
    0.000000     0.000035     0.000144     0.000330     0.000595     0.000939     0.001360     0.001845     0.002376     0.002925     0.003457     0.003929     0.004293     0.004505     0.004522     0.004315     0.003869     0.003188     0.002294     0.001232     0.000058    -0.001155    -0.002334    -0.003405    -0.004307    -0.004991    -0.005429    -0.005613    -0.005555    -0.005282    -0.004838    -0.004270    -0.003629    -0.002964    -0.002317    -0.001720    -0.001198    -0.000764    -0.000427    -0.000188    -0.000046     0.000000
    0.000000     0.000036     0.000145     0.000331     0.000594     0.000933     0.001345     0.001818     0.002334     0.002866     0.003379     0.003832     0.004180     0.004378     0.004389     0.004182     0.003745     0.003080     0.002211     0.001178     0.000039    -0.001138    -0.002281    -0.003320    -0.004195    -0.004860    -0.005286    -0.005467    -0.005412    -0.005151    -0.004723    -0.004174    -0.003554    -0.002909    -0.002279    -0.001697    -0.001185    -0.000758    -0.000425    -0.000188    -0.000047     0.000000
    0.000000     0.000036     0.000146     0.000331     0.000592     0.000927     0.001331     0.001793     0.002294     0.002809     0.003304     0.003739     0.004071     0.004258     0.004262     0.004056     0.003626     0.002977     0.002131     0.001127     0.000022    -0.001120    -0.002229    -0.003238    -0.004087    -0.004733    -0.005148    -0.005326    -0.005276    -0.005026    -0.004613    -0.004082    -0.003482    -0.002855    -0.002242    -0.001674    -0.001172    -0.000753    -0.000423    -0.000188    -0.000047     0.000000
    0.000000     0.000037     0.000147     0.000332     0.000590     0.000921     0.001317     0.001768     0.002256     0.002755     0.003232     0.003650     0.003968     0.004143     0.004141     0.003935     0.003513     0.002879     0.002055     0.001079     0.000005    -0.001103    -0.002180    -0.003158    -0.003983    -0.004611    -0.005016    -0.005190    -0.005145    -0.004905    -0.004507    -0.003994    -0.003412    -0.002804    -0.002206    -0.001651    -0.001160    -0.000747    -0.000421    -0.000188    -0.000047     0.000000
    0.000000     0.000037     0.000148     0.000332     0.000588     0.000914     0.001303     0.001744     0.002218     0.002702     0.003163     0.003565     0.003868     0.004032     0.004024     0.003819     0.003405     0.002785     0.001982     0.001033    -0.000010    -0.001087    -0.002131    -0.003082    -0.003883    -0.004493    -0.004888    -0.005060    -0.005019    -0.004789    -0.004405    -0.003909    -0.003345    -0.002753    -0.002172    -0.001629    -0.001147    -0.000741    -0.000419    -0.000187    -0.000047     0.000000
    0.000000     0.000037     0.000148     0.000332     0.000586     0.000908     0.001289     0.001720     0.002182     0.002651     0.003097     0.003483     0.003772     0.003926     0.003913     0.003708     0.003301     0.002696     0.001913     0.000990    -0.000024    -0.001070    -0.002085    -0.003008    -0.003786    -0.004380    -0.004765    -0.004935    -0.004897    -0.004677    -0.004306    -0.003827    -0.003279    -0.002705    -0.002138    -0.001607    -0.001134    -0.000734    -0.000417    -0.000187    -0.000047     0.000000
    0.000000     0.000038     0.000149     0.000332     0.000584     0.000901     0.001276     0.001697     0.002147     0.002602     0.003032     0.003404     0.003680     0.003824     0.003806     0.003601     0.003201     0.002610     0.001847     0.000948    -0.000037    -0.001054    -0.002039    -0.002936    -0.003693    -0.004271    -0.004647    -0.004814    -0.004780    -0.004569    -0.004211    -0.003747    -0.003216    -0.002657    -0.002104    -0.001585    -0.001122    -0.000728    -0.000414    -0.000186    -0.000047     0.000000
    0.000000     0.000038     0.000149     0.000331     0.000581     0.000894     0.001262     0.001674     0.002112     0.002554     0.002970     0.003328     0.003591     0.003726     0.003703     0.003499     0.003106     0.002527     0.001784     0.000909    -0.000050    -0.001037    -0.001995    -0.002866    -0.003602    -0.004165    -0.004532    -0.004697    -0.004667    -0.004464    -0.004119    -0.003670    -0.003155    -0.002611    -0.002071    -0.001564    -0.001109    -0.000721    -0.000411    -0.000185    -0.000047     0.000000
    0.000000     0.000038     0.000149     0.000330     0.000577     0.000886     0.001248     0.001651     0.002078     0.002507     0.002909     0.003254     0.003505     0.003632     0.003604     0.003401     0.003014     0.002449     0.001723     0.000871    -0.000061    -0.001021    -0.001952    -0.002799    -0.003515    -0.004063    -0.004422    -0.004584    -0.004558    -0.004363    -0.004030    -0.003595    -0.003095    -0.002565    -0.002039    -0.001542    -0.001096    -0.000714    -0.000408    -0.000184    -0.000047     0.000000
    0.000000     0.000038     0.000149     0.000329     0.000574     0.000878     0.001234     0.001628     0.002045     0.002461     0.002851     0.003182     0.003423     0.003540     0.003508     0.003306     0.002926     0.002373     0.001665     0.000836    -0.000072    -0.001006    -0.001911    -0.002734    -0.003431    -0.003965    -0.004315    -0.004475    -0.004452    -0.004265    -0.003944    -0.003522    -0.003036    -0.002521    -0.002007    -0.001521    -0.001083    -0.000707    -0.000405    -0.000183    -0.000047     0.000000
    0.000000     0.000038     0.000149     0.000327     0.000570     0.000870     0.001219     0.001605     0.002012     0.002416     0.002793     0.003113     0.003342     0.003452     0.003416     0.003215     0.002841     0.002300     0.001609     0.000801    -0.000082    -0.000990    -0.001870    -0.002671    -0.003349    -0.003869    -0.004211    -0.004369    -0.004349    -0.004170    -0.003860    -0.003451    -0.002979    -0.002477    -0.001976    -0.001500    -0.001070    -0.000700    -0.000402    -0.000182    -0.000047     0.000000
    0.000000     0.000038     0.000148     0.000326     0.000566     0.000862     0.001205     0.001583     0.001979     0.002373     0.002738     0.003045     0.003265     0.003367     0.003327     0.003127     0.002760     0.002230     0.001556     0.000769    -0.000091    -0.000974    -0.001830    -0.002610    -0.003270    -0.003777    -0.004111    -0.004267    -0.004250    -0.004078    -0.003778    -0.003382    -0.002923    -0.002434    -0.001944    -0.001479    -0.001056    -0.000693    -0.000398    -0.000181    -0.000046     0.000000
    0.000000     0.000038     0.000148     0.000324     0.000561     0.000853     0.001190     0.001560     0.001947     0.002330     0.002683     0.002979     0.003189     0.003285     0.003241     0.003042     0.002681     0.002163     0.001505     0.000738    -0.000099    -0.000959    -0.001792    -0.002550    -0.003193    -0.003687    -0.004014    -0.004167    -0.004153    -0.003988    -0.003699    -0.003314    -0.002868    -0.002392    -0.001914    -0.001457    -0.001043    -0.000685    -0.000394    -0.000179    -0.000046     0.000000
    0.000000     0.000038     0.000147     0.000322     0.000556     0.000844     0.001175     0.001538     0.001915     0.002287     0.002630     0.002916     0.003116     0.003205     0.003158     0.002960     0.002605     0.002098     0.001456     0.000708    -0.000107    -0.000944    -0.001755    -0.002493    -0.003118    -0.003600    -0.003920    -0.004071    -0.004059    -0.003901    -0.003621    -0.003249    -0.002815    -0.002350    -0.001883    -0.001436    -0.001029    -0.000677    -0.000390    -0.000178    -0.000046     0.000000
    0.000000     0.000038     0.000146     0.000319     0.000551     0.000835     0.001160     0.001515     0.001884     0.002246     0.002578     0.002853     0.003045     0.003127     0.003078     0.002881     0.002532     0.002036     0.001409     0.000679    -0.000115    -0.000929    -0.001718    -0.002437    -0.003046    -0.003516    -0.003829    -0.003978    -0.003968    -0.003816    -0.003546    -0.003184    -0.002762    -0.002309    -0.001853    -0.001415    -0.001016    -0.000669    -0.000386    -0.000176    -0.000045     0.000000
    0.000000     0.000038     0.000145     0.000317     0.000546     0.000825     0.001145     0.001493     0.001853     0.002205     0.002527     0.002792     0.002976     0.003052     0.003000     0.002805     0.002462     0.001976     0.001363     0.000652    -0.000121    -0.000914    -0.001682    -0.002382    -0.002976    -0.003434    -0.003740    -0.003887    -0.003880    -0.003734    -0.003472    -0.003121    -0.002711    -0.002269    -0.001823    -0.001394    -0.001002    -0.000661    -0.000382    -0.000174    -0.000045     0.000000
    0.000000     0.000037     0.000144     0.000314     0.000540     0.000816     0.001130     0.001471     0.001822     0.002165     0.002477     0.002733     0.002909     0.002979     0.002924     0.002731     0.002393     0.001918     0.001319     0.000626    -0.000128    -0.000900    -0.001648    -0.002329    -0.002907    -0.003355    -0.003654    -0.003799    -0.003794    -0.003654    -0.003400    -0.003059    -0.002660    -0.002229    -0.001793    -0.001373    -0.000988    -0.000652    -0.000378    -0.000173    -0.000045     0.000000
    0.000000     0.000037     0.000143     0.000311     0.000535     0.000806     0.001115     0.001448     0.001791     0.002125     0.002428     0.002675     0.002843     0.002908     0.002851     0.002659     0.002328     0.001862     0.001277     0.000601    -0.000133    -0.000886    -0.001614    -0.002277    -0.002841    -0.003278    -0.003570    -0.003713    -0.003710    -0.003575    -0.003330    -0.002999    -0.002610    -0.002190    -0.001763    -0.001352    -0.000974    -0.000644    -0.000373    -0.000171    -0.000044     0.000000
    0.000000     0.000037     0.000142     0.000308     0.000529     0.000796     0.001099     0.001426     0.001761     0.002086     0.002380     0.002619     0.002779     0.002839     0.002780     0.002590     0.002264     0.001808     0.001237     0.000577    -0.000139    -0.000872    -0.001581    -0.002227    -0.002777    -0.003203    -0.003489    -0.003629    -0.003628    -0.003499    -0.003261    -0.002940    -0.002561    -0.002151    -0.001734    -0.001331    -0.000960    -0.000636    -0.000369    -0.000169    -0.000044     0.000000
    0.000000     0.000037     0.000140     0.000305     0.000523     0.000786     0.001083     0.001404     0.001731     0.002048     0.002332     0.002563     0.002717     0.002772     0.002711     0.002523     0.002202     0.001756     0.001198     0.000554    -0.000144    -0.000858    -0.001549    -0.002178    -0.002714    -0.003130    -0.003410    -0.003548    -0.003549    -0.003424    -0.003194    -0.002882    -0.002513    -0.002113    -0.001705    -0.001310    -0.000946    -0.000627    -0.000364    -0.000167    -0.000043     0.000000
    0.000000     0.000036     0.000139     0.000302     0.000516     0.000775     0.001068     0.001381     0.001701     0.002010     0.002286     0.002509     0.002656     0.002707     0.002645     0.002458     0.002143     0.001705     0.001160     0.000532    -0.000148    -0.000844    -0.001517    -0.002131    -0.002653    -0.003059    -0.003333    -0.003469    -0.003471    -0.003351    -0.003128    -0.002825    -0.002466    -0.002075    -0.001676    -0.001290    -0.000932    -0.000618    -0.000359    -0.000165    -0.000043     0.000000
    0.000000     0.000036     0.000138     0.000298     0.000510     0.000765     0.001052     0.001359     0.001672     0.001972     0.002241     0.002456     0.002597     0.002644     0.002580     0.002394     0.002085     0.001657     0.001124     0.000511    -0.000152    -0.000830    -0.001486    -0.002084    -0.002594    -0.002990    -0.003258    -0.003392    -0.003395    -0.003280    -0.003064    -0.002769    -0.002419    -0.002038    -0.001648    -0.001269    -0.000918    -0.000609    -0.000355    -0.000163    -0.000042     0.000000
    0.000000     0.000036     0.000136     0.000295     0.000503     0.000754     0.001036     0.001337     0.001643     0.001935     0.002196     0.002404     0.002539     0.002582     0.002516     0.002333     0.002029     0.001610     0.001089     0.000491    -0.000156    -0.000817    -0.001456    -0.002039    -0.002536    -0.002923    -0.003185    -0.003317    -0.003322    -0.003211    -0.003001    -0.002715    -0.002373    -0.002001    -0.001620    -0.001248    -0.000904    -0.000601    -0.000350    -0.000161    -0.000042     0.000000
    0.000000     0.000035     0.000135     0.000291     0.000497     0.000743     0.001020     0.001315     0.001614     0.001899     0.002152     0.002353     0.002483     0.002521     0.002455     0.002274     0.001975     0.001564     0.001056     0.000472    -0.000159    -0.000804    -0.001427    -0.001995    -0.002480    -0.002857    -0.003114    -0.003244    -0.003250    -0.003143    -0.002940    -0.002661    -0.002328    -0.001965    -0.001592    -0.001228    -0.000890    -0.000592    -0.000345    -0.000159    -0.000041     0.000000
    0.000000     0.000035     0.000133     0.000287     0.000490     0.000732     0.001004     0.001293     0.001585     0.001863     0.002109     0.002304     0.002427     0.002463     0.002395     0.002216     0.001922     0.001520     0.001023     0.000453    -0.000162    -0.000791    -0.001398    -0.001952    -0.002425    -0.002793    -0.003044    -0.003172    -0.003180    -0.003077    -0.002880    -0.002608    -0.002284    -0.001929    -0.001564    -0.001208    -0.000876    -0.000583    -0.000340    -0.000157    -0.000041     0.000000
    0.000000     0.000035     0.000131     0.000284     0.000483     0.000722     0.000988     0.001271     0.001556     0.001827     0.002067     0.002255     0.002374     0.002406     0.002337     0.002160     0.001871     0.001477     0.000992     0.000435    -0.000165    -0.000778    -0.001370    -0.001910    -0.002371    -0.002731    -0.002977    -0.003103    -0.003111    -0.003012    -0.002821    -0.002557    -0.002241    -0.001894    -0.001537    -0.001187    -0.000862    -0.000574    -0.000335    -0.000154    -0.000040     0.000000
    0.000000     0.000034     0.000130     0.000280     0.000476     0.000711     0.000972     0.001250     0.001528     0.001793     0.002025     0.002207     0.002321     0.002350     0.002281     0.002105     0.001822     0.001436     0.000961     0.000418    -0.000168    -0.000765    -0.001343    -0.001870    -0.002319    -0.002671    -0.002911    -0.003035    -0.003044    -0.002949    -0.002763    -0.002506    -0.002198    -0.001859    -0.001509    -0.001167    -0.000848    -0.000565    -0.000330    -0.000152    -0.000040     0.000000
    0.000000     0.000034     0.000128     0.000276     0.000469     0.000700     0.000956     0.001228     0.001500     0.001758     0.001984     0.002160     0.002269     0.002295     0.002226     0.002052     0.001774     0.001396     0.000932     0.000401    -0.000170    -0.000753    -0.001316    -0.001830    -0.002269    -0.002612    -0.002847    -0.002969    -0.002979    -0.002887    -0.002707    -0.002456    -0.002156    -0.001825    -0.001483    -0.001147    -0.000834    -0.000556    -0.000325    -0.000150    -0.000039     0.000000
    0.000000     0.000033     0.000126     0.000272     0.000462     0.000689     0.000941     0.001207     0.001473     0.001724     0.001944     0.002114     0.002219     0.002242     0.002172     0.002001     0.001728     0.001358     0.000904     0.000385    -0.000172    -0.000741    -0.001290    -0.001791    -0.002219    -0.002555    -0.002785    -0.002904    -0.002915    -0.002826    -0.002651    -0.002407    -0.002114    -0.001791    -0.001456    -0.001128    -0.000820    -0.000547    -0.000320    -0.000148    -0.000039     0.000000
    0.000000     0.000033     0.000125     0.000268     0.000455     0.000678     0.000925     0.001185     0.001446     0.001691     0.001904     0.002069     0.002170     0.002190     0.002120     0.001951     0.001682     0.001320     0.000876     0.000370    -0.000174    -0.000729    -0.001264    -0.001753    -0.002171    -0.002499    -0.002724    -0.002841    -0.002853    -0.002767    -0.002597    -0.002360    -0.002073    -0.001757    -0.001430    -0.001108    -0.000807    -0.000539    -0.000315    -0.000146    -0.000038     0.000000
    0.000000     0.000032     0.000123     0.000264     0.000448     0.000667     0.000909     0.001164     0.001419     0.001658     0.001865     0.002025     0.002122     0.002140     0.002069     0.001902     0.001638     0.001284     0.000850     0.000355    -0.000176    -0.000717    -0.001239    -0.001716    -0.002124    -0.002444    -0.002664    -0.002779    -0.002792    -0.002709    -0.002544    -0.002313    -0.002033    -0.001724    -0.001404    -0.001089    -0.000793    -0.000530    -0.000310    -0.000143    -0.000038     0.000000
    0.000000     0.000032     0.000121     0.000260     0.000441     0.000656     0.000894     0.001143     0.001392     0.001625     0.001827     0.001982     0.002074     0.002090     0.002019     0.001855     0.001596     0.001248     0.000824     0.000341    -0.000177    -0.000705    -0.001215    -0.001680    -0.002078    -0.002391    -0.002606    -0.002719    -0.002732    -0.002652    -0.002492    -0.002266    -0.001994    -0.001692    -0.001378    -0.001069    -0.000779    -0.000521    -0.000305    -0.000141    -0.000037     0.000000
    0.000000     0.000031     0.000119     0.000256     0.000434     0.000645     0.000878     0.001123     0.001366     0.001593     0.001790     0.001940     0.002028     0.002042     0.001971     0.001809     0.001554     0.001214     0.000799     0.000328    -0.000178    -0.000693    -0.001191    -0.001645    -0.002033    -0.002339    -0.002549    -0.002661    -0.002674    -0.002597    -0.002441    -0.002221    -0.001955    -0.001660    -0.001353    -0.001050    -0.000766    -0.000512    -0.000300    -0.000139    -0.000036     0.000000
    0.000000     0.000031     0.000117     0.000252     0.000427     0.000634     0.000863     0.001102     0.001340     0.001562     0.001753     0.001898     0.001983     0.001995     0.001924     0.001764     0.001514     0.001181     0.000775     0.000315    -0.000179    -0.000682    -0.001167    -0.001610    -0.001990    -0.002288    -0.002494    -0.002603    -0.002617    -0.002542    -0.002391    -0.002177    -0.001917    -0.001629    -0.001328    -0.001032    -0.000753    -0.000504    -0.000295    -0.000137    -0.000036     0.000000
    0.000000     0.000031     0.000116     0.000248     0.000420     0.000623     0.000847     0.001082     0.001314     0.001531     0.001717     0.001858     0.001939     0.001949     0.001878     0.001720     0.001475     0.001149     0.000752     0.000302    -0.000180    -0.000671    -0.001144    -0.001577    -0.001947    -0.002238    -0.002440    -0.002547    -0.002562    -0.002489    -0.002342    -0.002133    -0.001880    -0.001598    -0.001304    -0.001013    -0.000739    -0.000495    -0.000290    -0.000134    -0.000035     0.000000
    0.000000     0.000030     0.000114     0.000244     0.000413     0.000612     0.000832     0.001062     0.001289     0.001500     0.001681     0.001818     0.001896     0.001904     0.001833     0.001677     0.001437     0.001117     0.000730     0.000290    -0.000181    -0.000660    -0.001122    -0.001544    -0.001905    -0.002190    -0.002387    -0.002493    -0.002507    -0.002437    -0.002294    -0.002090    -0.001843    -0.001567    -0.001279    -0.000995    -0.000726    -0.000486    -0.000285    -0.000132    -0.000035     0.000000
    0.000000     0.000030     0.000112     0.000240     0.000406     0.000602     0.000817     0.001042     0.001264     0.001470     0.001646     0.001779     0.001854     0.001861     0.001790     0.001636     0.001400     0.001087     0.000708     0.000278    -0.000182    -0.000649    -0.001100    -0.001512    -0.001865    -0.002143    -0.002336    -0.002439    -0.002454    -0.002386    -0.002247    -0.002048    -0.001807    -0.001537    -0.001256    -0.000977    -0.000713    -0.000478    -0.000281    -0.000130    -0.000034     0.000000
    0.000000     0.000029     0.000110     0.000236     0.000399     0.000591     0.000802     0.001022     0.001239     0.001441     0.001612     0.001740     0.001813     0.001818     0.001747     0.001596     0.001364     0.001058     0.000687     0.000267    -0.000182    -0.000638    -0.001078    -0.001481    -0.001825    -0.002097    -0.002286    -0.002387    -0.002402    -0.002337    -0.002201    -0.002007    -0.001771    -0.001508    -0.001232    -0.000959    -0.000701    -0.000470    -0.000276    -0.000128    -0.000034     0.000000
    0.000000     0.000029     0.000108     0.000232     0.000392     0.000580     0.000788     0.001003     0.001215     0.001411     0.001578     0.001703     0.001772     0.001776     0.001705     0.001556     0.001329     0.001029     0.000666     0.000256    -0.000183    -0.000628    -0.001057    -0.001450    -0.001786    -0.002052    -0.002237    -0.002336    -0.002351    -0.002288    -0.002155    -0.001967    -0.001736    -0.001478    -0.001209    -0.000941    -0.000688    -0.000461    -0.000271    -0.000126    -0.000033     0.000000
    0.000000     0.000028     0.000106     0.000228     0.000385     0.000570     0.000773     0.000984     0.001191     0.001383     0.001545     0.001666     0.001733     0.001735     0.001665     0.001518     0.001295     0.001001     0.000646     0.000246    -0.000183    -0.000617    -0.001037    -0.001420    -0.001749    -0.002008    -0.002189    -0.002286    -0.002302    -0.002240    -0.002111    -0.001927    -0.001702    -0.001450    -0.001186    -0.000924    -0.000676    -0.000453    -0.000266    -0.000124    -0.000032     0.000000
    0.000000     0.000028     0.000105     0.000224     0.000378     0.000560     0.000759     0.000965     0.001168     0.001355     0.001513     0.001630     0.001694     0.001695     0.001625     0.001481     0.001262     0.000974     0.000627     0.000235    -0.000183    -0.000607    -0.001017    -0.001391    -0.001712    -0.001965    -0.002142    -0.002238    -0.002253    -0.002193    -0.002068    -0.001888    -0.001668    -0.001422    -0.001163    -0.000906    -0.000663    -0.000445    -0.000262    -0.000121    -0.000032     0.000000
    0.000000     0.000027     0.000103     0.000220     0.000372     0.000549     0.000744     0.000946     0.001145     0.001327     0.001481     0.001595     0.001656     0.001656     0.001587     0.001445     0.001230     0.000948     0.000609     0.000226    -0.000183    -0.000597    -0.000997    -0.001362    -0.001676    -0.001923    -0.002096    -0.002190    -0.002206    -0.002148    -0.002025    -0.001850    -0.001635    -0.001394    -0.001141    -0.000889    -0.000651    -0.000437    -0.000257    -0.000119    -0.000031     0.000000
    0.000000     0.000027     0.000101     0.000216     0.000365     0.000539     0.000730     0.000928     0.001122     0.001300     0.001450     0.001560     0.001619     0.001618     0.001549     0.001409     0.001199     0.000923     0.000590     0.000216    -0.000183    -0.000587    -0.000978    -0.001334    -0.001640    -0.001882    -0.002051    -0.002144    -0.002159    -0.002103    -0.001984    -0.001813    -0.001603    -0.001367    -0.001119    -0.000873    -0.000639    -0.000429    -0.000252    -0.000117    -0.000031     0.000000
    0.000000     0.000026     0.000099     0.000212     0.000358     0.000529     0.000716     0.000910     0.001099     0.001273     0.001419     0.001526     0.001583     0.001581     0.001513     0.001375     0.001168     0.000898     0.000573     0.000207    -0.000183    -0.000578    -0.000959    -0.001307    -0.001606    -0.001842    -0.002008    -0.002098    -0.002114    -0.002059    -0.001943    -0.001776    -0.001571    -0.001340    -0.001098    -0.000856    -0.000627    -0.000421    -0.000248    -0.000115    -0.000030     0.000000
    0.000000     0.000026     0.000098     0.000209     0.000352     0.000519     0.000703     0.000892     0.001077     0.001247     0.001389     0.001493     0.001548     0.001544     0.001477     0.001341     0.001138     0.000874     0.000556     0.000199    -0.000182    -0.000568    -0.000940    -0.001280    -0.001572    -0.001803    -0.001965    -0.002054    -0.002069    -0.002016    -0.001903    -0.001740    -0.001539    -0.001314    -0.001077    -0.000840    -0.000615    -0.000414    -0.000243    -0.000113    -0.000030     0.000000
    0.000000     0.000025     0.000096     0.000205     0.000345     0.000510     0.000689     0.000875     0.001056     0.001221     0.001360     0.001461     0.001513     0.001509     0.001442     0.001308     0.001110     0.000850     0.000540     0.000190    -0.000182    -0.000559    -0.000922    -0.001254    -0.001539    -0.001765    -0.001923    -0.002010    -0.002026    -0.001974    -0.001864    -0.001705    -0.001509    -0.001288    -0.001056    -0.000824    -0.000604    -0.000406    -0.000239    -0.000111    -0.000029     0.000000
    0.000000     0.000025     0.000094     0.000201     0.000339     0.000500     0.000676     0.000857     0.001034     0.001196     0.001331     0.001429     0.001479     0.001474     0.001408     0.001276     0.001081     0.000828     0.000524     0.000182    -0.000181    -0.000550    -0.000904    -0.001229    -0.001507    -0.001728    -0.001883    -0.001968    -0.001983    -0.001933    -0.001826    -0.001670    -0.001478    -0.001263    -0.001035    -0.000808    -0.000593    -0.000398    -0.000235    -0.000109    -0.000029     0.000000
    0.000000     0.000025     0.000092     0.000197     0.000332     0.000490     0.000663     0.000840     0.001013     0.001171     0.001302     0.001397     0.001446     0.001440     0.001374     0.001245     0.001054     0.000805     0.000508     0.000174    -0.000181    -0.000541    -0.000887    -0.001204    -0.001476    -0.001692    -0.001843    -0.001926    -0.001941    -0.001893    -0.001788    -0.001636    -0.001449    -0.001238    -0.001015    -0.000793    -0.000581    -0.000391    -0.000230    -0.000107    -0.000028     0.000000
    0.000000     0.000024     0.000091     0.000194     0.000326     0.000481     0.000650     0.000823     0.000992     0.001146     0.001275     0.001367     0.001414     0.001407     0.001342     0.001215     0.001027     0.000784     0.000493     0.000167    -0.000180    -0.000532    -0.000870    -0.001179    -0.001445    -0.001656    -0.001804    -0.001885    -0.001901    -0.001854    -0.001751    -0.001603    -0.001420    -0.001213    -0.000995    -0.000778    -0.000570    -0.000384    -0.000226    -0.000105    -0.000028     0.000000
    0.000000     0.000024     0.000089     0.000190     0.000320     0.000472     0.000637     0.000807     0.000972     0.001122     0.001247     0.001337     0.001382     0.001375     0.001310     0.001185     0.001001     0.000763     0.000478     0.000159    -0.000180    -0.000523    -0.000853    -0.001156    -0.001415    -0.001621    -0.001766    -0.001846    -0.001861    -0.001815    -0.001715    -0.001570    -0.001391    -0.001189    -0.000976    -0.000763    -0.000560    -0.000376    -0.000222    -0.000103    -0.000027     0.000000
    0.000000     0.000023     0.000087     0.000186     0.000314     0.000462     0.000624     0.000791     0.000952     0.001099     0.001221     0.001308     0.001351     0.001343     0.001279     0.001157     0.000976     0.000743     0.000464     0.000152    -0.000179    -0.000514    -0.000837    -0.001132    -0.001386    -0.001587    -0.001729    -0.001807    -0.001822    -0.001777    -0.001680    -0.001538    -0.001363    -0.001166    -0.000957    -0.000748    -0.000549    -0.000369    -0.000218    -0.000101    -0.000027     0.000000
    0.000000     0.000023     0.000086     0.000183     0.000308     0.000453     0.000612     0.000775     0.000933     0.001076     0.001194     0.001279     0.001321     0.001312     0.001249     0.001128     0.000952     0.000723     0.000451     0.000146    -0.000178    -0.000506    -0.000821    -0.001109    -0.001357    -0.001554    -0.001692    -0.001769    -0.001784    -0.001740    -0.001645    -0.001507    -0.001336    -0.001143    -0.000938    -0.000733    -0.000538    -0.000362    -0.000214    -0.000099    -0.000026     0.000000
    0.000000     0.000022     0.000084     0.000179     0.000302     0.000445     0.000600     0.000759     0.000913     0.001053     0.001169     0.001251     0.001291     0.001282     0.001219     0.001101     0.000928     0.000704     0.000437     0.000139    -0.000177    -0.000497    -0.000805    -0.001087    -0.001329    -0.001521    -0.001657    -0.001732    -0.001746    -0.001704    -0.001612    -0.001476    -0.001309    -0.001120    -0.000920    -0.000719    -0.000528    -0.000356    -0.000210    -0.000098    -0.000026     0.000000
    0.000000     0.000022     0.000083     0.000176     0.000296     0.000436     0.000588     0.000744     0.000894     0.001031     0.001143     0.001223     0.001262     0.001253     0.001191     0.001074     0.000904     0.000685     0.000424     0.000133    -0.000177    -0.000489    -0.000790    -0.001065    -0.001302    -0.001490    -0.001622    -0.001695    -0.001710    -0.001669    -0.001578    -0.001446    -0.001283    -0.001097    -0.000902    -0.000705    -0.000518    -0.000349    -0.000206    -0.000096    -0.000025     0.000000
    0.000000     0.000022     0.000081     0.000173     0.000290     0.000427     0.000576     0.000728     0.000876     0.001009     0.001119     0.001196     0.001233     0.001224     0.001163     0.001048     0.000881     0.000667     0.000412     0.000127    -0.000176    -0.000481    -0.000775    -0.001044    -0.001275    -0.001459    -0.001588    -0.001660    -0.001674    -0.001634    -0.001546    -0.001417    -0.001257    -0.001076    -0.000884    -0.000691    -0.000508    -0.000342    -0.000202    -0.000094    -0.000025     0.000000
    0.000000     0.000021     0.000079     0.000169     0.000285     0.000419     0.000564     0.000713     0.000858     0.000988     0.001095     0.001170     0.001206     0.001196     0.001135     0.001023     0.000859     0.000649     0.000400     0.000121    -0.000175    -0.000473    -0.000760    -0.001023    -0.001249    -0.001428    -0.001555    -0.001625    -0.001639    -0.001600    -0.001514    -0.001388    -0.001231    -0.001054    -0.000866    -0.000678    -0.000498    -0.000336    -0.000198    -0.000092    -0.000024     0.000000
    0.000000     0.000021     0.000078     0.000166     0.000279     0.000410     0.000553     0.000699     0.000840     0.000967     0.001071     0.001144     0.001178     0.001168     0.001108     0.000998     0.000838     0.000632     0.000388     0.000115    -0.000174    -0.000465    -0.000746    -0.001002    -0.001223    -0.001398    -0.001522    -0.001591    -0.001605    -0.001567    -0.001483    -0.001360    -0.001206    -0.001033    -0.000849    -0.000664    -0.000488    -0.000329    -0.000194    -0.000090    -0.000024     0.000000
    0.000000     0.000020     0.000076     0.000163     0.000273     0.000402     0.000542     0.000684     0.000822     0.000946     0.001048     0.001119     0.001152     0.001141     0.001082     0.000974     0.000817     0.000615     0.000376     0.000110    -0.000173    -0.000458    -0.000732    -0.000982    -0.001198    -0.001369    -0.001490    -0.001558    -0.001572    -0.001535    -0.001452    -0.001332    -0.001182    -0.001012    -0.000832    -0.000651    -0.000479    -0.000323    -0.000190    -0.000089    -0.000023     0.000000
    0.000000     0.000020     0.000075     0.000160     0.000268     0.000394     0.000531     0.000670     0.000805     0.000926     0.001025     0.001094     0.001126     0.001115     0.001057     0.000950     0.000796     0.000599     0.000365     0.000104    -0.000171    -0.000450    -0.000718    -0.000963    -0.001173    -0.001341    -0.001459    -0.001525    -0.001539    -0.001503    -0.001422    -0.001305    -0.001158    -0.000992    -0.000816    -0.000639    -0.000469    -0.000316    -0.000187    -0.000087    -0.000023     0.000000
    0.000000     0.000020     0.000073     0.000156     0.000263     0.000386     0.000520     0.000656     0.000788     0.000906     0.001003     0.001070     0.001100     0.001089     0.001032     0.000927     0.000776     0.000583     0.000354     0.000099    -0.000170    -0.000443    -0.000704    -0.000944    -0.001149    -0.001313    -0.001429    -0.001493    -0.001507    -0.001472    -0.001393    -0.001278    -0.001135    -0.000972    -0.000799    -0.000626    -0.000460    -0.000310    -0.000183    -0.000085    -0.000023     0.000000
    0.000000     0.000019     0.000072     0.000153     0.000257     0.000378     0.000509     0.000643     0.000771     0.000887     0.000981     0.001046     0.001076     0.001064     0.001007     0.000904     0.000756     0.000567     0.000344     0.000094    -0.000169    -0.000435    -0.000691    -0.000925    -0.001126    -0.001286    -0.001399    -0.001462    -0.001475    -0.001441    -0.001364    -0.001252    -0.001112    -0.000952    -0.000783    -0.000614    -0.000451    -0.000304    -0.000180    -0.000084    -0.000022     0.000000
    0.000000     0.000019     0.000071     0.000150     0.000252     0.000371     0.000499     0.000629     0.000755     0.000868     0.000959     0.001023     0.001051     0.001039     0.000984     0.000883     0.000737     0.000552     0.000333     0.000090    -0.000168    -0.000428    -0.000678    -0.000906    -0.001103    -0.001259    -0.001370    -0.001432    -0.001445    -0.001411    -0.001336    -0.001226    -0.001089    -0.000933    -0.000768    -0.000601    -0.000442    -0.000298    -0.000176    -0.000082    -0.000022     0.000000
    0.000000     0.000018     0.000069     0.000147     0.000247     0.000363     0.000488     0.000616     0.000739     0.000849     0.000938     0.001000     0.001027     0.001015     0.000960     0.000861     0.000719     0.000538     0.000323     0.000085    -0.000167    -0.000421    -0.000665    -0.000888    -0.001081    -0.001233    -0.001342    -0.001402    -0.001415    -0.001382    -0.001309    -0.001201    -0.001067    -0.000914    -0.000752    -0.000590    -0.000434    -0.000293    -0.000173    -0.000081    -0.000021     0.000000
    0.000000     0.000018     0.000068     0.000144     0.000242     0.000356     0.000478     0.000603     0.000723     0.000831     0.000918     0.000978     0.001004     0.000992     0.000938     0.000840     0.000701     0.000523     0.000314     0.000081    -0.000166    -0.000414    -0.000653    -0.000871    -0.001059    -0.001208    -0.001314    -0.001373    -0.001385    -0.001353    -0.001282    -0.001176    -0.001045    -0.000896    -0.000737    -0.000578    -0.000425    -0.000287    -0.000169    -0.000079    -0.000021     0.000000
    0.000000     0.000018     0.000067     0.000141     0.000237     0.000348     0.000468     0.000591     0.000708     0.000813     0.000898     0.000956     0.000981     0.000969     0.000916     0.000820     0.000683     0.000509     0.000304     0.000077    -0.000164    -0.000407    -0.000640    -0.000854    -0.001037    -0.001183    -0.001287    -0.001344    -0.001357    -0.001325    -0.001255    -0.001152    -0.001024    -0.000878    -0.000723    -0.000566    -0.000417    -0.000281    -0.000166    -0.000077    -0.000021     0.000000
    0.000000     0.000017     0.000065     0.000139     0.000232     0.000341     0.000459     0.000578     0.000693     0.000795     0.000878     0.000935     0.000959     0.000947     0.000894     0.000800     0.000666     0.000496     0.000295     0.000072    -0.000163    -0.000400    -0.000628    -0.000837    -0.001016    -0.001159    -0.001260    -0.001316    -0.001328    -0.001298    -0.001229    -0.001129    -0.001003    -0.000860    -0.000708    -0.000555    -0.000408    -0.000276    -0.000163    -0.000076    -0.000020     0.000000
    0.000000     0.000017     0.000064     0.000136     0.000228     0.000334     0.000449     0.000566     0.000678     0.000778     0.000859     0.000914     0.000938     0.000925     0.000873     0.000781     0.000650     0.000483     0.000286     0.000068    -0.000162    -0.000394    -0.000617    -0.000820    -0.000995    -0.001135    -0.001234    -0.001289    -0.001301    -0.001271    -0.001204    -0.001106    -0.000983    -0.000843    -0.000694    -0.000544    -0.000400    -0.000270    -0.000160    -0.000074    -0.000020     0.000000
    0.000000     0.000017     0.000063     0.000133     0.000223     0.000327     0.000440     0.000554     0.000663     0.000761     0.000840     0.000894     0.000916     0.000903     0.000852     0.000762     0.000633     0.000470     0.000278     0.000065    -0.000160    -0.000387    -0.000605    -0.000804    -0.000975    -0.001112    -0.001208    -0.001262    -0.001274    -0.001245    -0.001179    -0.001083    -0.000963    -0.000826    -0.000680    -0.000533    -0.000392    -0.000265    -0.000157    -0.000073    -0.000019     0.000000
    0.000000     0.000016     0.000061     0.000130     0.000218     0.000320     0.000431     0.000542     0.000649     0.000745     0.000821     0.000874     0.000895     0.000883     0.000832     0.000743     0.000617     0.000458     0.000270     0.000061    -0.000159    -0.000381    -0.000594    -0.000788    -0.000956    -0.001089    -0.001183    -0.001236    -0.001247    -0.001219    -0.001155    -0.001061    -0.000943    -0.000809    -0.000666    -0.000522    -0.000385    -0.000260    -0.000153    -0.000072    -0.000019     0.000000
    0.000000     0.000016     0.000060     0.000128     0.000214     0.000314     0.000421     0.000531     0.000635     0.000728     0.000803     0.000854     0.000875     0.000862     0.000813     0.000725     0.000602     0.000445     0.000261     0.000057    -0.000158    -0.000374    -0.000583    -0.000773    -0.000936    -0.001067    -0.001159    -0.001211    -0.001222    -0.001194    -0.001131    -0.001039    -0.000924    -0.000792    -0.000653    -0.000512    -0.000377    -0.000254    -0.000150    -0.000070    -0.000019     0.000000
    0.000000     0.000016     0.000059     0.000125     0.000210     0.000307     0.000413     0.000520     0.000622     0.000713     0.000786     0.000835     0.000855     0.000842     0.000793     0.000708     0.000587     0.000434     0.000254     0.000054    -0.000156    -0.000368    -0.000572    -0.000757    -0.000917    -0.001045    -0.001135    -0.001186    -0.001196    -0.001169    -0.001108    -0.001018    -0.000905    -0.000776    -0.000640    -0.000502    -0.000369    -0.000249    -0.000147    -0.000069    -0.000018     0.000000
    0.000000     0.000015     0.000058     0.000122     0.000205     0.000301     0.000404     0.000509     0.000608     0.000697     0.000768     0.000816     0.000836     0.000823     0.000775     0.000691     0.000572     0.000422     0.000246     0.000051    -0.000155    -0.000362    -0.000561    -0.000743    -0.000899    -0.001023    -0.001112    -0.001161    -0.001172    -0.001145    -0.001085    -0.000997    -0.000886    -0.000761    -0.000627    -0.000492    -0.000362    -0.000244    -0.000145    -0.000067    -0.000018     0.000000
    0.000000     0.000015     0.000057     0.000120     0.000201     0.000295     0.000395     0.000498     0.000595     0.000682     0.000751     0.000798     0.000817     0.000804     0.000756     0.000674     0.000558     0.000411     0.000238     0.000048    -0.000154    -0.000356    -0.000550    -0.000728    -0.000881    -0.001002    -0.001089    -0.001137    -0.001147    -0.001121    -0.001063    -0.000976    -0.000868    -0.000745    -0.000614    -0.000482    -0.000355    -0.000240    -0.000142    -0.000066    -0.000018     0.000000
    0.000000     0.000015     0.000055     0.000117     0.000197     0.000288     0.000387     0.000487     0.000582     0.000667     0.000735     0.000780     0.000798     0.000785     0.000739     0.000658     0.000544     0.000400     0.000231     0.000045    -0.000152    -0.000350    -0.000540    -0.000714    -0.000863    -0.000982    -0.001066    -0.001114    -0.001124    -0.001098    -0.001041    -0.000956    -0.000850    -0.000730    -0.000602    -0.000472    -0.000348    -0.000235    -0.000139    -0.000065    -0.000017     0.000000
    0.000000     0.000015     0.000054     0.000115     0.000193     0.000282     0.000379     0.000477     0.000570     0.000652     0.000719     0.000763     0.000780     0.000767     0.000721     0.000642     0.000530     0.000389     0.000224     0.000042    -0.000151    -0.000344    -0.000530    -0.000700    -0.000846    -0.000962    -0.001044    -0.001091    -0.001100    -0.001075    -0.001019    -0.000937    -0.000833    -0.000715    -0.000589    -0.000462    -0.000341    -0.000230    -0.000136    -0.000064    -0.000017     0.000000
    0.000000     0.000014     0.000053     0.000113     0.000189     0.000276     0.000371     0.000466     0.000558     0.000638     0.000703     0.000746     0.000762     0.000749     0.000704     0.000626     0.000517     0.000379     0.000217     0.000039    -0.000149    -0.000339    -0.000520    -0.000686    -0.000829    -0.000942    -0.001023    -0.001068    -0.001078    -0.001053    -0.000998    -0.000917    -0.000816    -0.000701    -0.000577    -0.000453    -0.000334    -0.000226    -0.000133    -0.000062    -0.000017     0.000000
    0.000000     0.000014     0.000052     0.000110     0.000185     0.000271     0.000363     0.000456     0.000545     0.000624     0.000687     0.000729     0.000745     0.000732     0.000688     0.000611     0.000504     0.000369     0.000211     0.000036    -0.000148    -0.000333    -0.000511    -0.000673    -0.000812    -0.000923    -0.001002    -0.001046    -0.001055    -0.001032    -0.000978    -0.000899    -0.000799    -0.000686    -0.000566    -0.000444    -0.000327    -0.000221    -0.000131    -0.000061    -0.000016     0.000000
    0.000000     0.000014     0.000051     0.000108     0.000181     0.000265     0.000355     0.000447     0.000534     0.000611     0.000672     0.000713     0.000728     0.000715     0.000671     0.000596     0.000491     0.000359     0.000204     0.000033    -0.000147    -0.000327    -0.000501    -0.000659    -0.000796    -0.000904    -0.000981    -0.001024    -0.001034    -0.001010    -0.000958    -0.000880    -0.000783    -0.000672    -0.000554    -0.000435    -0.000321    -0.000217    -0.000128    -0.000060    -0.000016     0.000000
    0.000000     0.000013     0.000050     0.000106     0.000177     0.000259     0.000348     0.000437     0.000522     0.000597     0.000657     0.000697     0.000711     0.000698     0.000655     0.000582     0.000479     0.000349     0.000198     0.000031    -0.000145    -0.000322    -0.000492    -0.000647    -0.000780    -0.000886    -0.000961    -0.001003    -0.001012    -0.000989    -0.000938    -0.000862    -0.000767    -0.000659    -0.000543    -0.000426    -0.000314    -0.000212    -0.000126    -0.000059    -0.000016     0.000000
    0.000000     0.000013     0.000049     0.000104     0.000173     0.000254     0.000340     0.000428     0.000511     0.000584     0.000642     0.000681     0.000695     0.000682     0.000640     0.000568     0.000467     0.000340     0.000192     0.000028    -0.000144    -0.000317    -0.000483    -0.000634    -0.000764    -0.000868    -0.000941    -0.000983    -0.000991    -0.000969    -0.000919    -0.000844    -0.000751    -0.000645    -0.000532    -0.000418    -0.000308    -0.000208    -0.000123    -0.000057    -0.000015     0.000000
    0.000000     0.000013     0.000048     0.000101     0.000170     0.000248     0.000333     0.000418     0.000500     0.000571     0.000628     0.000666     0.000679     0.000666     0.000625     0.000554     0.000455     0.000331     0.000186     0.000026    -0.000142    -0.000311    -0.000474    -0.000622    -0.000749    -0.000850    -0.000922    -0.000962    -0.000971    -0.000949    -0.000900    -0.000827    -0.000736    -0.000632    -0.000521    -0.000409    -0.000302    -0.000204    -0.000121    -0.000056    -0.000015     0.000000
    0.000000     0.000013     0.000047     0.000099     0.000166     0.000243     0.000326     0.000409     0.000489     0.000559     0.000614     0.000651     0.000664     0.000651     0.000610     0.000541     0.000444     0.000322     0.000180     0.000024    -0.000141    -0.000306    -0.000465    -0.000609    -0.000734    -0.000833    -0.000903    -0.000943    -0.000951    -0.000929    -0.000881    -0.000810    -0.000721    -0.000619    -0.000510    -0.000401    -0.000295    -0.000200    -0.000118    -0.000055    -0.000015     0.000000
    0.000000     0.000012     0.000046     0.000097     0.000163     0.000238     0.000319     0.000401     0.000478     0.000546     0.000600     0.000636     0.000649     0.000636     0.000596     0.000528     0.000433     0.000314     0.000175     0.000022    -0.000139    -0.000301    -0.000456    -0.000598    -0.000719    -0.000816    -0.000885    -0.000923    -0.000931    -0.000910    -0.000863    -0.000793    -0.000706    -0.000606    -0.000500    -0.000393    -0.000289    -0.000196    -0.000116    -0.000054    -0.000014     0.000000
    0.000000     0.000012     0.000045     0.000095     0.000159     0.000233     0.000312     0.000392     0.000468     0.000534     0.000587     0.000622     0.000634     0.000621     0.000582     0.000515     0.000422     0.000305     0.000169     0.000020    -0.000138    -0.000296    -0.000448    -0.000586    -0.000705    -0.000800    -0.000867    -0.000904    -0.000912    -0.000891    -0.000845    -0.000777    -0.000691    -0.000594    -0.000490    -0.000385    -0.000284    -0.000192    -0.000113    -0.000053    -0.000014     0.000000
    0.000000     0.000012     0.000044     0.000093     0.000156     0.000228     0.000305     0.000383     0.000457     0.000522     0.000574     0.000608     0.000619     0.000607     0.000568     0.000502     0.000411     0.000297     0.000164     0.000018    -0.000136    -0.000291    -0.000439    -0.000574    -0.000691    -0.000783    -0.000849    -0.000886    -0.000893    -0.000873    -0.000828    -0.000761    -0.000677    -0.000582    -0.000480    -0.000377    -0.000278    -0.000188    -0.000111    -0.000052    -0.000014     0.000000
    0.000000     0.000012     0.000043     0.000091     0.000152     0.000223     0.000299     0.000375     0.000447     0.000511     0.000561     0.000594     0.000605     0.000593     0.000554     0.000490     0.000401     0.000289     0.000159     0.000016    -0.000135    -0.000286    -0.000431    -0.000563    -0.000677    -0.000768    -0.000832    -0.000867    -0.000875    -0.000855    -0.000811    -0.000745    -0.000663    -0.000570    -0.000470    -0.000369    -0.000272    -0.000184    -0.000109    -0.000051    -0.000013     0.000000
    0.000000     0.000011     0.000042     0.000089     0.000149     0.000218     0.000292     0.000367     0.000438     0.000500     0.000549     0.000580     0.000591     0.000579     0.000541     0.000478     0.000391     0.000281     0.000154     0.000014    -0.000134    -0.000281    -0.000423    -0.000552    -0.000663    -0.000752    -0.000815    -0.000850    -0.000857    -0.000837    -0.000794    -0.000730    -0.000650    -0.000558    -0.000460    -0.000362    -0.000267    -0.000180    -0.000107    -0.000050    -0.000013     0.000000
    0.000000     0.000011     0.000041     0.000087     0.000146     0.000214     0.000286     0.000359     0.000428     0.000489     0.000536     0.000567     0.000578     0.000565     0.000528     0.000467     0.000381     0.000274     0.000149     0.000012    -0.000132    -0.000277    -0.000415    -0.000542    -0.000650    -0.000737    -0.000798    -0.000832    -0.000839    -0.000820    -0.000778    -0.000715    -0.000636    -0.000547    -0.000451    -0.000354    -0.000261    -0.000177    -0.000105    -0.000049    -0.000013     0.000000
    0.000000     0.000011     0.000040     0.000086     0.000143     0.000209     0.000280     0.000351     0.000419     0.000478     0.000524     0.000554     0.000565     0.000552     0.000516     0.000455     0.000371     0.000267     0.000145     0.000010    -0.000131    -0.000272    -0.000408    -0.000531    -0.000637    -0.000722    -0.000782    -0.000815    -0.000822    -0.000803    -0.000762    -0.000700    -0.000623    -0.000535    -0.000442    -0.000347    -0.000256    -0.000173    -0.000102    -0.000048    -0.000013     0.000000
    0.000000     0.000011     0.000040     0.000084     0.000140     0.000205     0.000274     0.000343     0.000409     0.000467     0.000513     0.000542     0.000552     0.000539     0.000504     0.000444     0.000362     0.000259     0.000140     0.000009    -0.000129    -0.000268    -0.000400    -0.000521    -0.000625    -0.000707    -0.000766    -0.000798    -0.000805    -0.000787    -0.000746    -0.000686    -0.000610    -0.000524    -0.000433    -0.000340    -0.000251    -0.000170    -0.000100    -0.000047    -0.000012     0.000000
    0.000000     0.000010     0.000039     0.000082     0.000137     0.000200     0.000268     0.000336     0.000400     0.000457     0.000501     0.000530     0.000539     0.000527     0.000492     0.000433     0.000353     0.000252     0.000136     0.000007    -0.000128    -0.000263    -0.000393    -0.000511    -0.000612    -0.000693    -0.000750    -0.000782    -0.000788    -0.000770    -0.000730    -0.000672    -0.000598    -0.000514    -0.000424    -0.000333    -0.000246    -0.000166    -0.000098    -0.000046    -0.000012     0.000000
    0.000000     0.000010     0.000038     0.000080     0.000134     0.000196     0.000262     0.000329     0.000392     0.000447     0.000490     0.000518     0.000527     0.000515     0.000480     0.000423     0.000344     0.000246     0.000131     0.000005    -0.000126    -0.000259    -0.000385    -0.000501    -0.000600    -0.000679    -0.000735    -0.000766    -0.000772    -0.000754    -0.000715    -0.000658    -0.000585    -0.000503    -0.000415    -0.000326    -0.000241    -0.000163    -0.000096    -0.000045    -0.000012     0.000000
    0.000000     0.000010     0.000037     0.000078     0.000131     0.000192     0.000256     0.000321     0.000383     0.000437     0.000479     0.000506     0.000515     0.000503     0.000469     0.000413     0.000335     0.000239     0.000127     0.000004    -0.000125    -0.000254    -0.000378    -0.000491    -0.000588    -0.000665    -0.000720    -0.000750    -0.000756    -0.000739    -0.000701    -0.000644    -0.000573    -0.000493    -0.000407    -0.000319    -0.000236    -0.000159    -0.000094    -0.000044    -0.000012     0.000000
    0.000000     0.000010     0.000036     0.000077     0.000128     0.000187     0.000251     0.000314     0.000374     0.000427     0.000468     0.000494     0.000503     0.000491     0.000458     0.000403     0.000327     0.000233     0.000123     0.000003    -0.000124    -0.000250    -0.000371    -0.000481    -0.000576    -0.000652    -0.000705    -0.000735    -0.000741    -0.000724    -0.000686    -0.000631    -0.000562    -0.000483    -0.000398    -0.000313    -0.000231    -0.000156    -0.000092    -0.000043    -0.000011     0.000000
    0.000000     0.000010     0.000035     0.000075     0.000125     0.000183     0.000245     0.000307     0.000366     0.000417     0.000457     0.000483     0.000491     0.000479     0.000447     0.000393     0.000319     0.000226     0.000119     0.000001    -0.000122    -0.000246    -0.000364    -0.000472    -0.000565    -0.000638    -0.000691    -0.000720    -0.000725    -0.000709    -0.000672    -0.000618    -0.000550    -0.000473    -0.000390    -0.000306    -0.000226    -0.000153    -0.000091    -0.000042    -0.000011     0.000000
    0.000000     0.000009     0.000035     0.000073     0.000123     0.000179     0.000240     0.000301     0.000358     0.000408     0.000447     0.000472     0.000480     0.000468     0.000436     0.000383     0.000310     0.000220     0.000115    -0.000000    -0.000121    -0.000242    -0.000357    -0.000463    -0.000553    -0.000626    -0.000676    -0.000705    -0.000710    -0.000694    -0.000658    -0.000605    -0.000538    -0.000463    -0.000382    -0.000300    -0.000221    -0.000150    -0.000089    -0.000041    -0.000011     0.000000
    0.000000     0.000009     0.000034     0.000072     0.000120     0.000175     0.000234     0.000294     0.000350     0.000399     0.000437     0.000461     0.000469     0.000457     0.000426     0.000374     0.000303     0.000214     0.000111    -0.000001    -0.000119    -0.000238    -0.000351    -0.000454    -0.000542    -0.000613    -0.000663    -0.000690    -0.000696    -0.000680    -0.000644    -0.000592    -0.000527    -0.000453    -0.000374    -0.000294    -0.000217    -0.000147    -0.000087    -0.000041    -0.000011     0.000000
    0.000000     0.000009     0.000033     0.000070     0.000117     0.000171     0.000229     0.000287     0.000342     0.000390     0.000427     0.000451     0.000458     0.000446     0.000415     0.000365     0.000295     0.000208     0.000108    -0.000003    -0.000118    -0.000234    -0.000344    -0.000445    -0.000532    -0.000600    -0.000649    -0.000676    -0.000681    -0.000665    -0.000631    -0.000580    -0.000516    -0.000444    -0.000366    -0.000288    -0.000212    -0.000144    -0.000085    -0.000040    -0.000011     0.000000
    0.000000     0.000009     0.000032     0.000069     0.000115     0.000168     0.000224     0.000281     0.000334     0.000381     0.000417     0.000440     0.000447     0.000436     0.000405     0.000356     0.000287     0.000202     0.000104    -0.000004    -0.000117    -0.000230    -0.000338    -0.000436    -0.000521    -0.000588    -0.000636    -0.000662    -0.000667    -0.000652    -0.000618    -0.000568    -0.000505    -0.000434    -0.000358    -0.000282    -0.000208    -0.000141    -0.000083    -0.000039    -0.000010     0.000000
    0.000000     0.000009     0.000032     0.000067     0.000112     0.000164     0.000219     0.000275     0.000327     0.000372     0.000408     0.000430     0.000437     0.000425     0.000396     0.000347     0.000280     0.000197     0.000101    -0.000005    -0.000115    -0.000226    -0.000332    -0.000428    -0.000511    -0.000576    -0.000623    -0.000648    -0.000653    -0.000638    -0.000605    -0.000556    -0.000495    -0.000425    -0.000351    -0.000276    -0.000203    -0.000138    -0.000081    -0.000038    -0.000010     0.000000
    0.000000     0.000008     0.000031     0.000066     0.000110     0.000160     0.000214     0.000268     0.000319     0.000364     0.000398     0.000420     0.000426     0.000415     0.000386     0.000338     0.000273     0.000191     0.000097    -0.000006    -0.000114    -0.000222    -0.000325    -0.000419    -0.000500    -0.000564    -0.000610    -0.000635    -0.000639    -0.000625    -0.000592    -0.000544    -0.000484    -0.000416    -0.000344    -0.000270    -0.000199    -0.000135    -0.000080    -0.000037    -0.000010     0.000000
    0.000000     0.000008     0.000030     0.000064     0.000107     0.000157     0.000209     0.000262     0.000312     0.000355     0.000389     0.000410     0.000416     0.000405     0.000377     0.000330     0.000266     0.000186     0.000094    -0.000007    -0.000112    -0.000218    -0.000319    -0.000411    -0.000490    -0.000553    -0.000597    -0.000622    -0.000626    -0.000611    -0.000579    -0.000533    -0.000474    -0.000408    -0.000336    -0.000264    -0.000195    -0.000132    -0.000078    -0.000036    -0.000010     0.000000
    0.000000     0.000008     0.000030     0.000063     0.000105     0.000153     0.000205     0.000256     0.000305     0.000347     0.000380     0.000401     0.000406     0.000396     0.000367     0.000321     0.000259     0.000181     0.000091    -0.000008    -0.000111    -0.000214    -0.000313    -0.000403    -0.000480    -0.000542    -0.000585    -0.000609    -0.000613    -0.000599    -0.000567    -0.000521    -0.000464    -0.000399    -0.000329    -0.000259    -0.000191    -0.000129    -0.000076    -0.000036    -0.000009     0.000000
    0.000000     0.000008     0.000029     0.000061     0.000102     0.000149     0.000200     0.000250     0.000298     0.000339     0.000371     0.000391     0.000397     0.000386     0.000358     0.000313     0.000252     0.000176     0.000088    -0.000009    -0.000110    -0.000211    -0.000307    -0.000395    -0.000471    -0.000530    -0.000573    -0.000596    -0.000600    -0.000586    -0.000555    -0.000510    -0.000454    -0.000390    -0.000322    -0.000253    -0.000187    -0.000126    -0.000075    -0.000035    -0.000009     0.000000
    0.000000     0.000008     0.000028     0.000060     0.000100     0.000146     0.000195     0.000244     0.000291     0.000331     0.000362     0.000382     0.000387     0.000377     0.000349     0.000305     0.000245     0.000171     0.000085    -0.000010    -0.000108    -0.000207    -0.000302    -0.000387    -0.000461    -0.000519    -0.000561    -0.000583    -0.000587    -0.000573    -0.000543    -0.000499    -0.000444    -0.000382    -0.000315    -0.000248    -0.000183    -0.000123    -0.000073    -0.000034    -0.000009     0.000000
    0.000000     0.000007     0.000028     0.000058     0.000098     0.000143     0.000191     0.000239     0.000284     0.000323     0.000354     0.000372     0.000378     0.000367     0.000341     0.000297     0.000239     0.000166     0.000082    -0.000011    -0.000107    -0.000204    -0.000296    -0.000380    -0.000452    -0.000509    -0.000549    -0.000571    -0.000575    -0.000561    -0.000532    -0.000489    -0.000435    -0.000374    -0.000308    -0.000242    -0.000179    -0.000121    -0.000071    -0.000033    -0.000009     0.000000
    0.000000     0.000007     0.000027     0.000057     0.000095     0.000139     0.000186     0.000233     0.000277     0.000315     0.000345     0.000363     0.000368     0.000358     0.000332     0.000290     0.000232     0.000161     0.000079    -0.000012    -0.000106    -0.000200    -0.000290    -0.000372    -0.000442    -0.000498    -0.000537    -0.000559    -0.000562    -0.000549    -0.000520    -0.000478    -0.000425    -0.000365    -0.000301    -0.000237    -0.000175    -0.000118    -0.000070    -0.000033    -0.000009     0.000000
    0.000000     0.000007     0.000026     0.000056     0.000093     0.000136     0.000181     0.000227     0.000270     0.000308     0.000336     0.000354     0.000359     0.000349     0.000323     0.000282     0.000226     0.000156     0.000076    -0.000013    -0.000105    -0.000197    -0.000285    -0.000364    -0.000433    -0.000487    -0.000526    -0.000546    -0.000550    -0.000537    -0.000509    -0.000467    -0.000416    -0.000357    -0.000295    -0.000231    -0.000171    -0.000115    -0.000068    -0.000032    -0.000008     0.000000
    0.000000     0.000007     0.000026     0.000054     0.000091     0.000132     0.000177     0.000221     0.000263     0.000300     0.000328     0.000345     0.000350     0.000340     0.000315     0.000274     0.000219     0.000151     0.000073    -0.000013    -0.000103    -0.000193    -0.000279    -0.000357    -0.000424    -0.000477    -0.000514    -0.000534    -0.000538    -0.000525    -0.000497    -0.000457    -0.000407    -0.000349    -0.000288    -0.000226    -0.000167    -0.000113    -0.000067    -0.000031    -0.000008     0.000000
    0.000000     0.000007     0.000025     0.000053     0.000088     0.000129     0.000172     0.000216     0.000257     0.000292     0.000320     0.000336     0.000341     0.000331     0.000306     0.000267     0.000213     0.000147     0.000070    -0.000014    -0.000102    -0.000190    -0.000274    -0.000350    -0.000415    -0.000467    -0.000503    -0.000523    -0.000526    -0.000513    -0.000486    -0.000447    -0.000397    -0.000341    -0.000281    -0.000221    -0.000163    -0.000110    -0.000065    -0.000030    -0.000008     0.000000
    0.000000     0.000007     0.000024     0.000051     0.000086     0.000126     0.000168     0.000210     0.000250     0.000284     0.000311     0.000328     0.000332     0.000322     0.000298     0.000259     0.000207     0.000142     0.000067    -0.000015    -0.000101    -0.000186    -0.000268    -0.000342    -0.000406    -0.000456    -0.000492    -0.000511    -0.000514    -0.000501    -0.000475    -0.000436    -0.000388    -0.000333    -0.000275    -0.000216    -0.000159    -0.000108    -0.000064    -0.000030    -0.000008     0.000000
    0.000000     0.000006     0.000024     0.000050     0.000084     0.000122     0.000163     0.000205     0.000243     0.000277     0.000303     0.000319     0.000323     0.000313     0.000290     0.000252     0.000200     0.000137     0.000064    -0.000016    -0.000100    -0.000183    -0.000263    -0.000335    -0.000397    -0.000446    -0.000480    -0.000499    -0.000502    -0.000490    -0.000464    -0.000426    -0.000379    -0.000325    -0.000268    -0.000211    -0.000155    -0.000105    -0.000062    -0.000029    -0.000008     0.000000
    0.000000     0.000006     0.000023     0.000049     0.000081     0.000119     0.000159     0.000199     0.000236     0.000269     0.000294     0.000310     0.000313     0.000304     0.000281     0.000244     0.000194     0.000132     0.000061    -0.000017    -0.000098    -0.000180    -0.000257    -0.000328    -0.000388    -0.000436    -0.000469    -0.000487    -0.000490    -0.000478    -0.000453    -0.000416    -0.000370    -0.000318    -0.000262    -0.000206    -0.000152    -0.000102    -0.000061    -0.000028    -0.000007     0.000000
    0.000000     0.000006     0.000022     0.000047     0.000079     0.000115     0.000154     0.000193     0.000230     0.000261     0.000286     0.000301     0.000304     0.000295     0.000273     0.000237     0.000188     0.000128     0.000058    -0.000018    -0.000097    -0.000176    -0.000252    -0.000320    -0.000379    -0.000426    -0.000458    -0.000476    -0.000478    -0.000466    -0.000441    -0.000405    -0.000361    -0.000310    -0.000255    -0.000200    -0.000148    -0.000100    -0.000059    -0.000028    -0.000007     0.000000
    0.000000     0.000006     0.000022     0.000046     0.000076     0.000112     0.000149     0.000187     0.000223     0.000253     0.000277     0.000291     0.000295     0.000286     0.000264     0.000229     0.000181     0.000123     0.000055    -0.000019    -0.000096    -0.000173    -0.000246    -0.000313    -0.000370    -0.000415    -0.000447    -0.000464    -0.000466    -0.000455    -0.000430    -0.000395    -0.000351    -0.000302    -0.000249    -0.000195    -0.000144    -0.000097    -0.000058    -0.000027    -0.000007     0.000000
    0.000000     0.000006     0.000021     0.000044     0.000074     0.000108     0.000145     0.000181     0.000216     0.000245     0.000268     0.000282     0.000285     0.000276     0.000255     0.000221     0.000175     0.000118     0.000052    -0.000020    -0.000095    -0.000170    -0.000241    -0.000306    -0.000361    -0.000405    -0.000435    -0.000452    -0.000454    -0.000443    -0.000419    -0.000385    -0.000342    -0.000294    -0.000242    -0.000190    -0.000140    -0.000095    -0.000056    -0.000026    -0.000007     0.000000
    0.000000     0.000005     0.000020     0.000043     0.000072     0.000105     0.000140     0.000175     0.000208     0.000237     0.000259     0.000272     0.000275     0.000267     0.000246     0.000213     0.000168     0.000112     0.000049    -0.000021    -0.000094    -0.000166    -0.000235    -0.000298    -0.000352    -0.000394    -0.000424    -0.000439    -0.000442    -0.000430    -0.000407    -0.000374    -0.000333    -0.000286    -0.000236    -0.000185    -0.000137    -0.000092    -0.000055    -0.000026    -0.000007     0.000000
    0.000000     0.000005     0.000020     0.000042     0.000069     0.000101     0.000135     0.000169     0.000201     0.000229     0.000250     0.000262     0.000265     0.000257     0.000236     0.000204     0.000161     0.000107     0.000045    -0.000022    -0.000092    -0.000163    -0.000229    -0.000290    -0.000342    -0.000383    -0.000411    -0.000427    -0.000429    -0.000418    -0.000396    -0.000363    -0.000323    -0.000278    -0.000229    -0.000180    -0.000133    -0.000090    -0.000054    -0.000025    -0.000007     0.000000
    0.000000     0.000005     0.000019     0.000040     0.000067     0.000098     0.000130     0.000163     0.000193     0.000220     0.000240     0.000252     0.000254     0.000246     0.000226     0.000195     0.000153     0.000101     0.000042    -0.000023    -0.000091    -0.000159    -0.000224    -0.000282    -0.000332    -0.000371    -0.000399    -0.000414    -0.000416    -0.000405    -0.000384    -0.000352    -0.000314    -0.000270    -0.000223    -0.000176    -0.000130    -0.000088    -0.000053    -0.000025    -0.000007     0.000000
    0.000000     0.000005     0.000019     0.000039     0.000065     0.000094     0.000125     0.000156     0.000185     0.000210     0.000229     0.000241     0.000243     0.000235     0.000216     0.000185     0.000145     0.000095     0.000038    -0.000025    -0.000090    -0.000155    -0.000217    -0.000274    -0.000322    -0.000359    -0.000386    -0.000400    -0.000402    -0.000392    -0.000371    -0.000341    -0.000304    -0.000262    -0.000217    -0.000171    -0.000127    -0.000087    -0.000052    -0.000025    -0.000007     0.000000
    0.000000     0.000005     0.000019     0.000039     0.000064     0.000091     0.000121     0.000150     0.000177     0.000201     0.000218     0.000229     0.000231     0.000223     0.000204     0.000175     0.000136     0.000088     0.000033    -0.000027    -0.000089    -0.000151    -0.000211    -0.000265    -0.000310    -0.000347    -0.000372    -0.000385    -0.000387    -0.000377    -0.000358    -0.000329    -0.000294    -0.000254    -0.000211    -0.000167    -0.000125    -0.000086    -0.000052    -0.000025    -0.000007     0.000000
    0.000000     0.000006     0.000020     0.000039     0.000063     0.000089     0.000116     0.000143     0.000168     0.000190     0.000207     0.000216     0.000217     0.000209     0.000191     0.000164     0.000126     0.000081     0.000028    -0.000029    -0.000088    -0.000147    -0.000204    -0.000255    -0.000298    -0.000333    -0.000357    -0.000370    -0.000371    -0.000362    -0.000344    -0.000317    -0.000283    -0.000245    -0.000205    -0.000164    -0.000124    -0.000086    -0.000054    -0.000027    -0.000008     0.000000
    0.000000     0.000008     0.000023     0.000041     0.000063     0.000086     0.000111     0.000136     0.000159     0.000179     0.000194     0.000202     0.000203     0.000195     0.000178     0.000151     0.000116     0.000073     0.000023    -0.000031    -0.000087    -0.000143    -0.000196    -0.000244    -0.000286    -0.000318    -0.000341    -0.000353    -0.000354    -0.000346    -0.000329    -0.000304    -0.000272    -0.000237    -0.000199    -0.000161    -0.000123    -0.000088    -0.000057    -0.000031    -0.000011     0.000000
    0.000000     0.000014     0.000028     0.000045     0.000064     0.000085     0.000107     0.000129     0.000149     0.000167     0.000180     0.000187     0.000186     0.000178     0.000162     0.000137     0.000104     0.000063     0.000017    -0.000034    -0.000086    -0.000138    -0.000188    -0.000233    -0.000271    -0.000301    -0.000322    -0.000334    -0.000336    -0.000328    -0.000312    -0.000289    -0.000261    -0.000228    -0.000194    -0.000159    -0.000124    -0.000092    -0.000063    -0.000039    -0.000017     0.000000
    0.000000     0.000023     0.000034     0.000048     0.000065     0.000083     0.000102     0.000121     0.000139     0.000153     0.000164     0.000169     0.000169     0.000161     0.000145     0.000122     0.000091     0.000053     0.000010    -0.000037    -0.000085    -0.000133    -0.000179    -0.000221    -0.000256    -0.000284    -0.000303    -0.000314    -0.000316    -0.000309    -0.000294    -0.000274    -0.000248    -0.000219    -0.000189    -0.000157    -0.000127    -0.000098    -0.000071    -0.000048    -0.000028     0.000000
    0.000000     0.000011     0.000032     0.000050     0.000067     0.000083     0.000099     0.000114     0.000127     0.000138     0.000145     0.000147     0.000144     0.000135     0.000120     0.000098     0.000070     0.000037    -0.000001    -0.000042    -0.000084    -0.000126    -0.000166    -0.000202    -0.000233    -0.000257    -0.000275    -0.000285    -0.000287    -0.000283    -0.000272    -0.000255    -0.000235    -0.000211    -0.000185    -0.000158    -0.000131    -0.000104    -0.000077    -0.000050    -0.000020     0.000000
    0.000000     0.000011     0.000032     0.000050     0.000067     0.000083     0.000099     0.000114     0.000127     0.000138     0.000145     0.000147     0.000144     0.000135     0.000120     0.000098     0.000070     0.000037    -0.000001    -0.000042    -0.000084    -0.000126    -0.000166    -0.000202    -0.000233    -0.000257    -0.000275    -0.000285    -0.000287    -0.000283    -0.000272    -0.000255    -0.000235    -0.000211    -0.000185    -0.000158    -0.000131    -0.000104    -0.000077    -0.000050    -0.000020     0.000000
