    0.000000    -0.000072    -0.000300    -0.000660    -0.001077    -0.001503    -0.001916    -0.002305    -0.002661    -0.002977    -0.003243    -0.003448    -0.003582    -0.003632    -0.003590    -0.003447    -0.003200    -0.002852    -0.002411    -0.001891    -0.001312    -0.000699    -0.000078     0.000522     0.001076     0.001564     0.001968     0.002280     0.002493     0.002610     0.002634     0.002573     0.002437     0.002235     0.001978     0.001673     0.001331     0.000965     0.000598     0.000277     0.000070     0.000000
    0.000000    -0.000299    -0.001040    -0.002080    -0.003274    -0.004514    -0.005734    -0.006893    -0.007960    -0.008908    -0.009708    -0.010327    -0.010730    -0.010884    -0.010759    -0.010332    -0.009595    -0.008552    -0.007228    -0.005667    -0.003929    -0.002088    -0.000227     0.001574     0.003236     0.004697     0.005907     0.006837     0.007473     0.007818     0.007886     0.007700     0.007288     0.006680     0.005907     0.004998     0.003989     0.002925     0.001875     0.000946     0.000275     0.000000
    0.000000    -0.000538    -0.001808    -0.003533    -0.005498    -0.007544    -0.009569    -0.011503    -0.013293    -0.014890    -0.016244    -0.017298    -0.017993    -0.018270    -0.018077    -0.017374    -0.016144    -0.014393    -0.012162    -0.009526    -0.006587    -0.003472    -0.000323     0.002718     0.005522     0.007979     0.010008     0.011558     0.012610     0.013169     0.013262     0.012930     0.012220     0.011187     0.009882     0.008359     0.006678     0.004917     0.003186     0.001639     0.000490     0.000000
    0.000000    -0.000771    -0.002572    -0.004995    -0.007740    -0.010602    -0.013445    -0.016173    -0.018713    -0.020993    -0.022940    -0.024472    -0.025502    -0.025941    -0.025710    -0.024746    -0.023018    -0.020532    -0.017345    -0.013562    -0.009335    -0.004853    -0.000322     0.004046     0.008061     0.011564     0.014438     0.016615     0.018071     0.018819     0.018902     0.018384     0.017338     0.015841     0.013970     0.011805     0.009430     0.006953     0.004519     0.002339     0.000703     0.000000
    0.000000    -0.000999    -0.003331    -0.006459    -0.010000    -0.013697    -0.017381    -0.020935    -0.024265    -0.027280    -0.029881    -0.031958    -0.033390    -0.034054    -0.033834    -0.032637    -0.030408    -0.027149    -0.022929    -0.017887    -0.012235    -0.006231    -0.000168     0.005665     0.011001     0.015626     0.019387     0.022198     0.024036     0.024930     0.024949     0.024184     0.022740     0.020721     0.018234     0.015382     0.012275     0.009049     0.005885     0.003048     0.000916     0.000000
    0.000000    -0.001226    -0.004088    -0.007928    -0.012278    -0.016831    -0.021387    -0.025809    -0.029985    -0.033804    -0.037143    -0.039859    -0.041793    -0.042776    -0.042646    -0.041263    -0.038538    -0.034457    -0.029096    -0.022636    -0.015356    -0.007610     0.000209     0.007703     0.014519     0.020372     0.025072     0.028519     0.030702     0.031677     0.031549     0.030449     0.028519     0.025901     0.022727     0.019129     0.015241     0.011224     0.007296     0.003779     0.001135     0.000000
    0.000000    -0.001453    -0.004845    -0.009402    -0.014573    -0.020001    -0.025462    -0.030800    -0.035890    -0.040602    -0.044788    -0.048271    -0.050846    -0.052286    -0.052365    -0.050877    -0.047678    -0.042719    -0.036079    -0.027982    -0.018793    -0.008989     0.000896     0.010329     0.018837     0.026057     0.031754     0.035826     0.038289     0.039244     0.038851     0.037293     0.034761     0.031438     0.027490     0.023074     0.018346     0.013492     0.008764     0.004538     0.001363     0.000000
    0.000000    -0.001679    -0.005600    -0.010872    -0.016868    -0.023189    -0.029586    -0.035893    -0.041974    -0.047687    -0.052858    -0.057276    -0.060680    -0.062774    -0.063242    -0.061784    -0.058168    -0.052280    -0.044185    -0.034155    -0.022668    -0.010366     0.002019     0.013767     0.024252     0.033008     0.039757     0.044414     0.047045     0.047828     0.047000     0.044817     0.041533     0.037375     0.032547     0.027228     0.021597     0.015857     0.010292     0.005329     0.001603     0.000000
    0.000000    -0.001903    -0.006343    -0.012319    -0.019137    -0.026358    -0.033717    -0.041045    -0.048201    -0.055037    -0.061362    -0.066927    -0.071413    -0.074437    -0.075565    -0.074359    -0.070442    -0.063593    -0.053831    -0.041474    -0.027149    -0.011736     0.003753     0.018331     0.031163     0.041654     0.049493     0.054636     0.057252     0.057634     0.056134     0.053106     0.048877     0.043727     0.037894     0.031581     0.024979     0.018307     0.011873     0.006148     0.001852     0.000000
    0.000000    -0.002117    -0.007056    -0.013714    -0.021334    -0.029449    -0.037786    -0.046177    -0.054493    -0.062585    -0.070257    -0.077232    -0.083132    -0.087471    -0.089661    -0.089062    -0.085075    -0.077283    -0.065605    -0.050394    -0.032474    -0.013081     0.006358     0.024468     0.040129     0.052580     0.061490     0.066924     0.069224     0.068868     0.066370     0.062208     0.056796     0.050468     0.043494     0.036090     0.028454     0.020811     0.013483     0.006983     0.002107     0.000000
    0.000000    -0.002315    -0.007717    -0.015014    -0.023398    -0.032381    -0.041689    -0.051172    -0.060718    -0.070199    -0.079430    -0.088125    -0.095859    -0.102039    -0.105885    -0.106467    -0.102829    -0.094218    -0.080354    -0.061587    -0.038991    -0.014357     0.010230     0.032832     0.051950     0.066589     0.076440     0.081795     0.083297     0.081711     0.077773     0.072113     0.065235     0.057524     0.049266     0.040680     0.031957     0.023317     0.015088     0.007814     0.002361     0.000000
    0.000000    -0.002486    -0.008295    -0.016165    -0.025249    -0.035046    -0.045293    -0.055863    -0.066682    -0.077665    -0.088664    -0.099422    -0.109504    -0.118228    -0.124596    -0.127277    -0.124740    -0.115636    -0.099334    -0.076081    -0.047209    -0.015468     0.015993     0.044387     0.067800     0.084820     0.095253     0.099856     0.099802     0.096285     0.090326     0.082723     0.074060     0.064748     0.055071     0.045228     0.035386     0.025747     0.016634     0.008610     0.002604     0.000000
    0.000000    -0.002618    -0.008755    -0.017105    -0.026795    -0.037318    -0.048431    -0.060040    -0.072124    -0.084667    -0.097604    -0.110761    -0.123770    -0.135937    -0.146075    -0.152334    -0.152237    -0.143287    -0.124328    -0.095358    -0.057761    -0.016189     0.024537     0.060401     0.089386     0.108903     0.119110     0.121777     0.118996     0.112572     0.103862     0.093806     0.083027     0.071915     0.060712     0.049570     0.038612     0.028004     0.018053     0.009334     0.002823     0.000000
    0.000000    -0.002699    -0.009062    -0.017769    -0.027936    -0.039058    -0.050912    -0.063449    -0.076712    -0.090782    -0.105725    -0.121538    -0.138052    -0.154745    -0.170402    -0.182589    -0.187118    -0.178703    -0.155947    -0.119597    -0.070267    -0.016097     0.036231     0.081231     0.118557     0.140832     0.149345     0.148132     0.140905     0.130300     0.117984     0.104950     0.091756     0.078699     0.065923     0.053494     0.041470     0.029966     0.019264     0.009939     0.003001     0.000000
    0.000000    -0.002717    -0.009181    -0.018093    -0.028574    -0.040125    -0.052541    -0.065818    -0.080072    -0.095499    -0.112337    -0.130838    -0.151196    -0.173360    -0.196508    -0.217590    -0.228483    -0.214838    -0.179472    -0.135612    -0.078612    -0.014740     0.046543     0.100963     0.154628     0.181047     0.186183     0.178670     0.164928     0.148723     0.131960     0.115511     0.099720     0.084683     0.070379     0.056755     0.043778     0.031503     0.020180     0.010377     0.003123     0.000000
    0.000000    -0.002664    -0.009084    -0.018024    -0.028624    -0.040390    -0.053131    -0.066873    -0.081795    -0.098193    -0.116487    -0.137257    -0.161282    -0.189352    -0.221068    -0.251128    -0.262310    -0.212324     0.000000     0.000000     0.000000     0.000000     0.000000     0.099231     0.189370     0.221799     0.224175     0.209934     0.188751     0.166159     0.144529     0.124549     0.106227     0.089361     0.073715     0.059087     0.045344     0.032481     0.020713     0.010600     0.003171     0.000000
    0.000000    -0.002534    -0.008754    -0.017526    -0.028025    -0.039762    -0.052544    -0.066411    -0.081584    -0.098454    -0.117619    -0.139915    -0.166189    -0.196149    -0.225369    -0.240621    -0.219332     0.000000     0.000000     0.000000     0.000000     0.000000     0.000000     0.000000     0.200087     0.232411     0.242598     0.230245     0.206335     0.179472     0.153912     0.130944     0.110523     0.092214     0.075569     0.060237     0.045993     0.032780     0.020788     0.010567     0.003133     0.000000
    0.000000    -0.002328    -0.008187    -0.016587    -0.026755    -0.038199    -0.050709    -0.064309    -0.079206    -0.095751    -0.114346    -0.135078    -0.156563    -0.173454    -0.173230    -0.136601     0.000000     0.000000     0.000000     0.000000     0.000000     0.000000     0.000000     0.000000     0.000000     0.153238     0.208795     0.218225     0.204778     0.181705     0.156615     0.132955     0.111693     0.092718     0.075617     0.059996     0.045586     0.032308     0.020347     0.010251     0.003001     0.000000
    0.000000    -0.002052    -0.007396    -0.015225    -0.024831    -0.035720    -0.047643    -0.060565    -0.074598    -0.089876    -0.106274    -0.122703    -0.135744    -0.138012    -0.118086    -0.062002     0.000000     0.000000     0.000000     0.000000     0.000000     0.000000     0.000000     0.000000     0.000000     0.136734     0.165456     0.182920     0.183055     0.169953     0.150340     0.129196     0.108985     0.090473     0.073638     0.058234     0.044045     0.031020     0.019368     0.009641     0.002772     0.000000
    0.000000    -0.001717    -0.006409    -0.013484    -0.022316    -0.032407    -0.043450    -0.055314    -0.067938    -0.081122    -0.094102    -0.104765    -0.108683    -0.098985    -0.069191     0.000000     0.000000     0.000000     0.000000     0.000000     0.000000     0.000000     0.000000     0.000000     0.000000     0.000000     0.083202     0.120818     0.141402     0.143983     0.134484     0.119142     0.102084     0.085326     0.069571     0.054933     0.041370     0.028924     0.017860     0.008749     0.002452     0.000000
    0.000000    -0.001339    -0.005269    -0.011433    -0.019309    -0.028396    -0.038319    -0.048824    -0.059642    -0.070226    -0.079279    -0.084134    -0.080419    -0.063225    -0.031710     0.000000     0.000000     0.000000     0.000000     0.000000     0.000000     0.000000     0.000000     0.000000     0.000000     0.000000     0.027988     0.066018     0.096558     0.111393     0.112183     0.104006     0.091478     0.077518     0.063569     0.050205     0.037646     0.026085     0.015874     0.007605     0.002056     0.000000
    0.000000    -0.000936    -0.004024    -0.009160    -0.015937    -0.023862    -0.032495    -0.041452    -0.050270    -0.058126    -0.063435    -0.063508    -0.054831    -0.035034    -0.007754     0.010008     0.000000     0.000000     0.000000     0.000000     0.000000     0.000000     0.000000     0.000000     0.000000    -0.004655     0.002572     0.029963     0.059537     0.079769     0.087810     0.086060     0.078312     0.067657     0.055989     0.044283     0.033037     0.022621     0.013491     0.006262     0.001602     0.000000
    0.000000    -0.000526    -0.002730    -0.006758    -0.012338    -0.019000    -0.026247    -0.033586    -0.040403    -0.045728    -0.047969    -0.044903    -0.034496    -0.017302    -0.000137     0.004963     0.000000     0.000000     0.000000     0.000000     0.000000     0.000000     0.000000     0.000000     0.000000    -0.006361    -0.005572     0.010085     0.033094     0.053117     0.064684     0.067523     0.063930     0.056539     0.047320     0.037487     0.027764     0.018688     0.010819     0.004782     0.001115     0.000000
    0.000000    -0.000127    -0.001439    -0.004322    -0.008651    -0.013999    -0.019834    -0.025580    -0.030535    -0.033702    -0.033673    -0.028875    -0.018590    -0.004923     0.005789     0.006980     0.000948     0.000000     0.000000     0.000000     0.000000     0.000000     0.000000     0.000000     0.004135    -0.001585    -0.006200     0.000143     0.015466     0.032269     0.044464     0.049936     0.049474     0.044937     0.038079     0.030170     0.022073     0.014462     0.007978     0.003233     0.000618     0.000000
    0.000000     0.000245    -0.000197    -0.001938    -0.005004    -0.009031    -0.013480    -0.017725    -0.021031    -0.022457    -0.020869    -0.015317    -0.005994     0.004475     0.011141     0.010694     0.005528    -0.000830     0.000000     0.000000     0.000000     0.000000     0.000000     0.006382     0.009590     0.001980    -0.005408    -0.005071     0.003744     0.016419     0.027533     0.034093     0.035725     0.033477     0.028728     0.022667     0.016211     0.010119     0.005086     0.001685     0.000134     0.000000
    0.000000     0.000582     0.000958     0.000323    -0.001504    -0.004242    -0.007366    -0.010239    -0.012130    -0.012203    -0.009613    -0.003920     0.004125     0.011883     0.015611     0.013444     0.006991    -0.001047    -0.005758    -0.007402    -0.003182     0.002300     0.008726     0.013570     0.011211     0.002893    -0.005511    -0.008587    -0.004507     0.004303     0.013601     0.020241     0.023116     0.022588     0.019629     0.015263     0.010395     0.005823     0.002255     0.000197    -0.000317     0.000000
    0.000000     0.000874     0.001997     0.002403     0.001763     0.000258    -0.001627    -0.003266    -0.003967    -0.003015     0.000173     0.005658     0.012388     0.017934     0.019484     0.015954     0.008674     0.000111    -0.006428    -0.008867    -0.004638     0.003183     0.009750     0.012277     0.008946     0.001211    -0.007080    -0.011832    -0.010886    -0.005213     0.002146     0.008313     0.011820     0.012530     0.011038     0.008181     0.004806     0.001709    -0.000423    -0.001181    -0.000721     0.000000
    0.000000     0.001118     0.002902     0.004264     0.004735     0.004387     0.003646     0.003101     0.003391     0.005111     0.008626     0.013734     0.019261     0.023076     0.023086     0.018729     0.011295     0.003086    -0.003236    -0.005639    -0.003024     0.002470     0.007072     0.008198     0.004797    -0.002101    -0.009840    -0.015273    -0.016279    -0.012957    -0.007351    -0.001891     0.001856     0.003427     0.003117     0.001580    -0.000418    -0.002115    -0.002878    -0.002414    -0.001068     0.000000
    0.000000     0.001314     0.003665     0.005881     0.007370     0.008093     0.008395     0.008816     0.009931     0.012224     0.015894     0.020572     0.025075     0.027589     0.026570     0.021816     0.014590     0.006945     0.001001    -0.001764    -0.001013     0.001747     0.004002     0.003760     0.000184    -0.006114    -0.013287    -0.018920    -0.021099    -0.019461    -0.015308    -0.010598    -0.006841    -0.004681    -0.004044    -0.004437    -0.005182    -0.005575    -0.005059    -0.003480    -0.001355     0.000000
    0.000000     0.001462     0.004284     0.007244     0.009648     0.011344     0.012591     0.013862     0.015666     0.018392     0.022115     0.026376     0.030048     0.031612     0.029938     0.025051     0.018137     0.010951     0.005150     0.001748     0.000790     0.001213     0.001352    -0.000229    -0.004201    -0.010220    -0.016980    -0.022622    -0.025498    -0.025038    -0.022032    -0.018018    -0.014367    -0.011805    -0.010407    -0.009811    -0.009425    -0.008620    -0.006939    -0.004367    -0.001580     0.000000
    0.000000     0.001568     0.004763     0.008353     0.011561     0.014131     0.016226     0.018244     0.020628     0.023686     0.027409     0.031297     0.034316     0.035202     0.033127     0.028243     0.021619     0.014722     0.008849     0.004718     0.002297     0.000836    -0.000792    -0.003601    -0.008105    -0.014094    -0.020612    -0.026213    -0.029507    -0.029863    -0.027737    -0.024323    -0.020827    -0.017986    -0.015970    -0.014515    -0.013117    -0.011229    -0.008505    -0.005075    -0.001747     0.000000
    0.000000     0.001634     0.005113     0.009218     0.013117     0.016457     0.019306     0.021981     0.024856     0.028175     0.031873     0.035446     0.037961     0.038372     0.036061     0.031240     0.024846     0.018098     0.012028     0.007184     0.003537     0.000566    -0.002508    -0.006398    -0.011478    -0.017590    -0.024002    -0.029563    -0.033114    -0.034033    -0.032572    -0.029653    -0.026319    -0.023278    -0.020751    -0.018550    -0.016250    -0.013396    -0.009761    -0.005612    -0.001860     0.000000
    0.000000     0.001666     0.005343     0.009854     0.014331     0.018338     0.021849     0.025099     0.028395     0.031925     0.035590     0.038904     0.041038     0.041119     0.038679     0.033945     0.027724     0.021032     0.014713     0.009220     0.004556     0.000366    -0.003888    -0.008708    -0.014346    -0.020658    -0.027051    -0.032588    -0.036298    -0.037607    -0.036639    -0.034117    -0.030932    -0.027739    -0.024783    -0.021932    -0.018835    -0.015132    -0.010721    -0.005990    -0.001926     0.000000
    0.000000     0.001669     0.005469     0.010281     0.015225     0.019797     0.023883     0.027634     0.031291     0.034995     0.038629     0.041735     0.043583     0.043440     0.040940     0.036300     0.030211     0.023526     0.016956     0.010896     0.005392     0.000213    -0.005009    -0.010615    -0.016761    -0.023297    -0.029717    -0.035240    -0.039046    -0.040621    -0.040017    -0.037806    -0.034746    -0.031430    -0.028107    -0.024689    -0.020893    -0.016461    -0.011406    -0.006226    -0.001951     0.000000
    0.000000     0.001648     0.005504     0.010521     0.015826     0.020864     0.025439     0.029622     0.033590     0.037441     0.041049     0.043992     0.045629     0.045337     0.042823     0.038281     0.032300     0.025604     0.018807     0.012268     0.006073     0.000090    -0.005922    -0.012185    -0.018775    -0.025525    -0.031988    -0.037498    -0.041356    -0.043108    -0.042768    -0.040794    -0.037832    -0.034411    -0.030771    -0.026858    -0.022459    -0.017413    -0.011844    -0.006337    -0.001941     0.000000
    0.000000     0.001607     0.005461     0.010597     0.016164     0.021572     0.026554     0.031105     0.035338     0.039315     0.042904     0.045721     0.047204     0.046819     0.044323     0.039883     0.034001     0.027297     0.020309     0.013378     0.006622    -0.000013    -0.006668    -0.013472    -0.020433    -0.027369    -0.033872    -0.039361    -0.043235    -0.045099    -0.044945    -0.043147    -0.040256    -0.036740    -0.032823    -0.028483    -0.023572    -0.018023    -0.012062    -0.006342    -0.001905     0.000000
    0.000000     0.001551     0.005354     0.010532     0.016270     0.021958     0.027268     0.032125     0.036583     0.040667     0.044244     0.046966     0.048338     0.047902     0.045448     0.041117     0.035333     0.028635     0.021502     0.014259     0.007055    -0.000102    -0.007276    -0.014515    -0.021776    -0.028860    -0.035385    -0.040839    -0.044700    -0.046624    -0.046596    -0.044924    -0.042080    -0.038474    -0.034316    -0.029610    -0.024274    -0.018330    -0.012091    -0.006258    -0.001846     0.000000
    0.000000     0.001483     0.005196     0.010350     0.016176     0.022058     0.027621     0.032726     0.037370     0.041545     0.045115     0.047767     0.049064     0.048608     0.046215     0.041998     0.036321     0.029649     0.022417     0.014939     0.007385    -0.000184    -0.007765    -0.015346    -0.022838    -0.030026    -0.036551    -0.041951    -0.045773    -0.047717    -0.047766    -0.046179    -0.043360    -0.039669    -0.035303    -0.030290    -0.024612    -0.018373    -0.011961    -0.006103    -0.001771     0.000000
    0.000000     0.001407     0.004998     0.010071     0.015911     0.021909     0.027654     0.032952     0.037746     0.041995     0.045563     0.048164     0.049414     0.048963     0.046645     0.042551     0.036990     0.030370     0.023086     0.015439     0.007624    -0.000259    -0.008153    -0.015992    -0.023650    -0.030898    -0.037394    -0.042721    -0.046480    -0.048411    -0.048498    -0.046961    -0.044150    -0.040379    -0.035834    -0.030572    -0.024631    -0.018192    -0.011701    -0.005893    -0.001684     0.000000
    0.000000     0.001326     0.004769     0.009715     0.015506     0.021549     0.027409     0.032846     0.037755     0.042063     0.045630     0.048196     0.049420     0.048993     0.046764     0.042802     0.037370     0.030827     0.023533     0.015781     0.007781    -0.000331    -0.008452    -0.016474    -0.024237    -0.031502    -0.037941    -0.043175    -0.046850    -0.048741    -0.048834    -0.047321    -0.044502    -0.040658    -0.035964    -0.030506    -0.024378    -0.017824    -0.011335    -0.005640    -0.001589     0.000000
    0.000000     0.001241     0.004519     0.009300     0.014987     0.021011     0.026926     0.032452     0.037441     0.041793     0.045360     0.047903     0.049119     0.048731     0.046600     0.042778     0.037488     0.031046     0.023782     0.015982     0.007865    -0.000400    -0.008675    -0.016812    -0.024625    -0.031866    -0.038221    -0.043341    -0.046912    -0.048741    -0.048815    -0.047302    -0.044466    -0.040555    -0.035743    -0.030141    -0.023896    -0.017305    -0.010888    -0.005357    -0.001489     0.000000
    0.000000     0.001155     0.004254     0.008841     0.014379     0.020329     0.026242     0.031810     0.036848     0.041227     0.044792     0.047322     0.048542     0.048206     0.046182     0.042508     0.037372     0.031055     0.023858     0.016057     0.007885    -0.000468    -0.008829    -0.017022    -0.024836    -0.032016    -0.038259    -0.043247    -0.046699    -0.048446    -0.048481    -0.046951    -0.044089    -0.040121    -0.035220    -0.029524    -0.023225    -0.016666    -0.010382    -0.005053    -0.001388     0.000000
    0.000000     0.001069     0.003982     0.008353     0.013704     0.019533     0.025396     0.030962     0.036017     0.040406     0.043967     0.046489     0.047724     0.047449     0.045540     0.042021     0.037051     0.030877     0.023779     0.016024     0.007849    -0.000534    -0.008924    -0.017118    -0.024889    -0.031974    -0.038084    -0.042923    -0.046240    -0.047889    -0.047868    -0.046309    -0.043417    -0.039404    -0.034443    -0.028699    -0.022406    -0.015938    -0.009834    -0.004739    -0.001286     0.000000
    0.000000     0.000985     0.003708     0.007847     0.012983     0.018651     0.024419     0.029944     0.034987     0.039369     0.042921     0.045440     0.046698     0.046491     0.044703     0.041344     0.036549     0.030538     0.023567     0.015894     0.007763    -0.000598    -0.008967    -0.017116    -0.024804    -0.031765    -0.037720    -0.042395    -0.045566    -0.047105    -0.047016    -0.045416    -0.042494    -0.038448    -0.033455    -0.027708    -0.021472    -0.015145    -0.009260    -0.004419    -0.001186     0.000000
    0.000000     0.000903     0.003435     0.007333     0.012233     0.017708     0.023344     0.028793     0.033795     0.038154     0.041690     0.044208     0.045494     0.045361     0.043697     0.040504     0.035893     0.030059     0.023238     0.015681     0.007634    -0.000661    -0.008964    -0.017028    -0.024599    -0.031411    -0.037192    -0.041691    -0.044705    -0.046125    -0.045957    -0.044312    -0.041361    -0.037295    -0.032300    -0.026589    -0.020455    -0.014310    -0.008674    -0.004102    -0.001088     0.000000
    0.000000     0.000824     0.003168     0.006821     0.011468     0.016725     0.022198     0.027539     0.032476     0.036795     0.040310     0.042826     0.044144     0.044088     0.042551     0.039526     0.035105     0.029460     0.022811     0.015398     0.007470    -0.000722    -0.008920    -0.016865    -0.024290    -0.030930    -0.036523    -0.040835    -0.043685    -0.044979    -0.044727    -0.043032    -0.040057    -0.035986    -0.031014    -0.025375    -0.019382    -0.013452    -0.008086    -0.003790    -0.000995     0.000000
    0.000000     0.000749     0.002909     0.006315     0.010701     0.015721     0.021005     0.026212     0.031061     0.035325     0.038810     0.041323     0.042674     0.042698     0.041290     0.038434     0.034208     0.028763     0.022302     0.015056     0.007275    -0.000781    -0.008843    -0.016638    -0.023893    -0.030343    -0.035736    -0.039854    -0.042534    -0.043697    -0.043356    -0.041611    -0.038617    -0.034556    -0.029633    -0.024097    -0.018277    -0.012588    -0.007505    -0.003488    -0.000906     0.000000
    0.000000     0.000677     0.002660     0.005823     0.009942     0.014712     0.019788     0.024839     0.029580     0.033774     0.037221     0.039728     0.041112     0.041216     0.039936     0.037251     0.033222     0.027984     0.021724     0.014665     0.007055    -0.000838    -0.008736    -0.016356    -0.023421    -0.029666    -0.034850    -0.038768    -0.041275    -0.042304    -0.041873    -0.040080    -0.037074    -0.033039    -0.028187    -0.022782    -0.017160    -0.011730    -0.006939    -0.003198    -0.000822     0.000000
    0.000000     0.000610     0.002423     0.005348     0.009201     0.013713     0.018566     0.023442     0.028057     0.032169     0.035569     0.038066     0.039482     0.039665     0.038513     0.035997     0.032167     0.027140     0.021091     0.014234     0.006816    -0.000892    -0.008603    -0.016029    -0.022888    -0.028917    -0.033884    -0.037600    -0.039933    -0.040827    -0.040307    -0.038468    -0.035459    -0.031464    -0.026704    -0.021452    -0.016048    -0.010890    -0.006392    -0.002922    -0.000743     0.000000
    0.000000     0.000548     0.002198     0.004893     0.008483     0.012733     0.017353     0.022041     0.026516     0.030532     0.033878     0.036362     0.037807     0.038067     0.037040     0.034692     0.031059     0.026247     0.020415     0.013772     0.006561    -0.000943    -0.008450    -0.015665    -0.022304    -0.028110    -0.032856    -0.036368    -0.038527    -0.039288    -0.038681    -0.036801    -0.033798    -0.029857    -0.025207    -0.020127    -0.014956    -0.010076    -0.005870    -0.002661    -0.000670     0.000000
    0.000000     0.000489     0.001987     0.004461     0.007794     0.011782     0.016164     0.020653     0.024976     0.028887     0.032171     0.034635     0.036106     0.036440     0.035535     0.033351     0.029914     0.025317     0.019708     0.013287     0.006296    -0.000991    -0.008279    -0.015271    -0.021682    -0.027258    -0.031782    -0.035090    -0.037077    -0.037708    -0.037018    -0.035104    -0.032115    -0.028242    -0.023716    -0.018822    -0.013894    -0.009294    -0.005374    -0.002416    -0.000602     0.000000
    0.000000     0.000435     0.001790     0.004054     0.007137     0.010868     0.015008     0.019292     0.023454     0.027250     0.030465     0.032905     0.034398     0.034802     0.034014     0.031990     0.028746     0.024362     0.018978     0.012786     0.006023    -0.001036    -0.008095    -0.014854    -0.021031    -0.026373    -0.030675    -0.033782    -0.035602    -0.036107    -0.035339    -0.033397    -0.030432    -0.026637    -0.022249    -0.017551    -0.012870    -0.008549    -0.004906    -0.002188    -0.000539     0.000000
    0.000000     0.000386     0.001606     0.003671     0.006516     0.009994     0.013894     0.017969     0.021964     0.025639     0.028778     0.031188     0.032699     0.033168     0.032492     0.030622     0.027566     0.023394     0.018235     0.012274     0.005745    -0.001078    -0.007900    -0.014420    -0.020358    -0.025468    -0.029549    -0.032459    -0.034116    -0.034501    -0.033660    -0.031698    -0.028765    -0.025059    -0.020818    -0.016324    -0.011892    -0.007844    -0.004468    -0.001976    -0.000481     0.000000
    0.000000     0.000340     0.001436     0.003315     0.005932     0.009165     0.012829     0.016694     0.020517     0.024065     0.027123     0.029499     0.031022     0.031551     0.030982     0.029260     0.026386     0.022422     0.017486     0.011758     0.005466    -0.001117    -0.007697    -0.013975    -0.019673    -0.024550    -0.028415    -0.031134    -0.032633    -0.032904    -0.031998    -0.030022    -0.027131    -0.023522    -0.019435    -0.015148    -0.010964    -0.007182    -0.004060    -0.001781    -0.000429     0.000000
    0.000000     0.000299     0.001280     0.002984     0.005385     0.008384     0.011817     0.015473     0.019123     0.022540     0.025512     0.027848     0.029379     0.029962     0.029494     0.027913     0.025216     0.021453     0.016738     0.011242     0.005189    -0.001152    -0.007488    -0.013523    -0.018982    -0.023630    -0.027283    -0.029816    -0.031165    -0.031330    -0.030366    -0.028384    -0.025541    -0.022036    -0.018108    -0.014029    -0.010088    -0.006562    -0.003682    -0.001601    -0.000381     0.000000
    0.000000     0.000261     0.001136     0.002678     0.004876     0.007652     0.010861     0.014312     0.017788     0.021072     0.023955     0.026247     0.027780     0.028412     0.028037     0.026591     0.024062     0.020496     0.015997     0.010729     0.004914    -0.001184    -0.007276    -0.013068    -0.018291    -0.022714    -0.026161    -0.028516    -0.029723    -0.029788    -0.028774    -0.026793    -0.024005    -0.020610    -0.016844    -0.012972    -0.009268    -0.005987    -0.003334    -0.001437    -0.000338     0.000000
    0.000000     0.000227     0.001006     0.002397     0.004405     0.006969     0.009963     0.013214     0.016518     0.019668     0.022458     0.024702     0.026232     0.026907     0.026618     0.025299     0.022932     0.019555     0.015266     0.010224     0.004644    -0.001213    -0.007062    -0.012614    -0.017604    -0.021808    -0.025057    -0.027241    -0.028314    -0.028288    -0.027231    -0.025258    -0.022530    -0.019249    -0.015646    -0.011978    -0.008502    -0.005454    -0.003014    -0.001287    -0.000298     0.000000
    0.000000     0.000196     0.000887     0.002140     0.003971     0.006335     0.009124     0.012181     0.015317     0.018332     0.021028     0.023220     0.024743     0.025455     0.025245     0.024045     0.021831     0.018636     0.014551     0.009730     0.004381    -0.001239    -0.006849    -0.012165    -0.016927    -0.020919    -0.023976    -0.025999    -0.026947    -0.026838    -0.025744    -0.023785    -0.021124    -0.017959    -0.014518    -0.011048    -0.007792    -0.004963    -0.002721    -0.001152    -0.000263     0.000000
    0.000000     0.000169     0.000779     0.001905     0.003573     0.005750     0.008344     0.011214     0.014186     0.017067     0.019668     0.021806     0.023317     0.024059     0.023922     0.022833     0.020764     0.017743     0.013855     0.009247     0.004125    -0.001262    -0.006637    -0.011722    -0.016264    -0.020049    -0.022924    -0.024794    -0.025625    -0.025441    -0.024319    -0.022380    -0.019789    -0.016741    -0.013461    -0.010183    -0.007135    -0.004513    -0.002455    -0.001029    -0.000232     0.000000
    0.000000     0.000144     0.000682     0.001693     0.003209     0.005211     0.007621     0.010313     0.013125     0.015876     0.018381     0.020462     0.021956     0.022724     0.022653     0.021666     0.019734     0.016879     0.013180     0.008780     0.003878    -0.001282    -0.006428    -0.011289    -0.015616    -0.019204    -0.021906    -0.023631    -0.024354    -0.024104    -0.022959    -0.021046    -0.018527    -0.015598    -0.012474    -0.009381    -0.006531    -0.004102    -0.002213    -0.000919    -0.000204     0.000000
    0.000000     0.000122     0.000595     0.001501     0.002878     0.004718     0.006955     0.009478     0.012136     0.014759     0.017168     0.019190     0.020665     0.021452     0.021439     0.020548     0.018744     0.016046     0.012528     0.008328     0.003639    -0.001299    -0.006222    -0.010866    -0.014987    -0.018386    -0.020923    -0.022514    -0.023137    -0.022828    -0.021668    -0.019785    -0.017341    -0.014528    -0.011557    -0.008641    -0.005978    -0.003728    -0.001995    -0.000820    -0.000179     0.000000
    0.000000     0.000103     0.000518     0.001328     0.002578     0.004268     0.006344     0.008706     0.011217     0.013715     0.016029     0.017991     0.019442     0.020244     0.020283     0.019479     0.017795     0.015245     0.011901     0.007893     0.003410    -0.001314    -0.006022    -0.010455    -0.014378    -0.017597    -0.019978    -0.021443    -0.021976    -0.021615    -0.020446    -0.018596    -0.016229    -0.013532    -0.010708    -0.007960    -0.005472    -0.003388    -0.001799    -0.000731    -0.000157     0.000000
    0.000000     0.000086     0.000449     0.001173     0.002308     0.003859     0.005784     0.007995     0.010365     0.012743     0.014964     0.016864     0.018290     0.019101     0.019185     0.018461     0.016889     0.014479     0.011299     0.007476     0.003192    -0.001326    -0.005827    -0.010058    -0.013791    -0.016839    -0.019073    -0.020421    -0.020872    -0.020466    -0.019293    -0.017481    -0.015191    -0.012607    -0.009924    -0.007336    -0.005012    -0.003082    -0.001623    -0.000653    -0.000138     0.000000
    0.000000     0.000072     0.000389     0.001035     0.002065     0.003489     0.005274     0.007344     0.009580     0.011841     0.013971     0.015810     0.017206     0.018022     0.018146     0.017495     0.016026     0.013748     0.010724     0.007077     0.002983    -0.001336    -0.005637    -0.009675    -0.013226    -0.016113    -0.018209    -0.019449    -0.019824    -0.019381    -0.018209    -0.016437    -0.014224    -0.011751    -0.009204    -0.006766    -0.004594    -0.002806    -0.001465    -0.000584    -0.000121     0.000000
    0.000000     0.000059     0.000336     0.000913     0.001847     0.003155     0.004812     0.006748     0.008858     0.011007     0.013048     0.014825     0.016190     0.017007     0.017165     0.016579     0.015206     0.013052     0.010176     0.006696     0.002785    -0.001345    -0.005454    -0.009306    -0.012685    -0.015418    -0.017385    -0.018525    -0.018834    -0.018359    -0.017193    -0.015463    -0.013328    -0.010961    -0.008544    -0.006247    -0.004217    -0.002558    -0.001326    -0.000523    -0.000106     0.000000
    0.000000     0.000048     0.000289     0.000806     0.001654     0.002856     0.004393     0.006205     0.008195     0.010239     0.012192     0.013908     0.015240     0.016055     0.016240     0.015714     0.014430     0.012391     0.009655     0.006334     0.002597    -0.001351    -0.005277    -0.008952    -0.012168    -0.014756    -0.016603    -0.017651    -0.017900    -0.017399    -0.016242    -0.014557    -0.012498    -0.010234    -0.007940    -0.005776    -0.003877    -0.002337    -0.001202    -0.000469    -0.000094     0.000000
    0.000000     0.000039     0.000249     0.000711     0.001482     0.002588     0.004015     0.005712     0.007590     0.009532     0.011402     0.013056     0.014353     0.015162     0.015371     0.014897     0.013695     0.011764     0.009160     0.005991     0.002419    -0.001355    -0.005107    -0.008614    -0.011674    -0.014126    -0.015860    -0.016824    -0.017020    -0.016499    -0.015355    -0.013715    -0.011731    -0.009568    -0.007390    -0.005350    -0.003572    -0.002140    -0.001093    -0.000422    -0.000083     0.000000
    0.000000     0.000031     0.000215     0.000629     0.001331     0.002349     0.003676     0.005266     0.007038     0.008883     0.010672     0.012266     0.013527     0.014327     0.014555     0.014129     0.013001     0.011171     0.008691     0.005665     0.002250    -0.001358    -0.004944    -0.008290    -0.011203    -0.013527    -0.015157    -0.016044    -0.016193    -0.015657    -0.014529    -0.012936    -0.011025    -0.008957    -0.006889    -0.004965    -0.003298    -0.001965    -0.000997    -0.000382    -0.000074     0.000000
    0.000000     0.000025     0.000185     0.000557     0.001198     0.002137     0.003372     0.004863     0.006537     0.008290     0.010001     0.011536     0.012760     0.013548     0.013791     0.013406     0.012347     0.010611     0.008247     0.005357     0.002092    -0.001359    -0.004787    -0.007982    -0.010756    -0.012960    -0.014493    -0.015310    -0.015417    -0.014870    -0.013760    -0.012214    -0.010376    -0.008399    -0.006435    -0.004618    -0.003054    -0.001810    -0.000913    -0.000347    -0.000066     0.000000
    0.000000     0.000020     0.000160     0.000496     0.001082     0.001950     0.003101     0.004501     0.006082     0.007749     0.009384     0.010861     0.012048     0.012822     0.013076     0.012728     0.011731     0.010083     0.007828     0.005066     0.001943    -0.001359    -0.004636    -0.007687    -0.010331    -0.012422    -0.013865    -0.014619    -0.014690    -0.014135    -0.013047    -0.011548    -0.009779    -0.007890    -0.006023    -0.004306    -0.002836    -0.001674    -0.000839    -0.000317    -0.000060     0.000000
    0.000000     0.000015     0.000140     0.000443     0.000981     0.001785     0.002860     0.004175     0.005670     0.007255     0.008819     0.010239     0.011388     0.012146     0.012408     0.012092     0.011152     0.009585     0.007433     0.004792     0.001803    -0.001357    -0.004492    -0.007407    -0.009927    -0.011913    -0.013274    -0.013969    -0.014009    -0.013451    -0.012385    -0.010933    -0.009233    -0.007426    -0.005651    -0.004026    -0.002642    -0.001554    -0.000776    -0.000292    -0.000054     0.000000
    0.000000     0.000012     0.000123     0.000399     0.000894     0.001641     0.002646     0.003884     0.005299     0.006806     0.008302     0.009666     0.010777     0.011517     0.011784     0.011496     0.010609     0.009116     0.007060     0.004533     0.001671    -0.001354    -0.004355    -0.007141    -0.009545    -0.011432    -0.012716    -0.013359    -0.013372    -0.012813    -0.011772    -0.010367    -0.008732    -0.007004    -0.005315    -0.003776    -0.002471    -0.001449    -0.000721    -0.000270    -0.000050     0.000000
    0.000000     0.000010     0.000109     0.000362     0.000820     0.001516     0.002458     0.003624     0.004964     0.006399     0.007828     0.009139     0.010212     0.010933     0.011202     0.010939     0.010098     0.008675     0.006709     0.004290     0.001548    -0.001350    -0.004223    -0.006888    -0.009182    -0.010977    -0.012190    -0.012786    -0.012777    -0.012220    -0.011204    -0.009846    -0.008273    -0.006621    -0.005012    -0.003553    -0.002320    -0.001357    -0.000674    -0.000252    -0.000047     0.000000
    0.000000     0.000008     0.000098     0.000331     0.000756     0.001407     0.002292     0.003393     0.004663     0.006029     0.007396     0.008655     0.009690     0.010391     0.010659     0.010417     0.009619     0.008260     0.006379     0.004061     0.001433    -0.001345    -0.004097    -0.006647    -0.008839    -0.010548    -0.011695    -0.012248    -0.012220    -0.011668    -0.010679    -0.009366    -0.007854    -0.006273    -0.004739    -0.003353    -0.002186    -0.001277    -0.000634    -0.000237    -0.000044     0.000000
    0.000000     0.000007     0.000090     0.000306     0.000703     0.001313     0.002146     0.003187     0.004393     0.005695     0.007002     0.008210     0.009208     0.009888     0.010153     0.009929     0.009170     0.007871     0.006069     0.003846     0.001325    -0.001339    -0.003976    -0.006418    -0.008513    -0.010142    -0.011229    -0.011744    -0.011700    -0.011154    -0.010192    -0.008924    -0.007471    -0.005957    -0.004494    -0.003175    -0.002068    -0.001208    -0.000600    -0.000225    -0.000042     0.000000
    0.000000     0.000007     0.000084     0.000286     0.000658     0.001232     0.002019     0.003005     0.004151     0.005392     0.006642     0.007802     0.008763     0.009421     0.009682     0.009473     0.008749     0.007505     0.005777     0.003644     0.001225    -0.001332    -0.003861    -0.006201    -0.008205    -0.009759    -0.010791    -0.011271    -0.011214    -0.010676    -0.009742    -0.008517    -0.007121    -0.005670    -0.004273    -0.003017    -0.001965    -0.001148    -0.000572    -0.000215    -0.000041     0.000000
    0.000000     0.000007     0.000080     0.000271     0.000622     0.001164     0.001908     0.002844     0.003934     0.005118     0.006315     0.007427     0.008352     0.008988     0.009243     0.009046     0.008355     0.007162     0.005503     0.003454     0.001131    -0.001324    -0.003751    -0.005994    -0.007913    -0.009398    -0.010378    -0.010827    -0.010760    -0.010232    -0.009325    -0.008143    -0.006801    -0.005410    -0.004075    -0.002877    -0.001874    -0.001097    -0.000548    -0.000207    -0.000040     0.000000
    0.000000     0.000007     0.000077     0.000259     0.000592     0.001106     0.001812     0.002702     0.003741     0.004871     0.006016     0.007083     0.007972     0.008586     0.008834     0.008647     0.007985     0.006840     0.005246     0.003277     0.001044    -0.001315    -0.003646    -0.005798    -0.007637    -0.009056    -0.009989    -0.010410    -0.010335    -0.009818    -0.008939    -0.007799    -0.006508    -0.005175    -0.003896    -0.002752    -0.001795    -0.001053    -0.000528    -0.000201    -0.000039     0.000000
    0.000000     0.000008     0.000076     0.000250     0.000568     0.001057     0.001729     0.002577     0.003567     0.004648     0.005744     0.006767     0.007622     0.008212     0.008452     0.008275     0.007638     0.006537     0.005004     0.003110     0.000962    -0.001305    -0.003545    -0.005611    -0.007375    -0.008733    -0.009622    -0.010018    -0.009938    -0.009432    -0.008581    -0.007482    -0.006240    -0.004960    -0.003736    -0.002641    -0.001725    -0.001015    -0.000511    -0.000196    -0.000039     0.000000
    0.000000     0.000008     0.000076     0.000244     0.000549     0.001016     0.001658     0.002466     0.003413     0.004446     0.005496     0.006478     0.007298     0.007866     0.008097     0.007926     0.007313     0.006253     0.004777     0.002953     0.000887    -0.001294    -0.003448    -0.005434    -0.007126    -0.008427    -0.009276    -0.009650    -0.009565    -0.009073    -0.008249    -0.007189    -0.005995    -0.004766    -0.003591    -0.002542    -0.001664    -0.000983    -0.000498    -0.000193    -0.000039     0.000000
    0.000000     0.000010     0.000077     0.000241     0.000534     0.000983     0.001597     0.002370     0.003275     0.004264     0.005270     0.006211     0.006999     0.007544     0.007765     0.007599     0.007008     0.005986     0.004563     0.002807     0.000816    -0.001283    -0.003356    -0.005265    -0.006890    -0.008138    -0.008950    -0.009304    -0.009217    -0.008737    -0.007941    -0.006919    -0.005769    -0.004589    -0.003461    -0.002454    -0.001611    -0.000955    -0.000487    -0.000190    -0.000039     0.000000
    0.000000     0.000011     0.000079     0.000240     0.000524     0.000955     0.001544     0.002285     0.003152     0.004100     0.005064     0.005967     0.006722     0.007245     0.007456     0.007294     0.006722     0.005736     0.004363     0.002669     0.000751    -0.001272    -0.003267    -0.005103    -0.006666    -0.007864    -0.008642    -0.008978    -0.008889    -0.008424    -0.007654    -0.006669    -0.005563    -0.004427    -0.003344    -0.002375    -0.001565    -0.000932    -0.000478    -0.000189    -0.000039     0.000000
    0.000000     0.000012     0.000081     0.000240     0.000516     0.000933     0.001500     0.002211     0.003042     0.003951     0.004876     0.005741     0.006466     0.006966     0.007166     0.007007     0.006454     0.005500     0.004174     0.002540     0.000690    -0.001259    -0.003181    -0.004950    -0.006453    -0.007605    -0.008350    -0.008671    -0.008582    -0.008131    -0.007387    -0.006438    -0.005372    -0.004280    -0.003237    -0.002305    -0.001524    -0.000912    -0.000471    -0.000188    -0.000040     0.000000
    0.000000     0.000014     0.000084     0.000241     0.000512     0.000915     0.001462     0.002146     0.002944     0.003816     0.004703     0.005534     0.006228     0.006706     0.006896     0.006739     0.006201     0.005278     0.003997     0.002419     0.000634    -0.001246    -0.003099    -0.004803    -0.006251    -0.007359    -0.008075    -0.008381    -0.008293    -0.007856    -0.007138    -0.006223    -0.005197    -0.004145    -0.003141    -0.002243    -0.001488    -0.000895    -0.000465    -0.000187    -0.000040     0.000000
    0.000000     0.000015     0.000088     0.000244     0.000509     0.000901     0.001430     0.002088     0.002856     0.003694     0.004545     0.005342     0.006007     0.006464     0.006642     0.006487     0.005964     0.005070     0.003830     0.002306     0.000582    -0.001233    -0.003020    -0.004663    -0.006058    -0.007125    -0.007813    -0.008107    -0.008020    -0.007598    -0.006906    -0.006023    -0.005034    -0.004021    -0.003053    -0.002186    -0.001456    -0.000880    -0.000461    -0.000187    -0.000041     0.000000
    0.000000     0.000017     0.000091     0.000248     0.000509     0.000891     0.001402     0.002038     0.002778     0.003583     0.004401     0.005165     0.005802     0.006238     0.006405     0.006250     0.005741     0.004873     0.003674     0.002199     0.000534    -0.001219    -0.002943    -0.004529    -0.005874    -0.006902    -0.007566    -0.007848    -0.007764    -0.007356    -0.006688    -0.005837    -0.004884    -0.003907    -0.002973    -0.002135    -0.001428    -0.000868    -0.000458    -0.000188    -0.000042     0.000000
    0.000000     0.000018     0.000095     0.000252     0.000509     0.000883     0.001380     0.001994     0.002707     0.003482     0.004267     0.005001     0.005611     0.006026     0.006182     0.006027     0.005530     0.004688     0.003526     0.002099     0.000489    -0.001204    -0.002870    -0.004400    -0.005699    -0.006691    -0.007331    -0.007602    -0.007521    -0.007128    -0.006484    -0.005663    -0.004744    -0.003802    -0.002900    -0.002089    -0.001402    -0.000857    -0.000455    -0.000188    -0.000042     0.000000
    0.000000     0.000020     0.000099     0.000256     0.000511     0.000877     0.001360     0.001955     0.002643     0.003389     0.004145     0.004848     0.005432     0.005828     0.005973     0.005817     0.005332     0.004513     0.003387     0.002005     0.000448    -0.001189    -0.002799    -0.004277    -0.005531    -0.006489    -0.007107    -0.007370    -0.007291    -0.006912    -0.006292    -0.005501    -0.004614    -0.003704    -0.002832    -0.002047    -0.001380    -0.000847    -0.000453    -0.000189    -0.000043     0.000000
    0.000000     0.000021     0.000102     0.000261     0.000514     0.000873     0.001344     0.001921     0.002585     0.003304     0.004031     0.004706     0.005265     0.005642     0.005776     0.005619     0.005145     0.004348     0.003255     0.001917     0.000409    -0.001174    -0.002730    -0.004159    -0.005371    -0.006297    -0.006894    -0.007149    -0.007074    -0.006709    -0.006111    -0.005348    -0.004492    -0.003613    -0.002770    -0.002008    -0.001359    -0.000839    -0.000451    -0.000190    -0.000044     0.000000
    0.000000     0.000023     0.000106     0.000266     0.000517     0.000870     0.001330     0.001890     0.002533     0.003227     0.003926     0.004574     0.005109     0.005467     0.005590     0.005433     0.004968     0.004193     0.003131     0.001834     0.000374    -0.001158    -0.002664    -0.004046    -0.005217    -0.006113    -0.006691    -0.006938    -0.006868    -0.006516    -0.005940    -0.005204    -0.004378    -0.003528    -0.002712    -0.001972    -0.001340    -0.000831    -0.000450    -0.000190    -0.000045     0.000000
    0.000000     0.000024     0.000110     0.000271     0.000521     0.000869     0.001318     0.001862     0.002485     0.003155     0.003828     0.004450     0.004962     0.005303     0.005415     0.005256     0.004801     0.004045     0.003014     0.001756     0.000341    -0.001142    -0.002599    -0.003937    -0.005071    -0.005938    -0.006498    -0.006738    -0.006671    -0.006334    -0.005778    -0.005068    -0.004271    -0.003449    -0.002657    -0.001939    -0.001323    -0.000824    -0.000448    -0.000191    -0.000045     0.000000
    0.000000     0.000025     0.000114     0.000276     0.000525     0.000868     0.001307     0.001838     0.002441     0.003088     0.003736     0.004334     0.004824     0.005147     0.005250     0.005089     0.004642     0.003906     0.002904     0.001682     0.000311    -0.001126    -0.002537    -0.003832    -0.004930    -0.005769    -0.006313    -0.006547    -0.006485    -0.006160    -0.005625    -0.004940    -0.004169    -0.003374    -0.002606    -0.001908    -0.001307    -0.000818    -0.000447    -0.000192    -0.000046     0.000000
    0.000000     0.000027     0.000117     0.000281     0.000529     0.000867     0.001298     0.001815     0.002400     0.003026     0.003651     0.004225     0.004694     0.005001     0.005093     0.004931     0.004492     0.003774     0.002799     0.001613     0.000283    -0.001110    -0.002477    -0.003731    -0.004794    -0.005608    -0.006136    -0.006364    -0.006306    -0.005995    -0.005479    -0.004818    -0.004073    -0.003303    -0.002558    -0.001878    -0.001291    -0.000812    -0.000446    -0.000193    -0.000046     0.000000
    0.000000     0.000028     0.000120     0.000286     0.000533     0.000867     0.001290     0.001794     0.002362     0.002967     0.003570     0.004123     0.004571     0.004862     0.004944     0.004781     0.004350     0.003649     0.002700     0.001548     0.000258    -0.001093    -0.002418    -0.003633    -0.004664    -0.005454    -0.005966    -0.006190    -0.006136    -0.005837    -0.005340    -0.004702    -0.003982    -0.003235    -0.002512    -0.001850    -0.001276    -0.000806    -0.000445    -0.000193    -0.000047     0.000000
    0.000000     0.000029     0.000123     0.000290     0.000537     0.000868     0.001283     0.001775     0.002327     0.002913     0.003494     0.004025     0.004455     0.004730     0.004803     0.004638     0.004214     0.003530     0.002606     0.001487     0.000234    -0.001076    -0.002361    -0.003539    -0.004539    -0.005305    -0.005804    -0.006023    -0.005973    -0.005687    -0.005208    -0.004591    -0.003894    -0.003171    -0.002468    -0.001824    -0.001262    -0.000800    -0.000443    -0.000193    -0.000047     0.000000
    0.000000     0.000030     0.000126     0.000294     0.000540     0.000868     0.001276     0.001756     0.002294     0.002861     0.003422     0.003933     0.004344     0.004605     0.004669     0.004503     0.004086     0.003417     0.002517     0.001429     0.000212    -0.001059    -0.002305    -0.003448    -0.004418    -0.005163    -0.005648    -0.005862    -0.005817    -0.005542    -0.005081    -0.004486    -0.003811    -0.003110    -0.002427    -0.001798    -0.001248    -0.000794    -0.000442    -0.000194    -0.000048     0.000000
    0.000000     0.000031     0.000129     0.000298     0.000544     0.000868     0.001269     0.001739     0.002262     0.002812     0.003354     0.003846     0.004239     0.004485     0.004541     0.004374     0.003963     0.003309     0.002433     0.001374     0.000192    -0.001042    -0.002251    -0.003360    -0.004302    -0.005025    -0.005498    -0.005708    -0.005667    -0.005404    -0.004959    -0.004384    -0.003731    -0.003051    -0.002386    -0.001773    -0.001235    -0.000788    -0.000440    -0.000194    -0.000048     0.000000
    0.000000     0.000032     0.000131     0.000302     0.000547     0.000868     0.001262     0.001722     0.002232     0.002765     0.003289     0.003762     0.004138     0.004372     0.004420     0.004250     0.003846     0.003207     0.002352     0.001323     0.000174    -0.001025    -0.002199    -0.003276    -0.004190    -0.004893    -0.005353    -0.005560    -0.005524    -0.005271    -0.004842    -0.004287    -0.003654    -0.002994    -0.002347    -0.001748    -0.001221    -0.000782    -0.000438    -0.000194    -0.000048     0.000000
    0.000000     0.000033     0.000133     0.000305     0.000549     0.000867     0.001256     0.001706     0.002202     0.002720     0.003227     0.003682     0.004042     0.004263     0.004303     0.004133     0.003735     0.003109     0.002276     0.001274     0.000157    -0.001007    -0.002148    -0.003193    -0.004082    -0.004766    -0.005214    -0.005417    -0.005385    -0.005143    -0.004730    -0.004193    -0.003580    -0.002938    -0.002309    -0.001724    -0.001208    -0.000776    -0.000436    -0.000193    -0.000048     0.000000
    0.000000     0.000033     0.000135     0.000308     0.000551     0.000866     0.001249     0.001690     0.002174     0.002677     0.003167     0.003606     0.003951     0.004159     0.004192     0.004020     0.003628     0.003016     0.002203     0.001228     0.000142    -0.000990    -0.002098    -0.003114    -0.003977    -0.004642    -0.005080    -0.005280    -0.005252    -0.005020    -0.004622    -0.004102    -0.003508    -0.002885    -0.002272    -0.001701    -0.001195    -0.000769    -0.000434    -0.000193    -0.000048     0.000000
    0.000000     0.000034     0.000137     0.000310     0.000553     0.000865     0.001242     0.001674     0.002147     0.002635     0.003110     0.003532     0.003862     0.004059     0.004085     0.003912     0.003526     0.002927     0.002134     0.001184     0.000127    -0.000973    -0.002049    -0.003036    -0.003876    -0.004524    -0.004951    -0.005148    -0.005123    -0.004901    -0.004517    -0.004015    -0.003439    -0.002833    -0.002236    -0.001677    -0.001181    -0.000763    -0.000432    -0.000193    -0.000048     0.000000
    0.000000     0.000035     0.000139     0.000312     0.000554     0.000863     0.001235     0.001659     0.002120     0.002595     0.003054     0.003461     0.003778     0.003963     0.003983     0.003809     0.003429     0.002842     0.002068     0.001142     0.000114    -0.000955    -0.002002    -0.002962    -0.003778    -0.004409    -0.004826    -0.005020    -0.004999    -0.004786    -0.004416    -0.003930    -0.003371    -0.002782    -0.002200    -0.001654    -0.001168    -0.000756    -0.000429    -0.000192    -0.000048     0.000000
    0.000000     0.000035     0.000140     0.000314     0.000555     0.000861     0.001227     0.001643     0.002094     0.002556     0.003000     0.003393     0.003696     0.003871     0.003884     0.003710     0.003335     0.002761     0.002005     0.001103     0.000103    -0.000938    -0.001956    -0.002889    -0.003684    -0.004298    -0.004705    -0.004896    -0.004879    -0.004675    -0.004318    -0.003848    -0.003306    -0.002733    -0.002165    -0.001631    -0.001154    -0.000749    -0.000426    -0.000191    -0.000048     0.000000
    0.000000     0.000036     0.000141     0.000315     0.000555     0.000859     0.001220     0.001628     0.002068     0.002517     0.002948     0.003327     0.003617     0.003782     0.003790     0.003615     0.003245     0.002683     0.001945     0.001066     0.000092    -0.000921    -0.001910    -0.002818    -0.003592    -0.004190    -0.004588    -0.004776    -0.004762    -0.004567    -0.004223    -0.003768    -0.003242    -0.002685    -0.002131    -0.001609    -0.001140    -0.000742    -0.000423    -0.000190    -0.000048     0.000000
    0.000000     0.000036     0.000142     0.000316     0.000555     0.000856     0.001211     0.001612     0.002042     0.002480     0.002897     0.003263     0.003541     0.003697     0.003698     0.003523     0.003159     0.002608     0.001888     0.001030     0.000082    -0.000903    -0.001866    -0.002750    -0.003503    -0.004086    -0.004475    -0.004660    -0.004650    -0.004463    -0.004131    -0.003690    -0.003179    -0.002637    -0.002097    -0.001586    -0.001127    -0.000734    -0.000419    -0.000189    -0.000048     0.000000
    0.000000     0.000036     0.000143     0.000316     0.000554     0.000852     0.001203     0.001596     0.002017     0.002443     0.002848     0.003201     0.003467     0.003614     0.003611     0.003435     0.003076     0.002536     0.001833     0.000997     0.000073    -0.000886    -0.001823    -0.002683    -0.003416    -0.003985    -0.004365    -0.004548    -0.004541    -0.004362    -0.004041    -0.003614    -0.003118    -0.002591    -0.002063    -0.001563    -0.001113    -0.000727    -0.000416    -0.000188    -0.000048     0.000000
    0.000000     0.000037     0.000143     0.000317     0.000553     0.000848     0.001194     0.001580     0.001991     0.002406     0.002799     0.003140     0.003396     0.003534     0.003526     0.003350     0.002997     0.002468     0.001780     0.000965     0.000064    -0.000869    -0.001781    -0.002618    -0.003332    -0.003887    -0.004259    -0.004439    -0.004435    -0.004264    -0.003954    -0.003540    -0.003059    -0.002545    -0.002030    -0.001541    -0.001099    -0.000719    -0.000412    -0.000186    -0.000048     0.000000
    0.000000     0.000037     0.000144     0.000317     0.000552     0.000844     0.001185     0.001564     0.001966     0.002371     0.002752     0.003081     0.003326     0.003456     0.003444     0.003268     0.002920     0.002401     0.001730     0.000934     0.000057    -0.000852    -0.001740    -0.002555    -0.003251    -0.003792    -0.004156    -0.004334    -0.004332    -0.004168    -0.003869    -0.003468    -0.003000    -0.002500    -0.001997    -0.001519    -0.001084    -0.000711    -0.000408    -0.000185    -0.000047     0.000000
    0.000000     0.000037     0.000144     0.000316     0.000550     0.000839     0.001175     0.001547     0.001941     0.002335     0.002706     0.003024     0.003259     0.003381     0.003364     0.003189     0.002846     0.002338     0.001681     0.000905     0.000050    -0.000836    -0.001700    -0.002494    -0.003172    -0.003700    -0.004056    -0.004231    -0.004232    -0.004075    -0.003786    -0.003398    -0.002943    -0.002456    -0.001965    -0.001496    -0.001070    -0.000702    -0.000404    -0.000183    -0.000047     0.000000
    0.000000     0.000037     0.000144     0.000315     0.000547     0.000833     0.001165     0.001531     0.001916     0.002300     0.002660     0.002968     0.003193     0.003309     0.003288     0.003113     0.002775     0.002277     0.001635     0.000877     0.000044    -0.000819    -0.001661    -0.002434    -0.003095    -0.003610    -0.003959    -0.004132    -0.004135    -0.003985    -0.003706    -0.003329    -0.002887    -0.002412    -0.001933    -0.001474    -0.001056    -0.000694    -0.000400    -0.000182    -0.000047     0.000000
    0.000000     0.000037     0.000144     0.000315     0.000545     0.000827     0.001154     0.001514     0.001891     0.002266     0.002616     0.002913     0.003130     0.003238     0.003213     0.003039     0.002706     0.002218     0.001590     0.000851     0.000038    -0.000802    -0.001623    -0.002376    -0.003021    -0.003524    -0.003864    -0.004035    -0.004041    -0.003897    -0.003627    -0.003262    -0.002832    -0.002369    -0.001901    -0.001451    -0.001041    -0.000685    -0.000395    -0.000180    -0.000046     0.000000
    0.000000     0.000037     0.000143     0.000313     0.000542     0.000821     0.001143     0.001497     0.001866     0.002232     0.002572     0.002859     0.003067     0.003169     0.003141     0.002967     0.002639     0.002161     0.001547     0.000826     0.000033    -0.000786    -0.001586    -0.002320    -0.002948    -0.003439    -0.003773    -0.003941    -0.003949    -0.003811    -0.003551    -0.003196    -0.002778    -0.002327    -0.001869    -0.001429    -0.001027    -0.000677    -0.000391    -0.000178    -0.000046     0.000000
    0.000000     0.000037     0.000143     0.000312     0.000538     0.000815     0.001132     0.001479     0.001841     0.002198     0.002528     0.002807     0.003007     0.003102     0.003071     0.002898     0.002575     0.002106     0.001506     0.000802     0.000029    -0.000770    -0.001549    -0.002265    -0.002878    -0.003357    -0.003683    -0.003849    -0.003859    -0.003727    -0.003476    -0.003132    -0.002725    -0.002285    -0.001838    -0.001407    -0.001012    -0.000668    -0.000386    -0.000176    -0.000046     0.000000
    0.000000     0.000037     0.000142     0.000310     0.000535     0.000808     0.001121     0.001462     0.001816     0.002164     0.002486     0.002755     0.002947     0.003037     0.003003     0.002831     0.002513     0.002053     0.001466     0.000779     0.000025    -0.000754    -0.001514    -0.002211    -0.002809    -0.003277    -0.003597    -0.003760    -0.003772    -0.003646    -0.003402    -0.003069    -0.002673    -0.002244    -0.001807    -0.001385    -0.000997    -0.000659    -0.000381    -0.000174    -0.000045     0.000000
    0.000000     0.000037     0.000142     0.000308     0.000531     0.000801     0.001109     0.001444     0.001791     0.002131     0.002444     0.002705     0.002889     0.002974     0.002937     0.002765     0.002452     0.002002     0.001428     0.000756     0.000021    -0.000738    -0.001479    -0.002159    -0.002742    -0.003199    -0.003512    -0.003674    -0.003687    -0.003566    -0.003331    -0.003007    -0.002622    -0.002203    -0.001776    -0.001363    -0.000983    -0.000650    -0.000377    -0.000172    -0.000045     0.000000
    0.000000     0.000037     0.000141     0.000306     0.000526     0.000793     0.001097     0.001426     0.001766     0.002098     0.002402     0.002655     0.002833     0.002912     0.002873     0.002702     0.002394     0.001952     0.001391     0.000735     0.000018    -0.000723    -0.001445    -0.002108    -0.002677    -0.003124    -0.003430    -0.003589    -0.003605    -0.003488    -0.003261    -0.002946    -0.002571    -0.002163    -0.001746    -0.001341    -0.000968    -0.000641    -0.000372    -0.000170    -0.000044     0.000000
    0.000000     0.000037     0.000140     0.000304     0.000522     0.000785     0.001084     0.001408     0.001741     0.002065     0.002362     0.002607     0.002777     0.002852     0.002810     0.002641     0.002337     0.001904     0.001356     0.000715     0.000015    -0.000708    -0.001412    -0.002059    -0.002614    -0.003050    -0.003350    -0.003507    -0.003524    -0.003413    -0.003192    -0.002887    -0.002522    -0.002123    -0.001715    -0.001319    -0.000953    -0.000632    -0.000367    -0.000168    -0.000044     0.000000
    0.000000     0.000036     0.000139     0.000302     0.000517     0.000777     0.001072     0.001390     0.001716     0.002033     0.002321     0.002559     0.002723     0.002793     0.002750     0.002581     0.002283     0.001858     0.001321     0.000696     0.000012    -0.000692    -0.001379    -0.002010    -0.002552    -0.002978    -0.003272    -0.003427    -0.003445    -0.003339    -0.003125    -0.002829    -0.002473    -0.002084    -0.001686    -0.001298    -0.000938    -0.000622    -0.000362    -0.000166    -0.000043     0.000000
    0.000000     0.000036     0.000138     0.000299     0.000512     0.000769     0.001059     0.001371     0.001691     0.002001     0.002282     0.002512     0.002670     0.002735     0.002690     0.002523     0.002229     0.001813     0.001288     0.000677     0.000010    -0.000678    -0.001348    -0.001963    -0.002492    -0.002909    -0.003197    -0.003349    -0.003369    -0.003266    -0.003060    -0.002772    -0.002425    -0.002046    -0.001656    -0.001276    -0.000924    -0.000613    -0.000357    -0.000164    -0.000043     0.000000
    0.000000     0.000036     0.000137     0.000297     0.000507     0.000760     0.001046     0.001353     0.001666     0.001969     0.002242     0.002466     0.002618     0.002679     0.002633     0.002467     0.002178     0.001770     0.001256     0.000659     0.000008    -0.000663    -0.001317    -0.001917    -0.002434    -0.002841    -0.003123    -0.003273    -0.003294    -0.003196    -0.002996    -0.002716    -0.002378    -0.002008    -0.001627    -0.001255    -0.000909    -0.000604    -0.000352    -0.000162    -0.000042     0.000000
    0.000000     0.000036     0.000136     0.000294     0.000502     0.000751     0.001033     0.001334     0.001641     0.001937     0.002204     0.002420     0.002567     0.002624     0.002576     0.002412     0.002128     0.001728     0.001225     0.000642     0.000006    -0.000649    -0.001286    -0.001872    -0.002377    -0.002775    -0.003051    -0.003199    -0.003221    -0.003127    -0.002933    -0.002661    -0.002332    -0.001971    -0.001598    -0.001233    -0.000894    -0.000595    -0.000347    -0.000159    -0.000042     0.000000
    0.000000     0.000035     0.000135     0.000291     0.000496     0.000743     0.001020     0.001316     0.001616     0.001906     0.002165     0.002376     0.002517     0.002571     0.002521     0.002359     0.002079     0.001687     0.001195     0.000625     0.000004    -0.000635    -0.001257    -0.001829    -0.002321    -0.002710    -0.002981    -0.003127    -0.003149    -0.003059    -0.002872    -0.002607    -0.002287    -0.001934    -0.001569    -0.001212    -0.000880    -0.000585    -0.000341    -0.000157    -0.000041     0.000000
    0.000000     0.000035     0.000133     0.000288     0.000491     0.000734     0.001006     0.001297     0.001592     0.001875     0.002128     0.002332     0.002468     0.002518     0.002468     0.002307     0.002032     0.001647     0.001166     0.000609     0.000003    -0.000621    -0.001228    -0.001786    -0.002267    -0.002647    -0.002913    -0.003056    -0.003080    -0.002993    -0.002812    -0.002554    -0.002242    -0.001898    -0.001541    -0.001191    -0.000865    -0.000576    -0.000336    -0.000155    -0.000040     0.000000
    0.000000     0.000035     0.000132     0.000285     0.000485     0.000724     0.000993     0.001278     0.001567     0.001844     0.002091     0.002289     0.002420     0.002467     0.002416     0.002256     0.001986     0.001609     0.001138     0.000593     0.000001    -0.000607    -0.001200    -0.001745    -0.002214    -0.002586    -0.002846    -0.002987    -0.003012    -0.002929    -0.002753    -0.002502    -0.002198    -0.001862    -0.001513    -0.001171    -0.000851    -0.000567    -0.000331    -0.000153    -0.000040     0.000000
    0.000000     0.000034     0.000131     0.000281     0.000479     0.000715     0.000979     0.001259     0.001543     0.001813     0.002054     0.002247     0.002373     0.002417     0.002365     0.002207     0.001941     0.001571     0.001111     0.000579     0.000000    -0.000594    -0.001172    -0.001704    -0.002163    -0.002527    -0.002781    -0.002920    -0.002946    -0.002866    -0.002695    -0.002452    -0.002155    -0.001827    -0.001486    -0.001150    -0.000836    -0.000558    -0.000326    -0.000150    -0.000039     0.000000
    0.000000     0.000034     0.000129     0.000278     0.000473     0.000706     0.000965     0.001241     0.001518     0.001783     0.002018     0.002205     0.002327     0.002368     0.002315     0.002159     0.001897     0.001535     0.001084     0.000564    -0.000001    -0.000581    -0.001145    -0.001665    -0.002113    -0.002469    -0.002718    -0.002855    -0.002881    -0.002804    -0.002639    -0.002402    -0.002113    -0.001792    -0.001458    -0.001130    -0.000822    -0.000549    -0.000321    -0.000148    -0.000039     0.000000
    0.000000     0.000034     0.000128     0.000275     0.000467     0.000696     0.000952     0.001222     0.001494     0.001753     0.001982     0.002164     0.002282     0.002320     0.002266     0.002112     0.001855     0.001500     0.001059     0.000550    -0.000001    -0.000568    -0.001119    -0.001627    -0.002064    -0.002412    -0.002656    -0.002791    -0.002818    -0.002744    -0.002584    -0.002353    -0.002071    -0.001758    -0.001432    -0.001110    -0.000808    -0.000540    -0.000316    -0.000146    -0.000038     0.000000
    0.000000     0.000033     0.000126     0.000271     0.000461     0.000687     0.000938     0.001203     0.001470     0.001723     0.001946     0.002123     0.002237     0.002273     0.002218     0.002066     0.001813     0.001465     0.001034     0.000537    -0.000002    -0.000555    -0.001094    -0.001589    -0.002017    -0.002357    -0.002596    -0.002729    -0.002756    -0.002685    -0.002530    -0.002305    -0.002030    -0.001724    -0.001405    -0.001090    -0.000794    -0.000531    -0.000311    -0.000144    -0.000038     0.000000
    0.000000     0.000033     0.000125     0.000268     0.000455     0.000677     0.000924     0.001185     0.001446     0.001694     0.001912     0.002084     0.002194     0.002227     0.002172     0.002021     0.001773     0.001432     0.001010     0.000524    -0.000003    -0.000543    -0.001069    -0.001552    -0.001970    -0.002303    -0.002537    -0.002668    -0.002696    -0.002628    -0.002477    -0.002258    -0.001990    -0.001691    -0.001379    -0.001070    -0.000780    -0.000522    -0.000306    -0.000141    -0.000037     0.000000
    0.000000     0.000032     0.000123     0.000264     0.000449     0.000667     0.000910     0.001166     0.001422     0.001665     0.001877     0.002045     0.002151     0.002182     0.002127     0.001978     0.001734     0.001400     0.000986     0.000511    -0.000003    -0.000531    -0.001044    -0.001517    -0.001925    -0.002250    -0.002480    -0.002608    -0.002637    -0.002571    -0.002425    -0.002212    -0.001951    -0.001659    -0.001353    -0.001051    -0.000767    -0.000513    -0.000300    -0.000139    -0.000036     0.000000
    0.000000     0.000032     0.000121     0.000261     0.000442     0.000658     0.000896     0.001148     0.001399     0.001636     0.001843     0.002006     0.002109     0.002138     0.002082     0.001935     0.001696     0.001368     0.000964     0.000499    -0.000004    -0.000519    -0.001020    -0.001482    -0.001881    -0.002199    -0.002424    -0.002550    -0.002579    -0.002516    -0.002374    -0.002167    -0.001912    -0.001627    -0.001328    -0.001032    -0.000753    -0.000504    -0.000295    -0.000137    -0.000036     0.000000
    0.000000     0.000032     0.000120     0.000257     0.000436     0.000648     0.000883     0.001129     0.001376     0.001607     0.001810     0.001968     0.002068     0.002094     0.002039     0.001894     0.001658     0.001337     0.000941     0.000487    -0.000004    -0.000507    -0.000997    -0.001448    -0.001838    -0.002149    -0.002370    -0.002494    -0.002523    -0.002463    -0.002324    -0.002123    -0.001874    -0.001595    -0.001303    -0.001013    -0.000740    -0.000495    -0.000290    -0.000134    -0.000035     0.000000
    0.000000     0.000031     0.000118     0.000254     0.000430     0.000638     0.000869     0.001111     0.001352     0.001579     0.001777     0.001931     0.002027     0.002052     0.001996     0.001853     0.001622     0.001307     0.000920     0.000476    -0.000004    -0.000496    -0.000974    -0.001415    -0.001796    -0.002100    -0.002316    -0.002439    -0.002468    -0.002410    -0.002276    -0.002079    -0.001837    -0.001564    -0.001278    -0.000994    -0.000726    -0.000487    -0.000286    -0.000132    -0.000035     0.000000
    0.000000     0.000031     0.000117     0.000250     0.000424     0.000629     0.000855     0.001093     0.001330     0.001551     0.001745     0.001895     0.001987     0.002011     0.001955     0.001814     0.001587     0.001278     0.000899     0.000465    -0.000004    -0.000485    -0.000952    -0.001383    -0.001755    -0.002053    -0.002265    -0.002385    -0.002414    -0.002358    -0.002228    -0.002037    -0.001800    -0.001534    -0.001254    -0.000976    -0.000713    -0.000478    -0.000281    -0.000130    -0.000034     0.000000
    0.000000     0.000030     0.000115     0.000246     0.000417     0.000619     0.000842     0.001075     0.001307     0.001524     0.001713     0.001859     0.001948     0.001970     0.001914     0.001775     0.001552     0.001250     0.000879     0.000454    -0.000005    -0.000474    -0.000931    -0.001351    -0.001715    -0.002007    -0.002214    -0.002332    -0.002362    -0.002308    -0.002182    -0.001995    -0.001764    -0.001504    -0.001230    -0.000958    -0.000700    -0.000470    -0.000276    -0.000128    -0.000034     0.000000
    0.000000     0.000030     0.000113     0.000243     0.000411     0.000609     0.000828     0.001057     0.001284     0.001497     0.001681     0.001823     0.001910     0.001930     0.001874     0.001737     0.001518     0.001222     0.000859     0.000443    -0.000005    -0.000463    -0.000910    -0.001321    -0.001676    -0.001961    -0.002165    -0.002281    -0.002310    -0.002259    -0.002136    -0.001954    -0.001729    -0.001474    -0.001207    -0.000940    -0.000688    -0.000461    -0.000271    -0.000126    -0.000033     0.000000
    0.000000     0.000030     0.000112     0.000239     0.000405     0.000600     0.000815     0.001039     0.001262     0.001470     0.001650     0.001788     0.001873     0.001891     0.001835     0.001700     0.001485     0.001195     0.000839     0.000433    -0.000005    -0.000453    -0.000889    -0.001291    -0.001639    -0.001917    -0.002116    -0.002231    -0.002260    -0.002211    -0.002091    -0.001914    -0.001694    -0.001445    -0.001183    -0.000922    -0.000675    -0.000453    -0.000266    -0.000123    -0.000032     0.000000
    0.000000     0.000029     0.000110     0.000236     0.000398     0.000590     0.000801     0.001022     0.001240     0.001444     0.001619     0.001754     0.001836     0.001853     0.001797     0.001664     0.001453     0.001169     0.000821     0.000423    -0.000005    -0.000443    -0.000869    -0.001261    -0.001602    -0.001874    -0.002069    -0.002182    -0.002211    -0.002164    -0.002047    -0.001875    -0.001660    -0.001417    -0.001161    -0.000905    -0.000663    -0.000445    -0.000262    -0.000121    -0.000032     0.000000
    0.000000     0.000029     0.000108     0.000232     0.000392     0.000581     0.000788     0.001004     0.001218     0.001417     0.001589     0.001721     0.001799     0.001815     0.001760     0.001629     0.001422     0.001143     0.000802     0.000414    -0.000005    -0.000433    -0.000849    -0.001233    -0.001565    -0.001832    -0.002023    -0.002134    -0.002163    -0.002118    -0.002005    -0.001836    -0.001627    -0.001389    -0.001138    -0.000888    -0.000650    -0.000437    -0.000257    -0.000119    -0.000031     0.000000
    0.000000     0.000028     0.000107     0.000228     0.000386     0.000571     0.000775     0.000987     0.001197     0.001392     0.001559     0.001687     0.001764     0.001778     0.001723     0.001594     0.001391     0.001118     0.000784     0.000404    -0.000005    -0.000423    -0.000830    -0.001205    -0.001530    -0.001791    -0.001979    -0.002087    -0.002117    -0.002072    -0.001963    -0.001799    -0.001594    -0.001362    -0.001116    -0.000871    -0.000638    -0.000429    -0.000252    -0.000117    -0.000031     0.000000
    0.000000     0.000028     0.000105     0.000225     0.000380     0.000562     0.000762     0.000970     0.001176     0.001366     0.001530     0.001655     0.001729     0.001742     0.001688     0.001560     0.001361     0.001093     0.000767     0.000395    -0.000005    -0.000414    -0.000811    -0.001178    -0.001496    -0.001751    -0.001935    -0.002041    -0.002071    -0.002028    -0.001922    -0.001762    -0.001562    -0.001335    -0.001095    -0.000855    -0.000626    -0.000421    -0.000248    -0.000115    -0.000030     0.000000
    0.000000     0.000027     0.000103     0.000221     0.000373     0.000552     0.000749     0.000953     0.001155     0.001341     0.001501     0.001623     0.001695     0.001707     0.001653     0.001527     0.001332     0.001069     0.000750     0.000386    -0.000005    -0.000405    -0.000793    -0.001151    -0.001462    -0.001712    -0.001892    -0.001997    -0.002026    -0.001985    -0.001882    -0.001726    -0.001530    -0.001308    -0.001074    -0.000838    -0.000615    -0.000413    -0.000243    -0.000113    -0.000030     0.000000
    0.000000     0.000027     0.000102     0.000218     0.000367     0.000543     0.000736     0.000936     0.001134     0.001317     0.001473     0.001592     0.001661     0.001672     0.001618     0.001495     0.001303     0.001046     0.000733     0.000378    -0.000005    -0.000396    -0.000775    -0.001126    -0.001430    -0.001674    -0.001850    -0.001953    -0.001983    -0.001943    -0.001842    -0.001690    -0.001499    -0.001282    -0.001053    -0.000822    -0.000603    -0.000406    -0.000239    -0.000111    -0.000029     0.000000
    0.000000     0.000027     0.000100     0.000214     0.000361     0.000534     0.000723     0.000920     0.001113     0.001292     0.001445     0.001561     0.001628     0.001638     0.001585     0.001464     0.001275     0.001023     0.000717     0.000369    -0.000005    -0.000387    -0.000758    -0.001100    -0.001398    -0.001637    -0.001810    -0.001911    -0.001940    -0.001902    -0.001804    -0.001655    -0.001469    -0.001257    -0.001032    -0.000807    -0.000592    -0.000398    -0.000235    -0.000109    -0.000029     0.000000
    0.000000     0.000026     0.000098     0.000210     0.000355     0.000525     0.000711     0.000904     0.001093     0.001268     0.001418     0.001530     0.001596     0.001605     0.001552     0.001433     0.001248     0.001001     0.000701     0.000361    -0.000005    -0.000378    -0.000741    -0.001076    -0.001367    -0.001601    -0.001770    -0.001869    -0.001898    -0.001862    -0.001766    -0.001621    -0.001439    -0.001232    -0.001012    -0.000791    -0.000581    -0.000391    -0.000230    -0.000107    -0.000028     0.000000
    0.000000     0.000026     0.000097     0.000207     0.000349     0.000516     0.000698     0.000887     0.001073     0.001245     0.001391     0.001500     0.001564     0.001573     0.001520     0.001403     0.001221     0.000979     0.000686     0.000353    -0.000005    -0.000370    -0.000725    -0.001052    -0.001336    -0.001566    -0.001731    -0.001829    -0.001858    -0.001822    -0.001729    -0.001588    -0.001410    -0.001208    -0.000992    -0.000776    -0.000570    -0.000383    -0.000226    -0.000105    -0.000028     0.000000
    0.000000     0.000025     0.000095     0.000203     0.000343     0.000507     0.000686     0.000872     0.001053     0.001221     0.001364     0.001471     0.001533     0.001541     0.001488     0.001373     0.001195     0.000958     0.000671     0.000345    -0.000005    -0.000362    -0.000709    -0.001029    -0.001307    -0.001531    -0.001693    -0.001789    -0.001818    -0.001784    -0.001693    -0.001555    -0.001382    -0.001183    -0.000973    -0.000761    -0.000559    -0.000376    -0.000222    -0.000103    -0.000027     0.000000
    0.000000     0.000025     0.000094     0.000200     0.000337     0.000498     0.000674     0.000856     0.001034     0.001198     0.001338     0.001442     0.001502     0.001509     0.001458     0.001344     0.001169     0.000937     0.000656     0.000337    -0.000005    -0.000354    -0.000693    -0.001006    -0.001278    -0.001497    -0.001656    -0.001750    -0.001779    -0.001746    -0.001658    -0.001523    -0.001354    -0.001160    -0.000954    -0.000746    -0.000548    -0.000369    -0.000218    -0.000101    -0.000027     0.000000
    0.000000     0.000024     0.000092     0.000197     0.000331     0.000489     0.000662     0.000840     0.001015     0.001176     0.001312     0.001414     0.001472     0.001478     0.001427     0.001316     0.001144     0.000917     0.000642     0.000330    -0.000005    -0.000346    -0.000678    -0.000983    -0.001250    -0.001465    -0.001620    -0.001712    -0.001741    -0.001709    -0.001623    -0.001492    -0.001326    -0.001137    -0.000935    -0.000732    -0.000538    -0.000362    -0.000214    -0.000099    -0.000026     0.000000
    0.000000     0.000024     0.000091     0.000193     0.000326     0.000481     0.000650     0.000825     0.000996     0.001153     0.001287     0.001386     0.001443     0.001448     0.001398     0.001288     0.001120     0.000897     0.000628     0.000323    -0.000005    -0.000338    -0.000663    -0.000962    -0.001222    -0.001432    -0.001585    -0.001675    -0.001704    -0.001673    -0.001589    -0.001461    -0.001299    -0.001114    -0.000916    -0.000718    -0.000527    -0.000355    -0.000210    -0.000098    -0.000026     0.000000
    0.000000     0.000024     0.000089     0.000190     0.000320     0.000472     0.000638     0.000810     0.000977     0.001132     0.001262     0.001359     0.001414     0.001419     0.001369     0.001261     0.001096     0.000878     0.000614     0.000316    -0.000004    -0.000331    -0.000648    -0.000941    -0.001195    -0.001401    -0.001550    -0.001639    -0.001667    -0.001638    -0.001556    -0.001431    -0.001273    -0.001092    -0.000898    -0.000704    -0.000517    -0.000349    -0.000206    -0.000096    -0.000025     0.000000
    0.000000     0.000023     0.000087     0.000187     0.000314     0.000464     0.000627     0.000795     0.000959     0.001110     0.001237     0.001332     0.001385     0.001390     0.001340     0.001234     0.001073     0.000859     0.000601     0.000309    -0.000004    -0.000324    -0.000634    -0.000920    -0.001169    -0.001370    -0.001517    -0.001604    -0.001632    -0.001603    -0.001524    -0.001402    -0.001247    -0.001070    -0.000881    -0.000690    -0.000507    -0.000342    -0.000202    -0.000094    -0.000025     0.000000
    0.000000     0.000023     0.000086     0.000183     0.000309     0.000455     0.000615     0.000780     0.000941     0.001089     0.001213     0.001306     0.001358     0.001361     0.001313     0.001208     0.001050     0.000840     0.000588     0.000302    -0.000004    -0.000317    -0.000620    -0.000900    -0.001143    -0.001341    -0.001484    -0.001569    -0.001597    -0.001569    -0.001492    -0.001373    -0.001222    -0.001048    -0.000863    -0.000676    -0.000498    -0.000336    -0.000198    -0.000092    -0.000024     0.000000
    0.000000     0.000022     0.000084     0.000180     0.000303     0.000447     0.000604     0.000766     0.000923     0.001068     0.001190     0.001280     0.001330     0.001334     0.001285     0.001183     0.001027     0.000822     0.000575     0.000295    -0.000004    -0.000310    -0.000606    -0.000880    -0.001118    -0.001311    -0.001452    -0.001536    -0.001563    -0.001536    -0.001461    -0.001345    -0.001197    -0.001027    -0.000846    -0.000663    -0.000488    -0.000329    -0.000194    -0.000091    -0.000024     0.000000
    0.000000     0.000022     0.000083     0.000177     0.000298     0.000439     0.000593     0.000751     0.000906     0.001047     0.001167     0.001255     0.001303     0.001306     0.001259     0.001158     0.001005     0.000805     0.000562     0.000289    -0.000004    -0.000303    -0.000593    -0.000861    -0.001094    -0.001283    -0.001420    -0.001503    -0.001530    -0.001504    -0.001431    -0.001317    -0.001173    -0.001007    -0.000829    -0.000650    -0.000479    -0.000323    -0.000191    -0.000089    -0.000024     0.000000
    0.000000     0.000022     0.000081     0.000174     0.000292     0.000431     0.000582     0.000737     0.000889     0.001027     0.001144     0.001230     0.001277     0.001280     0.001233     0.001134     0.000984     0.000787     0.000550     0.000282    -0.000004    -0.000296    -0.000580    -0.000842    -0.001070    -0.001255    -0.001390    -0.001471    -0.001497    -0.001472    -0.001401    -0.001290    -0.001149    -0.000987    -0.000813    -0.000637    -0.000469    -0.000317    -0.000187    -0.000087    -0.000023     0.000000
    0.000000     0.000021     0.000080     0.000171     0.000287     0.000423     0.000571     0.000723     0.000872     0.001007     0.001121     0.001205     0.001251     0.001253     0.001207     0.001110     0.000963     0.000770     0.000538     0.000276    -0.000004    -0.000290    -0.000568    -0.000824    -0.001047    -0.001228    -0.001360    -0.001439    -0.001466    -0.001441    -0.001372    -0.001264    -0.001126    -0.000967    -0.000797    -0.000625    -0.000460    -0.000311    -0.000184    -0.000086    -0.000023     0.000000
    0.000000     0.000021     0.000079     0.000168     0.000282     0.000415     0.000560     0.000710     0.000855     0.000988     0.001099     0.001181     0.001226     0.001228     0.001182     0.001087     0.000943     0.000754     0.000526     0.000270    -0.000004    -0.000284    -0.000555    -0.000806    -0.001024    -0.001201    -0.001331    -0.001408    -0.001434    -0.001411    -0.001343    -0.001238    -0.001103    -0.000947    -0.000781    -0.000613    -0.000451    -0.000305    -0.000180    -0.000084    -0.000022     0.000000
    0.000000     0.000021     0.000077     0.000164     0.000277     0.000407     0.000550     0.000696     0.000839     0.000969     0.001078     0.001158     0.001201     0.001202     0.001157     0.001064     0.000923     0.000737     0.000515     0.000264    -0.000004    -0.000278    -0.000543    -0.000788    -0.001002    -0.001175    -0.001302    -0.001378    -0.001404    -0.001381    -0.001315    -0.001212    -0.001080    -0.000928    -0.000765    -0.000601    -0.000442    -0.000299    -0.000177    -0.000082    -0.000022     0.000000
    0.000000     0.000020     0.000076     0.000161     0.000272     0.000400     0.000540     0.000683     0.000823     0.000950     0.001056     0.001134     0.001177     0.001178     0.001133     0.001041     0.000903     0.000722     0.000504     0.000258    -0.000004    -0.000272    -0.000532    -0.000771    -0.000980    -0.001150    -0.001274    -0.001349    -0.001374    -0.001353    -0.001288    -0.001187    -0.001058    -0.000910    -0.000750    -0.000589    -0.000434    -0.000293    -0.000173    -0.000081    -0.000021     0.000000
    0.000000     0.000020     0.000074     0.000158     0.000267     0.000392     0.000529     0.000670     0.000807     0.000931     0.001035     0.001112     0.001153     0.001154     0.001110     0.001019     0.000884     0.000706     0.000493     0.000252    -0.000005    -0.000266    -0.000520    -0.000755    -0.000959    -0.001125    -0.001247    -0.001320    -0.001345    -0.001324    -0.001261    -0.001163    -0.001037    -0.000891    -0.000735    -0.000577    -0.000425    -0.000287    -0.000170    -0.000079    -0.000021     0.000000
    0.000000     0.000019     0.000073     0.000156     0.000262     0.000385     0.000519     0.000657     0.000791     0.000913     0.001015     0.001089     0.001130     0.001130     0.001087     0.000998     0.000865     0.000691     0.000482     0.000247    -0.000005    -0.000260    -0.000509    -0.000738    -0.000939    -0.001101    -0.001220    -0.001292    -0.001317    -0.001297    -0.001235    -0.001139    -0.001016    -0.000873    -0.000721    -0.000566    -0.000417    -0.000282    -0.000167    -0.000078    -0.000021     0.000000
    0.000000     0.000019     0.000072     0.000153     0.000257     0.000378     0.000509     0.000645     0.000776     0.000895     0.000995     0.001067     0.001107     0.001107     0.001064     0.000977     0.000847     0.000676     0.000472     0.000241    -0.000005    -0.000255    -0.000498    -0.000723    -0.000919    -0.001078    -0.001194    -0.001265    -0.001289    -0.001269    -0.001210    -0.001116    -0.000995    -0.000856    -0.000706    -0.000555    -0.000409    -0.000276    -0.000163    -0.000076    -0.000020     0.000000
    0.000000     0.000019     0.000070     0.000150     0.000252     0.000371     0.000500     0.000632     0.000761     0.000877     0.000975     0.001046     0.001084     0.001084     0.001042     0.000956     0.000829     0.000662     0.000461     0.000236    -0.000005    -0.000250    -0.000487    -0.000707    -0.000899    -0.001055    -0.001169    -0.001238    -0.001262    -0.001243    -0.001184    -0.001093    -0.000975    -0.000839    -0.000692    -0.000544    -0.000401    -0.000271    -0.000160    -0.000075    -0.000020     0.000000
    0.000000     0.000018     0.000069     0.000147     0.000247     0.000364     0.000490     0.000620     0.000746     0.000860     0.000956     0.001025     0.001062     0.001061     0.001020     0.000936     0.000811     0.000647     0.000451     0.000231    -0.000005    -0.000244    -0.000477    -0.000692    -0.000880    -0.001032    -0.001144    -0.001212    -0.001236    -0.001217    -0.001160    -0.001070    -0.000955    -0.000822    -0.000678    -0.000533    -0.000393    -0.000266    -0.000157    -0.000073    -0.000019     0.000000
    0.000000     0.000018     0.000068     0.000144     0.000243     0.000357     0.000481     0.000608     0.000731     0.000843     0.000936     0.001004     0.001040     0.001040     0.000999     0.000917     0.000794     0.000633     0.000441     0.000226    -0.000005    -0.000239    -0.000467    -0.000677    -0.000861    -0.001010    -0.001120    -0.001186    -0.001210    -0.001192    -0.001136    -0.001048    -0.000936    -0.000805    -0.000665    -0.000522    -0.000385    -0.000261    -0.000154    -0.000072    -0.000019     0.000000
    0.000000     0.000018     0.000067     0.000142     0.000238     0.000350     0.000472     0.000596     0.000717     0.000826     0.000918     0.000984     0.001019     0.001018     0.000978     0.000897     0.000777     0.000620     0.000432     0.000221    -0.000005    -0.000234    -0.000457    -0.000663    -0.000842    -0.000989    -0.001096    -0.001161    -0.001184    -0.001167    -0.001112    -0.001027    -0.000917    -0.000789    -0.000652    -0.000512    -0.000378    -0.000255    -0.000151    -0.000071    -0.000019     0.000000
    0.000000     0.000017     0.000065     0.000139     0.000233     0.000343     0.000462     0.000585     0.000703     0.000810     0.000899     0.000964     0.000998     0.000997     0.000958     0.000878     0.000760     0.000606     0.000422     0.000216    -0.000005    -0.000229    -0.000447    -0.000649    -0.000825    -0.000968    -0.001073    -0.001137    -0.001159    -0.001142    -0.001090    -0.001006    -0.000898    -0.000773    -0.000639    -0.000502    -0.000370    -0.000250    -0.000148    -0.000069    -0.000018     0.000000
    0.000000     0.000017     0.000064     0.000136     0.000229     0.000337     0.000454     0.000573     0.000689     0.000794     0.000881     0.000945     0.000978     0.000976     0.000938     0.000860     0.000744     0.000593     0.000413     0.000211    -0.000005    -0.000225    -0.000438    -0.000635    -0.000807    -0.000947    -0.001050    -0.001113    -0.001135    -0.001119    -0.001067    -0.000985    -0.000880    -0.000757    -0.000626    -0.000492    -0.000363    -0.000246    -0.000145    -0.000068    -0.000018     0.000000
    0.000000     0.000017     0.000063     0.000134     0.000225     0.000330     0.000445     0.000562     0.000675     0.000778     0.000864     0.000925     0.000958     0.000956     0.000918     0.000842     0.000728     0.000581     0.000404     0.000206    -0.000005    -0.000220    -0.000429    -0.000622    -0.000790    -0.000927    -0.001028    -0.001089    -0.001111    -0.001095    -0.001045    -0.000965    -0.000862    -0.000742    -0.000613    -0.000482    -0.000356    -0.000241    -0.000143    -0.000067    -0.000018     0.000000
    0.000000     0.000016     0.000062     0.000131     0.000220     0.000324     0.000436     0.000551     0.000662     0.000763     0.000846     0.000907     0.000938     0.000936     0.000899     0.000824     0.000713     0.000568     0.000395     0.000201    -0.000005    -0.000216    -0.000420    -0.000608    -0.000773    -0.000907    -0.001006    -0.001067    -0.001088    -0.001073    -0.001023    -0.000945    -0.000844    -0.000727    -0.000601    -0.000473    -0.000349    -0.000236    -0.000140    -0.000065    -0.000017     0.000000
    0.000000     0.000016     0.000060     0.000129     0.000216     0.000318     0.000428     0.000540     0.000649     0.000747     0.000829     0.000888     0.000919     0.000917     0.000880     0.000806     0.000697     0.000556     0.000387     0.000197    -0.000005    -0.000211    -0.000411    -0.000596    -0.000757    -0.000888    -0.000985    -0.001044    -0.001066    -0.001050    -0.001002    -0.000926    -0.000827    -0.000713    -0.000589    -0.000463    -0.000342    -0.000231    -0.000137    -0.000064    -0.000017     0.000000
    0.000000     0.000016     0.000059     0.000126     0.000212     0.000311     0.000419     0.000530     0.000636     0.000733     0.000812     0.000870     0.000900     0.000898     0.000862     0.000789     0.000683     0.000544     0.000378     0.000192    -0.000006    -0.000207    -0.000402    -0.000583    -0.000741    -0.000870    -0.000964    -0.001022    -0.001043    -0.001029    -0.000982    -0.000907    -0.000810    -0.000698    -0.000577    -0.000454    -0.000335    -0.000227    -0.000134    -0.000063    -0.000017     0.000000
    0.000000     0.000016     0.000058     0.000124     0.000208     0.000305     0.000411     0.000519     0.000623     0.000718     0.000796     0.000852     0.000881     0.000879     0.000843     0.000773     0.000668     0.000532     0.000370     0.000188    -0.000006    -0.000203    -0.000394    -0.000571    -0.000725    -0.000851    -0.000944    -0.001001    -0.001022    -0.001007    -0.000961    -0.000888    -0.000794    -0.000684    -0.000566    -0.000445    -0.000329    -0.000222    -0.000132    -0.000062    -0.000016     0.000000
    0.000000     0.000015     0.000057     0.000121     0.000204     0.000299     0.000403     0.000509     0.000611     0.000703     0.000780     0.000835     0.000863     0.000861     0.000826     0.000756     0.000654     0.000521     0.000362     0.000184    -0.000006    -0.000199    -0.000386    -0.000559    -0.000710    -0.000833    -0.000924    -0.000980    -0.001000    -0.000986    -0.000942    -0.000870    -0.000778    -0.000670    -0.000554    -0.000436    -0.000322    -0.000218    -0.000129    -0.000060    -0.000016     0.000000
    0.000000     0.000015     0.000056     0.000119     0.000200     0.000293     0.000395     0.000499     0.000599     0.000689     0.000764     0.000818     0.000845     0.000843     0.000809     0.000740     0.000640     0.000509     0.000354     0.000180    -0.000006    -0.000195    -0.000378    -0.000547    -0.000695    -0.000816    -0.000905    -0.000959    -0.000979    -0.000966    -0.000922    -0.000852    -0.000762    -0.000657    -0.000543    -0.000427    -0.000316    -0.000214    -0.000127    -0.000059    -0.000016     0.000000
    0.000000     0.000015     0.000055     0.000117     0.000196     0.000288     0.000387     0.000489     0.000587     0.000675     0.000749     0.000801     0.000828     0.000826     0.000792     0.000725     0.000626     0.000498     0.000346     0.000176    -0.000006    -0.000191    -0.000370    -0.000536    -0.000681    -0.000799    -0.000886    -0.000939    -0.000959    -0.000946    -0.000903    -0.000835    -0.000746    -0.000643    -0.000532    -0.000419    -0.000310    -0.000210    -0.000124    -0.000058    -0.000015     0.000000
    0.000000     0.000014     0.000054     0.000114     0.000192     0.000282     0.000380     0.000479     0.000575     0.000662     0.000733     0.000785     0.000811     0.000808     0.000775     0.000709     0.000613     0.000488     0.000339     0.000172    -0.000006    -0.000187    -0.000362    -0.000525    -0.000666    -0.000782    -0.000867    -0.000920    -0.000939    -0.000927    -0.000885    -0.000818    -0.000731    -0.000630    -0.000522    -0.000411    -0.000303    -0.000205    -0.000122    -0.000057    -0.000015     0.000000
    0.000000     0.000014     0.000053     0.000112     0.000188     0.000277     0.000372     0.000470     0.000564     0.000648     0.000718     0.000769     0.000794     0.000792     0.000759     0.000694     0.000600     0.000477     0.000331     0.000168    -0.000006    -0.000183    -0.000355    -0.000514    -0.000652    -0.000766    -0.000849    -0.000901    -0.000920    -0.000907    -0.000867    -0.000801    -0.000716    -0.000618    -0.000511    -0.000402    -0.000297    -0.000201    -0.000119    -0.000056    -0.000015     0.000000
    0.000000     0.000014     0.000052     0.000110     0.000185     0.000271     0.000365     0.000460     0.000552     0.000635     0.000704     0.000753     0.000778     0.000775     0.000743     0.000680     0.000587     0.000467     0.000324     0.000164    -0.000007    -0.000180    -0.000348    -0.000503    -0.000639    -0.000750    -0.000831    -0.000882    -0.000901    -0.000889    -0.000849    -0.000785    -0.000702    -0.000605    -0.000501    -0.000394    -0.000291    -0.000197    -0.000117    -0.000055    -0.000015     0.000000
    0.000000     0.000014     0.000051     0.000108     0.000181     0.000266     0.000357     0.000451     0.000541     0.000622     0.000689     0.000737     0.000762     0.000759     0.000727     0.000665     0.000574     0.000457     0.000317     0.000160    -0.000007    -0.000176    -0.000341    -0.000493    -0.000626    -0.000734    -0.000814    -0.000864    -0.000882    -0.000870    -0.000831    -0.000769    -0.000688    -0.000593    -0.000491    -0.000386    -0.000286    -0.000194    -0.000115    -0.000054    -0.000014     0.000000
    0.000000     0.000013     0.000050     0.000106     0.000177     0.000260     0.000350     0.000442     0.000530     0.000610     0.000675     0.000722     0.000746     0.000743     0.000712     0.000651     0.000562     0.000447     0.000310     0.000156    -0.000007    -0.000173    -0.000334    -0.000482    -0.000612    -0.000719    -0.000797    -0.000846    -0.000864    -0.000852    -0.000814    -0.000753    -0.000674    -0.000581    -0.000481    -0.000379    -0.000280    -0.000190    -0.000113    -0.000053    -0.000014     0.000000
    0.000000     0.000013     0.000049     0.000104     0.000174     0.000255     0.000343     0.000433     0.000519     0.000597     0.000662     0.000707     0.000730     0.000728     0.000697     0.000637     0.000550     0.000437     0.000303     0.000153    -0.000007    -0.000169    -0.000327    -0.000472    -0.000600    -0.000704    -0.000781    -0.000828    -0.000846    -0.000835    -0.000797    -0.000738    -0.000660    -0.000569    -0.000471    -0.000371    -0.000274    -0.000186    -0.000110    -0.000052    -0.000014     0.000000
    0.000000     0.000013     0.000048     0.000102     0.000170     0.000250     0.000336     0.000424     0.000509     0.000585     0.000648     0.000693     0.000715     0.000712     0.000682     0.000624     0.000538     0.000428     0.000296     0.000149    -0.000007    -0.000166    -0.000320    -0.000463    -0.000587    -0.000689    -0.000764    -0.000811    -0.000828    -0.000818    -0.000781    -0.000723    -0.000646    -0.000558    -0.000462    -0.000364    -0.000269    -0.000182    -0.000108    -0.000051    -0.000013     0.000000
    0.000000     0.000013     0.000047     0.000100     0.000167     0.000245     0.000330     0.000416     0.000499     0.000573     0.000635     0.000678     0.000700     0.000697     0.000668     0.000610     0.000527     0.000418     0.000290     0.000146    -0.000007    -0.000163    -0.000314    -0.000453    -0.000575    -0.000675    -0.000748    -0.000794    -0.000811    -0.000801    -0.000765    -0.000708    -0.000633    -0.000546    -0.000452    -0.000356    -0.000264    -0.000179    -0.000106    -0.000050    -0.000013     0.000000
    0.000000     0.000012     0.000046     0.000098     0.000164     0.000240     0.000323     0.000407     0.000488     0.000561     0.000622     0.000664     0.000686     0.000683     0.000654     0.000597     0.000515     0.000409     0.000283     0.000142    -0.000007    -0.000160    -0.000307    -0.000444    -0.000563    -0.000661    -0.000733    -0.000778    -0.000794    -0.000784    -0.000749    -0.000693    -0.000620    -0.000535    -0.000443    -0.000349    -0.000258    -0.000175    -0.000104    -0.000049    -0.000013     0.000000
    0.000000     0.000012     0.000045     0.000096     0.000160     0.000235     0.000316     0.000399     0.000478     0.000550     0.000609     0.000650     0.000671     0.000668     0.000640     0.000585     0.000504     0.000400     0.000277     0.000139    -0.000008    -0.000157    -0.000301    -0.000435    -0.000552    -0.000647    -0.000718    -0.000761    -0.000778    -0.000768    -0.000734    -0.000679    -0.000608    -0.000524    -0.000434    -0.000342    -0.000253    -0.000172    -0.000102    -0.000048    -0.000013     0.000000
    0.000000     0.000012     0.000044     0.000094     0.000157     0.000231     0.000310     0.000391     0.000469     0.000539     0.000596     0.000637     0.000657     0.000654     0.000626     0.000572     0.000493     0.000392     0.000271     0.000136    -0.000008    -0.000154    -0.000295    -0.000426    -0.000540    -0.000634    -0.000703    -0.000746    -0.000762    -0.000752    -0.000719    -0.000665    -0.000595    -0.000514    -0.000426    -0.000335    -0.000248    -0.000168    -0.000100    -0.000047    -0.000012     0.000000
    0.000000     0.000012     0.000043     0.000092     0.000154     0.000226     0.000304     0.000383     0.000459     0.000528     0.000584     0.000624     0.000643     0.000640     0.000613     0.000560     0.000483     0.000383     0.000265     0.000133    -0.000008    -0.000151    -0.000289    -0.000417    -0.000529    -0.000620    -0.000688    -0.000730    -0.000746    -0.000737    -0.000704    -0.000652    -0.000583    -0.000503    -0.000417    -0.000329    -0.000243    -0.000165    -0.000098    -0.000046    -0.000012     0.000000
    0.000000     0.000011     0.000042     0.000090     0.000151     0.000221     0.000297     0.000375     0.000450     0.000517     0.000572     0.000611     0.000630     0.000627     0.000600     0.000548     0.000472     0.000375     0.000259     0.000129    -0.000008    -0.000148    -0.000283    -0.000408    -0.000518    -0.000608    -0.000674    -0.000715    -0.000731    -0.000721    -0.000690    -0.000638    -0.000571    -0.000493    -0.000408    -0.000322    -0.000238    -0.000161    -0.000096    -0.000045    -0.000012     0.000000
    0.000000     0.000011     0.000041     0.000088     0.000148     0.000217     0.000291     0.000367     0.000440     0.000506     0.000560     0.000598     0.000617     0.000614     0.000587     0.000536     0.000462     0.000366     0.000253     0.000126    -0.000008    -0.000145    -0.000277    -0.000400    -0.000507    -0.000595    -0.000660    -0.000700    -0.000715    -0.000706    -0.000675    -0.000625    -0.000560    -0.000483    -0.000400    -0.000315    -0.000233    -0.000158    -0.000094    -0.000044    -0.000012     0.000000
    0.000000     0.000011     0.000041     0.000086     0.000145     0.000212     0.000285     0.000360     0.000431     0.000495     0.000548     0.000585     0.000604     0.000601     0.000574     0.000525     0.000452     0.000358     0.000247     0.000123    -0.000008    -0.000142    -0.000272    -0.000392    -0.000497    -0.000583    -0.000646    -0.000686    -0.000701    -0.000692    -0.000661    -0.000612    -0.000548    -0.000473    -0.000392    -0.000309    -0.000229    -0.000155    -0.000092    -0.000043    -0.000011     0.000000
    0.000000     0.000011     0.000040     0.000085     0.000142     0.000208     0.000279     0.000352     0.000422     0.000485     0.000537     0.000573     0.000591     0.000588     0.000562     0.000513     0.000442     0.000350     0.000242     0.000120    -0.000009    -0.000139    -0.000266    -0.000384    -0.000487    -0.000571    -0.000633    -0.000671    -0.000686    -0.000677    -0.000648    -0.000600    -0.000537    -0.000463    -0.000384    -0.000303    -0.000224    -0.000152    -0.000090    -0.000042    -0.000011     0.000000
    0.000000     0.000010     0.000039     0.000083     0.000139     0.000204     0.000274     0.000345     0.000413     0.000475     0.000525     0.000561     0.000578     0.000575     0.000550     0.000502     0.000432     0.000343     0.000236     0.000117    -0.000009    -0.000137    -0.000261    -0.000376    -0.000476    -0.000559    -0.000620    -0.000657    -0.000672    -0.000663    -0.000634    -0.000587    -0.000526    -0.000454    -0.000376    -0.000296    -0.000219    -0.000149    -0.000088    -0.000041    -0.000011     0.000000
    0.000000     0.000010     0.000038     0.000081     0.000136     0.000199     0.000268     0.000338     0.000405     0.000465     0.000514     0.000549     0.000566     0.000563     0.000538     0.000491     0.000423     0.000335     0.000231     0.000115    -0.000009    -0.000134    -0.000256    -0.000368    -0.000467    -0.000547    -0.000607    -0.000644    -0.000658    -0.000649    -0.000621    -0.000575    -0.000515    -0.000444    -0.000368    -0.000290    -0.000215    -0.000146    -0.000086    -0.000041    -0.000011     0.000000
    0.000000     0.000010     0.000037     0.000079     0.000133     0.000195     0.000262     0.000331     0.000396     0.000455     0.000503     0.000537     0.000554     0.000551     0.000526     0.000480     0.000413     0.000328     0.000226     0.000112    -0.000009    -0.000132    -0.000251    -0.000361    -0.000457    -0.000536    -0.000594    -0.000630    -0.000644    -0.000636    -0.000608    -0.000563    -0.000504    -0.000435    -0.000361    -0.000284    -0.000210    -0.000143    -0.000085    -0.000040    -0.000011     0.000000
    0.000000     0.000010     0.000037     0.000078     0.000130     0.000191     0.000257     0.000324     0.000388     0.000445     0.000492     0.000526     0.000542     0.000539     0.000515     0.000470     0.000404     0.000320     0.000220     0.000109    -0.000009    -0.000129    -0.000246    -0.000353    -0.000447    -0.000524    -0.000581    -0.000617    -0.000630    -0.000622    -0.000595    -0.000551    -0.000493    -0.000426    -0.000353    -0.000278    -0.000206    -0.000140    -0.000083    -0.000039    -0.000010     0.000000
    0.000000     0.000010     0.000036     0.000076     0.000127     0.000187     0.000251     0.000317     0.000379     0.000436     0.000482     0.000514     0.000530     0.000527     0.000504     0.000459     0.000395     0.000313     0.000215     0.000106    -0.000009    -0.000127    -0.000241    -0.000346    -0.000438    -0.000513    -0.000569    -0.000604    -0.000617    -0.000609    -0.000583    -0.000539    -0.000483    -0.000417    -0.000346    -0.000272    -0.000202    -0.000137    -0.000081    -0.000038    -0.000010     0.000000
    0.000000     0.000009     0.000035     0.000074     0.000125     0.000183     0.000246     0.000310     0.000371     0.000426     0.000471     0.000503     0.000518     0.000515     0.000492     0.000449     0.000386     0.000306     0.000210     0.000104    -0.000010    -0.000124    -0.000236    -0.000339    -0.000429    -0.000502    -0.000557    -0.000591    -0.000604    -0.000596    -0.000570    -0.000528    -0.000473    -0.000408    -0.000338    -0.000267    -0.000197    -0.000134    -0.000079    -0.000037    -0.000010     0.000000
    0.000000     0.000009     0.000034     0.000073     0.000122     0.000179     0.000240     0.000303     0.000363     0.000417     0.000461     0.000492     0.000507     0.000504     0.000481     0.000439     0.000378     0.000299     0.000205     0.000101    -0.000010    -0.000122    -0.000231    -0.000332    -0.000420    -0.000492    -0.000545    -0.000578    -0.000591    -0.000584    -0.000558    -0.000517    -0.000463    -0.000399    -0.000331    -0.000261    -0.000193    -0.000131    -0.000078    -0.000036    -0.000010     0.000000
    0.000000     0.000009     0.000033     0.000071     0.000119     0.000175     0.000235     0.000296     0.000355     0.000407     0.000450     0.000481     0.000495     0.000492     0.000470     0.000429     0.000369     0.000292     0.000200     0.000098    -0.000010    -0.000120    -0.000226    -0.000325    -0.000411    -0.000481    -0.000533    -0.000566    -0.000578    -0.000571    -0.000546    -0.000505    -0.000453    -0.000391    -0.000324    -0.000255    -0.000189    -0.000128    -0.000076    -0.000036    -0.000009     0.000000
    0.000000     0.000009     0.000033     0.000069     0.000116     0.000171     0.000230     0.000289     0.000347     0.000398     0.000440     0.000470     0.000484     0.000481     0.000460     0.000419     0.000360     0.000285     0.000196     0.000096    -0.000010    -0.000117    -0.000221    -0.000318    -0.000402    -0.000471    -0.000522    -0.000553    -0.000565    -0.000558    -0.000534    -0.000494    -0.000443    -0.000382    -0.000317    -0.000250    -0.000185    -0.000125    -0.000074    -0.000035    -0.000009     0.000000
    0.000000     0.000009     0.000032     0.000068     0.000114     0.000167     0.000224     0.000283     0.000339     0.000389     0.000430     0.000459     0.000473     0.000470     0.000449     0.000409     0.000352     0.000278     0.000191     0.000093    -0.000010    -0.000115    -0.000217    -0.000311    -0.000393    -0.000460    -0.000510    -0.000541    -0.000553    -0.000546    -0.000522    -0.000483    -0.000433    -0.000374    -0.000310    -0.000244    -0.000181    -0.000122    -0.000073    -0.000034    -0.000009     0.000000
    0.000000     0.000008     0.000031     0.000066     0.000111     0.000163     0.000219     0.000276     0.000331     0.000380     0.000420     0.000448     0.000462     0.000459     0.000438     0.000400     0.000343     0.000271     0.000186     0.000091    -0.000010    -0.000113    -0.000212    -0.000304    -0.000384    -0.000450    -0.000499    -0.000529    -0.000541    -0.000534    -0.000510    -0.000472    -0.000423    -0.000365    -0.000303    -0.000238    -0.000176    -0.000120    -0.000071    -0.000033    -0.000009     0.000000
    0.000000     0.000008     0.000030     0.000065     0.000108     0.000159     0.000214     0.000269     0.000323     0.000371     0.000410     0.000438     0.000451     0.000448     0.000428     0.000390     0.000335     0.000265     0.000181     0.000088    -0.000011    -0.000111    -0.000208    -0.000297    -0.000376    -0.000440    -0.000488    -0.000517    -0.000528    -0.000522    -0.000499    -0.000462    -0.000413    -0.000357    -0.000296    -0.000233    -0.000172    -0.000117    -0.000069    -0.000032    -0.000009     0.000000
    0.000000     0.000008     0.000030     0.000063     0.000106     0.000155     0.000208     0.000263     0.000315     0.000362     0.000400     0.000427     0.000440     0.000437     0.000417     0.000380     0.000326     0.000258     0.000176     0.000086    -0.000011    -0.000109    -0.000203    -0.000291    -0.000367    -0.000430    -0.000476    -0.000505    -0.000516    -0.000509    -0.000487    -0.000451    -0.000404    -0.000348    -0.000289    -0.000227    -0.000168    -0.000114    -0.000068    -0.000032    -0.000008     0.000000
    0.000000     0.000008     0.000029     0.000061     0.000103     0.000151     0.000203     0.000256     0.000307     0.000353     0.000390     0.000416     0.000429     0.000426     0.000406     0.000370     0.000318     0.000251     0.000172     0.000083    -0.000011    -0.000106    -0.000199    -0.000284    -0.000359    -0.000420    -0.000465    -0.000493    -0.000503    -0.000497    -0.000475    -0.000440    -0.000394    -0.000340    -0.000282    -0.000222    -0.000164    -0.000111    -0.000066    -0.000031    -0.000008     0.000000
    0.000000     0.000007     0.000028     0.000060     0.000100     0.000147     0.000198     0.000249     0.000299     0.000343     0.000380     0.000405     0.000417     0.000415     0.000396     0.000361     0.000309     0.000244     0.000167     0.000080    -0.000011    -0.000104    -0.000194    -0.000277    -0.000350    -0.000410    -0.000454    -0.000481    -0.000491    -0.000485    -0.000463    -0.000429    -0.000384    -0.000331    -0.000275    -0.000216    -0.000160    -0.000108    -0.000064    -0.000030    -0.000008     0.000000
    0.000000     0.000007     0.000027     0.000058     0.000097     0.000143     0.000192     0.000243     0.000291     0.000334     0.000369     0.000394     0.000406     0.000403     0.000385     0.000350     0.000301     0.000237     0.000162     0.000078    -0.000012    -0.000102    -0.000190    -0.000270    -0.000341    -0.000399    -0.000442    -0.000469    -0.000478    -0.000472    -0.000451    -0.000418    -0.000374    -0.000323    -0.000267    -0.000211    -0.000156    -0.000106    -0.000063    -0.000029    -0.000008     0.000000
    0.000000     0.000007     0.000026     0.000056     0.000095     0.000139     0.000187     0.000236     0.000282     0.000324     0.000359     0.000383     0.000394     0.000392     0.000374     0.000340     0.000292     0.000230     0.000157     0.000075    -0.000012    -0.000100    -0.000185    -0.000264    -0.000332    -0.000389    -0.000430    -0.000456    -0.000466    -0.000460    -0.000439    -0.000407    -0.000364    -0.000314    -0.000260    -0.000205    -0.000152    -0.000103    -0.000061    -0.000029    -0.000008     0.000000
    0.000000     0.000007     0.000026     0.000055     0.000092     0.000135     0.000181     0.000229     0.000274     0.000315     0.000348     0.000371     0.000382     0.000380     0.000362     0.000330     0.000283     0.000223     0.000151     0.000072    -0.000012    -0.000097    -0.000180    -0.000257    -0.000323    -0.000378    -0.000418    -0.000443    -0.000453    -0.000447    -0.000427    -0.000395    -0.000354    -0.000306    -0.000253    -0.000200    -0.000148    -0.000100    -0.000059    -0.000028    -0.000007     0.000000
    0.000000     0.000007     0.000025     0.000053     0.000089     0.000131     0.000176     0.000222     0.000265     0.000305     0.000337     0.000359     0.000370     0.000367     0.000350     0.000319     0.000273     0.000215     0.000146     0.000069    -0.000013    -0.000095    -0.000175    -0.000249    -0.000314    -0.000367    -0.000406    -0.000430    -0.000439    -0.000433    -0.000414    -0.000384    -0.000344    -0.000297    -0.000246    -0.000194    -0.000144    -0.000098    -0.000058    -0.000027    -0.000007     0.000000
    0.000000     0.000007     0.000025     0.000052     0.000087     0.000127     0.000171     0.000215     0.000257     0.000294     0.000325     0.000347     0.000357     0.000354     0.000338     0.000307     0.000263     0.000207     0.000140     0.000066    -0.000013    -0.000093    -0.000170    -0.000242    -0.000304    -0.000355    -0.000393    -0.000416    -0.000425    -0.000420    -0.000401    -0.000372    -0.000333    -0.000288    -0.000239    -0.000189    -0.000140    -0.000095    -0.000057    -0.000027    -0.000007     0.000000
    0.000000     0.000007     0.000024     0.000051     0.000085     0.000124     0.000165     0.000207     0.000248     0.000284     0.000313     0.000333     0.000343     0.000340     0.000324     0.000295     0.000252     0.000198     0.000134     0.000062    -0.000013    -0.000090    -0.000165    -0.000234    -0.000294    -0.000343    -0.000379    -0.000402    -0.000410    -0.000405    -0.000388    -0.000359    -0.000322    -0.000279    -0.000232    -0.000184    -0.000137    -0.000094    -0.000056    -0.000027    -0.000007     0.000000
    0.000000     0.000007     0.000025     0.000051     0.000083     0.000120     0.000160     0.000200     0.000238     0.000272     0.000300     0.000319     0.000328     0.000326     0.000310     0.000282     0.000241     0.000189     0.000127     0.000059    -0.000014    -0.000088    -0.000159    -0.000225    -0.000283    -0.000330    -0.000365    -0.000386    -0.000395    -0.000390    -0.000373    -0.000346    -0.000311    -0.000270    -0.000225    -0.000179    -0.000134    -0.000092    -0.000056    -0.000027    -0.000007     0.000000
    0.000000     0.000008     0.000026     0.000052     0.000083     0.000118     0.000155     0.000193     0.000229     0.000261     0.000287     0.000304     0.000313     0.000310     0.000295     0.000268     0.000229     0.000179     0.000120     0.000055    -0.000015    -0.000085    -0.000153    -0.000216    -0.000271    -0.000316    -0.000349    -0.000370    -0.000378    -0.000373    -0.000358    -0.000332    -0.000299    -0.000260    -0.000218    -0.000175    -0.000132    -0.000092    -0.000057    -0.000029    -0.000009     0.000000
    0.000000     0.000010     0.000030     0.000054     0.000083     0.000116     0.000151     0.000185     0.000218     0.000248     0.000272     0.000288     0.000295     0.000292     0.000278     0.000252     0.000215     0.000168     0.000112     0.000050    -0.000015    -0.000082    -0.000146    -0.000206    -0.000258    -0.000300    -0.000332    -0.000351    -0.000359    -0.000355    -0.000341    -0.000317    -0.000287    -0.000250    -0.000211    -0.000171    -0.000131    -0.000094    -0.000061    -0.000033    -0.000011     0.000000
    0.000000     0.000017     0.000036     0.000059     0.000086     0.000115     0.000146     0.000178     0.000208     0.000234     0.000256     0.000270     0.000276     0.000273     0.000259     0.000234     0.000199     0.000155     0.000103     0.000045    -0.000016    -0.000078    -0.000139    -0.000194    -0.000243    -0.000283    -0.000312    -0.000331    -0.000339    -0.000336    -0.000323    -0.000301    -0.000273    -0.000240    -0.000204    -0.000168    -0.000131    -0.000097    -0.000067    -0.000040    -0.000018     0.000000
    0.000000     0.000027     0.000045     0.000065     0.000089     0.000115     0.000143     0.000170     0.000196     0.000219     0.000238     0.000251     0.000256     0.000252     0.000239     0.000216     0.000183     0.000142     0.000093     0.000040    -0.000017    -0.000075    -0.000131    -0.000183    -0.000228    -0.000265    -0.000292    -0.000310    -0.000317    -0.000314    -0.000303    -0.000284    -0.000259    -0.000229    -0.000198    -0.000165    -0.000133    -0.000102    -0.000074    -0.000050    -0.000030     0.000000
    0.000000     0.000018     0.000045     0.000069     0.000093     0.000117     0.000140     0.000163     0.000184     0.000202     0.000216     0.000224     0.000226     0.000221     0.000208     0.000186     0.000157     0.000120     0.000077     0.000030    -0.000019    -0.000070    -0.000118    -0.000163    -0.000203    -0.000236    -0.000261    -0.000277    -0.000285    -0.000284    -0.000276    -0.000262    -0.000242    -0.000218    -0.000192    -0.000165    -0.000136    -0.000108    -0.000081    -0.000052    -0.000021     0.000000
    0.000000     0.000018     0.000045     0.000069     0.000093     0.000117     0.000140     0.000163     0.000184     0.000202     0.000216     0.000224     0.000226     0.000221     0.000208     0.000186     0.000157     0.000120     0.000077     0.000030    -0.000019    -0.000070    -0.000118    -0.000163    -0.000203    -0.000236    -0.000261    -0.000277    -0.000285    -0.000284    -0.000276    -0.000262    -0.000242    -0.000218    -0.000192    -0.000165    -0.000136    -0.000108    -0.000081    -0.000052    -0.000021     0.000000
