    0.000000     0.000000     0.000000     0.000000     0.000000     0.000000     0.000000     0.000000     0.000000     0.000000     0.000000     0.000000     0.000000     0.000000     0.000000     0.000000     0.000000     0.000000     0.000000     0.000000     0.146250     0.416250     0.656250     0.866250     1.046250     1.196250     1.316250     1.406250     1.466250     1.496250     1.496250     1.466250     1.406250     1.316250     1.196250     1.046250     0.866250     0.656250     0.416250     0.146250    -0.146250
    0.000135    -0.000173    -0.000613    -0.001039    -0.001411    -0.001723    -0.001976    -0.002176    -0.002332    -0.002457    -0.002568    -0.002689    -0.002854    -0.003107    -0.003495    -0.004033    -0.004524    -0.003829     0.003073     0.036574     0.175269     0.411374     0.649410     0.862234     1.044194     1.195101     1.315472     1.405618     1.465670     1.495677     1.495661     1.465632     1.405595     1.315552     1.195501     1.045432     0.865332     0.655231     0.415390     0.146870    -0.146870
   -0.000035    -0.001113    -0.002476    -0.003817    -0.005018    -0.006038    -0.006869    -0.007519    -0.008005    -0.008354    -0.008603    -0.008794    -0.008965    -0.009127    -0.009188    -0.008754    -0.006595     0.000769     0.022544     0.080579     0.213895     0.419887     0.645407     0.856585     1.039917     1.192155     1.313292     1.403794     1.463974     1.493990     1.493917     1.463795     1.403642     1.313469     1.193276     1.043060     0.862860     0.652883     0.413772     0.146806    -0.146806
   -0.000607    -0.002896    -0.005503    -0.008040    -0.010321    -0.012264    -0.013837    -0.015040    -0.015888    -0.016411    -0.016643    -0.016607    -0.016288    -0.015556    -0.014018    -0.010675    -0.003219     0.013379     0.049211     0.121686     0.251461     0.437133     0.647865     0.853254     1.035700     1.188498     1.310223     1.401043     1.461316     1.491285     1.491083     1.460785     1.400430     1.310040     1.189629     1.039235     0.859001     0.649361     0.411245     0.145952    -0.145952
   -0.001521    -0.005416    -0.009510    -0.013410    -0.016894    -0.019843    -0.022200    -0.023943    -0.025075    -0.025608    -0.025550    -0.024870    -0.023449    -0.020963    -0.016677    -0.009058     0.004910     0.030777     0.077807     0.158960     0.286242     0.458384     0.655754     0.853409     1.032915     1.185076     1.306828     1.397699     1.457905     1.487700     1.487256     1.456674     1.396015     1.305316     1.184622     1.034031     0.853825     0.644669     0.407741     0.144473    -0.144473
   -0.002683    -0.008500    -0.014267    -0.019632    -0.024365    -0.028322    -0.031420    -0.033613    -0.034878    -0.035196    -0.034529    -0.032773    -0.029683    -0.024741    -0.016927    -0.004345     0.016327     0.050515     0.106173     0.192936     0.318372     0.481107     0.667329     0.856846     1.032074     1.182471     1.303552     1.394068     1.453949     1.483384     1.482544     1.451546     1.390465     1.299360     1.178313     1.027506     0.847379     0.638829     0.403309     0.142523    -0.142523
   -0.004005    -0.011972    -0.019545    -0.026432    -0.032414    -0.037332    -0.041082    -0.043590    -0.044802    -0.044662    -0.043075    -0.039859    -0.034653    -0.026776    -0.015010     0.002726     0.029782     0.071167     0.133554     0.224237     0.348267     0.504115     0.681195     0.862920     1.033175     1.180934     1.300670     1.390378     1.449626     1.478471     1.477052     1.445483     1.383850     1.292234     1.170764     1.019721     0.839718     0.631906     0.398051     0.140213    -0.140213
   -0.005415    -0.015678    -0.025142    -0.033576    -0.040777    -0.046583    -0.050870    -0.053540    -0.054508    -0.053676    -0.050898    -0.045917    -0.038278    -0.027185    -0.011307     0.011488     0.044420     0.091984     0.159758     0.253374     0.376307     0.526872     0.696406     0.870961     1.035981     1.180499     1.298315     1.386774     1.445063     1.473069     1.470871     1.438565     1.376241     1.284003     1.162038     1.010742     0.830918     0.623995     0.392082     0.137625    -0.137625
   -0.006866    -0.019499    -0.030895    -0.040870    -0.049243    -0.055851    -0.060553    -0.063232    -0.063773    -0.062044    -0.057851    -0.050880    -0.040608    -0.026170    -0.006188     0.021432     0.059702     0.112605     0.184813     0.280744     0.402798     0.549148     0.712353     0.880405     1.040182     1.181075     1.296512     1.383327     1.440342     1.467259     1.464075     1.430859     1.367701     1.274731     1.152204     1.000645     0.821070     0.615204     0.385516     0.134821    -0.134821
   -0.008322    -0.023348    -0.036678    -0.048169    -0.057653    -0.064968    -0.069965    -0.072507    -0.072459    -0.069658    -0.063877    -0.054762    -0.041746    -0.023933     0.000048     0.032206     0.075310     0.132872     0.208820     0.306648     0.427979     0.570850     0.728648     0.890811     1.045471     1.182515     1.295225     1.380054     1.435506     1.461092     1.456719     1.422422     1.358289     1.264482     1.141334     0.989516     0.810275     0.605646     0.378456     0.131853    -0.131853
   -0.009762    -0.027163    -0.042404    -0.055364    -0.065889    -0.073816    -0.078990    -0.081263    -0.080483    -0.076469    -0.068971    -0.057612    -0.041806    -0.020655     0.007174     0.043573     0.091064     0.152737     0.231901     0.331325     0.452036     0.591952     0.745041     0.901848     1.051573     1.184655     1.294379     1.376937     1.430565     1.454595     1.448841     1.413300     1.348058     1.253317     1.129501     0.977443     0.798638     0.595434     0.370995     0.128762    -0.128762
   -0.011174    -0.030907    -0.048010    -0.062379    -0.073866    -0.082309    -0.087550    -0.089434    -0.087801    -0.082461    -0.073154    -0.059493    -0.040894    -0.016479     0.015025     0.055379     0.106869     0.172204     0.254174     0.354961     0.475118     0.612455     0.761368     0.913267     1.058258     1.187333     1.293883     1.373936     1.425511     1.447781     1.440467     1.403528     1.337055     1.241296     1.116781     0.964520     0.786264     0.584672     0.363219     0.125584    -0.125584
   -0.012550    -0.034554    -0.053457    -0.069162    -0.081527    -0.090391    -0.095595    -0.096983    -0.094396    -0.087640    -0.076458    -0.060469    -0.039103    -0.011519     0.023483     0.067530     0.122679     0.191302     0.275745     0.377703     0.497343     0.632374     0.777519     0.924880     1.065333     1.190400     1.293640     1.370997     1.420323     1.440649     1.431612     1.393136     1.325323     1.228478     1.103248     0.950837     0.773255     0.573461     0.355202     0.122349    -0.122349
   -0.013888    -0.038089    -0.058717    -0.075680    -0.088835    -0.098025    -0.103094    -0.103891    -0.100261    -0.092021    -0.078921    -0.060599    -0.036510    -0.005861     0.032466     0.079962     0.138474     0.210068     0.296706     0.399671     0.518805     0.651729     0.793420     0.936545     1.072639     1.193721     1.293557     1.368064     1.414970     1.433190     1.422284     1.382148     1.312902     1.214919     1.088978     0.936483     0.759708     0.561889     0.347010     0.119082    -0.119082
   -0.015184    -0.041503    -0.063776    -0.081909    -0.095765    -0.105188    -0.110030    -0.110150    -0.105404    -0.095624    -0.080580    -0.059934    -0.033178     0.000427     0.041915     0.092640     0.154251     0.228542     0.317135     0.420959     0.539579     0.670537     0.809017     0.948152     1.080047     1.197181     1.293546     1.365076     1.409419     1.425390     1.412486     1.370585     1.299829     1.200674     1.074041     0.921545     0.745713     0.550039     0.338698     0.115803    -0.115803
   -0.016439    -0.044792    -0.068622    -0.087837    -0.102301    -0.111867    -0.116395    -0.115759    -0.109833    -0.098471    -0.081469    -0.058519    -0.029158     0.007295     0.051785     0.105537     0.170013     0.246758     0.337094     0.441641     0.559725     0.688816     0.824270     0.959614     1.087450     1.200678     1.293525     1.361979     1.403634     1.417233     1.402221     1.358463     1.286139     1.185796     1.058508     0.906104     0.731355     0.537982     0.330318     0.112531    -0.112531
   -0.017652    -0.047950    -0.073248    -0.093453    -0.108434    -0.118054    -0.122186    -0.120723    -0.113563    -0.100586    -0.081620    -0.056395    -0.024494     0.014701     0.062045     0.118637     0.185767     0.264749     0.356637     0.461778     0.579290     0.706581     0.839149     0.970862     1.094758     1.204123     1.293421     1.358718     1.397583     1.408704     1.391488     1.345800     1.271867     1.170336     1.042445     0.890236     0.716709     0.525784     0.321910     0.109281    -0.109281
   -0.018821    -0.050976    -0.077648    -0.098750    -0.114158    -0.123744    -0.127403    -0.125049    -0.116607    -0.101991    -0.081063    -0.053595    -0.019222     0.022611     0.072668     0.131929     0.201517     0.282539     0.375803     0.481416     0.598311     0.723841     0.853630     0.981841     1.101897     1.207441     1.293171     1.355245     1.391232     1.399786     1.380289     1.332615     1.257046     1.154346     1.025918     0.874013     0.701845     0.513502     0.313512     0.106062    -0.106062
   -0.019946    -0.053865    -0.081818    -0.103724    -0.119467    -0.128937    -0.132049    -0.128744    -0.118981    -0.102706    -0.079824    -0.050151    -0.013373     0.030996     0.083634     0.145403     0.217270     0.300148     0.394626     0.500591     0.616815     0.740605     0.867693     0.992504     1.108805     1.210567     1.292716     1.351516     1.384555     1.390467     1.368625     1.318923     1.241712     1.137874     1.008987     0.857501     0.686826     0.501184     0.305153     0.102887    -0.102887
   -0.021025    -0.056614    -0.085754    -0.108369    -0.124359    -0.133631    -0.136126    -0.131817    -0.120697    -0.102751    -0.077927    -0.046088    -0.006975     0.039831     0.094923     0.159048     0.233026     0.317591     0.413129     0.519331     0.634825     0.756878     0.881321     1.002811     1.115428     1.213444     1.292005     1.347491     1.377524     1.380735     1.356500     1.304744     1.225897     1.120970     0.991711     0.840763     0.671708     0.488876     0.296861     0.099761    -0.099761
   -0.022057    -0.059220    -0.089449    -0.112681    -0.128829    -0.137825    -0.139638    -0.134276    -0.121769    -0.102146    -0.075396    -0.041433    -0.000054     0.049094     0.106517     0.172854     0.248786     0.334878     0.431329     0.537655     0.652356     0.772662     0.894498     1.012730     1.121721     1.216024     1.290995     1.343137     1.370117     1.370582     1.343918     1.290098     1.209637     1.103680     0.974144     0.823855     0.656542     0.476613     0.288656     0.096692    -0.096692
   -0.023040    -0.061678    -0.092899    -0.116653    -0.132874    -0.141519    -0.142589    -0.136129    -0.122211    -0.100905    -0.072250    -0.036208     0.007368     0.058763     0.118400     0.186812     0.264548     0.352015     0.449240     0.555579     0.669416     0.787957     0.907209     1.022232     1.127645     1.218263     1.289647     1.338422     1.362316     1.360000     1.330888     1.275006     1.192966     1.086049     0.956340     0.806829     0.641373     0.464430     0.280556     0.093683    -0.093683
   -0.023973    -0.063984    -0.096098    -0.120282    -0.136491    -0.144712    -0.144981    -0.137384    -0.122033    -0.099047    -0.068510    -0.030435     0.015269     0.068818     0.130555     0.200911     0.280307     0.369003     0.466867     0.573110     0.686014     0.802762     0.919442     1.031291     1.133167     1.220127     1.287927     1.333322     1.354106     1.348986     1.317419     1.259492     1.175920     1.068123     0.938348     0.789734     0.626240     0.452355     0.272577     0.090740    -0.090740
   -0.024852    -0.066132    -0.099040    -0.123561    -0.139675    -0.147403    -0.146818    -0.138047    -0.121248    -0.096586    -0.064192    -0.024133     0.023627     0.079239     0.142965     0.215137     0.296055     0.385840     0.484215     0.590254     0.702151     0.817073     0.931183     1.039885     1.138257     1.221582     1.285808     1.327815     1.345474     1.337541     1.303522     1.243578     1.158532     1.049945     0.920213     0.772612     0.611181     0.440410     0.264731     0.087864    -0.087864
   -0.025675    -0.068118    -0.101719    -0.126484    -0.142423    -0.149591    -0.148102    -0.138126    -0.119867    -0.093537    -0.059317    -0.017323     0.032423     0.090007     0.155613     0.229477     0.311784     0.402523     0.501281     0.607012     0.717828     0.830885     0.942421     1.047994     1.142889     1.222604     1.283264     1.321883     1.336412     1.325667     1.289211     1.227291     1.140840     1.031556     0.901980     0.755504     0.596225     0.428619     0.257028     0.085058    -0.085058
   -0.026441    -0.069936    -0.104128    -0.129045    -0.144730    -0.151275    -0.148835    -0.137626    -0.117900    -0.089914    -0.053899    -0.010023     0.041637     0.101103     0.168482     0.243916     0.327483     0.419046     0.518065     0.623382     0.733042     0.844193     0.953145     1.055602     1.147043     1.223167     1.280277     1.315513     1.326916     1.313368     1.274504     1.210657     1.122878     1.012998     0.883691     0.738447     0.581403     0.416998     0.249477     0.082323    -0.082323
   -0.027146    -0.071581    -0.106260    -0.131239    -0.146593    -0.152454    -0.149021    -0.136556    -0.115357    -0.085732    -0.047958    -0.002253     0.051248     0.112506     0.181553     0.258440     0.343139     0.435398     0.534559     0.639362     0.747789     0.856989     0.963343     1.062692     1.150700     1.223255     1.276830     1.308694     1.316983     1.300653     1.259417     1.193704     1.104681     0.994310     0.865384     0.721474     0.566739     0.405563     0.242085     0.079660    -0.079660
   -0.027788    -0.073047    -0.108109    -0.133059    -0.148007    -0.153126    -0.148662    -0.134921    -0.112250    -0.081004    -0.041508     0.005968     0.061238     0.124198     0.194807     0.273031     0.358740     0.451571     0.550756     0.654945     0.762065     0.869268     0.973005     1.069251     1.153842     1.222850     1.272909     1.301419     1.306614     1.287533     1.243972     1.176461     1.086286     0.975530     0.847095     0.704617     0.552254     0.394327     0.234856     0.077071    -0.077071
   -0.028365    -0.074328    -0.109668    -0.134499    -0.148968    -0.153292    -0.147760    -0.132728    -0.108589    -0.075745    -0.034568     0.014622     0.071586     0.136158     0.208227     0.287673     0.374271     0.467552     0.566649     0.670125     0.775863     0.881021     0.982122     1.075268     1.156458     1.221940     1.268506     1.293685     1.295814     1.274019     1.228190     1.158958     1.067726     0.956695     0.828858     0.687903     0.537970     0.383301     0.227797     0.074554    -0.074554
   -0.028873    -0.075420    -0.110932    -0.135554    -0.149474    -0.152950    -0.146321    -0.129986    -0.104386    -0.069968    -0.027155     0.023690     0.082271     0.148366     0.221791     0.302347     0.389715     0.483329     0.582225     0.684893     0.789175     0.892242     0.990685     1.080731     1.158537     1.220515     1.263614     1.285492     1.284589     1.260128     1.212094     1.141226     1.049037     0.937839     0.810707     0.671357     0.523903     0.372496     0.220909     0.072112    -0.072112
   -0.029311    -0.076317    -0.111893    -0.136219    -0.149521    -0.152103    -0.144347    -0.126701    -0.099651    -0.063690    -0.019285     0.033152     0.093274     0.160801     0.235481     0.317035     0.405057     0.498887     0.597475     0.699241     0.801995     0.902923     0.998687     1.085633     1.160069     1.218569     1.258231     1.276840     1.272949     1.245878     1.195711     1.123294     1.030254     0.918998     0.792670     0.655005     0.510070     0.361920     0.214197     0.069743    -0.069743
   -0.029677    -0.077014    -0.112548    -0.136489    -0.149108    -0.150750    -0.141843    -0.122882    -0.094397    -0.056925    -0.010977     0.042988     0.104574     0.173442     0.249275     0.331718     0.420279     0.514213     0.612386     0.713159     0.814313     0.913057     1.006121     1.089967     1.161049     1.216097     1.252355     1.267737     1.260906     1.231287     1.179065     1.105196     1.011409     0.900203     0.774777     0.638866     0.496484     0.351579     0.207661     0.067447    -0.067447
   -0.029967    -0.077507    -0.112889    -0.136362    -0.148233    -0.148893    -0.138817    -0.118540    -0.088638    -0.049690    -0.002250     0.053179     0.116149     0.186268     0.263153     0.346376     0.435364     0.529290     0.626945     0.726636     0.826124     0.922637     1.012981     1.093728     1.161474     1.213099     1.245990     1.258190     1.248476     1.216377     1.162186     1.086962     0.992536     0.881487     0.757053     0.622961     0.483157     0.341479     0.201304     0.065223    -0.065223
   -0.030179    -0.077791    -0.112915    -0.135833    -0.146896    -0.146537    -0.135273    -0.113684    -0.082386    -0.042001     0.006879     0.063703     0.127978     0.199256     0.277093     0.360989     0.450294     0.544104     0.641142     0.739665     0.837419     0.931659     1.019262     1.096912     1.161341     1.209574     1.239140     1.248210     1.235674     1.201172     1.145101     1.068625     0.973668     0.862878     0.739524     0.607308     0.470102     0.331626     0.195126     0.063072    -0.063072
   -0.030313    -0.077862    -0.112620    -0.134902    -0.145098    -0.143685    -0.131220    -0.108326    -0.075657    -0.033874     0.016388     0.074539     0.140039     0.212386     0.291074     0.375537     0.465051     0.558639     0.654962     0.752234     0.848190     0.940117     1.024962     1.099518     1.160650     1.205527     1.231813     1.237809     1.222520     1.185696     1.127840     1.050216     0.954836     0.844406     0.722212     0.591923     0.457326     0.322024     0.189128     0.060993    -0.060993
   -0.030365    -0.077718    -0.112002    -0.133567    -0.142841    -0.140342    -0.126667    -0.102477    -0.068466    -0.025330     0.026258     0.085666     0.152309     0.225633     0.305074     0.389999     0.479617     0.572880     0.668393     0.764334     0.858432     0.948007     1.030078     1.101546     1.159406     1.200963     1.224021     1.227004     1.209036     1.169976     1.110433     1.031768     0.936071     0.826098     0.705139     0.576821     0.444840     0.312676     0.183311     0.058985    -0.058985
   -0.030335    -0.077356    -0.111059    -0.131828    -0.140128    -0.136515    -0.121624    -0.096152    -0.060829    -0.016385     0.036469     0.097062     0.164766     0.238976     0.319072     0.404356     0.493972     0.586811     0.681423     0.775956     0.868139     0.955326     1.034611     1.102999     1.157611     1.195892     1.215775     1.215811     1.195243     1.154039     1.092912     1.013313     0.917404     0.807980     0.688326     0.562015     0.432649     0.303585     0.177674     0.057046    -0.057046
   -0.030221    -0.076774    -0.109791    -0.129687    -0.136964    -0.132211    -0.116102    -0.089365    -0.052763    -0.007060     0.046998     0.108705     0.177387     0.252392     0.333044     0.418587     0.508100     0.600417     0.694040     0.787092     0.877305     0.962071     1.038560     1.103879     1.155275     1.190323     1.207090     1.204252     1.181167     1.137914     1.075306     0.994880     0.898863     0.790076     0.671791     0.547518     0.420762     0.294753     0.172217     0.055178    -0.055178
   -0.030022    -0.075971    -0.108197    -0.127147    -0.133353    -0.127441    -0.110113    -0.082131    -0.044287     0.002624     0.057825     0.120570     0.190148     0.265857     0.346970     0.432671     0.521983     0.613683     0.706233     0.797734     0.885926     0.968244     1.041928     1.104192     1.152404     1.184269     1.197983     1.192347     1.166834     1.121631     1.057647     0.976502     0.880476     0.772410     0.655551     0.533342     0.409182     0.286181     0.166938     0.053377    -0.053377
   -0.029738    -0.074946    -0.106280    -0.124211    -0.129304    -0.122213    -0.103672    -0.074467    -0.035420     0.012647     0.068926     0.132636     0.203026     0.279349     0.360827     0.446589     0.535603     0.626595     0.717992     0.807876     0.894001     0.973843     1.044720     1.103947     1.149012     1.177746     1.188475     1.180120     1.152271     1.105219     1.039967     0.958208     0.862270     0.755003     0.639621     0.519494     0.397915     0.277870     0.161839     0.051645    -0.051645
   -0.029368    -0.073701    -0.104041    -0.120886    -0.124825    -0.116541    -0.096792    -0.066391    -0.026181     0.022988     0.080278     0.144878     0.215997     0.292845     0.374594     0.460322     0.548944     0.639141     0.729306     0.817512     0.901526     0.978871     1.046942     1.103153     1.145110     1.170770     1.178585     1.167596     1.137506     1.088709     1.022296     0.940028     0.844272     0.737877     0.624018     0.505986     0.386965     0.269821     0.156916     0.049979    -0.049979
   -0.028913    -0.072237    -0.101485    -0.117177    -0.119926    -0.110437    -0.089491    -0.057921    -0.016592     0.033623     0.091859     0.157273     0.229038     0.306322     0.388250     0.473850     0.561989     0.651306     0.740167     0.826637     0.908502     0.983333     1.048600     1.101820     1.140713     1.163361     1.168336     1.154801     1.122569     1.072131     1.004665     0.921991     0.826504     0.721049     0.608753     0.492823     0.376334     0.262033     0.152168     0.048379    -0.048379
   -0.028372    -0.070555    -0.098616    -0.113092    -0.114618    -0.103917    -0.081786    -0.049077    -0.006674     0.044529     0.103643     0.169796     0.242125     0.319757     0.401773     0.487155     0.574723     0.663081     0.750569     0.835249     0.914929     0.987232     1.049705     1.099962     1.135839     1.155538     1.157754     1.141764     1.107489     1.055518     0.987104     0.904123     0.808992     0.704539     0.593839     0.480012     0.366025     0.254506     0.147595     0.046843    -0.046843
   -0.027747    -0.068660    -0.095442    -0.108643    -0.108915    -0.096995    -0.073695    -0.039880     0.003550     0.055683     0.115608     0.182424     0.255234     0.333128     0.415144     0.500219     0.587132     0.674453     0.760503     0.843344     0.920810     0.990576     1.050267     1.097594     1.130507     1.147325     1.146863     1.128512     1.092297     1.038900     0.969644     0.886452     0.791756     0.688362     0.579286     0.467559     0.356040     0.247240     0.143194     0.045371    -0.045371
   -0.027039    -0.066556    -0.091969    -0.103839    -0.102830    -0.089689    -0.065238    -0.030352     0.014058     0.067062     0.127729     0.195132     0.268343     0.346414     0.428343     0.513025     0.599202     0.685413     0.769965     0.850923     0.926149     0.993373     1.050298     1.094732     1.124735     1.138745     1.135691     1.115075     1.077025     1.022307     0.952312     0.869002     0.774817     0.672533     0.565103     0.455469     0.346379     0.240233     0.138964     0.043961    -0.043961
   -0.026249    -0.064248    -0.088206    -0.098693    -0.096379    -0.082017    -0.056435    -0.020514     0.024826     0.078641     0.139982     0.207897     0.281428     0.359593     0.441350     0.525557     0.610921     0.695954     0.778950     0.857985     0.930952     0.995633     1.049812     1.091394     1.118547     1.129823     1.124265     1.101483     1.061702     1.005769     0.935137     0.851799     0.758194     0.657066     0.551300     0.443745     0.337042     0.233482     0.134901     0.042613    -0.042613
   -0.025380    -0.061741    -0.084163    -0.093219    -0.089579    -0.074000    -0.047309    -0.010390     0.035829     0.090395     0.152341     0.220694     0.294467     0.372643     0.454148     0.537800     0.622277     0.706067     0.787457     0.864534     0.935224     0.997368     1.048826     1.087600     1.111966     1.120586     1.112614     1.087767     1.046360     0.989317     0.918145     0.834864     0.741905     0.641973     0.537882     0.432389     0.328029     0.226987     0.131005     0.041324    -0.041324
   -0.024434    -0.059044    -0.079853    -0.087431    -0.082448    -0.065657    -0.037881    -0.000004     0.047043     0.102299     0.164783     0.233500     0.307437     0.385546     0.466718     0.549740     0.633259     0.715747     0.795484     0.870573     0.938974     0.998589     1.047356     1.083371     1.105015     1.111060     1.100769     1.073957     1.031028     0.972979     0.901363     0.818218     0.725966     0.627264     0.524856     0.421404     0.319339     0.220744     0.127272     0.040095    -0.040095
   -0.023413    -0.056163    -0.075286    -0.081346    -0.075006    -0.057010    -0.028174     0.010620     0.058444     0.114330     0.177284     0.246292     0.320317     0.398282     0.479045     0.561364     0.643860     0.724989     0.803032     0.876106     0.942213     0.999312     1.045420     1.078729     1.097720     1.101275     1.088758     1.060083     1.015738     0.956783     0.884814     0.801883     0.710391     0.612950     0.512227     0.410790     0.310970     0.214752     0.123699     0.038923    -0.038923
   -0.022322    -0.053109    -0.070477    -0.074981    -0.067272    -0.048081    -0.018214     0.021458     0.070007     0.126462     0.189819     0.259048     0.333087     0.410833     0.491114     0.572660     0.654071     0.733791     0.810101     0.881141     0.944951     0.999552     1.043040     1.073697     1.090109     1.091258     1.076612     1.046176     1.000517     0.940756     0.868523     0.785876     0.695195     0.599038     0.499997     0.400547     0.302921     0.209006     0.120285     0.037808    -0.037808
   -0.021163    -0.049889    -0.065440    -0.068355    -0.059268    -0.038894    -0.008023     0.032484     0.081706     0.138670     0.202366     0.271745     0.345726     0.423180     0.502909     0.583618     0.663886     0.742150     0.816695     0.885685     0.947201     0.999326     1.040235     1.068301     1.082207     1.081039     1.064361     1.032266     0.985396     0.924924     0.852509     0.770214     0.680389     0.585536     0.488170     0.390676     0.295188     0.203503     0.117026     0.036748    -0.036748
   -0.019941    -0.046516    -0.060190    -0.061486    -0.051015    -0.029472     0.002373     0.043673     0.093516     0.150931     0.214900     0.284361     0.358214     0.435307     0.514417     0.594227     0.673300     0.750066     0.822819     0.889747     0.948977     0.998653     1.037027     1.062564     1.074043     1.070647     1.052035     1.018382     0.970400     0.909310     0.836795     0.754913     0.665982     0.572448     0.476747     0.381173     0.287768     0.198241     0.113920     0.035741    -0.035741
   -0.018660    -0.042999    -0.054744    -0.054394    -0.042536    -0.019839     0.012949     0.055000     0.105413     0.163220     0.227399     0.296876     0.370535     0.447200     0.525628     0.604481     0.682309     0.757539     0.828478     0.893339     0.950295     0.997552     1.033441     1.056514     1.065645     1.060112     1.039663     1.004553     0.955556     0.893938     0.821398     0.739986     0.651984     0.559779     0.465729     0.372038     0.280659     0.193214     0.110962     0.034787    -0.034787
   -0.017324    -0.039350    -0.049118    -0.047101    -0.033855    -0.010020     0.023680     0.066440     0.117372     0.175514     0.239841     0.309270     0.382669     0.458843     0.536528     0.614371     0.690911     0.764574     0.833679     0.896472     0.951170     0.996044     1.029499     1.050177     1.057042     1.049463     1.027274     0.990807     0.940890     0.878829     0.806335     0.725446     0.638403     0.547533     0.455115     0.363268     0.273855     0.188419     0.108151     0.033885    -0.033885
   -0.015938    -0.035581    -0.043330    -0.039627    -0.024995    -0.000041     0.034541     0.077968     0.129369     0.187790     0.252205     0.321525     0.394601     0.470223     0.547111     0.623894     0.699105     0.771173     0.838432     0.899159     0.951620     0.994148     1.025226     1.043579     1.048261     1.038729     1.014898     0.977169     0.926426     0.864003     0.791623     0.711302     0.625244     0.535710     0.444903     0.354858     0.267353     0.183852     0.105483     0.033032    -0.033032
   -0.014507    -0.031705    -0.037398    -0.031994    -0.015979     0.010074     0.045506     0.089558     0.141380     0.200025     0.264471     0.333620     0.406315     0.481329     0.557366     0.633044     0.706892     0.777341     0.842745     0.901414     0.951663     0.991888     1.020647     1.036748     1.039330     1.027937     1.002561     0.963666     0.912185     0.849479     0.777274     0.697565     0.612511     0.524312     0.435093     0.346806     0.261147     0.179508     0.102954     0.032228    -0.032228
   -0.013036    -0.027734    -0.031340    -0.024223    -0.006832     0.020301     0.056550     0.101187     0.153381     0.212198     0.276618     0.345541     0.417797     0.492149     0.567287     0.641820     0.714272     0.783084     0.846630     0.903253     0.951319     0.989287     1.015787     1.029710     1.030279     1.017117     0.990289     0.950321     0.898188     0.835273     0.763300     0.684242     0.600209     0.513338     0.425680     0.339106     0.255233     0.175383     0.100562     0.031471    -0.031471
   -0.011530    -0.023682    -0.025175    -0.016338     0.002422     0.030613     0.067648     0.112831     0.165350     0.224288     0.288629     0.357270     0.429035     0.502675     0.576869     0.650219     0.721250     0.788411     0.850099     0.904692     0.950608     0.986366     1.010672     1.022493     1.021134     1.006295     0.978109     0.937158     0.884455     0.821400     0.749713     0.671338     0.588339     0.502788     0.416662     0.331754     0.249606     0.171471     0.098302     0.030760    -0.030760
   -0.009995    -0.019562    -0.018921    -0.008360     0.011758     0.040987     0.078777     0.124465     0.177265     0.236275     0.300485     0.368794     0.440017     0.512898     0.586107     0.658242     0.727829     0.793329     0.853164     0.905748     0.949549     0.983150     1.005326     1.015123     1.011922     0.995496     0.966044     0.924198     0.871003     0.807874     0.736522     0.658859     0.576902     0.492659     0.408033     0.324743     0.244259     0.167769     0.096172     0.030093    -0.030093
   -0.008435    -0.015386    -0.012596    -0.000311     0.021155     0.051398     0.089912     0.136067     0.189105     0.248140     0.312171     0.380097     0.450731     0.522810     0.594998     0.665890     0.734015     0.797849     0.855839     0.906438     0.948164     0.979661     0.999776     1.007626     1.002669     0.984746     0.954117     0.911460     0.857849     0.794707     0.723733     0.646808     0.565898     0.482947     0.399789     0.318069     0.239187     0.164270     0.094168     0.029470    -0.029470
   -0.006857    -0.011169    -0.006220     0.007788     0.030587     0.061822     0.101030     0.147616     0.200850     0.259864     0.323669     0.391168     0.461170     0.532407     0.603541     0.673164     0.739814     0.801981     0.858139     0.906781     0.946473     0.975924     0.994045     1.000028     0.993400     0.974069     0.942350     0.898962     0.845005     0.781908     0.711353     0.635187     0.555324     0.473649     0.391925     0.311725     0.234383     0.160970     0.092287     0.028889    -0.028889
   -0.005266    -0.006922     0.000189     0.015913     0.040032     0.072237     0.112108     0.159090     0.212480     0.271432     0.334968     0.401995     0.471324     0.541684     0.611734     0.680069     0.745234     0.805737     0.860079     0.906794     0.944499     0.971961     0.988159     0.992353     0.984139     0.963487     0.930761     0.886721     0.832486     0.769486     0.699385     0.623996     0.545180     0.464760     0.384433     0.305703     0.229842     0.157863     0.090524     0.028348    -0.028348
   -0.003666    -0.002660     0.006614     0.024046     0.049467     0.082619     0.123125     0.170468     0.223977     0.282826     0.346052     0.412568     0.481187     0.550638     0.619579     0.686609     0.750283     0.809129     0.861676     0.906497     0.942262     0.967795     0.982141     0.984626     0.974910     0.953020     0.919370     0.874752     0.820303     0.757448     0.687834     0.613234     0.535461     0.456275     0.377308     0.299998     0.225557     0.154945     0.088878     0.027847    -0.027847
   -0.002063     0.001606     0.013036     0.032165     0.058871     0.092947     0.134060     0.181732     0.235323     0.294032     0.356909     0.422878     0.490754     0.559266     0.627077     0.692790     0.754971     0.812169     0.862944     0.905910     0.939784     0.963451     0.976016     0.976870     0.965733     0.942689     0.908194     0.863069     0.808463     0.745800     0.676701     0.602901     0.526163     0.448188     0.370541     0.294602     0.221521     0.152210     0.087343     0.027384    -0.027384
   -0.000462     0.005863     0.019440     0.040250     0.068224     0.103200     0.144893     0.192863     0.246504     0.305037     0.367530     0.432917     0.500019     0.567568     0.634230     0.698617     0.759308     0.814872     0.863902     0.905050     0.937086     0.958948     0.969804     0.969105     0.956630     0.932511     0.897246     0.851682     0.796976     0.734545     0.665985     0.592994     0.517281     0.440491     0.364127     0.289508     0.217729     0.149652     0.085917     0.026958    -0.026958
    0.001133     0.010099     0.025808     0.048283     0.077504     0.113358     0.155604     0.203844     0.257502     0.315827     0.377905     0.442679     0.508980     0.575544     0.641044     0.704099     0.763304     0.817252     0.864565     0.903938     0.934189     0.954310     0.963529     0.961354     0.947619     0.922504     0.886542     0.840602     0.785848     0.723686     0.655686     0.583508     0.508809     0.433177     0.358057     0.284708     0.214172     0.147268     0.084596     0.026567    -0.026567
    0.002716     0.014304     0.032125     0.056246     0.086693     0.123402     0.166177     0.214659     0.268305     0.326392     0.388024     0.452159     0.517634     0.583196     0.647521     0.709242     0.766971     0.819322     0.864950     0.902592     0.931112     0.949557     0.957210     0.953635     0.938718     0.912682     0.876093     0.829837     0.775083     0.713224     0.645803     0.574439     0.500741     0.426239     0.352322     0.280194     0.210845     0.145050     0.083377     0.026211    -0.026211
    0.004283     0.018467     0.038376     0.064120     0.095772     0.133314     0.176594     0.225292     0.278900     0.336721     0.397881     0.461351     0.525981     0.590524     0.653668     0.714058     0.770320     0.821097     0.865076     0.901031     0.927876     0.944709     0.950867     0.945968     0.929944     0.903060     0.865909     0.819394     0.764684     0.703159     0.636332     0.565782     0.493069     0.419669     0.346915     0.275958     0.207740     0.142994     0.082256     0.025887    -0.025887
    0.005831     0.022577     0.044547     0.071891     0.104726     0.143078     0.186839     0.235730     0.289275     0.346806     0.407469     0.470253     0.534020     0.597533     0.659492     0.718553     0.773365     0.822593     0.864957     0.899274     0.924500     0.939786     0.944520     0.938369     0.921312     0.893649     0.855999     0.809279     0.754655     0.693489     0.627269     0.557530     0.485785     0.413458     0.341827     0.271993     0.204851     0.141095     0.081230     0.025596    -0.025596
    0.007355     0.026625     0.050625     0.079543     0.113537     0.152677     0.196899     0.245960     0.299420     0.356637     0.416783     0.478863     0.541752     0.604227     0.664998     0.722739     0.776117     0.823824     0.864612     0.897337     0.921003     0.934806     0.938185     0.930855     0.912835     0.884460     0.846372     0.799496     0.744995     0.684214     0.618609     0.549676     0.478881     0.407597     0.337050     0.268290     0.202170     0.139347     0.080296     0.025336    -0.025336
    0.008852     0.030603     0.056598     0.087061     0.122191     0.162099     0.206760     0.255970     0.309324     0.366209     0.425819     0.487178     0.549179     0.610610     0.670196     0.726626     0.778590     0.824804     0.864056     0.895240     0.917402     0.929786     0.931879     0.923439     0.904525     0.875502     0.837032     0.790047     0.735704     0.675329     0.610346     0.542213     0.472349     0.402076     0.332573     0.264841     0.199691     0.137746     0.079451     0.025105    -0.025105
    0.010318     0.034502     0.062455     0.094433     0.130674     0.171328     0.216409     0.265751     0.318981     0.375516     0.434574     0.495201     0.556303     0.616687     0.675092     0.730225     0.780796     0.825550     0.863307     0.892998     0.913714     0.924743     0.925616     0.916134     0.896393     0.866783     0.827985     0.780934     0.726781     0.666829     0.602475     0.535133     0.466180     0.396888     0.328388     0.261638     0.197408     0.136285     0.078690     0.024903    -0.024903
    0.011752     0.038316     0.068185     0.101647     0.138974     0.180353     0.225836     0.275293     0.328383     0.384552     0.443046     0.502929     0.563129     0.622465     0.679696     0.733546     0.782748     0.826075     0.862379     0.890628     0.909955     0.919692     0.919412     0.908954     0.888448     0.858310     0.819234     0.772158     0.718222     0.658711     0.594987     0.528428     0.460363     0.392022     0.324487     0.258673     0.195313     0.134961     0.078012     0.024728    -0.024728
    0.013149     0.042037     0.073779     0.108693     0.147080     0.189164     0.235032     0.284587     0.337523     0.393315     0.451233     0.510366     0.569659     0.627951     0.684016     0.736601     0.784460     0.826394     0.861288     0.888146     0.906142     0.914648     0.913278     0.901908     0.880699     0.850088     0.810781     0.763717     0.710025     0.650967     0.587875     0.522087     0.454890     0.387468     0.320860     0.255938     0.193399     0.133767     0.077412     0.024579    -0.024579
    0.014508     0.045659     0.079230     0.115560     0.154981     0.197750     0.243986     0.293627     0.346397     0.401801     0.459136     0.517513     0.575899     0.633151     0.688063     0.739401     0.785945     0.826522     0.860048     0.885567     0.902288     0.909624     0.907226     0.895006     0.873152     0.842120     0.802627     0.755610     0.702186     0.643592     0.581130     0.516102     0.449751     0.383217     0.317497     0.253425     0.191660     0.132699     0.076888     0.024455    -0.024455
    0.015826     0.049179     0.084529     0.122240     0.162670     0.206104     0.252693     0.302407     0.355000     0.410009     0.466755     0.524374     0.581854     0.638074     0.691845     0.741958     0.787215     0.826471     0.858675     0.882905     0.898406     0.904632     0.901267     0.888257     0.865813     0.834411     0.794773     0.747834     0.694697     0.636578     0.574745     0.510463     0.444935     0.379259     0.314390     0.251125     0.190090     0.131752     0.076437     0.024356    -0.024356
    0.017103     0.052590     0.089671     0.128726     0.170138     0.214218     0.261146     0.310921     0.363331     0.417937     0.474090     0.530952     0.587530     0.642726     0.695373     0.744283     0.788282     0.826256     0.857182     0.880172     0.894510     0.899683     0.895410     0.881666     0.858686     0.826960     0.787217     0.740386     0.687555     0.629917     0.568709     0.505160     0.440433     0.375584     0.311530     0.249031     0.188681     0.130921     0.076055     0.024280    -0.024280
    0.018336     0.055891     0.094650     0.135012     0.177379     0.222085     0.269339     0.319167     0.371385     0.425586     0.481145     0.537250     0.592933     0.647117     0.698657     0.746387     0.789161     0.825889     0.855581     0.877383     0.890611     0.894787     0.889664     0.875241     0.851775     0.819770     0.779957     0.733260     0.680752     0.623601     0.563014     0.500183     0.436233     0.372181     0.308907     0.247134     0.187427     0.130201     0.075740     0.024226    -0.024226
    0.019525     0.059077     0.099462     0.141093     0.184387     0.229702     0.277269     0.327141     0.379164     0.432956     0.487922     0.543274     0.598070     0.651254     0.701706     0.748282     0.789861     0.825383     0.853886     0.874549     0.886720     0.889955     0.884035     0.868986     0.845082     0.812840     0.772991     0.726453     0.674282     0.617622     0.557649     0.495522     0.432326     0.369042     0.306513     0.245427     0.186322     0.129588     0.075489     0.024193    -0.024193
    0.020668     0.062147     0.104105     0.146964     0.191159     0.237064     0.284932     0.334842     0.386665     0.440048     0.494424     0.549029     0.602947     0.655147     0.704530     0.749979     0.790396     0.824750     0.852108     0.871680     0.882847     0.885194     0.878530     0.862904     0.838609     0.806168     0.766315     0.719957     0.668136     0.611969     0.552605     0.491166     0.428702     0.366157     0.304338     0.243903     0.185360     0.129077     0.075298     0.024180    -0.024180
    0.021766     0.065098     0.108574     0.152624     0.197691     0.244168     0.292326     0.342268     0.393889     0.446865     0.500654     0.554521     0.607573     0.658804     0.707140     0.751488     0.790777     0.824001     0.850259     0.868788     0.879001     0.880511     0.873154     0.857000     0.832356     0.799754     0.759924     0.713768     0.662306     0.606635     0.547872     0.487105     0.425350     0.363515     0.302373     0.242553     0.184535     0.128663     0.075166     0.024186    -0.024186
    0.022817     0.067930     0.112869     0.158068     0.203981     0.251012     0.299450     0.349419     0.400838     0.453409     0.506618     0.559755     0.611954     0.662234     0.709546     0.752821     0.791015     0.823148     0.848348     0.865881     0.875189     0.875913     0.867911     0.851275     0.826323     0.793593     0.753815     0.707877     0.656785     0.601610     0.543439     0.483328     0.422259     0.361106     0.300611     0.241370     0.183840     0.128342     0.075089     0.024211    -0.024211
    0.023821     0.070643     0.116989     0.163298     0.210029     0.257596     0.306304     0.356295     0.407513     0.459684     0.512319     0.564737     0.616097     0.665445     0.711757     0.753988     0.791120     0.822201     0.846386     0.862970     0.871421     0.871405     0.862806     0.845730     0.820509     0.787683     0.747981     0.702279     0.651564     0.596883     0.539295     0.479825     0.419420     0.358922     0.299041     0.240347     0.183269     0.128109     0.075065     0.024253    -0.024253
    0.024780     0.073236     0.120934     0.168312     0.215833     0.263919     0.312888     0.362899     0.413917     0.465692     0.517763     0.569474     0.620012     0.668447     0.713782     0.754999     0.791103     0.821170     0.844382     0.860060     0.867701     0.866993     0.857840     0.840366     0.814912     0.782021     0.742416     0.696965     0.646633     0.592445     0.535432     0.476585     0.416823     0.356953     0.297657     0.239476     0.182816     0.127961     0.075091     0.024311    -0.024311
    0.025692     0.075710     0.124704     0.173111     0.221395     0.269983     0.319203     0.369232     0.420052     0.471439     0.522955     0.573973     0.623705     0.671249     0.715632     0.755863     0.790974     0.820065     0.842345     0.857162     0.864036     0.862680     0.853016     0.835183     0.809529     0.776601     0.737116     0.691927     0.641984     0.588286     0.531837     0.473599     0.414457     0.355190     0.296449     0.238750     0.182477     0.127893     0.075164     0.024385    -0.024385
    0.026559     0.078066     0.128301     0.177696     0.226715     0.275789     0.325253     0.375297     0.425923     0.476928     0.527901     0.578240     0.627184     0.673858     0.717316     0.756590     0.790741     0.818893     0.840282     0.854280     0.860431     0.858469     0.848336     0.830180     0.804359     0.771419     0.732072     0.687157     0.637607     0.584397     0.528501     0.470855     0.412313     0.353623     0.295409     0.238162     0.182244     0.127900     0.075282     0.024473    -0.024473
    0.027381     0.080306     0.131727     0.182070     0.231797     0.281339     0.331038     0.381096     0.431533     0.482165     0.532607     0.582282     0.630458     0.676284     0.718841     0.757190     0.790414     0.817664     0.838201     0.851421     0.856890     0.854364     0.843799     0.825356     0.799397     0.766470     0.727278     0.682648     0.633493     0.580766     0.525414     0.468344     0.410380     0.352243     0.294529     0.237706     0.182113     0.127980     0.075442     0.024575    -0.024575
    0.028159     0.082431     0.134983     0.186234     0.236642     0.286636     0.336564     0.386635     0.436887     0.487156     0.537079     0.586107     0.633533     0.678534     0.720218     0.757670     0.790001     0.816385     0.836108     0.848590     0.853418     0.850366     0.839405     0.820708     0.794641     0.761748     0.722726     0.678391     0.629633     0.577384     0.522566     0.466055     0.408650     0.351042     0.293802     0.237374     0.182079     0.128127     0.075642     0.024690    -0.024690
    0.028894     0.084443     0.138073     0.190193     0.241255     0.291685     0.341833     0.391918     0.441989     0.491905     0.541323     0.589721     0.636417     0.680617     0.721455     0.758040     0.789510     0.815064     0.834010     0.845792     0.850018     0.846477     0.835156     0.816235     0.790085     0.757247     0.718411     0.674376     0.626018     0.574242     0.519946     0.463979     0.407112     0.350010     0.293220     0.237161     0.182135     0.128338     0.075880     0.024817    -0.024817
    0.029587     0.086346     0.141000     0.193951     0.245639     0.296489     0.346850     0.396948     0.446846     0.496418     0.545346     0.593131     0.639119     0.682542     0.722559     0.758307     0.788948     0.813707     0.831913     0.843033     0.846692     0.842698     0.831049     0.811934     0.785725     0.752961     0.714323     0.670596     0.622637     0.571329     0.517544     0.462106     0.405758     0.349140     0.292774     0.237059     0.182278     0.128609     0.076153     0.024956    -0.024956
    0.030239     0.088141     0.143768     0.197510     0.249799     0.301053     0.351620     0.401732     0.451462     0.500702     0.549155     0.596345     0.641646     0.684315     0.723538     0.758479     0.788323     0.812320     0.829822     0.840314     0.843443     0.839030     0.827084     0.807801     0.781556     0.748885     0.710456     0.667043     0.619482     0.568636     0.515351     0.460426     0.404579     0.348423     0.292458     0.237063     0.182501     0.128937     0.076459     0.025105    -0.025105
    0.030851     0.089832     0.146381     0.200877     0.253741     0.305382     0.356149     0.406275     0.455844     0.504763     0.552755     0.599370     0.644005     0.685944     0.724400     0.758563     0.787642     0.810910     0.827741     0.837640     0.840272     0.835471     0.823258     0.803834     0.777575     0.745010     0.706801     0.663706     0.616543     0.566152     0.513357     0.458931     0.403565     0.347851     0.292265     0.237166     0.182800     0.129318     0.076796     0.025263    -0.025263
    0.031425     0.091422     0.148844     0.204056     0.257469     0.309483     0.360442     0.410583     0.459997     0.508607     0.556155     0.602212     0.646202     0.687436     0.725152     0.758566     0.786910     0.809481     0.825674     0.835014     0.837181     0.832023     0.819571     0.800029     0.773774     0.741332     0.703352     0.660579     0.613812     0.563870     0.511553     0.457610     0.402709     0.347416     0.292188     0.237362     0.183170     0.129748     0.077161     0.025431    -0.025431
    0.031963     0.092914     0.151160     0.207053     0.260989     0.313360     0.364505     0.414662     0.463928     0.512240     0.559359     0.604879     0.648247     0.688799     0.725802     0.758494     0.786133     0.808038     0.823625     0.832438     0.834170     0.828685     0.816018     0.796382     0.770150     0.737843     0.700101     0.657652     0.611279     0.561779     0.509930     0.456456     0.402001     0.347111     0.292219     0.237646     0.183606     0.130224     0.077552     0.025607    -0.025607
    0.032465     0.094312     0.153335     0.209873     0.264308     0.317021     0.368346     0.418518     0.467644     0.515670     0.562376     0.607377     0.650144     0.690040     0.726354     0.758353     0.785317     0.806587     0.821598     0.829913     0.831241     0.825455     0.812599     0.792889     0.766697     0.734537     0.697039     0.654918     0.608936     0.559871     0.508478     0.455459     0.401434     0.346928     0.292353     0.238012     0.184105     0.130742     0.077968     0.025791    -0.025791
    0.032932     0.095619     0.155374     0.212522     0.267431     0.320472     0.371969     0.422158     0.471150     0.518903     0.565212     0.609712     0.651901     0.691164     0.726817     0.758149     0.784466     0.805130     0.819596     0.827442     0.828393     0.822332     0.809311     0.789546     0.763409     0.731407     0.694160     0.652367     0.606774     0.558137     0.507189     0.454610     0.401000     0.346859     0.292582     0.238455     0.184661     0.131300     0.078407     0.025981    -0.025981
    0.033367     0.096839     0.157282     0.215006     0.270366     0.323719     0.375383     0.425590     0.474455     0.521945     0.567873     0.611893     0.653524     0.692178     0.727195     0.757888     0.783586     0.803673     0.817621     0.825027     0.825626     0.819315     0.806149     0.786348     0.760280     0.728447     0.691456     0.649992     0.604784     0.556567     0.506055     0.453903     0.400690     0.346898     0.292901     0.238969     0.185271     0.131894     0.078866     0.026178    -0.026178
    0.033771     0.097976     0.159064     0.217332     0.273119     0.326770     0.378594     0.428819     0.477563     0.524804     0.570366     0.613925     0.655021     0.693089     0.727494     0.757575     0.782681     0.802217     0.815676     0.822667     0.822941     0.816402     0.803112     0.783292     0.757306     0.725650     0.688920     0.647785     0.602958     0.555155     0.505066     0.453328     0.400499     0.347038     0.293304     0.239549     0.185930     0.132522     0.079343     0.026380    -0.026380
    0.034146     0.099032     0.160725     0.219505     0.275697     0.329632     0.381609     0.431853     0.480484     0.527486     0.572698     0.615814     0.656395     0.693901     0.727721     0.757214     0.781755     0.800767     0.813761     0.820364     0.820337     0.813591     0.800196     0.780372     0.754481     0.723009     0.686544     0.645739     0.601288     0.553890     0.504216     0.452879     0.400417     0.347272     0.293784     0.240190     0.186634     0.133179     0.079837     0.026587    -0.026587
    0.034492     0.100013     0.162270     0.221532     0.278106     0.332311     0.384435     0.434699     0.483222     0.529997     0.574875     0.617566     0.657655     0.694621     0.727878     0.756810     0.780810     0.799324     0.811880     0.818118     0.817812     0.810881     0.797399     0.777585     0.751799     0.720519     0.684321     0.643845     0.599767     0.552767     0.503495     0.452547     0.400439     0.347594     0.294337     0.240888     0.187379     0.133865     0.080346     0.026799    -0.026799
    0.034811     0.100921     0.163706     0.223419     0.280354     0.334816     0.387080     0.437364     0.485786     0.532344     0.576903     0.619189     0.658805     0.695254     0.727973     0.756367     0.779852     0.797893     0.810034     0.815930     0.815366     0.808269     0.794715     0.774926     0.749255     0.718173     0.682245     0.642096     0.598386     0.551777     0.502898     0.452325     0.400557     0.347999     0.294956     0.241638     0.188162     0.134575     0.080869     0.027014    -0.027014
    0.035105     0.101760     0.165036     0.225173     0.282448     0.337152     0.389551     0.439855     0.488181     0.534535     0.578789     0.620687     0.659851     0.695805     0.728008     0.755888     0.778882     0.796473     0.808223     0.813799     0.812998     0.805753     0.792143     0.772390     0.746843     0.715965     0.680308     0.640485     0.597139     0.550912     0.502416     0.452207     0.400766     0.348479     0.295637     0.242435     0.188980     0.135307     0.081403     0.027233    -0.027233
    0.035375     0.102534     0.166267     0.226799     0.284395     0.339328     0.391856     0.442179     0.490416     0.536575     0.580539     0.622066     0.660798     0.696279     0.727989     0.755378     0.777904     0.795068     0.806449     0.811726     0.810706     0.803330     0.789679     0.769973     0.744558     0.713889     0.678505     0.639006     0.596018     0.550165     0.502042     0.452186     0.401058     0.349029     0.296374     0.243275     0.189828     0.136059     0.081947     0.027454    -0.027454
    0.035623     0.103246     0.167403     0.228305     0.286200     0.341351     0.394000     0.444343     0.492496     0.538470     0.582159     0.623333     0.661651     0.696680     0.727919     0.754840     0.776920     0.793680     0.804712     0.809710     0.808490     0.800998     0.787320     0.767672     0.742396     0.711938     0.676828     0.637650     0.595015     0.549530     0.501770     0.452255     0.401428     0.349644     0.297163     0.244155     0.190703     0.136827     0.082500     0.027677    -0.027677
    0.035849     0.103900     0.168450     0.229696     0.287872     0.343227     0.395992     0.446355     0.494429     0.540228     0.583654     0.624492     0.662416     0.697012     0.727802     0.754276     0.775933     0.792309     0.803013     0.807751     0.806348     0.798755     0.785061     0.765480     0.740350     0.710108     0.675272     0.636413     0.594126     0.549000     0.501593     0.452407     0.401869     0.350318     0.297999     0.245069     0.191603     0.137611     0.083061     0.027902    -0.027902
    0.036055     0.104499     0.169412     0.230978     0.289417     0.344963     0.397838     0.448221     0.496220     0.541854     0.585031     0.625548     0.663097     0.697281     0.727642     0.753691     0.774945     0.790957     0.801352     0.805848     0.804278     0.796599     0.782899     0.763395     0.738416     0.708392     0.673831     0.635287     0.593342     0.548568     0.501505     0.452638     0.402377     0.351046     0.298877     0.246015     0.192524     0.138407     0.083626     0.028128    -0.028128
    0.036243     0.105047     0.170294     0.232156     0.290841     0.346568     0.399546     0.449947     0.497877     0.543354     0.586295     0.626508     0.663699     0.697490     0.727442     0.753086     0.773957     0.789626     0.799730     0.804001     0.802278     0.794525     0.780832     0.761412     0.736589     0.706786     0.672498     0.634267     0.592658     0.548228     0.501499     0.452941     0.402947     0.351824     0.299794     0.246988     0.193463     0.139214     0.084197     0.028355    -0.028355
    0.036413     0.105545     0.171100     0.233238     0.292151     0.348047     0.401122     0.451541     0.499406     0.544735     0.587452     0.627375     0.664225     0.697642     0.727205     0.752464     0.772971     0.788315     0.798147     0.802208     0.800348     0.792533     0.778856     0.759527     0.734865     0.705284     0.671268     0.633346     0.592068     0.547974     0.501571     0.453311     0.403571     0.352647     0.300745     0.247986     0.194417     0.140029     0.084771     0.028582    -0.028582
    0.036567     0.105999     0.171836     0.234228     0.293353     0.349406     0.402574     0.453010     0.500813     0.546002     0.588507     0.628154     0.664681     0.697742     0.726934     0.751827     0.771990     0.787026     0.796602     0.800469     0.798485     0.790620     0.776967     0.757735     0.733238     0.703881     0.670135     0.632519     0.591566     0.547800     0.501714     0.453742     0.404247     0.353510     0.301725     0.249004     0.195385     0.140850     0.085346     0.028809    -0.028809
    0.036706     0.106410     0.172506     0.235131     0.294453     0.350653     0.403906     0.454359     0.502104     0.547162     0.589465     0.628852     0.665071     0.697793     0.726633     0.751177     0.771013     0.785760     0.795096     0.798784     0.796687     0.788782     0.775163     0.756034     0.731705     0.702572     0.669095     0.631780     0.591146     0.547702     0.501923     0.454230     0.404970     0.354410     0.302733     0.250040     0.196363     0.141676     0.085923     0.029036    -0.029036
    0.036830     0.106781     0.173113     0.235953     0.295457     0.351794     0.405127     0.455595     0.503285     0.548218     0.590331     0.629470     0.665397     0.697798     0.726303     0.750517     0.770044     0.784517     0.793628     0.797150     0.794953     0.787018     0.773439     0.754419     0.730261     0.701352     0.668143     0.631125     0.590804     0.547673     0.502194     0.454769     0.405734     0.355341     0.303763     0.251091     0.197348     0.142505     0.086499     0.029261    -0.029261
    0.036942     0.107115     0.173662     0.236700     0.296372     0.352834     0.406242     0.456723     0.504362     0.549178     0.591110     0.630015     0.665665     0.697760     0.725948     0.749848     0.769082     0.783297     0.792198     0.795566     0.793281     0.785326     0.771794     0.752887     0.728901     0.700216     0.667272     0.630548     0.590534     0.547710     0.502520     0.455355     0.406535     0.356301     0.304813     0.252154     0.198340     0.143335     0.087074     0.029485    -0.029485
    0.037041     0.107415     0.174157     0.237375     0.297201     0.353781     0.407257     0.457751     0.505341     0.550045     0.591808     0.630490     0.665877     0.697682     0.725568     0.749172     0.768129     0.782101     0.790805     0.794033     0.791669     0.783701     0.770224     0.751433     0.727622     0.699162     0.666480     0.630044     0.590331     0.547806     0.502898     0.455984     0.407370     0.357285     0.305879     0.253226     0.199334     0.144165     0.087647     0.029708    -0.029708
    0.037130     0.107683     0.174602     0.237984     0.297951     0.354638     0.408178     0.458683     0.506227     0.550826     0.592428     0.630900     0.666037     0.697568     0.725168     0.748491     0.767185     0.780929     0.789450     0.792548     0.790116     0.782143     0.768725     0.750055     0.726421     0.698183     0.665761     0.629609     0.590191     0.547957     0.503323     0.456651     0.408235     0.358291     0.306959     0.254305     0.200331     0.144993     0.088217     0.029929    -0.029929
    0.037207     0.107922     0.174999     0.238531     0.298627     0.355413     0.409011     0.459526     0.507026     0.551526     0.592974     0.631248     0.666149     0.697419     0.724748     0.747805     0.766252     0.779781     0.788131     0.791111     0.788619     0.780649     0.767295     0.748749     0.725292     0.697276     0.665111     0.629238     0.590109     0.548160     0.503792     0.457353     0.409125     0.359314     0.308049     0.255387     0.201327     0.145817     0.088784     0.030148    -0.030148
    0.037276     0.108133     0.175353     0.239020     0.299234     0.356110     0.409761     0.460284     0.507742     0.552148     0.593453     0.631538     0.666216     0.697238     0.724312     0.747116     0.765330     0.778657     0.786847     0.789720     0.787178     0.779217     0.765932     0.747513     0.724232     0.696437     0.664526     0.628928     0.590081     0.548409     0.504299     0.458086     0.410038     0.360352     0.309146     0.256472     0.202320     0.146637     0.089345     0.030364    -0.030364
    0.037335     0.108319     0.175667     0.239455     0.299776     0.356734     0.410434     0.460963     0.508381     0.552698     0.593866     0.631773     0.666240     0.697029     0.723859     0.746425     0.764419     0.777557     0.785600     0.788374     0.785789     0.777844     0.764632     0.746341     0.723239     0.695663     0.664002     0.628674     0.590104     0.548701     0.504841     0.458845     0.410971     0.361401     0.310249     0.257557     0.203310     0.147452     0.089901     0.030578    -0.030578
    0.037387     0.108481     0.175943     0.239841     0.300259     0.357291     0.411034     0.461568     0.508947     0.553179     0.594219     0.631958     0.666224     0.696792     0.723393     0.745734     0.763521     0.776482     0.784387     0.787072     0.784452     0.776527     0.763393     0.745233     0.722308     0.694950     0.663536     0.628472     0.590172     0.549033     0.505415     0.459629     0.411919     0.362460     0.311355     0.258640     0.204295     0.148259     0.090451     0.030789    -0.030789
    0.037431     0.108623     0.176186     0.240181     0.300685     0.357784     0.411566     0.462103     0.509445     0.553598     0.594515     0.632094     0.666172     0.696531     0.722915     0.745044     0.762636     0.775430     0.783208     0.785813     0.783164     0.775266     0.762213     0.744184     0.721437     0.694294     0.663123     0.628319     0.590284     0.549400     0.506017     0.460433     0.412881     0.363525     0.312461     0.259718     0.205272     0.149059     0.090995     0.030996    -0.030996
    0.037469     0.108745     0.176396     0.240478     0.301060     0.358219     0.412035     0.462574     0.509880     0.553956     0.594758     0.632187     0.666085     0.696247     0.722426     0.744354     0.761763     0.774402     0.782062     0.784595     0.781924     0.774058     0.761088     0.743192     0.720622     0.693692     0.662760     0.628211     0.590434     0.549800     0.506645     0.461255     0.413853     0.364595     0.313566     0.260791     0.206241     0.149850     0.091531     0.031201    -0.031201
    0.037501     0.108849     0.176578     0.240737     0.301387     0.358600     0.412445     0.462984     0.510255     0.554259     0.594952     0.632238     0.665968     0.695943     0.721928     0.743667     0.760903     0.773397     0.780949     0.783417     0.780731     0.772900     0.760016     0.742254     0.719860     0.693141     0.662445     0.628146     0.590620     0.550228     0.507294     0.462091     0.414833     0.365665     0.314667     0.261857     0.207201     0.150631     0.092060     0.031402    -0.031402
    0.037527     0.108936     0.176733     0.240959     0.301670     0.358930     0.412801     0.463339     0.510575     0.554510     0.595100     0.632251     0.665821     0.695619     0.721422     0.742984     0.760058     0.772416     0.779868     0.782279     0.779583     0.771791     0.758996     0.741368     0.719149     0.692637     0.662173     0.628119     0.590839     0.550683     0.507962     0.462940     0.415819     0.366736     0.315763     0.262914     0.208150     0.151402     0.092580     0.031600    -0.031600
    0.037548     0.109009     0.176864     0.241148     0.301913     0.359213     0.413107     0.463641     0.510844     0.554713     0.595204     0.632228     0.665647     0.695279     0.720909     0.742303     0.759226     0.771458     0.778818     0.781178     0.778477     0.770729     0.758024     0.740532     0.718486     0.692179     0.661942     0.628127     0.591088     0.551161     0.508647     0.463798     0.416807     0.367804     0.316852     0.263960     0.209088     0.152161     0.093091     0.031794    -0.031794
    0.037565     0.109069     0.176972     0.241308     0.302118     0.359454     0.413366     0.463895     0.511065     0.554871     0.595269     0.632173     0.665449     0.694924     0.720391     0.741628     0.758408     0.770522     0.777798     0.780114     0.777414     0.769711     0.757099     0.739741     0.717868     0.691764     0.661750     0.628169     0.591364     0.551659     0.509345     0.464663     0.417797     0.368867     0.317933     0.264996     0.210013     0.152909     0.093594     0.031984    -0.031984
    0.037577     0.109117     0.177061     0.241439     0.302290     0.359656     0.413582     0.464104     0.511242     0.554988     0.595298     0.632087     0.665228     0.694554     0.719869     0.740957     0.757604     0.769609     0.776808     0.779086     0.776390     0.768737     0.756219     0.738995     0.717293     0.691388     0.661593     0.628242     0.591665     0.552176     0.510055     0.465534     0.418786     0.369925     0.319003     0.266018     0.210924     0.153644     0.094087     0.032170    -0.032170
    0.037587     0.109153     0.177131     0.241546     0.302430     0.359821     0.413758     0.464272     0.511378     0.555066     0.595292     0.631973     0.664987     0.694173     0.719343     0.740293     0.756814     0.768718     0.775847     0.778093     0.775405     0.767805     0.755381     0.738292     0.716758     0.691049     0.661470     0.628342     0.591987     0.552708     0.510775     0.466407     0.419772     0.370975     0.320062     0.267027     0.211821     0.154366     0.094571     0.032352    -0.032352
    0.037593     0.109180     0.177185     0.241630     0.302541     0.359953     0.413898     0.464402     0.511477     0.555109     0.595255     0.631834     0.664727     0.693781     0.718816     0.739634     0.756039     0.767849     0.774914     0.777132     0.774458     0.766912     0.754583     0.737628     0.716261     0.690746     0.661377     0.628467     0.592329     0.553254     0.511501     0.467282     0.420754     0.372016     0.321108     0.268021     0.212703     0.155074     0.095045     0.032530    -0.032530
    0.037596     0.109198     0.177225     0.241693     0.302627     0.360055     0.414005     0.464498     0.511541     0.555120     0.595189     0.631671     0.664450     0.693380     0.718286     0.738982     0.755278     0.767001     0.774009     0.776204     0.773546     0.766057     0.753825     0.737003     0.715801     0.690474     0.661312     0.628616     0.592688     0.553811     0.512233     0.468156     0.421730     0.373046     0.322141     0.269000     0.213569     0.155769     0.095509     0.032704    -0.032704
    0.037597     0.109209     0.177251     0.241738     0.302690     0.360130     0.414082     0.464562     0.511574     0.555101     0.595097     0.631487     0.664159     0.692971     0.717757     0.738337     0.754531     0.766174     0.773130     0.775308     0.772669     0.765238     0.753103     0.736413     0.715374     0.690234     0.661273     0.628786     0.593063     0.554378     0.512968     0.469028     0.422699     0.374065     0.323159     0.269962     0.214419     0.156449     0.095962     0.032874    -0.032874
    0.037595     0.109212     0.177265     0.241766     0.302731     0.360180     0.414131     0.464597     0.511578     0.555054     0.594982     0.631284     0.663854     0.692555     0.717227     0.737699     0.753799     0.765368     0.772278     0.774441     0.771825     0.764455     0.752417     0.735858     0.714979     0.690022     0.661259     0.628975     0.593452     0.554952     0.513705     0.469896     0.423658     0.375072     0.324162     0.270908     0.215253     0.157115     0.096405     0.033039    -0.033039
    0.037592     0.109210     0.177269     0.241779     0.302754     0.360207     0.414155     0.464605     0.511555     0.554984     0.594844     0.631063     0.663537     0.692133     0.716699     0.737070     0.753081     0.764582     0.771450     0.773604     0.771014     0.763705     0.751764     0.735335     0.714614     0.689837     0.661267     0.629181     0.593851     0.555531     0.514441     0.470758     0.424608     0.376064     0.325148     0.271836     0.216069     0.157766     0.096837     0.033201    -0.033201
    0.037587     0.109202     0.177264     0.241779     0.302759     0.360215     0.414156     0.464590     0.511509     0.554890     0.594687     0.630827     0.663210     0.691707     0.716172     0.736448     0.752377     0.763816     0.770647     0.772796     0.770233     0.762987     0.751143     0.734843     0.714277     0.689676     0.661295     0.629402     0.594261     0.556115     0.515177     0.471614     0.425547     0.377042     0.326117     0.272745     0.216868     0.158402     0.097259     0.033358    -0.033358
    0.037581     0.109190     0.177250     0.241768     0.302749     0.360204     0.414138     0.464553     0.511441     0.554777     0.594513     0.630578     0.662873     0.691277     0.715648     0.735835     0.751688     0.763069     0.769868     0.772014     0.769481     0.762299     0.750553     0.734380     0.713967     0.689539     0.661342     0.629638     0.594679     0.556702     0.515910     0.472462     0.426473     0.378004     0.327068     0.273637     0.217649     0.159023     0.097670     0.033511    -0.033511
    0.037574     0.109174     0.177230     0.241746     0.302726     0.360176     0.414101     0.464497     0.511354     0.554645     0.594322     0.630315     0.662529     0.690845     0.715127     0.735231     0.751013     0.762341     0.769113     0.771259     0.768759     0.761641     0.749991     0.733945     0.713682     0.689422     0.661406     0.629885     0.595104     0.557290     0.516639     0.473302     0.427387     0.378950     0.328001     0.274509     0.218412     0.159628     0.098070     0.033660    -0.033660
    0.037565     0.109154     0.177203     0.241715     0.302691     0.360135     0.414047     0.464423     0.511249     0.554497     0.594118     0.630043     0.662178     0.690411     0.714610     0.734636     0.750352     0.761633     0.768380     0.770530     0.768063     0.761012     0.749458     0.733535     0.713421     0.689326     0.661486     0.630143     0.595534     0.557879     0.517362     0.474132     0.428286     0.379879     0.328915     0.275362     0.219157     0.160218     0.098460     0.033804    -0.033804
    0.037556     0.109132     0.177171     0.241676     0.302646     0.360081     0.413979     0.464334     0.511129     0.554334     0.593901     0.629760     0.661822     0.689976     0.714097     0.734050     0.749704     0.760942     0.767669     0.769825     0.767394     0.760409     0.748951     0.733151     0.713181     0.689248     0.661580     0.630410     0.595969     0.558466     0.518080     0.474951     0.429172     0.380790     0.329810     0.276195     0.219884     0.160793     0.098839     0.033944    -0.033944
    0.037546     0.109107     0.177135     0.241630     0.302591     0.360015     0.413899     0.464232     0.510996     0.554159     0.593673     0.629470     0.661462     0.689542     0.713588     0.733473     0.749071     0.760270     0.766979     0.769144     0.766751     0.759832     0.748469     0.732789     0.712962     0.689188     0.661686     0.630685     0.596406     0.559051     0.518791     0.475758     0.430042     0.381684     0.330685     0.277009     0.220592     0.161352     0.099207     0.034080    -0.034080
    0.037536     0.109080     0.177095     0.241579     0.302529     0.359940     0.413807     0.464117     0.510850     0.553972     0.593436     0.629173     0.661098     0.689108     0.713084     0.732906     0.748452     0.759615     0.766310     0.768486     0.766131     0.759279     0.748010     0.732450     0.712763     0.689143     0.661804     0.630967     0.596845     0.559632     0.519493     0.476553     0.430896     0.382559     0.331541     0.277803     0.221282     0.161897     0.099564     0.034212    -0.034212
    0.037526     0.109052     0.177052     0.241523     0.302460     0.359857     0.413706     0.463992     0.510694     0.553776     0.593191     0.628871     0.660732     0.688675     0.712586     0.732348     0.747846     0.758977     0.765661     0.767851     0.765535     0.758750     0.747575     0.732132     0.712581     0.689112     0.661932     0.631254     0.597285     0.560210     0.520187     0.477336     0.431734     0.383416     0.332377     0.278578     0.221953     0.162425     0.099912     0.034340    -0.034340
    0.037515     0.109023     0.177007     0.241463     0.302385     0.359767     0.413596     0.463858     0.510528     0.553572     0.592939     0.628564     0.660365     0.688244     0.712094     0.731801     0.747254     0.758356     0.765032     0.767236     0.764962     0.758244     0.747161     0.731833     0.712416     0.689095     0.662069     0.631546     0.597724     0.560783     0.520872     0.478105     0.432555     0.384254     0.333193     0.279332     0.222607     0.162939     0.100248     0.034464    -0.034464
    0.037504     0.108993     0.176960     0.241400     0.302306     0.359670     0.413479     0.463716     0.510355     0.553360     0.592681     0.628253     0.659997     0.687817     0.711608     0.731263     0.746675     0.757752     0.764422     0.766643     0.764410     0.757759     0.746767     0.731553     0.712267     0.689090     0.662215     0.631842     0.598163     0.561350     0.521546     0.478860     0.433359     0.385072     0.333988     0.280066     0.223242     0.163437     0.100574     0.034584    -0.034584
    0.037493     0.108962     0.176911     0.241334     0.302223     0.359569     0.413357     0.463568     0.510176     0.553142     0.592419     0.627940     0.659629     0.687392     0.711129     0.730736     0.746110     0.757164     0.763830     0.766070     0.763879     0.757295     0.746394     0.731290     0.712133     0.689096     0.662367     0.632141     0.598600     0.561910     0.522210     0.479601     0.434146     0.385871     0.334763     0.280780     0.223858     0.163921     0.100891     0.034699    -0.034699
    0.037482     0.108932     0.176862     0.241267     0.302138     0.359464     0.413229     0.463414     0.509991     0.552920     0.592153     0.627626     0.659262     0.686971     0.710657     0.730218     0.745558     0.756592     0.763257     0.765516     0.763368     0.756851     0.746038     0.731044     0.712012     0.689112     0.662526     0.632441     0.599034     0.562464     0.522862     0.480327     0.434916     0.386651     0.335518     0.281475     0.224457     0.164390     0.101197     0.034812    -0.034812
    0.037472     0.108901     0.176812     0.241198     0.302050     0.359355     0.413098     0.463256     0.509801     0.552694     0.591885     0.627311     0.658896     0.686555     0.710192     0.729711     0.745019     0.756035     0.762700     0.764981     0.762877     0.756425     0.745700     0.730813     0.711904     0.689138     0.662690     0.632742     0.599464     0.563009     0.523503     0.481037     0.435667     0.387411     0.336253     0.282150     0.225038     0.164844     0.101493     0.034920    -0.034920
    0.037461     0.108870     0.176762     0.241128     0.301960     0.359244     0.412964     0.463095     0.509609     0.552465     0.591615     0.626995     0.658533     0.686142     0.709734     0.729213     0.744492     0.755494     0.762161     0.764464     0.762403     0.756017     0.745379     0.730597     0.711809     0.689172     0.662859     0.633044     0.599891     0.563547     0.524132     0.481733     0.436401     0.388151     0.336967     0.282805     0.225602     0.165284     0.101779     0.035024    -0.035024
    0.037451     0.108840     0.176712     0.241058     0.301870     0.359132     0.412827     0.462931     0.509414     0.552235     0.591344     0.626680     0.658172     0.685735     0.709284     0.728726     0.743978     0.754967     0.761638     0.763964     0.761948     0.755627     0.745074     0.730395     0.711724     0.689214     0.663031     0.633345     0.600313     0.564076     0.524749     0.482413     0.437117     0.388872     0.337662     0.283441     0.226148     0.165710     0.102056     0.035125    -0.035125
    0.037441     0.108811     0.176662     0.240989     0.301779     0.359019     0.412689     0.462766     0.509217     0.552003     0.591073     0.626367     0.657814     0.685334     0.708841     0.728249     0.743477     0.754455     0.761131     0.763481     0.761509     0.755253     0.744784     0.730206     0.711649     0.689262     0.663207     0.633645     0.600730     0.564596     0.525353     0.483078     0.437814     0.389574     0.338337     0.284058     0.226676     0.166121     0.102324     0.035223    -0.035223
    0.037432     0.108782     0.176613     0.240919     0.301688     0.358905     0.412551     0.462600     0.509020     0.551771     0.590803     0.626055     0.657460     0.684938     0.708407     0.727783     0.742988     0.753957     0.760640     0.763015     0.761087     0.754895     0.744509     0.730029     0.711584     0.689317     0.663385     0.633944     0.601142     0.565107     0.525944     0.483726     0.438494     0.390256     0.338992     0.284656     0.227188     0.166520     0.102582     0.035316    -0.035316
    0.037423     0.108754     0.176566     0.240851     0.301598     0.358792     0.412412     0.462433     0.508822     0.551539     0.590533     0.625746     0.657110     0.684548     0.707980     0.727326     0.742512     0.753472     0.760164     0.762564     0.760681     0.754552     0.744247     0.729864     0.711527     0.689377     0.663565     0.634241     0.601548     0.565608     0.526522     0.484359     0.439156     0.390919     0.339627     0.285236     0.227684     0.166904     0.102831     0.035407    -0.035407
    0.037414     0.108726     0.176519     0.240783     0.301508     0.358679     0.412273     0.462266     0.508625     0.551308     0.590266     0.625440     0.656764     0.684164     0.707562     0.726880     0.742047     0.753002     0.759702     0.762129     0.760290     0.754224     0.743998     0.729710     0.711479     0.689442     0.663746     0.634536     0.601947     0.566100     0.527087     0.484976     0.439800     0.391563     0.340244     0.285797     0.228163     0.167276     0.103071     0.035494    -0.035494
    0.037406     0.108700     0.176473     0.240717     0.301420     0.358567     0.412136     0.462101     0.508429     0.551078     0.590000     0.625137     0.656424     0.683787     0.707152     0.726444     0.741594     0.752544     0.759255     0.761708     0.759914     0.753909     0.743761     0.729565     0.711438     0.689512     0.663928     0.634827     0.602340     0.566581     0.527639     0.485577     0.440426     0.392188     0.340841     0.286340     0.228626     0.167635     0.103303     0.035578    -0.035578
    0.037398     0.108675     0.176429     0.240653     0.301334     0.358456     0.412000     0.461937     0.508234     0.550850     0.589738     0.624838     0.656088     0.683416     0.706750     0.726018     0.741153     0.752100     0.758822     0.761302     0.759551     0.753607     0.743536     0.729431     0.711404     0.689585     0.664110     0.635115     0.602726     0.567052     0.528178     0.486162     0.441034     0.392795     0.341420     0.286865     0.229073     0.167981     0.103527     0.035659    -0.035659
    0.037390     0.108651     0.176387     0.240590     0.301249     0.358348     0.411865     0.461774     0.508041     0.550625     0.589478     0.624543     0.655758     0.683053     0.706357     0.725602     0.740723     0.751668     0.758401     0.760909     0.759202     0.753318     0.743322     0.729305     0.711376     0.689661     0.664292     0.635400     0.603105     0.567512     0.528703     0.486732     0.441625     0.393383     0.341980     0.287373     0.229505     0.168315     0.103742     0.035736    -0.035736
    0.037383     0.108628     0.176346     0.240529     0.301166     0.358241     0.411733     0.461614     0.507851     0.550403     0.589222     0.624253     0.655433     0.682696     0.705973     0.725196     0.740304     0.751249     0.757994     0.760530     0.758866     0.753041     0.743119     0.729187     0.711354     0.689741     0.664474     0.635681     0.603477     0.567962     0.529215     0.487285     0.442199     0.393953     0.342522     0.287864     0.229922     0.168637     0.103949     0.035811    -0.035811
    0.037377     0.108606     0.176306     0.240470     0.301085     0.358136     0.411602     0.461456     0.507663     0.550184     0.588970     0.623967     0.655114     0.682346     0.705597     0.724800     0.739897     0.750841     0.757600     0.760163     0.758542     0.752775     0.742925     0.729078     0.711338     0.689822     0.664655     0.635957     0.603841     0.568402     0.529713     0.487823     0.442755     0.394505     0.343047     0.288338     0.230324     0.168947     0.104149     0.035883    -0.035883
    0.037371     0.108586     0.176269     0.240413     0.301007     0.358034     0.411475     0.461301     0.507478     0.549968     0.588722     0.623686     0.654801     0.682004     0.705229     0.724413     0.739501     0.750446     0.757218     0.759809     0.758231     0.752521     0.742741     0.728976     0.711326     0.689906     0.664835     0.636229     0.604197     0.568830     0.530198     0.488346     0.443295     0.395040     0.343554     0.288796     0.230712     0.169245     0.104341     0.035952    -0.035952
    0.037365     0.108566     0.176233     0.240358     0.300931     0.357935     0.411350     0.461148     0.507297     0.549756     0.588478     0.623410     0.654495     0.681669     0.704870     0.724037     0.739115     0.750061     0.756848     0.759467     0.757931     0.752277     0.742566     0.728881     0.711319     0.689991     0.665013     0.636497     0.604546     0.569248     0.530670     0.488854     0.443818     0.395557     0.344044     0.289238     0.231086     0.169533     0.104525     0.036018    -0.036018
    0.037360     0.108548     0.176199     0.240306     0.300857     0.357839     0.411228     0.460999     0.507119     0.549548     0.588239     0.623140     0.654194     0.681341     0.704519     0.723669     0.738740     0.749689     0.756490     0.759136     0.757641     0.752043     0.742400     0.728792     0.711315     0.690077     0.665189     0.636759     0.604887     0.569655     0.531129     0.489346     0.444325     0.396057     0.344518     0.289665     0.231447     0.169810     0.104703     0.036082    -0.036082
    0.037356     0.108531     0.176167     0.240255     0.300787     0.357745     0.411110     0.460854     0.506945     0.549344     0.588004     0.622875     0.653901     0.681021     0.704177     0.723312     0.738375     0.749327     0.756143     0.758817     0.757363     0.751818     0.742241     0.728709     0.711316     0.690165     0.665363     0.637017     0.605220     0.570052     0.531574     0.489824     0.444816     0.396541     0.344975     0.290076     0.231794     0.170076     0.104873     0.036143    -0.036143
    0.037352     0.108516     0.176136     0.240207     0.300719     0.357654     0.410994     0.460712     0.506775     0.549144     0.587775     0.622616     0.653613     0.680708     0.703843     0.722963     0.738020     0.748976     0.755807     0.758508     0.757095     0.751603     0.742090     0.728632     0.711320     0.690253     0.665535     0.637269     0.605544     0.570438     0.532007     0.490287     0.445291     0.397009     0.345416     0.290472     0.232128     0.170333     0.105037     0.036201    -0.036201
    0.037348     0.108501     0.176108     0.240162     0.300653     0.357567     0.410882     0.460574     0.506609     0.548949     0.587550     0.622363     0.653332     0.680403     0.703518     0.722624     0.737675     0.748635     0.755481     0.758210     0.756837     0.751397     0.741947     0.728561     0.711326     0.690341     0.665705     0.637516     0.605861     0.570814     0.532427     0.490736     0.445750     0.397461     0.345842     0.290854     0.232450     0.170579     0.105194     0.036258    -0.036258
    0.037345     0.108488     0.176081     0.240119     0.300591     0.357482     0.410774     0.460439     0.506447     0.548759     0.587331     0.622115     0.653058     0.680105     0.703201     0.722294     0.737340     0.748304     0.755166     0.757922     0.756588     0.751199     0.741810     0.728494     0.711336     0.690429     0.665872     0.637758     0.606170     0.571179     0.532835     0.491170     0.446194     0.397897     0.346253     0.291222     0.232759     0.170816     0.105345     0.036311    -0.036311
    0.037342     0.108475     0.176056     0.240078     0.300531     0.357401     0.410669     0.460309     0.506289     0.548573     0.587117     0.621874     0.652791     0.679815     0.702892     0.721973     0.737015     0.747984     0.754861     0.757644     0.756348     0.751009     0.741680     0.728432     0.711347     0.690518     0.666037     0.637994     0.606471     0.571533     0.533230     0.491591     0.446624     0.398319     0.346649     0.291577     0.233057     0.171043     0.105490     0.036363    -0.036363
    0.037339     0.108464     0.176033     0.240039     0.300474     0.357323     0.410567     0.460182     0.506136     0.548392     0.586909     0.621638     0.652530     0.679532     0.702591     0.721661     0.736699     0.747673     0.754566     0.757375     0.756118     0.750827     0.741556     0.728374     0.711361     0.690606     0.666198     0.638225     0.606763     0.571877     0.533613     0.491998     0.447039     0.398725     0.347030     0.291918     0.233343     0.171261     0.105629     0.036413    -0.036413
    0.037337     0.108454     0.176011     0.240003     0.300420     0.357248     0.410470     0.460059     0.505987     0.548216     0.586706     0.621409     0.652276     0.679256     0.702299     0.721358     0.736392     0.747372     0.754280     0.757116     0.755895     0.750652     0.741438     0.728320     0.711377     0.690693     0.666356     0.638450     0.607048     0.572212     0.533985     0.492392     0.447440     0.399117     0.347398     0.292246     0.233619     0.171471     0.105763     0.036460    -0.036460
    0.037336     0.108446     0.175992     0.239969     0.300368     0.357176     0.410375     0.459941     0.505843     0.548045     0.586508     0.621185     0.652028     0.678988     0.702014     0.721063     0.736094     0.747080     0.754004     0.756865     0.755681     0.750484     0.741326     0.728271     0.711394     0.690780     0.666512     0.638670     0.607325     0.572536     0.534344     0.492772     0.447827     0.399495     0.347752     0.292562     0.233883     0.171672     0.105891     0.036505    -0.036505
    0.037334     0.108438     0.175973     0.239937     0.300319     0.357108     0.410285     0.459826     0.505703     0.547879     0.586316     0.620968     0.651787     0.678727     0.701738     0.720776     0.735805     0.746797     0.753736     0.756623     0.755475     0.750323     0.741219     0.728224     0.711413     0.690866     0.666664     0.638884     0.607594     0.572850     0.534692     0.493140     0.448200     0.399859     0.348093     0.292866     0.234137     0.171866     0.106013     0.036549    -0.036549
    0.037333     0.108431     0.175957     0.239907     0.300273     0.357043     0.410198     0.459716     0.505567     0.547718     0.586129     0.620756     0.651553     0.678473     0.701469     0.720498     0.735524     0.746522     0.753477     0.756389     0.755276     0.750169     0.741117     0.728181     0.711433     0.690951     0.666813     0.639092     0.607855     0.573155     0.535028     0.493496     0.448561     0.400211     0.348421     0.293157     0.234381     0.172051     0.106131     0.036590    -0.036590
    0.037333     0.108425     0.175942     0.239879     0.300230     0.356980     0.410114     0.459609     0.505436     0.547562     0.585947     0.620550     0.651325     0.678226     0.701207     0.720228     0.735252     0.746256     0.753227     0.756164     0.755084     0.750020     0.741019     0.728141     0.711454     0.691035     0.666958     0.639295     0.608109     0.573450     0.535354     0.493839     0.448908     0.400549     0.348737     0.293438     0.234615     0.172229     0.106243     0.036630    -0.036630
    0.037332     0.108420     0.175928     0.239854     0.300188     0.356921     0.410034     0.459506     0.505309     0.547410     0.585771     0.620351     0.651104     0.677986     0.700953     0.719965     0.734989     0.745999     0.752984     0.755946     0.754900     0.749878     0.740926     0.728103     0.711476     0.691118     0.667100     0.639493     0.608355     0.573736     0.535669     0.494170     0.449243     0.400875     0.349040     0.293708     0.234840     0.172399     0.106351     0.036668    -0.036668
    0.037332     0.108416     0.175916     0.239830     0.300150     0.356865     0.409958     0.459407     0.505187     0.547264     0.585601     0.620157     0.650889     0.677754     0.700707     0.719711     0.734733     0.745750     0.752750     0.755735     0.754722     0.749741     0.740838     0.728069     0.711499     0.691199     0.667239     0.639684     0.608594     0.574013     0.535973     0.494490     0.449566     0.401188     0.349332     0.293966     0.235055     0.172562     0.106454     0.036705    -0.036705
    0.037333     0.108412     0.175906     0.239808     0.300114     0.356811     0.409884     0.459312     0.505069     0.547122     0.585435     0.619969     0.650681     0.677527     0.700468     0.719464     0.734485     0.745508     0.752523     0.755532     0.754550     0.749610     0.740753     0.728037     0.711523     0.691279     0.667374     0.639871     0.608825     0.574280     0.536266     0.494799     0.449877     0.401490     0.349613     0.294215     0.235262     0.172719     0.106553     0.036739    -0.036739
    0.037333     0.108410     0.175896     0.239788     0.300080     0.356761     0.409814     0.459221     0.504955     0.546985     0.585275     0.619787     0.650478     0.677308     0.700236     0.719225     0.734245     0.745274     0.752304     0.755335     0.754385     0.749484     0.740673     0.728007     0.711546     0.691358     0.667506     0.640052     0.609049     0.574539     0.536550     0.495096     0.450177     0.401780     0.349882     0.294454     0.235461     0.172869     0.106648     0.036773    -0.036773
    0.037334     0.108408     0.175888     0.239770     0.300049     0.356713     0.409748     0.459134     0.504846     0.546853     0.585120     0.619610     0.650282     0.677095     0.700011     0.718992     0.734012     0.745048     0.752092     0.755146     0.754226     0.749362     0.740596     0.727979     0.711571     0.691435     0.667634     0.640228     0.609266     0.574789     0.536824     0.495383     0.450466     0.402059     0.350142     0.294683     0.235651     0.173012     0.106738     0.036805    -0.036805
    0.037335     0.108407     0.175881     0.239754     0.300019     0.356668     0.409684     0.459050     0.504740     0.546725     0.584970     0.619439     0.650092     0.676889     0.699792     0.718768     0.733786     0.744829     0.751887     0.754963     0.754073     0.749246     0.740522     0.727953     0.711595     0.691510     0.667759     0.640398     0.609476     0.575031     0.537088     0.495659     0.450744     0.402328     0.350391     0.294903     0.235833     0.173150     0.106825     0.036835    -0.036835
    0.037336     0.108407     0.175875     0.239739     0.299992     0.356625     0.409624     0.458970     0.504639     0.546602     0.584825     0.619274     0.649908     0.676689     0.699581     0.718550     0.733568     0.744617     0.751689     0.754786     0.753925     0.749134     0.740452     0.727929     0.711620     0.691584     0.667881     0.640564     0.609680     0.575265     0.537343     0.495926     0.451011     0.402586     0.350630     0.295114     0.236008     0.173282     0.106908     0.036864    -0.036864
    0.037337     0.108407     0.175871     0.239726     0.299967     0.356585     0.409567     0.458893     0.504541     0.546483     0.584685     0.619113     0.649729     0.676496     0.699376     0.718338     0.733356     0.744412     0.751497     0.754616     0.753783     0.749027     0.740385     0.727906     0.711645     0.691657     0.667999     0.640724     0.609876     0.575491     0.537589     0.496182     0.451268     0.402834     0.350859     0.295316     0.236175     0.173408     0.106987     0.036892    -0.036892
    0.037339     0.108408     0.175867     0.239714     0.299944     0.356547     0.409512     0.458820     0.504448     0.546368     0.584550     0.618959     0.649557     0.676308     0.699178     0.718134     0.733152     0.744214     0.751312     0.754451     0.753646     0.748923     0.740321     0.727886     0.711669     0.691727     0.668114     0.640879     0.610067     0.575708     0.537826     0.496430     0.451516     0.403073     0.351079     0.295510     0.236336     0.173528     0.107063     0.036918    -0.036918
    0.037341     0.108409     0.175864     0.239704     0.299922     0.356512     0.409460     0.458750     0.504358     0.546258     0.584420     0.618809     0.649390     0.676127     0.698985     0.717936     0.732954     0.744022     0.751133     0.754292     0.753514     0.748824     0.740260     0.727866     0.711694     0.691796     0.668225     0.641030     0.610250     0.575919     0.538055     0.496667     0.451754     0.403302     0.351291     0.295696     0.236489     0.173644     0.107135     0.036944    -0.036944
    0.037343     0.108411     0.175863     0.239695     0.299903     0.356479     0.409411     0.458683     0.504272     0.546152     0.584294     0.618664     0.649228     0.675951     0.698799     0.717744     0.732762     0.743836     0.750961     0.754139     0.753386     0.748728     0.740201     0.727848     0.711718     0.691863     0.668333     0.641175     0.610428     0.576122     0.538275     0.496896     0.451983     0.403522     0.351494     0.295874     0.236637     0.173754     0.107204     0.036968    -0.036968
    0.037345     0.108414     0.175862     0.239687     0.299885     0.356448     0.409365     0.458619     0.504189     0.546050     0.584173     0.618524     0.649072     0.675781     0.698619     0.717559     0.732576     0.743657     0.750794     0.753991     0.753263     0.748637     0.740145     0.727831     0.711742     0.691929     0.668438     0.641316     0.610599     0.576317     0.538487     0.497117     0.452203     0.403733     0.351688     0.296045     0.236778     0.173860     0.107271     0.036991    -0.036991
    0.037347     0.108417     0.175862     0.239680     0.299869     0.356419     0.409321     0.458558     0.504110     0.545952     0.584056     0.618390     0.648921     0.675616     0.698445     0.717380     0.732397     0.743483     0.750632     0.753848     0.753145     0.748548     0.740092     0.727816     0.711766     0.691992     0.668540     0.641452     0.610765     0.576506     0.538691     0.497329     0.452414     0.403936     0.351875     0.296209     0.236912     0.173961     0.107334     0.037013    -0.037013
    0.037349     0.108420     0.175862     0.239675     0.299854     0.356393     0.409280     0.458500     0.504034     0.545858     0.583943     0.618259     0.648775     0.675458     0.698277     0.717206     0.732224     0.743316     0.750476     0.753710     0.753031     0.748464     0.740040     0.727801     0.711790     0.692054     0.668638     0.641584     0.610925     0.576688     0.538888     0.497533     0.452617     0.404131     0.352054     0.296366     0.237042     0.174058     0.107394     0.037034    -0.037034
    0.037352     0.108424     0.175864     0.239671     0.299841     0.356368     0.409241     0.458445     0.503962     0.545767     0.583835     0.618134     0.648634     0.675304     0.698114     0.717038     0.732056     0.743153     0.750326     0.753577     0.752921     0.748382     0.739991     0.727787     0.711813     0.692114     0.668734     0.641711     0.611079     0.576863     0.539078     0.497729     0.452812     0.404317     0.352226     0.296516     0.237165     0.174151     0.107452     0.037054    -0.037054
    0.037354     0.108428     0.175866     0.239667     0.299829     0.356345     0.409204     0.458393     0.503893     0.545681     0.583730     0.618013     0.648498     0.675155     0.697956     0.716876     0.731894     0.742997     0.750180     0.753449     0.752815     0.748304     0.739944     0.727774     0.711836     0.692173     0.668826     0.641834     0.611228     0.577032     0.539260     0.497917     0.453000     0.404497     0.352390     0.296660     0.237284     0.174239     0.107507     0.037073    -0.037073
    0.037357     0.108432     0.175868     0.239665     0.299819     0.356324     0.409170     0.458343     0.503827     0.545597     0.583630     0.617896     0.648367     0.675012     0.697804     0.716719     0.731737     0.742846     0.750040     0.753325     0.752713     0.748228     0.739899     0.727762     0.711859     0.692230     0.668915     0.641952     0.611371     0.577194     0.539435     0.498098     0.453180     0.404669     0.352548     0.296798     0.237397     0.174324     0.107560     0.037091    -0.037091
    0.037360     0.108437     0.175871     0.239663     0.299809     0.356304     0.409137     0.458296     0.503763     0.545517     0.583533     0.617783     0.648240     0.674873     0.697657     0.716567     0.731586     0.742699     0.749904     0.753205     0.752615     0.748155     0.739856     0.727751     0.711881     0.692285     0.669002     0.642067     0.611510     0.577351     0.539604     0.498272     0.453353     0.404834     0.352699     0.296930     0.237505     0.174404     0.107610     0.037109    -0.037109
    0.037362     0.108441     0.175875     0.239663     0.299801     0.356286     0.409107     0.458252     0.503703     0.545441     0.583440     0.617675     0.648118     0.674740     0.697515     0.716421     0.731439     0.742558     0.749774     0.753090     0.752520     0.748086     0.739814     0.727741     0.711902     0.692338     0.669085     0.642178     0.611643     0.577502     0.539766     0.498440     0.453518     0.404992     0.352844     0.297057     0.237609     0.174482     0.107658     0.037125    -0.037125
    0.037365     0.108447     0.175879     0.239663     0.299795     0.356269     0.409078     0.458209     0.503646     0.545367     0.583351     0.617571     0.648000     0.674611     0.697378     0.716279     0.731298     0.742422     0.749647     0.752979     0.752429     0.748018     0.739775     0.727731     0.711923     0.692390     0.669166     0.642284     0.611771     0.577647     0.539922     0.498600     0.453678     0.405144     0.352983     0.297178     0.237708     0.174556     0.107704     0.037141    -0.037141
    0.037368     0.108452     0.175884     0.239664     0.299789     0.356254     0.409052     0.458169     0.503591     0.545297     0.583265     0.617470     0.647886     0.674486     0.697245     0.716143     0.731161     0.742290     0.749525     0.752871     0.752341     0.747954     0.739737     0.727722     0.711944     0.692440     0.669244     0.642387     0.611895     0.577786     0.540072     0.498755     0.453830     0.405289     0.353116     0.297293     0.237803     0.174626     0.107748     0.037157    -0.037157
    0.037371     0.108457     0.175889     0.239665     0.299784     0.356240     0.409027     0.458131     0.503538     0.545230     0.583183     0.617374     0.647776     0.674366     0.697118     0.716011     0.731029     0.742163     0.749408     0.752768     0.752256     0.747891     0.739700     0.727713     0.711964     0.692488     0.669319     0.642486     0.612014     0.577921     0.540216     0.498903     0.453977     0.405429     0.353244     0.297404     0.237894     0.174694     0.107790     0.037171    -0.037171
    0.037374     0.108463     0.175894     0.239667     0.299780     0.356228     0.409003     0.458095     0.503488     0.545165     0.583104     0.617281     0.647671     0.674250     0.696994     0.715883     0.730902     0.742040     0.749294     0.752668     0.752174     0.747831     0.739665     0.727705     0.711984     0.692535     0.669392     0.642582     0.612129     0.578050     0.540354     0.499045     0.454118     0.405563     0.353366     0.297511     0.237980     0.174758     0.107830     0.037185    -0.037185
    0.037377     0.108469     0.175900     0.239670     0.299777     0.356216     0.408981     0.458061     0.503441     0.545103     0.583028     0.617191     0.647569     0.674138     0.696875     0.715760     0.730779     0.741921     0.749184     0.752572     0.752095     0.747774     0.739631     0.727697     0.712003     0.692580     0.669462     0.642674     0.612239     0.578174     0.540488     0.499182     0.454253     0.405691     0.353483     0.297612     0.238063     0.174820     0.107868     0.037198    -0.037198
    0.037380     0.108475     0.175906     0.239673     0.299775     0.356206     0.408961     0.458029     0.503396     0.545044     0.582955     0.617105     0.647471     0.674030     0.696760     0.715642     0.730660     0.741807     0.749078     0.752479     0.752019     0.747718     0.739599     0.727690     0.712021     0.692624     0.669529     0.642763     0.612346     0.578294     0.540615     0.499313     0.454382     0.405814     0.353595     0.297710     0.238143     0.174879     0.107905     0.037211    -0.037211
    0.037383     0.108481     0.175912     0.239677     0.299773     0.356197     0.408942     0.457999     0.503353     0.544988     0.582885     0.617022     0.647377     0.673926     0.696649     0.715527     0.730546     0.741697     0.748976     0.752389     0.751946     0.747665     0.739568     0.727683     0.712039     0.692667     0.669595     0.642848     0.612448     0.578409     0.540738     0.499439     0.454506     0.405931     0.353702     0.297803     0.238219     0.174935     0.107940     0.037223    -0.037223
    0.037386     0.108487     0.175919     0.239681     0.299772     0.356189     0.408925     0.457970     0.503312     0.544934     0.582818     0.616943     0.647286     0.673826     0.696542     0.715417     0.730435     0.741590     0.748878     0.752303     0.751876     0.747613     0.739538     0.727676     0.712056     0.692707     0.669657     0.642930     0.612546     0.578519     0.540856     0.499560     0.454625     0.406044     0.353805     0.297892     0.238291     0.174989     0.107973     0.037234    -0.037234
    0.037389     0.108493     0.175925     0.239685     0.299772     0.356182     0.408908     0.457943     0.503273     0.544883     0.582754     0.616866     0.647199     0.673729     0.696439     0.715310     0.730329     0.741487     0.748783     0.752219     0.751808     0.747564     0.739509     0.727670     0.712073     0.692747     0.669718     0.643010     0.612641     0.578625     0.540970     0.499676     0.454740     0.406153     0.353903     0.297977     0.238361     0.175040     0.108005     0.037245    -0.037245
    0.037392     0.108499     0.175932     0.239690     0.299772     0.356175     0.408893     0.457918     0.503236     0.544833     0.582692     0.616793     0.647114     0.673636     0.696340     0.715207     0.730226     0.741388     0.748691     0.752139     0.751742     0.747516     0.739482     0.727664     0.712089     0.692785     0.669776     0.643086     0.612732     0.578727     0.541078     0.499787     0.454849     0.406256     0.353997     0.298059     0.238427     0.175090     0.108035     0.037255    -0.037255
    0.037394     0.108505     0.175939     0.239695     0.299773     0.356170     0.408879     0.457894     0.503201     0.544786     0.582633     0.616722     0.647033     0.673547     0.696244     0.715108     0.730127     0.741292     0.748603     0.752062     0.751679     0.747470     0.739455     0.727658     0.712105     0.692822     0.669832     0.643159     0.612819     0.578825     0.541183     0.499894     0.454954     0.406356     0.354087     0.298137     0.238491     0.175137     0.108064     0.037265    -0.037265
    0.037397     0.108512     0.175946     0.239701     0.299775     0.356165     0.408867     0.457871     0.503167     0.544741     0.582577     0.616654     0.646956     0.673461     0.696151     0.715012     0.730031     0.741200     0.748517     0.751987     0.751618     0.747426     0.739430     0.727653     0.712120     0.692857     0.669887     0.643230     0.612904     0.578919     0.541283     0.499996     0.455055     0.406451     0.354174     0.298211     0.238551     0.175182     0.108092     0.037275    -0.037275
    0.037400     0.108518     0.175953     0.239706     0.299776     0.356161     0.408855     0.457850     0.503136     0.544698     0.582522     0.616589     0.646881     0.673378     0.696062     0.714920     0.729939     0.741111     0.748435     0.751915     0.751559     0.747383     0.739405     0.727648     0.712135     0.692891     0.669939     0.643298     0.612984     0.579010     0.541379     0.500095     0.455151     0.406542     0.354256     0.298283     0.238609     0.175225     0.108119     0.037284    -0.037284
    0.037403     0.108524     0.175960     0.239712     0.299779     0.356158     0.408844     0.457830     0.503106     0.544658     0.582470     0.616527     0.646809     0.673298     0.695977     0.714831     0.729849     0.741025     0.748356     0.751845     0.751503     0.747342     0.739382     0.727643     0.712149     0.692924     0.669989     0.643363     0.613062     0.579097     0.541472     0.500189     0.455244     0.406629     0.354336     0.298351     0.238665     0.175266     0.108144     0.037293    -0.037293
    0.037406     0.108530     0.175967     0.239718     0.299781     0.356155     0.408834     0.457811     0.503077     0.544618     0.582421     0.616467     0.646739     0.673220     0.695894     0.714745     0.729764     0.740942     0.748279     0.751778     0.751448     0.747302     0.739359     0.727638     0.712163     0.692956     0.670037     0.643426     0.613137     0.579180     0.541561     0.500279     0.455332     0.406713     0.354411     0.298417     0.238718     0.175305     0.108168     0.037301    -0.037301
    0.037409     0.108536     0.175975     0.239724     0.299784     0.356153     0.408825     0.457794     0.503050     0.544581     0.582373     0.616409     0.646673     0.673146     0.695814     0.714663     0.729681     0.740862     0.748206     0.751714     0.751396     0.747264     0.739337     0.727634     0.712176     0.692986     0.670083     0.643486     0.613209     0.579260     0.541646     0.500366     0.455417     0.406793     0.354484     0.298480     0.238769     0.175342     0.108191     0.037309    -0.037309
    0.037412     0.108542     0.175982     0.239731     0.299788     0.356151     0.408816     0.457777     0.503024     0.544546     0.582327     0.616354     0.646609     0.673075     0.695738     0.714583     0.729601     0.740785     0.748134     0.751652     0.751345     0.747228     0.739316     0.727629     0.712189     0.693015     0.670128     0.643544     0.613278     0.579337     0.541727     0.500449     0.455499     0.406870     0.354554     0.298540     0.238818     0.175378     0.108213     0.037316    -0.037316
    0.037414     0.108549     0.175989     0.239737     0.299791     0.356150     0.408809     0.457762     0.503000     0.544512     0.582284     0.616301     0.646547     0.673006     0.695664     0.714506     0.729524     0.740711     0.748066     0.751592     0.751296     0.747192     0.739296     0.727625     0.712201     0.693043     0.670171     0.643600     0.613344     0.579411     0.541806     0.500529     0.455577     0.406944     0.354620     0.298597     0.238864     0.175413     0.108234     0.037324    -0.037324
    0.037417     0.108555     0.175997     0.239743     0.299795     0.356149     0.408802     0.457747     0.502977     0.544479     0.582242     0.616250     0.646488     0.672940     0.695593     0.714432     0.729450     0.740640     0.748000     0.751534     0.751249     0.747158     0.739276     0.727621     0.712213     0.693071     0.670212     0.643654     0.613407     0.579482     0.541881     0.500606     0.455652     0.407014     0.354684     0.298652     0.238909     0.175446     0.108255     0.037331    -0.037331
    0.037420     0.108560     0.176004     0.239750     0.299799     0.356149     0.408795     0.457734     0.502955     0.544448     0.582202     0.616201     0.646431     0.672877     0.695524     0.714361     0.729378     0.740571     0.747936     0.751478     0.751204     0.747125     0.739257     0.727617     0.712224     0.693097     0.670252     0.643705     0.613469     0.579550     0.541953     0.500679     0.455724     0.407082     0.354745     0.298705     0.238951     0.175477     0.108274     0.037337    -0.037337
    0.037422     0.108566     0.176011     0.239757     0.299803     0.356149     0.408790     0.457721     0.502934     0.544419     0.582164     0.616154     0.646376     0.672816     0.695458     0.714292     0.729310     0.740504     0.747875     0.751424     0.751160     0.747094     0.739239     0.727614     0.712235     0.693122     0.670290     0.643755     0.613527     0.579615     0.542022     0.500749     0.455793     0.407147     0.354804     0.298755     0.238992     0.175507     0.108293     0.037343    -0.037343
    0.037425     0.108572     0.176018     0.239763     0.299807     0.356149     0.408785     0.457709     0.502914     0.544391     0.582127     0.616109     0.646324     0.672757     0.695395     0.714226     0.729243     0.740440     0.747815     0.751372     0.751118     0.747063     0.739222     0.727610     0.712246     0.693146     0.670327     0.643802     0.613584     0.579678     0.542089     0.500817     0.455859     0.407209     0.354860     0.298803     0.239031     0.175536     0.108310     0.037349    -0.037349
    0.037427     0.108578     0.176025     0.239770     0.299812     0.356150     0.408780     0.457698     0.502896     0.544364     0.582092     0.616066     0.646274     0.672700     0.695334     0.714163     0.729179     0.740378     0.747758     0.751322     0.751077     0.747034     0.739205     0.727606     0.712256     0.693169     0.670362     0.643848     0.613638     0.579738     0.542153     0.500882     0.455922     0.407268     0.354913     0.298850     0.239069     0.175563     0.108327     0.037355    -0.037355
    0.037430     0.108583     0.176032     0.239776     0.299816     0.356151     0.408776     0.457687     0.502878     0.544339     0.582058     0.616025     0.646225     0.672646     0.695275     0.714101     0.729118     0.740319     0.747703     0.751274     0.751038     0.747005     0.739188     0.727603     0.712265     0.693191     0.670396     0.643892     0.613690     0.579796     0.542214     0.500944     0.455983     0.407325     0.354965     0.298894     0.239104     0.175590     0.108343     0.037361    -0.037361
    0.037432     0.108589     0.176039     0.239783     0.299821     0.356152     0.408772     0.457678     0.502861     0.544314     0.582026     0.615985     0.646179     0.672593     0.695218     0.714042     0.729058     0.740261     0.747650     0.751228     0.751000     0.746978     0.739173     0.727600     0.712275     0.693213     0.670428     0.643934     0.613740     0.579851     0.542273     0.501003     0.456041     0.407380     0.355014     0.298936     0.239139     0.175615     0.108359     0.037366    -0.037366
    0.037434     0.108594     0.176046     0.239790     0.299826     0.356153     0.408769     0.457669     0.502846     0.544291     0.581996     0.615947     0.646134     0.672543     0.695164     0.713985     0.729001     0.740206     0.747599     0.751183     0.750964     0.746951     0.739158     0.727597     0.712283     0.693233     0.670460     0.643975     0.613788     0.579905     0.542329     0.501061     0.456097     0.407432     0.355061     0.298977     0.239172     0.175639     0.108374     0.037371    -0.037371
    0.037437     0.108599     0.176052     0.239796     0.299831     0.356155     0.408766     0.457660     0.502830     0.544269     0.581966     0.615911     0.646091     0.672495     0.695111     0.713931     0.728946     0.740153     0.747550     0.751140     0.750929     0.746926     0.739143     0.727593     0.712292     0.693253     0.670490     0.644013     0.613834     0.579956     0.542383     0.501115     0.456150     0.407482     0.355107     0.299016     0.239203     0.175662     0.108388     0.037376    -0.037376
    0.037439     0.108604     0.176059     0.239802     0.299835     0.356157     0.408764     0.457652     0.502816     0.544248     0.581938     0.615876     0.646050     0.672448     0.695061     0.713878     0.728893     0.740102     0.747503     0.751099     0.750895     0.746902     0.739129     0.727590     0.712300     0.693272     0.670518     0.644051     0.613878     0.580005     0.542435     0.501168     0.456201     0.407531     0.355150     0.299053     0.239233     0.175684     0.108401     0.037381    -0.037381
    0.037441     0.108610     0.176065     0.239809     0.299840     0.356159     0.408761     0.457645     0.502803     0.544228     0.581911     0.615842     0.646010     0.672403     0.695012     0.713827     0.728842     0.740052     0.747457     0.751059     0.750863     0.746878     0.739115     0.727587     0.712308     0.693290     0.670546     0.644087     0.613920     0.580052     0.542485     0.501218     0.456251     0.407577     0.355192     0.299089     0.239262     0.175706     0.108414     0.037385    -0.037385
    0.037443     0.108614     0.176072     0.239815     0.299845     0.356161     0.408759     0.457638     0.502790     0.544209     0.581886     0.615810     0.645972     0.672360     0.694965     0.713778     0.728793     0.740005     0.747413     0.751020     0.750831     0.746855     0.739102     0.727585     0.712315     0.693307     0.670573     0.644121     0.613961     0.580097     0.542533     0.501267     0.456298     0.407621     0.355231     0.299123     0.239290     0.175726     0.108427     0.037389    -0.037389
    0.037445     0.108619     0.176078     0.239821     0.299850     0.356163     0.408758     0.457631     0.502778     0.544191     0.581861     0.615779     0.645935     0.672319     0.694920     0.713731     0.728745     0.739959     0.747370     0.750983     0.750801     0.746833     0.739090     0.727582     0.712323     0.693324     0.670598     0.644154     0.614000     0.580141     0.542578     0.501313     0.456343     0.407663     0.355270     0.299156     0.239316     0.175745     0.108439     0.037393    -0.037393
    0.037447     0.108624     0.176084     0.239827     0.299855     0.356165     0.408756     0.457625     0.502766     0.544173     0.581837     0.615750     0.645900     0.672279     0.694877     0.713686     0.728700     0.739914     0.747330     0.750947     0.750772     0.746812     0.739077     0.727579     0.712329     0.693340     0.670623     0.644186     0.614038     0.580182     0.542622     0.501358     0.456386     0.407704     0.355306     0.299187     0.239342     0.175764     0.108450     0.037397    -0.037397
    0.037449     0.108628     0.176090     0.239833     0.299859     0.356167     0.408755     0.457620     0.502756     0.544157     0.581815     0.615721     0.645867     0.672241     0.694836     0.713642     0.728656     0.739872     0.747290     0.750912     0.750744     0.746792     0.739066     0.727576     0.712336     0.693356     0.670646     0.644216     0.614074     0.580222     0.542665     0.501401     0.456428     0.407743     0.355342     0.299218     0.239366     0.175782     0.108461     0.037401    -0.037401
    0.037451     0.108633     0.176095     0.239839     0.299864     0.356170     0.408754     0.457614     0.502745     0.544141     0.581793     0.615694     0.645834     0.672204     0.694795     0.713600     0.728613     0.739831     0.747252     0.750879     0.750717     0.746772     0.739054     0.727574     0.712342     0.693370     0.670669     0.644246     0.614108     0.580261     0.542705     0.501442     0.456468     0.407781     0.355375     0.299246     0.239389     0.175799     0.108472     0.037405    -0.037405
    0.037453     0.108637     0.176101     0.239845     0.299869     0.356172     0.408754     0.457609     0.502735     0.544126     0.581773     0.615668     0.645803     0.672169     0.694757     0.713560     0.728573     0.739791     0.747216     0.750847     0.750691     0.746753     0.739043     0.727571     0.712348     0.693385     0.670690     0.644274     0.614141     0.580298     0.542744     0.501481     0.456506     0.407817     0.355408     0.299274     0.239412     0.175816     0.108482     0.037408    -0.037408
    0.037455     0.108641     0.176107     0.239851     0.299874     0.356175     0.408753     0.457605     0.502726     0.544111     0.581753     0.615643     0.645773     0.672135     0.694720     0.713521     0.728533     0.739753     0.747180     0.750816     0.750666     0.746735     0.739033     0.727569     0.712354     0.693398     0.670711     0.644301     0.614173     0.580333     0.542781     0.501519     0.456543     0.407851     0.355439     0.299301     0.239433     0.175831     0.108492     0.037411    -0.037411
    0.037456     0.108646     0.176112     0.239856     0.299878     0.356177     0.408753     0.457601     0.502717     0.544097     0.581734     0.615619     0.645745     0.672102     0.694684     0.713484     0.728496     0.739717     0.747146     0.750787     0.750641     0.746717     0.739022     0.727567     0.712360     0.693411     0.670731     0.644327     0.614204     0.580367     0.542817     0.501555     0.456579     0.407884     0.355468     0.299326     0.239454     0.175847     0.108501     0.037414    -0.037414
    0.037458     0.108650     0.176117     0.239861     0.299883     0.356180     0.408752     0.457597     0.502709     0.544084     0.581716     0.615596     0.645717     0.672071     0.694650     0.713448     0.728459     0.739681     0.747114     0.750758     0.750618     0.746700     0.739013     0.727564     0.712365     0.693424     0.670750     0.644352     0.614234     0.580400     0.542852     0.501590     0.456612     0.407916     0.355497     0.299351     0.239474     0.175861     0.108510     0.037418    -0.037418
    0.037460     0.108653     0.176122     0.239867     0.299887     0.356183     0.408752     0.457593     0.502701     0.544072     0.581698     0.615574     0.645691     0.672041     0.694617     0.713413     0.728424     0.739647     0.747082     0.750730     0.750595     0.746684     0.739003     0.727562     0.712370     0.693436     0.670769     0.644376     0.614262     0.580431     0.542885     0.501623     0.456645     0.407947     0.355525     0.299375     0.239493     0.175875     0.108518     0.037420    -0.037420
    0.037461     0.108657     0.176127     0.239872     0.299891     0.356185     0.408752     0.457589     0.502694     0.544060     0.581682     0.615553     0.645665     0.672012     0.694585     0.713380     0.728390     0.739615     0.747052     0.750704     0.750574     0.746668     0.738994     0.727560     0.712375     0.693448     0.670787     0.644399     0.614289     0.580461     0.542917     0.501656     0.456676     0.407976     0.355551     0.299397     0.239511     0.175889     0.108527     0.037423    -0.037423
    0.037463     0.108661     0.176132     0.239877     0.299896     0.356188     0.408752     0.457586     0.502687     0.544048     0.581666     0.615532     0.645641     0.671984     0.694555     0.713347     0.728358     0.739583     0.747023     0.750678     0.750553     0.746653     0.738985     0.727558     0.712379     0.693459     0.670804     0.644421     0.614315     0.580490     0.542947     0.501686     0.456706     0.408004     0.355576     0.299419     0.239529     0.175901     0.108535     0.037426    -0.037426
    0.037464     0.108664     0.176137     0.239882     0.299900     0.356190     0.408752     0.457583     0.502680     0.544037     0.581651     0.615513     0.645617     0.671957     0.694525     0.713316     0.728327     0.739553     0.746994     0.750653     0.750533     0.746638     0.738976     0.727555     0.712384     0.693469     0.670820     0.644442     0.614340     0.580518     0.542977     0.501716     0.456735     0.408031     0.355601     0.299440     0.239545     0.175914     0.108542     0.037429    -0.037429
    0.037466     0.108668     0.176141     0.239886     0.299904     0.356193     0.408752     0.457580     0.502673     0.544027     0.581636     0.615494     0.645595     0.671931     0.694497     0.713287     0.728296     0.739523     0.746967     0.750629     0.750513     0.746624     0.738968     0.727553     0.712388     0.693480     0.670836     0.644462     0.614364     0.580544     0.543005     0.501745     0.456763     0.408057     0.355624     0.299460     0.239562     0.175926     0.108550     0.037431    -0.037431
    0.037467     0.108671     0.176146     0.239891     0.299908     0.356195     0.408753     0.457578     0.502667     0.544017     0.581622     0.615476     0.645573     0.671906     0.694470     0.713258     0.728267     0.739495     0.746941     0.750606     0.750494     0.746610     0.738960     0.727551     0.712392     0.693489     0.670851     0.644482     0.614387     0.580570     0.543032     0.501772     0.456790     0.408082     0.355646     0.299479     0.239577     0.175937     0.108557     0.037433    -0.037433
    0.037468     0.108674     0.176150     0.239895     0.299912     0.356198     0.408753     0.457575     0.502661     0.544007     0.581608     0.615459     0.645552     0.671882     0.694443     0.713230     0.728239     0.739468     0.746916     0.750584     0.750476     0.746597     0.738952     0.727549     0.712396     0.693499     0.670865     0.644501     0.614410     0.580595     0.543058     0.501798     0.456815     0.408106     0.355668     0.299498     0.239592     0.175948     0.108563     0.037436    -0.037436
    0.037470     0.108677     0.176154     0.239900     0.299915     0.356200     0.408753     0.457573     0.502656     0.543998     0.581596     0.615442     0.645532     0.671859     0.694418     0.713204     0.728213     0.739442     0.746892     0.750563     0.750459     0.746584     0.738945     0.727548     0.712400     0.693508     0.670879     0.644519     0.614431     0.580619     0.543083     0.501824     0.456840     0.408129     0.355689     0.299516     0.239607     0.175959     0.108570     0.037438    -0.037438
    0.037471     0.108680     0.176158     0.239904     0.299919     0.356202     0.408754     0.457571     0.502650     0.543989     0.581583     0.615426     0.645513     0.671837     0.694394     0.713178     0.728187     0.739417     0.746868     0.750543     0.750442     0.746572     0.738938     0.727546     0.712403     0.693517     0.670893     0.644536     0.614451     0.580641     0.543107     0.501848     0.456863     0.408151     0.355709     0.299533     0.239620     0.175969     0.108576     0.037440    -0.037440
    0.037472     0.108683     0.176162     0.239908     0.299922     0.356205     0.408754     0.457568     0.502645     0.543981     0.581571     0.615411     0.645494     0.671816     0.694371     0.713154     0.728162     0.739393     0.746846     0.750523     0.750426     0.746560     0.738931     0.727544     0.712406     0.693525     0.670905     0.644553     0.614471     0.580663     0.543130     0.501871     0.456886     0.408173     0.355728     0.299549     0.239634     0.175979     0.108582     0.037442    -0.037442
    0.037473     0.108686     0.176165     0.239912     0.299926     0.356207     0.408754     0.457566     0.502640     0.543973     0.581560     0.615396     0.645477     0.671796     0.694348     0.713130     0.728138     0.739369     0.746824     0.750504     0.750411     0.746549     0.738924     0.727542     0.712410     0.693533     0.670918     0.644569     0.614490     0.580684     0.543152     0.501894     0.456908     0.408193     0.355746     0.299565     0.239647     0.175988     0.108588     0.037444    -0.037444
    0.037474     0.108689     0.176169     0.239916     0.299929     0.356209     0.408755     0.457565     0.502636     0.543965     0.581549     0.615382     0.645459     0.671776     0.694327     0.713107     0.728115     0.739347     0.746803     0.750485     0.750396     0.746538     0.738918     0.727541     0.712413     0.693541     0.670930     0.644584     0.614508     0.580704     0.543173     0.501915     0.456929     0.408213     0.355764     0.299580     0.239659     0.175997     0.108594     0.037446    -0.037446
    0.037475     0.108691     0.176172     0.239919     0.299932     0.356211     0.408755     0.457563     0.502631     0.543958     0.581539     0.615369     0.645443     0.671757     0.694306     0.713085     0.728092     0.739325     0.746783     0.750468     0.750381     0.746527     0.738911     0.727539     0.712416     0.693548     0.670941     0.644599     0.614526     0.580724     0.543194     0.501936     0.456949     0.408232     0.355781     0.299595     0.239671     0.176006     0.108599     0.037448    -0.037448
    0.037476     0.108694     0.176176     0.239923     0.299936     0.356213     0.408756     0.457561     0.502627     0.543951     0.581528     0.615355     0.645427     0.671739     0.694286     0.713064     0.728071     0.739304     0.746764     0.750451     0.750367     0.746517     0.738905     0.727537     0.712419     0.693555     0.670952     0.644613     0.614543     0.580743     0.543214     0.501956     0.456969     0.408250     0.355798     0.299609     0.239682     0.176014     0.108604     0.037450    -0.037450
    0.037477     0.108696     0.176179     0.239926     0.299939     0.356216     0.408756     0.457560     0.502623     0.543944     0.581519     0.615343     0.645412     0.671721     0.694266     0.713044     0.728050     0.739284     0.746745     0.750434     0.750354     0.746507     0.738900     0.727536     0.712421     0.693562     0.670963     0.644627     0.614559     0.580761     0.543233     0.501975     0.456988     0.408268     0.355813     0.299623     0.239693     0.176023     0.108609     0.037451    -0.037451
    0.037478     0.108698     0.176182     0.239930     0.299942     0.356217     0.408757     0.457558     0.502619     0.543938     0.581509     0.615331     0.645397     0.671704     0.694248     0.713024     0.728030     0.739265     0.746727     0.750418     0.750341     0.746498     0.738894     0.727534     0.712424     0.693569     0.670973     0.644640     0.614575     0.580778     0.543251     0.501994     0.457006     0.408285     0.355829     0.299636     0.239704     0.176030     0.108614     0.037453    -0.037453
    0.037479     0.108701     0.176185     0.239933     0.299944     0.356219     0.408757     0.457557     0.502616     0.543931     0.581501     0.615319     0.645383     0.671688     0.694230     0.713005     0.728011     0.739246     0.746710     0.750403     0.750328     0.746489     0.738889     0.727533     0.712427     0.693575     0.670982     0.644653     0.614590     0.580795     0.543269     0.502012     0.457023     0.408301     0.355843     0.299649     0.239714     0.176038     0.108619     0.037455    -0.037455
    0.037480     0.108703     0.176188     0.239936     0.299947     0.356221     0.408758     0.457555     0.502612     0.543925     0.581492     0.615308     0.645370     0.671673     0.694213     0.712987     0.727993     0.739228     0.746693     0.750388     0.750316     0.746480     0.738883     0.727531     0.712429     0.693581     0.670992     0.644665     0.614604     0.580811     0.543286     0.502029     0.457040     0.408317     0.355858     0.299661     0.239724     0.176045     0.108623     0.037456    -0.037456
    0.037481     0.108705     0.176191     0.239939     0.299950     0.356223     0.408758     0.457554     0.502609     0.543920     0.581484     0.615297     0.645357     0.671657     0.694196     0.712970     0.727975     0.739211     0.746677     0.750374     0.750305     0.746471     0.738878     0.727530     0.712431     0.693587     0.671001     0.644677     0.614618     0.580826     0.543302     0.502045     0.457056     0.408332     0.355871     0.299672     0.239733     0.176052     0.108627     0.037458    -0.037458
    0.037482     0.108707     0.176193     0.239942     0.299952     0.356225     0.408759     0.457553     0.502605     0.543914     0.581476     0.615287     0.645344     0.671643     0.694180     0.712953     0.727958     0.739194     0.746662     0.750361     0.750294     0.746463     0.738873     0.727529     0.712434     0.693592     0.671010     0.644688     0.614632     0.580841     0.543318     0.502061     0.457071     0.408346     0.355884     0.299684     0.239743     0.176059     0.108632     0.037459    -0.037459
    0.037483     0.108709     0.176196     0.239944     0.299955     0.356226     0.408759     0.457551     0.502602     0.543909     0.581468     0.615277     0.645332     0.671629     0.694165     0.712936     0.727941     0.739178     0.746647     0.750348     0.750283     0.746455     0.738869     0.727527     0.712436     0.693598     0.671018     0.644699     0.614645     0.580855     0.543333     0.502077     0.457086     0.408360     0.355897     0.299695     0.239751     0.176066     0.108636     0.037460    -0.037460
    0.037483     0.108710     0.176198     0.239947     0.299957     0.356228     0.408759     0.457550     0.502599     0.543903     0.581461     0.615267     0.645320     0.671616     0.694150     0.712921     0.727925     0.739163     0.746632     0.750335     0.750272     0.746448     0.738864     0.727526     0.712438     0.693603     0.671026     0.644710     0.614657     0.580869     0.543347     0.502091     0.457101     0.408374     0.355909     0.299705     0.239760     0.176072     0.108639     0.037462    -0.037462
    0.037484     0.108712     0.176201     0.239949     0.299959     0.356229     0.408760     0.457549     0.502596     0.543899     0.581454     0.615258     0.645309     0.671603     0.694136     0.712906     0.727910     0.739148     0.746618     0.750323     0.750262     0.746440     0.738860     0.727525     0.712440     0.693608     0.671034     0.644720     0.614669     0.580883     0.543362     0.502106     0.457115     0.408387     0.355921     0.299715     0.239768     0.176078     0.108643     0.037463    -0.037463
    0.037485     0.108714     0.176203     0.239952     0.299961     0.356231     0.408760     0.457548     0.502593     0.543894     0.581447     0.615249     0.645298     0.671590     0.694122     0.712891     0.727895     0.739133     0.746605     0.750311     0.750253     0.746433     0.738856     0.727524     0.712442     0.693613     0.671041     0.644730     0.614681     0.580895     0.543375     0.502119     0.457128     0.408399     0.355932     0.299725     0.239776     0.176084     0.108647     0.037464    -0.037464
    0.037485     0.108715     0.176205     0.239954     0.299963     0.356232     0.408760     0.457547     0.502591     0.543889     0.581440     0.615241     0.645288     0.671578     0.694109     0.712877     0.727881     0.739120     0.746592     0.750300     0.750244     0.746427     0.738852     0.727523     0.712443     0.693617     0.671048     0.644739     0.614692     0.580908     0.543388     0.502133     0.457141     0.408412     0.355943     0.299735     0.239784     0.176089     0.108650     0.037466    -0.037466
    0.037486     0.108717     0.176207     0.239956     0.299965     0.356233     0.408761     0.457546     0.502588     0.543885     0.581434     0.615233     0.645278     0.671567     0.694096     0.712864     0.727867     0.739106     0.746580     0.750289     0.750235     0.746420     0.738848     0.727522     0.712445     0.693622     0.671055     0.644748     0.614702     0.580920     0.543401     0.502145     0.457153     0.408423     0.355954     0.299744     0.239791     0.176095     0.108654     0.037467    -0.037467
    0.037487     0.108718     0.176209     0.239958     0.299967     0.356235     0.408761     0.457545     0.502585     0.543880     0.581428     0.615225     0.645268     0.671556     0.694084     0.712851     0.727854     0.739093     0.746568     0.750278     0.750226     0.746414     0.738844     0.727521     0.712447     0.693626     0.671062     0.644757     0.614713     0.580931     0.543413     0.502158     0.457165     0.408434     0.355964     0.299752     0.239798     0.176100     0.108657     0.037468    -0.037468
    0.037487     0.108720     0.176211     0.239960     0.299969     0.356236     0.408761     0.457544     0.502583     0.543876     0.581422     0.615217     0.645259     0.671545     0.694072     0.712838     0.727842     0.739081     0.746556     0.750268     0.750218     0.746408     0.738841     0.727520     0.712449     0.693630     0.671068     0.644765     0.614723     0.580942     0.543425     0.502170     0.457177     0.408445     0.355974     0.299761     0.239805     0.176105     0.108660     0.037469    -0.037469
    0.037488     0.108721     0.176213     0.239962     0.299970     0.356237     0.408761     0.457543     0.502580     0.543872     0.581416     0.615209     0.645250     0.671534     0.694061     0.712826     0.727829     0.739069     0.746545     0.750258     0.750210     0.746402     0.738837     0.727519     0.712450     0.693634     0.671075     0.644773     0.614732     0.580953     0.543436     0.502181     0.457188     0.408456     0.355983     0.299769     0.239812     0.176110     0.108663     0.037470    -0.037470
    0.037488     0.108723     0.176214     0.239964     0.299972     0.356238     0.408762     0.457542     0.502578     0.543868     0.581411     0.615202     0.645241     0.671524     0.694050     0.712815     0.727818     0.739058     0.746535     0.750249     0.750202     0.746396     0.738834     0.727518     0.712452     0.693638     0.671081     0.644781     0.614742     0.580963     0.543447     0.502192     0.457199     0.408466     0.355992     0.299777     0.239818     0.176115     0.108666     0.037471    -0.037471
    0.037489     0.108724     0.176216     0.239966     0.299974     0.356239     0.408762     0.457541     0.502576     0.543865     0.581405     0.615195     0.645233     0.671515     0.694039     0.712803     0.727806     0.739047     0.746524     0.750240     0.750195     0.746391     0.738831     0.727517     0.712453     0.693642     0.671086     0.644789     0.614750     0.580973     0.543457     0.502203     0.457209     0.408476     0.356001     0.299785     0.239824     0.176120     0.108669     0.037472    -0.037472
    0.037489     0.108725     0.176218     0.239968     0.299975     0.356240     0.408762     0.457540     0.502574     0.543861     0.581400     0.615189     0.645225     0.671506     0.694029     0.712793     0.727795     0.739036     0.746514     0.750231     0.750188     0.746385     0.738827     0.727516     0.712455     0.693646     0.671092     0.644796     0.614759     0.580983     0.543467     0.502213     0.457219     0.408485     0.356010     0.299792     0.239830     0.176124     0.108672     0.037473    -0.037473
    0.037490     0.108726     0.176219     0.239969     0.299976     0.356241     0.408762     0.457539     0.502572     0.543857     0.581395     0.615182     0.645217     0.671497     0.694019     0.712782     0.727785     0.739026     0.746505     0.750223     0.750181     0.746380     0.738824     0.727515     0.712456     0.693649     0.671097     0.644803     0.614767     0.580992     0.543477     0.502223     0.457229     0.408494     0.356018     0.299799     0.239836     0.176128     0.108674     0.037474    -0.037474
    0.037490     0.108727     0.176220     0.239971     0.299978     0.356242     0.408762     0.457538     0.502570     0.543854     0.581390     0.615176     0.645210     0.671488     0.694009     0.712772     0.727774     0.739016     0.746496     0.750215     0.750174     0.746376     0.738822     0.727515     0.712457     0.693652     0.671103     0.644810     0.614775     0.581001     0.543487     0.502232     0.457238     0.408503     0.356026     0.299806     0.239842     0.176132     0.108677     0.037475    -0.037475
    0.037491     0.108728     0.176222     0.239972     0.299979     0.356242     0.408762     0.457538     0.502568     0.543851     0.581386     0.615170     0.645202     0.671480     0.694000     0.712762     0.727765     0.739006     0.746487     0.750207     0.750168     0.746371     0.738819     0.727514     0.712459     0.693656     0.671108     0.644816     0.614783     0.581009     0.543496     0.502242     0.457247     0.408512     0.356034     0.299813     0.239847     0.176136     0.108679     0.037476    -0.037476
    0.037491     0.108729     0.176223     0.239973     0.299980     0.356243     0.408762     0.457537     0.502566     0.543848     0.581381     0.615164     0.645195     0.671472     0.693991     0.712753     0.727755     0.738997     0.746478     0.750199     0.750161     0.746366     0.738816     0.727513     0.712460     0.693659     0.671112     0.644823     0.614791     0.581018     0.543504     0.502251     0.457256     0.408520     0.356041     0.299819     0.239852     0.176140     0.108682     0.037476    -0.037476
    0.037491     0.108730     0.176224     0.239975     0.299981     0.356244     0.408762     0.457536     0.502564     0.543845     0.581377     0.615159     0.645189     0.671464     0.693983     0.712744     0.727746     0.738988     0.746470     0.750192     0.750156     0.746362     0.738814     0.727512     0.712461     0.693662     0.671117     0.644829     0.614798     0.581026     0.543513     0.502259     0.457264     0.408528     0.356048     0.299825     0.239858     0.176144     0.108684     0.037477    -0.037477
    0.037492     0.108731     0.176226     0.239976     0.299982     0.356244     0.408762     0.457535     0.502562     0.543842     0.581373     0.615153     0.645182     0.671456     0.693975     0.712735     0.727737     0.738979     0.746462     0.750185     0.750150     0.746358     0.738811     0.727512     0.712462     0.693665     0.671122     0.644834     0.614805     0.581034     0.543521     0.502268     0.457273     0.408536     0.356055     0.299831     0.239862     0.176148     0.108686     0.037478    -0.037478
    0.037492     0.108732     0.176227     0.239977     0.299983     0.356245     0.408762     0.457534     0.502560     0.543839     0.581369     0.615148     0.645176     0.671449     0.693967     0.712727     0.727729     0.738971     0.746454     0.750178     0.750144     0.746354     0.738809     0.727511     0.712463     0.693668     0.671126     0.644840     0.614812     0.581041     0.543529     0.502276     0.457280     0.408543     0.356062     0.299837     0.239867     0.176151     0.108689     0.037479    -0.037479
    0.037493     0.108733     0.176228     0.239978     0.299984     0.356246     0.408762     0.457533     0.502558     0.543836     0.581365     0.615143     0.645170     0.671442     0.693959     0.712719     0.727721     0.738963     0.746447     0.750172     0.750139     0.746350     0.738806     0.727511     0.712465     0.693670     0.671130     0.644846     0.614818     0.581048     0.543537     0.502283     0.457288     0.408550     0.356069     0.299843     0.239872     0.176155     0.108691     0.037479    -0.037479
    0.037493     0.108733     0.176229     0.239979     0.299985     0.356246     0.408762     0.457532     0.502556     0.543833     0.581361     0.615138     0.645164     0.671435     0.693952     0.712711     0.727713     0.738956     0.746440     0.750166     0.750134     0.746346     0.738804     0.727510     0.712466     0.693673     0.671134     0.644851     0.614824     0.581055     0.543544     0.502291     0.457295     0.408557     0.356075     0.299848     0.239876     0.176158     0.108693     0.037480    -0.037480
    0.037493     0.108734     0.176230     0.239980     0.299986     0.356247     0.408762     0.457532     0.502555     0.543830     0.581357     0.615134     0.645158     0.671429     0.693945     0.712704     0.727705     0.738948     0.746433     0.750160     0.750129     0.746343     0.738802     0.727510     0.712467     0.693676     0.671138     0.644856     0.614830     0.581062     0.543551     0.502298     0.457303     0.408564     0.356081     0.299854     0.239880     0.176161     0.108695     0.037481    -0.037481
    0.037493     0.108735     0.176231     0.239981     0.299987     0.356247     0.408762     0.457531     0.502553     0.543828     0.581354     0.615129     0.645153     0.671423     0.693938     0.712696     0.727698     0.738941     0.746426     0.750154     0.750124     0.746339     0.738800     0.727509     0.712468     0.693678     0.671142     0.644861     0.614836     0.581069     0.543558     0.502305     0.457309     0.408570     0.356087     0.299859     0.239885     0.176164     0.108697     0.037481    -0.037481
    0.037494     0.108735     0.176231     0.239982     0.299987     0.356247     0.408762     0.457530     0.502551     0.543825     0.581350     0.615125     0.645147     0.671417     0.693931     0.712689     0.727691     0.738934     0.746420     0.750148     0.750120     0.746336     0.738798     0.727509     0.712469     0.693681     0.671146     0.644866     0.614842     0.581075     0.543565     0.502312     0.457316     0.408576     0.356093     0.299864     0.239889     0.176167     0.108698     0.037482    -0.037482
    0.037494     0.108736     0.176232     0.239983     0.299988     0.356248     0.408762     0.457529     0.502550     0.543823     0.581347     0.615120     0.645142     0.671411     0.693925     0.712683     0.727684     0.738928     0.746414     0.750143     0.750115     0.746333     0.738796     0.727508     0.712470     0.693683     0.671149     0.644871     0.614848     0.581081     0.543571     0.502319     0.457323     0.408583     0.356098     0.299868     0.239893     0.176170     0.108700     0.037483    -0.037483
    0.037494     0.108737     0.176233     0.239984     0.299989     0.356248     0.408761     0.457528     0.502548     0.543820     0.581343     0.615116     0.645137     0.671405     0.693918     0.712676     0.727677     0.738921     0.746408     0.750138     0.750111     0.746330     0.738795     0.727508     0.712471     0.693685     0.671153     0.644875     0.614853     0.581087     0.543578     0.502325     0.457329     0.408588     0.356103     0.299873     0.239896     0.176173     0.108702     0.037483    -0.037483
    0.037494     0.108737     0.176234     0.239985     0.299989     0.356248     0.408761     0.457528     0.502547     0.543818     0.581340     0.615112     0.645132     0.671400     0.693912     0.712670     0.727671     0.738915     0.746402     0.750133     0.750107     0.746327     0.738793     0.727507     0.712472     0.693687     0.671156     0.644879     0.614858     0.581093     0.543584     0.502331     0.457335     0.408594     0.356109     0.299877     0.239900     0.176176     0.108704     0.037484    -0.037484
    0.037495     0.108738     0.176234     0.239985     0.299990     0.356249     0.408761     0.457527     0.502545     0.543816     0.581337     0.615108     0.645128     0.671394     0.693907     0.712664     0.727665     0.738909     0.746397     0.750128     0.750103     0.746324     0.738791     0.727507     0.712472     0.693689     0.671159     0.644884     0.614863     0.581098     0.543590     0.502337     0.457341     0.408600     0.356114     0.299882     0.239903     0.176178     0.108705     0.037484    -0.037484
    0.037495     0.108738     0.176235     0.239986     0.299990     0.356249     0.408761     0.457526     0.502544     0.543814     0.581334     0.615105     0.645123     0.671389     0.693901     0.712658     0.727659     0.738903     0.746391     0.750123     0.750099     0.746321     0.738790     0.727507     0.712473     0.693692     0.671163     0.644888     0.614868     0.581103     0.543595     0.502343     0.457346     0.408605     0.356118     0.299886     0.239907     0.176181     0.108707     0.037485    -0.037485
    0.037495     0.108739     0.176236     0.239986     0.299991     0.356249     0.408761     0.457525     0.502542     0.543811     0.581331     0.615101     0.645119     0.671384     0.693896     0.712652     0.727653     0.738898     0.746386     0.750119     0.750096     0.746318     0.738788     0.727506     0.712474     0.693694     0.671166     0.644892     0.614872     0.581109     0.543601     0.502348     0.457352     0.408610     0.356123     0.299890     0.239910     0.176183     0.108708     0.037486    -0.037486
    0.037495     0.108739     0.176236     0.239987     0.299991     0.356249     0.408760     0.457524     0.502541     0.543809     0.581329     0.615097     0.645115     0.671380     0.693891     0.712647     0.727648     0.738892     0.746381     0.750114     0.750092     0.746316     0.738787     0.727506     0.712475     0.693695     0.671169     0.644895     0.614877     0.581114     0.543606     0.502354     0.457357     0.408615     0.356128     0.299894     0.239913     0.176186     0.108710     0.037486    -0.037486
    0.037495     0.108740     0.176237     0.239988     0.299992     0.356249     0.408760     0.457524     0.502540     0.543807     0.581326     0.615094     0.645111     0.671375     0.693885     0.712641     0.727642     0.738887     0.746376     0.750110     0.750089     0.746313     0.738785     0.727506     0.712476     0.693697     0.671171     0.644899     0.614881     0.581119     0.543611     0.502359     0.457362     0.408620     0.356132     0.299898     0.239916     0.176188     0.108711     0.037487    -0.037487
    0.037496     0.108740     0.176237     0.239988     0.299992     0.356249     0.408760     0.457523     0.502538     0.543805     0.581323     0.615091     0.645107     0.671370     0.693881     0.712636     0.727637     0.738882     0.746372     0.750106     0.750086     0.746311     0.738784     0.727505     0.712477     0.693699     0.671174     0.644903     0.614886     0.581123     0.543616     0.502364     0.457367     0.408625     0.356136     0.299901     0.239919     0.176190     0.108713     0.037487    -0.037487
    0.037496     0.108740     0.176238     0.239989     0.299992     0.356249     0.408759     0.457522     0.502537     0.543803     0.581321     0.615087     0.645103     0.671366     0.693876     0.712631     0.727632     0.738877     0.746367     0.750102     0.750082     0.746309     0.738783     0.727505     0.712477     0.693701     0.671177     0.644906     0.614890     0.581128     0.543621     0.502369     0.457372     0.408629     0.356140     0.299905     0.239922     0.176192     0.108714     0.037488    -0.037488
    0.037496     0.108741     0.176238     0.239989     0.299993     0.356249     0.408759     0.457521     0.502536     0.543802     0.581318     0.615084     0.645099     0.671362     0.693871     0.712627     0.727627     0.738873     0.746363     0.750098     0.750079     0.746307     0.738781     0.727505     0.712478     0.693703     0.671179     0.644910     0.614894     0.581132     0.543626     0.502374     0.457376     0.408633     0.356144     0.299908     0.239925     0.176194     0.108715     0.037488    -0.037488
    0.037496     0.108741     0.176239     0.239989     0.299993     0.356250     0.408759     0.457521     0.502534     0.543800     0.581316     0.615081     0.645096     0.671358     0.693867     0.712622     0.727623     0.738868     0.746359     0.750095     0.750076     0.746305     0.738780     0.727505     0.712479     0.693704     0.671182     0.644913     0.614897     0.581136     0.543630     0.502378     0.457381     0.408638     0.356148     0.299912     0.239928     0.176196     0.108717     0.037488    -0.037488
    0.037496     0.108741     0.176239     0.239990     0.299993     0.356250     0.408758     0.457520     0.502533     0.543798     0.581313     0.615078     0.645092     0.671354     0.693863     0.712618     0.727618     0.738864     0.746355     0.750091     0.750074     0.746303     0.738779     0.727504     0.712480     0.693706     0.671184     0.644916     0.614901     0.581141     0.543634     0.502383     0.457385     0.408642     0.356152     0.299915     0.239931     0.176198     0.108718     0.037489    -0.037489
    0.037496     0.108742     0.176240     0.239990     0.299993     0.356250     0.408758     0.457519     0.502532     0.543796     0.581311     0.615075     0.645089     0.671350     0.693859     0.712613     0.727614     0.738860     0.746351     0.750088     0.750071     0.746301     0.738778     0.727504     0.712480     0.693708     0.671187     0.644919     0.614905     0.581145     0.543639     0.502387     0.457389     0.408646     0.356155     0.299918     0.239933     0.176200     0.108719     0.037489    -0.037489
    0.037497     0.108742     0.176240     0.239990     0.299994     0.356249     0.408758     0.457518     0.502531     0.543794     0.581309     0.615073     0.645086     0.671347     0.693855     0.712609     0.727610     0.738856     0.746348     0.750085     0.750068     0.746299     0.738777     0.727504     0.712481     0.693709     0.671189     0.644922     0.614908     0.581148     0.543643     0.502391     0.457394     0.408650     0.356159     0.299921     0.239936     0.176202     0.108720     0.037490    -0.037490
    0.037497     0.108742     0.176240     0.239991     0.299994     0.356249     0.408757     0.457518     0.502530     0.543793     0.581306     0.615070     0.645082     0.671343     0.693851     0.712605     0.727606     0.738852     0.746344     0.750082     0.750066     0.746297     0.738776     0.727504     0.712482     0.693711     0.671191     0.644925     0.614912     0.581152     0.543647     0.502395     0.457398     0.408653     0.356162     0.299924     0.239938     0.176204     0.108721     0.037490    -0.037490
    0.037497     0.108742     0.176241     0.239991     0.299994     0.356249     0.408757     0.457517     0.502528     0.543791     0.581304     0.615067     0.645079     0.671340     0.693847     0.712601     0.727602     0.738848     0.746341     0.750079     0.750063     0.746295     0.738775     0.727504     0.712483     0.693712     0.671194     0.644928     0.614915     0.581156     0.543651     0.502399     0.457401     0.408657     0.356166     0.299927     0.239940     0.176206     0.108722     0.037490    -0.037490
    0.037497     0.108743     0.176241     0.239991     0.299994     0.356249     0.408757     0.457516     0.502527     0.543790     0.581302     0.615065     0.645076     0.671336     0.693843     0.712598     0.727598     0.738845     0.746337     0.750076     0.750061     0.746294     0.738774     0.727504     0.712483     0.693714     0.671196     0.644930     0.614918     0.581159     0.543654     0.502403     0.457405     0.408660     0.356169     0.299930     0.239943     0.176207     0.108723     0.037491    -0.037491
    0.037497     0.108743     0.176241     0.239991     0.299994     0.356249     0.408756     0.457515     0.502526     0.543788     0.581300     0.615062     0.645074     0.671333     0.693840     0.712594     0.727594     0.738841     0.746334     0.750073     0.750059     0.746292     0.738773     0.727504     0.712484     0.693715     0.671198     0.644933     0.614921     0.581163     0.543658     0.502407     0.457409     0.408664     0.356172     0.299932     0.239945     0.176209     0.108724     0.037491    -0.037491
    0.037497     0.108743     0.176241     0.239992     0.299994     0.356249     0.408756     0.457515     0.502525     0.543786     0.581298     0.615060     0.645071     0.671330     0.693837     0.712591     0.727591     0.738838     0.746331     0.750070     0.750057     0.746291     0.738773     0.727504     0.712485     0.693716     0.671200     0.644936     0.614924     0.581166     0.543661     0.502410     0.457412     0.408667     0.356175     0.299935     0.239947     0.176211     0.108725     0.037491    -0.037491
    0.037497     0.108743     0.176242     0.239992     0.299994     0.356249     0.408756     0.457514     0.502524     0.543785     0.581296     0.615058     0.645068     0.671327     0.693833     0.712587     0.727588     0.738835     0.746328     0.750068     0.750055     0.746289     0.738772     0.727504     0.712485     0.693718     0.671202     0.644938     0.614927     0.581169     0.543665     0.502414     0.457416     0.408670     0.356178     0.299937     0.239949     0.176212     0.108726     0.037492    -0.037492
    0.037497     0.108744     0.176242     0.239992     0.299994     0.356249     0.408755     0.457513     0.502523     0.543783     0.581294     0.615055     0.645065     0.671324     0.693830     0.712584     0.727584     0.738831     0.746325     0.750065     0.750053     0.746288     0.738771     0.727503     0.712486     0.693719     0.671204     0.644940     0.614930     0.581172     0.543668     0.502417     0.457419     0.408673     0.356181     0.299940     0.239951     0.176214     0.108727     0.037492    -0.037492
    0.037497     0.108744     0.176242     0.239992     0.299994     0.356249     0.408755     0.457513     0.502522     0.543782     0.581293     0.615053     0.645063     0.671321     0.693827     0.712581     0.727581     0.738828     0.746322     0.750063     0.750051     0.746286     0.738770     0.727503     0.712486     0.693720     0.671205     0.644943     0.614933     0.581175     0.543671     0.502420     0.457422     0.408676     0.356183     0.299942     0.239953     0.176215     0.108728     0.037492    -0.037492
    0.037497     0.108744     0.176242     0.239992     0.299994     0.356249     0.408754     0.457512     0.502521     0.543781     0.581291     0.615051     0.645060     0.671318     0.693824     0.712578     0.727578     0.738825     0.746320     0.750061     0.750049     0.746285     0.738770     0.727503     0.712487     0.693721     0.671207     0.644945     0.614935     0.581178     0.543674     0.502423     0.457425     0.408679     0.356186     0.299945     0.239955     0.176216     0.108729     0.037493    -0.037493
    0.037497     0.108744     0.176242     0.239992     0.299994     0.356248     0.408754     0.457511     0.502520     0.543779     0.581289     0.615049     0.645058     0.671316     0.693821     0.712575     0.727575     0.738823     0.746317     0.750058     0.750047     0.746284     0.738769     0.727503     0.712488     0.693723     0.671209     0.644947     0.614938     0.581181     0.543677     0.502426     0.457428     0.408682     0.356189     0.299947     0.239957     0.176218     0.108730     0.037493    -0.037493
    0.037498     0.108744     0.176242     0.239993     0.299994     0.356248     0.408754     0.457511     0.502519     0.543778     0.581288     0.615047     0.645056     0.671313     0.693819     0.712572     0.727572     0.738820     0.746315     0.750056     0.750045     0.746283     0.738768     0.727503     0.712488     0.693724     0.671211     0.644949     0.614940     0.581184     0.543680     0.502429     0.457431     0.408685     0.356191     0.299949     0.239958     0.176219     0.108731     0.037493    -0.037493
    0.037498     0.108744     0.176243     0.239993     0.299994     0.356248     0.408753     0.457510     0.502518     0.543777     0.581286     0.615045     0.645053     0.671311     0.693816     0.712569     0.727570     0.738817     0.746312     0.750054     0.750044     0.746282     0.738768     0.727503     0.712489     0.693725     0.671212     0.644951     0.614943     0.581187     0.543683     0.502432     0.457434     0.408688     0.356193     0.299951     0.239960     0.176220     0.108732     0.037494    -0.037494
    0.037498     0.108744     0.176243     0.239993     0.299994     0.356248     0.408753     0.457509     0.502517     0.543775     0.581284     0.615043     0.645051     0.671308     0.693813     0.712566     0.727567     0.738815     0.746310     0.750052     0.750042     0.746280     0.738767     0.727503     0.712489     0.693726     0.671214     0.644953     0.614945     0.581189     0.543686     0.502435     0.457436     0.408690     0.356196     0.299953     0.239962     0.176222     0.108732     0.037494    -0.037494
    0.037498     0.108744     0.176243     0.239993     0.299994     0.356248     0.408752     0.457509     0.502516     0.543774     0.581283     0.615041     0.645049     0.671306     0.693811     0.712564     0.727564     0.738812     0.746308     0.750050     0.750041     0.746279     0.738767     0.727503     0.712490     0.693727     0.671215     0.644955     0.614947     0.581192     0.543689     0.502438     0.457439     0.408693     0.356198     0.299955     0.239963     0.176223     0.108733     0.037494    -0.037494
    0.037498     0.108745     0.176243     0.239993     0.299994     0.356247     0.408752     0.457508     0.502515     0.543773     0.581281     0.615039     0.645047     0.671303     0.693808     0.712561     0.727562     0.738810     0.746305     0.750048     0.750039     0.746278     0.738766     0.727503     0.712490     0.693728     0.671217     0.644957     0.614950     0.581194     0.543691     0.502440     0.457442     0.408695     0.356200     0.299957     0.239965     0.176224     0.108734     0.037494    -0.037494
    0.037498     0.108745     0.176243     0.239993     0.299994     0.356247     0.408752     0.457507     0.502514     0.543772     0.581280     0.615038     0.645045     0.671301     0.693806     0.712559     0.727559     0.738808     0.746303     0.750047     0.750038     0.746277     0.738766     0.727503     0.712491     0.693729     0.671218     0.644959     0.614952     0.581197     0.543694     0.502443     0.457444     0.408697     0.356202     0.299959     0.239966     0.176225     0.108734     0.037495    -0.037495
    0.037498     0.108745     0.176243     0.239993     0.299994     0.356247     0.408751     0.457507     0.502513     0.543771     0.581278     0.615036     0.645043     0.671299     0.693804     0.712556     0.727557     0.738805     0.746301     0.750045     0.750036     0.746276     0.738765     0.727503     0.712492     0.693730     0.671220     0.644961     0.614954     0.581199     0.543696     0.502445     0.457447     0.408700     0.356204     0.299961     0.239968     0.176226     0.108735     0.037495    -0.037495
    0.037498     0.108745     0.176243     0.239993     0.299994     0.356247     0.408751     0.457506     0.502512     0.543769     0.581277     0.615034     0.645041     0.671297     0.693801     0.712554     0.727555     0.738803     0.746299     0.750043     0.750035     0.746276     0.738765     0.727503     0.712492     0.693731     0.671221     0.644963     0.614956     0.581201     0.543698     0.502448     0.457449     0.408702     0.356206     0.299962     0.239969     0.176227     0.108736     0.037495    -0.037495
    0.037498     0.108745     0.176243     0.239993     0.299994     0.356246     0.408750     0.457505     0.502512     0.543768     0.581275     0.615033     0.645039     0.671295     0.693799     0.712552     0.727553     0.738801     0.746297     0.750042     0.750034     0.746275     0.738764     0.727504     0.712493     0.693732     0.671223     0.644964     0.614958     0.581203     0.543701     0.502450     0.457451     0.408704     0.356208     0.299964     0.239971     0.176228     0.108736     0.037495    -0.037495
    0.037498     0.108745     0.176243     0.239993     0.299994     0.356246     0.408750     0.457505     0.502511     0.543767     0.581274     0.615031     0.645037     0.671293     0.693797     0.712550     0.727551     0.738799     0.746296     0.750040     0.750033     0.746274     0.738764     0.727504     0.712493     0.693733     0.671224     0.644966     0.614960     0.581205     0.543703     0.502452     0.457453     0.408706     0.356210     0.299966     0.239972     0.176229     0.108737     0.037496    -0.037496
    0.037498     0.108745     0.176243     0.239993     0.299994     0.356246     0.408750     0.457504     0.502510     0.543766     0.581273     0.615029     0.645036     0.671291     0.693795     0.712548     0.727548     0.738797     0.746294     0.750039     0.750032     0.746273     0.738764     0.727504     0.712494     0.693734     0.671225     0.644968     0.614962     0.581208     0.543705     0.502454     0.457456     0.408708     0.356212     0.299967     0.239973     0.176230     0.108738     0.037496    -0.037496
    0.037498     0.108745     0.176243     0.239993     0.299994     0.356246     0.408749     0.457504     0.502509     0.543765     0.581272     0.615028     0.645034     0.671289     0.693793     0.712546     0.727547     0.738795     0.746292     0.750037     0.750030     0.746272     0.738763     0.727504     0.712494     0.693735     0.671226     0.644969     0.614964     0.581210     0.543707     0.502457     0.457458     0.408710     0.356214     0.299969     0.239975     0.176231     0.108738     0.037496    -0.037496
    0.037498     0.108745     0.176243     0.239993     0.299994     0.356245     0.408749     0.457503     0.502508     0.543764     0.581270     0.615027     0.645032     0.671287     0.693791     0.712544     0.727545     0.738794     0.746291     0.750036     0.750029     0.746272     0.738763     0.727504     0.712495     0.693736     0.671228     0.644971     0.614965     0.581211     0.543709     0.502459     0.457460     0.408712     0.356216     0.299970     0.239976     0.176232     0.108739     0.037496    -0.037496
    0.037498     0.108745     0.176243     0.239993     0.299993     0.356245     0.408748     0.457502     0.502507     0.543763     0.581269     0.615025     0.645031     0.671286     0.693790     0.712542     0.727543     0.738792     0.746289     0.750034     0.750028     0.746271     0.738763     0.727504     0.712495     0.693737     0.671229     0.644972     0.614967     0.581213     0.543711     0.502461     0.457462     0.408714     0.356217     0.299972     0.239977     0.176233     0.108739     0.037496    -0.037496
    0.037498     0.108745     0.176243     0.239993     0.299993     0.356245     0.408748     0.457502     0.502507     0.543762     0.581268     0.615024     0.645029     0.671284     0.693788     0.712540     0.727541     0.738790     0.746287     0.750033     0.750027     0.746270     0.738762     0.727504     0.712496     0.693737     0.671230     0.644974     0.614969     0.581215     0.543713     0.502463     0.457463     0.408716     0.356219     0.299973     0.239978     0.176234     0.108740     0.037496    -0.037496
    0.037498     0.108745     0.176243     0.239993     0.299993     0.356245     0.408747     0.457501     0.502506     0.543761     0.581267     0.615022     0.645028     0.671282     0.693786     0.712538     0.727539     0.738788     0.746286     0.750032     0.750026     0.746270     0.738762     0.727504     0.712496     0.693738     0.671231     0.644975     0.614970     0.581217     0.543715     0.502464     0.457465     0.408717     0.356221     0.299975     0.239979     0.176235     0.108740     0.037497    -0.037497
    0.037498     0.108745     0.176243     0.239993     0.299993     0.356244     0.408747     0.457501     0.502505     0.543760     0.581266     0.615021     0.645026     0.671281     0.693784     0.712537     0.727538     0.738787     0.746285     0.750031     0.750025     0.746269     0.738762     0.727504     0.712496     0.693739     0.671232     0.644977     0.614972     0.581219     0.543717     0.502466     0.457467     0.408719     0.356222     0.299976     0.239980     0.176235     0.108741     0.037497    -0.037497
    0.037498     0.108745     0.176243     0.239993     0.299993     0.356244     0.408747     0.457500     0.502504     0.543759     0.581264     0.615020     0.645025     0.671279     0.693783     0.712535     0.727536     0.738785     0.746283     0.750030     0.750025     0.746268     0.738762     0.727504     0.712497     0.693740     0.671233     0.644978     0.614974     0.581220     0.543719     0.502468     0.457469     0.408721     0.356224     0.299977     0.239981     0.176236     0.108741     0.037497    -0.037497
    0.037498     0.108745     0.176243     0.239992     0.299993     0.356244     0.408746     0.457500     0.502504     0.543758     0.581263     0.615018     0.645023     0.671278     0.693781     0.712533     0.727534     0.738784     0.746282     0.750028     0.750024     0.746268     0.738761     0.727504     0.712497     0.693741     0.671234     0.644979     0.614975     0.581222     0.543720     0.502470     0.457471     0.408722     0.356225     0.299978     0.239982     0.176237     0.108742     0.037497    -0.037497
    0.037498     0.108745     0.176243     0.239992     0.299992     0.356244     0.408746     0.457499     0.502503     0.543757     0.581262     0.615017     0.645022     0.671276     0.693780     0.712532     0.727533     0.738782     0.746281     0.750027     0.750023     0.746267     0.738761     0.727504     0.712498     0.693741     0.671235     0.644980     0.614976     0.581224     0.543722     0.502472     0.457472     0.408724     0.356226     0.299980     0.239983     0.176238     0.108742     0.037497    -0.037497
    0.037498     0.108745     0.176243     0.239992     0.299992     0.356243     0.408745     0.457498     0.502502     0.543757     0.581261     0.615016     0.645021     0.671275     0.693778     0.712530     0.727531     0.738781     0.746279     0.750026     0.750022     0.746267     0.738761     0.727505     0.712498     0.693742     0.671236     0.644982     0.614978     0.581225     0.543724     0.502473     0.457474     0.408725     0.356228     0.299981     0.239984     0.176238     0.108743     0.037497    -0.037497
    0.037498     0.108745     0.176243     0.239992     0.299992     0.356243     0.408745     0.457498     0.502501     0.543756     0.581260     0.615015     0.645019     0.671273     0.693777     0.712529     0.727530     0.738780     0.746278     0.750025     0.750021     0.746266     0.738761     0.727505     0.712499     0.693743     0.671237     0.644983     0.614979     0.581227     0.543725     0.502475     0.457475     0.408727     0.356229     0.299982     0.239985     0.176239     0.108743     0.037498    -0.037498
    0.037498     0.108745     0.176243     0.239992     0.299992     0.356243     0.408745     0.457497     0.502501     0.543755     0.581259     0.615014     0.645018     0.671272     0.693775     0.712527     0.727529     0.738778     0.746277     0.750024     0.750021     0.746266     0.738761     0.727505     0.712499     0.693743     0.671238     0.644984     0.614981     0.581228     0.543727     0.502476     0.457477     0.408728     0.356230     0.299983     0.239986     0.176240     0.108744     0.037498    -0.037498
    0.037498     0.108745     0.176243     0.239992     0.299992     0.356243     0.408744     0.457497     0.502500     0.543754     0.581258     0.615013     0.645017     0.671271     0.693774     0.712526     0.727527     0.738777     0.746276     0.750023     0.750020     0.746265     0.738760     0.727505     0.712499     0.693744     0.671239     0.644985     0.614982     0.581230     0.543728     0.502478     0.457478     0.408730     0.356232     0.299984     0.239987     0.176240     0.108744     0.037498    -0.037498
    0.037498     0.108745     0.176243     0.239992     0.299992     0.356242     0.408744     0.457496     0.502499     0.543753     0.581257     0.615012     0.645016     0.671269     0.693772     0.712525     0.727526     0.738776     0.746275     0.750022     0.750019     0.746265     0.738760     0.727505     0.712500     0.693745     0.671240     0.644986     0.614983     0.581231     0.543730     0.502479     0.457480     0.408731     0.356233     0.299985     0.239988     0.176241     0.108744     0.037498    -0.037498
    0.037498     0.108745     0.176243     0.239992     0.299991     0.356242     0.408743     0.457496     0.502499     0.543752     0.581256     0.615011     0.645015     0.671268     0.693771     0.712523     0.727525     0.738775     0.746274     0.750022     0.750019     0.746265     0.738760     0.727505     0.712500     0.693746     0.671241     0.644987     0.614984     0.581232     0.543731     0.502481     0.457481     0.408732     0.356234     0.299986     0.239989     0.176242     0.108745     0.037498    -0.037498
    0.037498     0.108745     0.176243     0.239992     0.299991     0.356242     0.408743     0.457495     0.502498     0.543752     0.581255     0.615009     0.645013     0.671267     0.693770     0.712522     0.727523     0.738774     0.746273     0.750021     0.750018     0.746264     0.738760     0.727505     0.712501     0.693746     0.671242     0.644989     0.614986     0.581234     0.543733     0.502482     0.457483     0.408734     0.356235     0.299987     0.239990     0.176242     0.108745     0.037498    -0.037498
    0.037498     0.108745     0.176243     0.239992     0.299991     0.356241     0.408743     0.457495     0.502498     0.543751     0.581255     0.615008     0.645012     0.671266     0.693769     0.712521     0.727522     0.738772     0.746272     0.750020     0.750017     0.746264     0.738760     0.727505     0.712501     0.693747     0.671243     0.644990     0.614987     0.581235     0.543734     0.502483     0.457484     0.408735     0.356236     0.299988     0.239990     0.176243     0.108746     0.037498    -0.037498
    0.037498     0.108745     0.176243     0.239992     0.299991     0.356241     0.408742     0.457494     0.502497     0.543750     0.581254     0.615007     0.645011     0.671265     0.693768     0.712520     0.727521     0.738771     0.746271     0.750019     0.750017     0.746263     0.738760     0.727506     0.712501     0.693747     0.671244     0.644991     0.614988     0.581236     0.543735     0.502485     0.457485     0.408736     0.356237     0.299989     0.239991     0.176243     0.108746     0.037499    -0.037499
    0.037498     0.108745     0.176243     0.239991     0.299991     0.356241     0.408742     0.457494     0.502496     0.543749     0.581253     0.615007     0.645010     0.671263     0.693766     0.712519     0.727520     0.738770     0.746270     0.750018     0.750016     0.746263     0.738760     0.727506     0.712502     0.693748     0.671245     0.644992     0.614989     0.581237     0.543736     0.502486     0.457486     0.408737     0.356238     0.299990     0.239992     0.176244     0.108746     0.037499    -0.037499
    0.037498     0.108745     0.176243     0.239991     0.299991     0.356241     0.408742     0.457493     0.502496     0.543749     0.581252     0.615006     0.645009     0.671262     0.693765     0.712517     0.727519     0.738769     0.746269     0.750018     0.750016     0.746263     0.738760     0.727506     0.712502     0.693749     0.671245     0.644993     0.614990     0.581239     0.543738     0.502487     0.457488     0.408738     0.356239     0.299991     0.239993     0.176245     0.108747     0.037499    -0.037499
    0.037498     0.108745     0.176243     0.239991     0.299990     0.356240     0.408741     0.457493     0.502495     0.543748     0.581251     0.615005     0.645008     0.671261     0.693764     0.712516     0.727518     0.738768     0.746268     0.750017     0.750015     0.746263     0.738759     0.727506     0.712503     0.693749     0.671246     0.644993     0.614991     0.581240     0.543739     0.502489     0.457489     0.408739     0.356241     0.299992     0.239993     0.176245     0.108747     0.037499    -0.037499
    0.037498     0.108745     0.176243     0.239991     0.299990     0.356240     0.408741     0.457492     0.502494     0.543747     0.581250     0.615004     0.645007     0.671260     0.693763     0.712515     0.727517     0.738767     0.746267     0.750016     0.750015     0.746262     0.738759     0.727506     0.712503     0.693750     0.671247     0.644994     0.614992     0.581241     0.543740     0.502490     0.457490     0.408741     0.356241     0.299993     0.239994     0.176246     0.108747     0.037499    -0.037499
    0.037498     0.108745     0.176243     0.239991     0.299990     0.356240     0.408740     0.457492     0.502494     0.543747     0.581250     0.615003     0.645006     0.671259     0.693762     0.712514     0.727516     0.738767     0.746267     0.750016     0.750014     0.746262     0.738759     0.727506     0.712503     0.693750     0.671248     0.644995     0.614993     0.581242     0.543741     0.502491     0.457491     0.408742     0.356242     0.299994     0.239995     0.176246     0.108748     0.037499    -0.037499
    0.037498     0.108745     0.176243     0.239991     0.299990     0.356239     0.408740     0.457491     0.502493     0.543746     0.581249     0.615002     0.645005     0.671258     0.693761     0.712513     0.727515     0.738766     0.746266     0.750015     0.750014     0.746262     0.738759     0.727507     0.712504     0.693751     0.671248     0.644996     0.614994     0.581243     0.543742     0.502492     0.457492     0.408743     0.356243     0.299994     0.239995     0.176247     0.108748     0.037499    -0.037499
    0.037498     0.108745     0.176242     0.239991     0.299990     0.356239     0.408740     0.457491     0.502493     0.543745     0.581248     0.615001     0.645004     0.671257     0.693760     0.712512     0.727514     0.738765     0.746265     0.750014     0.750013     0.746261     0.738759     0.727507     0.712504     0.693751     0.671249     0.644997     0.614995     0.581244     0.543743     0.502493     0.457493     0.408744     0.356244     0.299995     0.239996     0.176247     0.108748     0.037499    -0.037499
    0.037498     0.108745     0.176242     0.239991     0.299989     0.356239     0.408739     0.457490     0.502492     0.543745     0.581247     0.615000     0.645003     0.671256     0.693759     0.712511     0.727513     0.738764     0.746264     0.750014     0.750013     0.746261     0.738759     0.727507     0.712504     0.693752     0.671250     0.644998     0.614996     0.581245     0.543745     0.502494     0.457494     0.408745     0.356245     0.299996     0.239997     0.176248     0.108748     0.037499    -0.037499
    0.037498     0.108745     0.176242     0.239990     0.299989     0.356239     0.408739     0.457490     0.502492     0.543744     0.581247     0.615000     0.645003     0.671255     0.693758     0.712510     0.727512     0.738763     0.746264     0.750013     0.750012     0.746261     0.738759     0.727507     0.712505     0.693753     0.671250     0.644999     0.614997     0.581246     0.543746     0.502495     0.457495     0.408746     0.356246     0.299997     0.239997     0.176248     0.108749     0.037500    -0.037500
    0.037498     0.108745     0.176242     0.239990     0.299989     0.356238     0.408739     0.457490     0.502491     0.543743     0.581246     0.614999     0.645002     0.671255     0.693757     0.712509     0.727511     0.738762     0.746263     0.750013     0.750012     0.746261     0.738759     0.727507     0.712505     0.693753     0.671251     0.645000     0.614998     0.581247     0.543747     0.502496     0.457496     0.408746     0.356247     0.299997     0.239998     0.176248     0.108749     0.037500    -0.037500
    0.037498     0.108745     0.176242     0.239990     0.299989     0.356238     0.408738     0.457489     0.502491     0.543743     0.581245     0.614998     0.645001     0.671254     0.693756     0.712509     0.727510     0.738762     0.746262     0.750012     0.750012     0.746261     0.738759     0.727507     0.712505     0.693754     0.671252     0.645000     0.614999     0.581248     0.543748     0.502497     0.457497     0.408747     0.356248     0.299998     0.239998     0.176249     0.108749     0.037500    -0.037500
    0.037498     0.108745     0.176242     0.239990     0.299989     0.356238     0.408738     0.457489     0.502490     0.543742     0.581244     0.614997     0.645000     0.671253     0.693755     0.712508     0.727510     0.738761     0.746262     0.750012     0.750011     0.746260     0.738759     0.727507     0.712506     0.693754     0.671252     0.645001     0.615000     0.581249     0.543749     0.502498     0.457498     0.408748     0.356248     0.299999     0.239999     0.176249     0.108749     0.037500    -0.037500
    0.037498     0.108745     0.176242     0.239990     0.299988     0.356238     0.408738     0.457488     0.502490     0.543741     0.581244     0.614996     0.644999     0.671252     0.693755     0.712507     0.727509     0.738760     0.746261     0.750011     0.750011     0.746260     0.738759     0.727508     0.712506     0.693755     0.671253     0.645002     0.615001     0.581250     0.543749     0.502499     0.457499     0.408749     0.356249     0.299999     0.240000     0.176250     0.108750     0.037500    -0.037500
    0.037498     0.108745     0.176242     0.239990     0.299988     0.356237     0.408737     0.457488     0.502489     0.543741     0.581243     0.614996     0.644998     0.671251     0.693754     0.712506     0.727508     0.738759     0.746260     0.750011     0.750011     0.746260     0.738759     0.727508     0.712506     0.693755     0.671254     0.645003     0.615002     0.581251     0.543750     0.502500     0.457500     0.408750     0.356250     0.300000     0.240000     0.176250     0.108750     0.037500    -0.037500
    0.037498     0.108745     0.176242     0.239990     0.299988     0.356237     0.408737     0.457487     0.502489     0.543740     0.581242     0.614995     0.644998     0.671250     0.693753     0.712505     0.727507     0.738759     0.746260     0.750010     0.750010     0.746260     0.738759     0.727508     0.712507     0.693756     0.671254     0.645003     0.615002     0.581252     0.543751     0.502501     0.457501     0.408751     0.356251     0.300001     0.240001     0.176250     0.108750     0.037500    -0.037500
    0.037498     0.108745     0.176242     0.239989     0.299988     0.356237     0.408736     0.457487     0.502488     0.543740     0.581242     0.614994     0.644997     0.671250     0.693752     0.712505     0.727507     0.738758     0.746259     0.750010     0.750010     0.746260     0.738759     0.727508     0.712507     0.693756     0.671255     0.645004     0.615003     0.581253     0.543752     0.502502     0.457502     0.408752     0.356251     0.300001     0.240001     0.176251     0.108750     0.037500    -0.037500
    0.037498     0.108745     0.176242     0.239989     0.299987     0.356236     0.408736     0.457486     0.502488     0.543739     0.581241     0.614994     0.644996     0.671249     0.693751     0.712504     0.727506     0.738758     0.746259     0.750009     0.750010     0.746259     0.738759     0.727508     0.712507     0.693756     0.671256     0.645005     0.615004     0.581253     0.543753     0.502503     0.457503     0.408752     0.356252     0.300002     0.240002     0.176251     0.108751     0.037500    -0.037500
    0.037498     0.108745     0.176242     0.239989     0.299987     0.356236     0.408736     0.457486     0.502487     0.543739     0.581241     0.614993     0.644995     0.671248     0.693751     0.712503     0.727505     0.738757     0.746258     0.750009     0.750009     0.746259     0.738759     0.727508     0.712508     0.693757     0.671256     0.645005     0.615005     0.581254     0.543754     0.502504     0.457503     0.408753     0.356253     0.300003     0.240002     0.176252     0.108751     0.037500    -0.037500
    0.037498     0.108745     0.176241     0.239989     0.299987     0.356236     0.408735     0.457486     0.502487     0.543738     0.581240     0.614992     0.644995     0.671247     0.693750     0.712502     0.727505     0.738756     0.746258     0.750009     0.750009     0.746259     0.738759     0.727509     0.712508     0.693757     0.671257     0.645006     0.615006     0.581255     0.543755     0.502504     0.457504     0.408754     0.356254     0.300003     0.240003     0.176252     0.108751     0.037500    -0.037500
    0.037498     0.108744     0.176241     0.239989     0.299987     0.356236     0.408735     0.457485     0.502486     0.543737     0.581239     0.614992     0.644994     0.671247     0.693749     0.712502     0.727504     0.738756     0.746257     0.750008     0.750009     0.746259     0.738759     0.727509     0.712508     0.693758     0.671257     0.645007     0.615006     0.581256     0.543756     0.502505     0.457505     0.408755     0.356254     0.300004     0.240003     0.176252     0.108751     0.037500    -0.037500
    0.037498     0.108744     0.176241     0.239989     0.299987     0.356235     0.408735     0.457485     0.502486     0.543737     0.581239     0.614991     0.644993     0.671246     0.693749     0.712501     0.727503     0.738755     0.746257     0.750008     0.750009     0.746259     0.738759     0.727509     0.712509     0.693758     0.671258     0.645007     0.615007     0.581257     0.543756     0.502506     0.457506     0.408755     0.356255     0.300004     0.240003     0.176253     0.108752     0.037500    -0.037500
    0.037498     0.108744     0.176241     0.239988     0.299986     0.356235     0.408734     0.457484     0.502485     0.543736     0.581238     0.614990     0.644993     0.671245     0.693748     0.712500     0.727503     0.738755     0.746256     0.750007     0.750008     0.746259     0.738759     0.727509     0.712509     0.693759     0.671258     0.645008     0.615008     0.581257     0.543757     0.502507     0.457506     0.408756     0.356255     0.300005     0.240004     0.176253     0.108752     0.037501    -0.037501
    0.037498     0.108744     0.176241     0.239988     0.299986     0.356235     0.408734     0.457484     0.502485     0.543736     0.581238     0.614990     0.644992     0.671245     0.693747     0.712500     0.727502     0.738754     0.746256     0.750007     0.750008     0.746259     0.738759     0.727509     0.712509     0.693759     0.671259     0.645009     0.615008     0.581258     0.543758     0.502508     0.457507     0.408757     0.356256     0.300005     0.240004     0.176253     0.108752     0.037501    -0.037501
    0.037498     0.108744     0.176241     0.239988     0.299986     0.356235     0.408734     0.457484     0.502484     0.543735     0.581237     0.614989     0.644991     0.671244     0.693747     0.712499     0.727501     0.738754     0.746255     0.750007     0.750008     0.746259     0.738759     0.727509     0.712510     0.693760     0.671259     0.645009     0.615009     0.581259     0.543759     0.502508     0.457508     0.408757     0.356257     0.300006     0.240005     0.176253     0.108752     0.037501    -0.037501
    0.037498     0.108744     0.176241     0.239988     0.299986     0.356234     0.408733     0.457483     0.502484     0.543735     0.581236     0.614988     0.644991     0.671243     0.693746     0.712498     0.727501     0.738753     0.746255     0.750006     0.750008     0.746259     0.738759     0.727510     0.712510     0.693760     0.671260     0.645010     0.615010     0.581260     0.543759     0.502509     0.457509     0.408758     0.356257     0.300006     0.240005     0.176254     0.108752     0.037501    -0.037501
    0.037498     0.108744     0.176241     0.239988     0.299986     0.356234     0.408733     0.457483     0.502483     0.543734     0.581236     0.614988     0.644990     0.671243     0.693745     0.712498     0.727500     0.738753     0.746255     0.750006     0.750007     0.746259     0.738759     0.727510     0.712510     0.693760     0.671260     0.645010     0.615010     0.581260     0.543760     0.502510     0.457509     0.408759     0.356258     0.300007     0.240006     0.176254     0.108752     0.037501    -0.037501
    0.037498     0.108744     0.176241     0.239988     0.299985     0.356234     0.408733     0.457482     0.502483     0.543734     0.581235     0.614987     0.644990     0.671242     0.693745     0.712497     0.727500     0.738752     0.746254     0.750006     0.750007     0.746258     0.738759     0.727510     0.712510     0.693761     0.671261     0.645011     0.615011     0.581261     0.543761     0.502510     0.457510     0.408759     0.356258     0.300007     0.240006     0.176254     0.108753     0.037501    -0.037501
    0.037498     0.108744     0.176241     0.239988     0.299985     0.356233     0.408732     0.457482     0.502482     0.543733     0.581235     0.614987     0.644989     0.671242     0.693744     0.712497     0.727499     0.738752     0.746254     0.750006     0.750007     0.746258     0.738759     0.727510     0.712511     0.693761     0.671261     0.645012     0.615012     0.581262     0.543761     0.502511     0.457511     0.408760     0.356259     0.300008     0.240006     0.176255     0.108753     0.037501    -0.037501
    0.037498     0.108744     0.176240     0.239987     0.299985     0.356233     0.408732     0.457482     0.502482     0.543733     0.581234     0.614986     0.644988     0.671241     0.693744     0.712496     0.727499     0.738751     0.746253     0.750005     0.750007     0.746258     0.738759     0.727510     0.712511     0.693762     0.671262     0.645012     0.615012     0.581262     0.543762     0.502512     0.457511     0.408761     0.356260     0.300008     0.240007     0.176255     0.108753     0.037501    -0.037501
    0.037498     0.108744     0.176240     0.239987     0.299985     0.356233     0.408732     0.457481     0.502482     0.543732     0.581234     0.614986     0.644988     0.671240     0.693743     0.712496     0.727498     0.738751     0.746253     0.750005     0.750007     0.746258     0.738759     0.727510     0.712511     0.693762     0.671262     0.645013     0.615013     0.581263     0.543763     0.502513     0.457512     0.408761     0.356260     0.300009     0.240007     0.176255     0.108753     0.037501    -0.037501
    0.037498     0.108744     0.176240     0.239987     0.299985     0.356233     0.408731     0.457481     0.502481     0.543732     0.581233     0.614985     0.644987     0.671240     0.693742     0.712495     0.727498     0.738750     0.746253     0.750005     0.750007     0.746258     0.738760     0.727511     0.712512     0.693762     0.671263     0.645013     0.615014     0.581264     0.543763     0.502513     0.457513     0.408762     0.356261     0.300009     0.240007     0.176255     0.108753     0.037501    -0.037501
    0.037498     0.108744     0.176240     0.239987     0.299984     0.356232     0.408731     0.457481     0.502481     0.543731     0.581233     0.614985     0.644987     0.671239     0.693742     0.712495     0.727497     0.738750     0.746252     0.750004     0.750006     0.746258     0.738760     0.727511     0.712512     0.693763     0.671263     0.645014     0.615014     0.581264     0.543764     0.502514     0.457513     0.408762     0.356261     0.300010     0.240008     0.176256     0.108754     0.037501    -0.037501
    0.037498     0.108744     0.176240     0.239987     0.299984     0.356232     0.408731     0.457480     0.502480     0.543731     0.581232     0.614984     0.644986     0.671239     0.693741     0.712494     0.727497     0.738749     0.746252     0.750004     0.750006     0.746258     0.738760     0.727511     0.712512     0.693763     0.671264     0.645014     0.615015     0.581265     0.543765     0.502514     0.457514     0.408763     0.356262     0.300010     0.240008     0.176256     0.108754     0.037501    -0.037501
    0.037498     0.108744     0.176240     0.239987     0.299984     0.356232     0.408730     0.457480     0.502480     0.543730     0.581232     0.614983     0.644986     0.671238     0.693741     0.712494     0.727496     0.738749     0.746252     0.750004     0.750006     0.746258     0.738760     0.727511     0.712512     0.693763     0.671264     0.645015     0.615015     0.581265     0.543765     0.502515     0.457514     0.408763     0.356262     0.300010     0.240008     0.176256     0.108754     0.037501    -0.037501
    0.037498     0.108744     0.176240     0.239986     0.299984     0.356232     0.408730     0.457479     0.502479     0.543730     0.581231     0.614983     0.644985     0.671238     0.693740     0.712493     0.727496     0.738749     0.746251     0.750004     0.750006     0.746258     0.738760     0.727511     0.712513     0.693764     0.671265     0.645015     0.615016     0.581266     0.543766     0.502516     0.457515     0.408764     0.356263     0.300011     0.240009     0.176257     0.108754     0.037501    -0.037501
    0.037498     0.108744     0.176240     0.239986     0.299983     0.356231     0.408730     0.457479     0.502479     0.543730     0.581231     0.614982     0.644985     0.671237     0.693740     0.712493     0.727495     0.738748     0.746251     0.750004     0.750006     0.746258     0.738760     0.727512     0.712513     0.693764     0.671265     0.645016     0.615016     0.581267     0.543767     0.502516     0.457516     0.408764     0.356263     0.300011     0.240009     0.176257     0.108754     0.037501    -0.037501
    0.037498     0.108743     0.176240     0.239986     0.299983     0.356231     0.408730     0.457479     0.502479     0.543729     0.581230     0.614982     0.644984     0.671237     0.693739     0.712492     0.727495     0.738748     0.746251     0.750003     0.750006     0.746258     0.738760     0.727512     0.712513     0.693765     0.671266     0.645016     0.615017     0.581267     0.543767     0.502517     0.457516     0.408765     0.356264     0.300012     0.240009     0.176257     0.108754     0.037501    -0.037501
    0.037498     0.108743     0.176239     0.239986     0.299983     0.356231     0.408729     0.457478     0.502478     0.543729     0.581230     0.614981     0.644984     0.671236     0.693739     0.712492     0.727495     0.738748     0.746250     0.750003     0.750006     0.746258     0.738760     0.727512     0.712513     0.693765     0.671266     0.645017     0.615017     0.581268     0.543768     0.502517     0.457517     0.408766     0.356264     0.300012     0.240010     0.176257     0.108754     0.037501    -0.037501
    0.037498     0.108743     0.176239     0.239986     0.299983     0.356231     0.408729     0.457478     0.502478     0.543728     0.581229     0.614981     0.644983     0.671236     0.693738     0.712491     0.727494     0.738747     0.746250     0.750003     0.750005     0.746258     0.738760     0.727512     0.712514     0.693765     0.671266     0.645017     0.615018     0.581268     0.543768     0.502518     0.457517     0.408766     0.356264     0.300012     0.240010     0.176257     0.108755     0.037502    -0.037502
    0.037498     0.108743     0.176239     0.239986     0.299983     0.356230     0.408729     0.457478     0.502477     0.543728     0.581229     0.614980     0.644983     0.671235     0.693738     0.712491     0.727494     0.738747     0.746250     0.750003     0.750005     0.746258     0.738760     0.727512     0.712514     0.693766     0.671267     0.645018     0.615019     0.581269     0.543769     0.502519     0.457518     0.408767     0.356265     0.300013     0.240010     0.176258     0.108755     0.037502    -0.037502
    0.037498     0.108743     0.176239     0.239986     0.299982     0.356230     0.408728     0.457477     0.502477     0.543727     0.581228     0.614980     0.644982     0.671235     0.693737     0.712490     0.727493     0.738747     0.746250     0.750003     0.750005     0.746258     0.738760     0.727512     0.712514     0.693766     0.671267     0.645018     0.615019     0.581269     0.543769     0.502519     0.457518     0.408767     0.356265     0.300013     0.240011     0.176258     0.108755     0.037502    -0.037502
    0.037498     0.108743     0.176239     0.239985     0.299982     0.356230     0.408728     0.457477     0.502477     0.543727     0.581228     0.614980     0.644982     0.671234     0.693737     0.712490     0.727493     0.738746     0.746249     0.750002     0.750005     0.746258     0.738760     0.727513     0.712515     0.693766     0.671268     0.645019     0.615020     0.581270     0.543770     0.502520     0.457519     0.408767     0.356266     0.300014     0.240011     0.176258     0.108755     0.037502    -0.037502
    0.037498     0.108743     0.176239     0.239985     0.299982     0.356229     0.408728     0.457477     0.502476     0.543727     0.581227     0.614979     0.644981     0.671234     0.693736     0.712489     0.727493     0.738746     0.746249     0.750002     0.750005     0.746258     0.738760     0.727513     0.712515     0.693767     0.671268     0.645019     0.615020     0.581270     0.543771     0.502520     0.457519     0.408768     0.356266     0.300014     0.240011     0.176258     0.108755     0.037502    -0.037502
    0.037498     0.108743     0.176239     0.239985     0.299982     0.356229     0.408727     0.457476     0.502476     0.543726     0.581227     0.614979     0.644981     0.671233     0.693736     0.712489     0.727492     0.738746     0.746249     0.750002     0.750005     0.746258     0.738760     0.727513     0.712515     0.693767     0.671268     0.645020     0.615021     0.581271     0.543771     0.502521     0.457520     0.408768     0.356267     0.300014     0.240012     0.176259     0.108755     0.037502    -0.037502
    0.037498     0.108743     0.176239     0.239985     0.299982     0.356229     0.408727     0.457476     0.502475     0.543726     0.581227     0.614978     0.644980     0.671233     0.693736     0.712489     0.727492     0.738745     0.746249     0.750002     0.750005     0.746258     0.738761     0.727513     0.712515     0.693767     0.671269     0.645020     0.615021     0.581272     0.543772     0.502521     0.457520     0.408769     0.356267     0.300015     0.240012     0.176259     0.108755     0.037502    -0.037502
    0.037498     0.108743     0.176239     0.239985     0.299981     0.356229     0.408727     0.457476     0.502475     0.543725     0.581226     0.614978     0.644980     0.671232     0.693735     0.712488     0.727492     0.738745     0.746248     0.750002     0.750005     0.746258     0.738761     0.727513     0.712516     0.693768     0.671269     0.645021     0.615022     0.581272     0.543772     0.502522     0.457521     0.408769     0.356267     0.300015     0.240012     0.176259     0.108755     0.037502    -0.037502
    0.037498     0.108743     0.176238     0.239985     0.299981     0.356228     0.408726     0.457475     0.502475     0.543725     0.581226     0.614977     0.644979     0.671232     0.693735     0.712488     0.727491     0.738745     0.746248     0.750001     0.750005     0.746258     0.738761     0.727513     0.712516     0.693768     0.671270     0.645021     0.615022     0.581273     0.543773     0.502522     0.457521     0.408770     0.356268     0.300015     0.240012     0.176259     0.108756     0.037502    -0.037502
    0.037498     0.108743     0.176238     0.239984     0.299981     0.356228     0.408726     0.457475     0.502474     0.543724     0.581225     0.614977     0.644979     0.671231     0.693734     0.712487     0.727491     0.738744     0.746248     0.750001     0.750005     0.746258     0.738761     0.727514     0.712516     0.693768     0.671270     0.645021     0.615022     0.581273     0.543773     0.502523     0.457522     0.408770     0.356268     0.300016     0.240013     0.176259     0.108756     0.037502    -0.037502
    0.037498     0.108743     0.176238     0.239984     0.299981     0.356228     0.408726     0.457474     0.502474     0.543724     0.581225     0.614976     0.644978     0.671231     0.693734     0.712487     0.727491     0.738744     0.746248     0.750001     0.750005     0.746258     0.738761     0.727514     0.712516     0.693769     0.671270     0.645022     0.615023     0.581274     0.543774     0.502523     0.457522     0.408771     0.356269     0.300016     0.240013     0.176260     0.108756     0.037502    -0.037502
    0.037497     0.108743     0.176238     0.239984     0.299981     0.356228     0.408726     0.457474     0.502474     0.543724     0.581224     0.614976     0.644978     0.671231     0.693733     0.712487     0.727490     0.738744     0.746247     0.750001     0.750005     0.746258     0.738761     0.727514     0.712517     0.693769     0.671271     0.645022     0.615023     0.581274     0.543774     0.502524     0.457523     0.408771     0.356269     0.300016     0.240013     0.176260     0.108756     0.037502    -0.037502
    0.037497     0.108743     0.176238     0.239984     0.299980     0.356227     0.408725     0.457474     0.502473     0.543723     0.581224     0.614976     0.644978     0.671230     0.693733     0.712486     0.727490     0.738744     0.746247     0.750001     0.750004     0.746258     0.738761     0.727514     0.712517     0.693769     0.671271     0.645023     0.615024     0.581274     0.543775     0.502524     0.457523     0.408772     0.356269     0.300017     0.240014     0.176260     0.108756     0.037502    -0.037502
    0.037497     0.108743     0.176238     0.239984     0.299980     0.356227     0.408725     0.457473     0.502473     0.543723     0.581224     0.614975     0.644977     0.671230     0.693733     0.712486     0.727490     0.738743     0.746247     0.750001     0.750004     0.746258     0.738761     0.727514     0.712517     0.693769     0.671272     0.645023     0.615024     0.581275     0.543775     0.502525     0.457524     0.408772     0.356270     0.300017     0.240014     0.176260     0.108756     0.037502    -0.037502
    0.037497     0.108742     0.176238     0.239984     0.299980     0.356227     0.408725     0.457473     0.502472     0.543722     0.581223     0.614975     0.644977     0.671229     0.693732     0.712486     0.727489     0.738743     0.746247     0.750001     0.750004     0.746258     0.738761     0.727514     0.712517     0.693770     0.671272     0.645024     0.615025     0.581275     0.543776     0.502525     0.457524     0.408772     0.356270     0.300017     0.240014     0.176260     0.108756     0.037502    -0.037502
    0.037497     0.108742     0.176238     0.239983     0.299980     0.356227     0.408724     0.457473     0.502472     0.543722     0.581223     0.614974     0.644976     0.671229     0.693732     0.712485     0.727489     0.738743     0.746247     0.750000     0.750004     0.746258     0.738761     0.727515     0.712518     0.693770     0.671272     0.645024     0.615025     0.581276     0.543776     0.502525     0.457524     0.408773     0.356270     0.300018     0.240014     0.176261     0.108756     0.037502    -0.037502
    0.037497     0.108742     0.176238     0.239983     0.299980     0.356226     0.408724     0.457472     0.502472     0.543722     0.581222     0.614974     0.644976     0.671228     0.693732     0.712485     0.727489     0.738742     0.746246     0.750000     0.750004     0.746258     0.738762     0.727515     0.712518     0.693770     0.671273     0.645024     0.615026     0.581276     0.543776     0.502526     0.457525     0.408773     0.356271     0.300018     0.240015     0.176261     0.108757     0.037502    -0.037502
    0.037497     0.108742     0.176237     0.239983     0.299979     0.356226     0.408724     0.457472     0.502471     0.543721     0.581222     0.614973     0.644975     0.671228     0.693731     0.712485     0.727488     0.738742     0.746246     0.750000     0.750004     0.746258     0.738762     0.727515     0.712518     0.693771     0.671273     0.645025     0.615026     0.581277     0.543777     0.502526     0.457525     0.408774     0.356271     0.300018     0.240015     0.176261     0.108757     0.037502    -0.037502
    0.037497     0.108742     0.176237     0.239983     0.299979     0.356226     0.408723     0.457472     0.502471     0.543721     0.581222     0.614973     0.644975     0.671228     0.693731     0.712484     0.727488     0.738742     0.746246     0.750000     0.750004     0.746258     0.738762     0.727515     0.712518     0.693771     0.671273     0.645025     0.615026     0.581277     0.543777     0.502527     0.457526     0.408774     0.356272     0.300019     0.240015     0.176261     0.108757     0.037502    -0.037502
    0.037497     0.108742     0.176237     0.239983     0.299979     0.356226     0.408723     0.457472     0.502471     0.543721     0.581221     0.614973     0.644975     0.671227     0.693730     0.712484     0.727488     0.738742     0.746246     0.750000     0.750004     0.746258     0.738762     0.727515     0.712518     0.693771     0.671274     0.645026     0.615027     0.581278     0.543778     0.502527     0.457526     0.408774     0.356272     0.300019     0.240015     0.176261     0.108757     0.037502    -0.037502
    0.037497     0.108742     0.176237     0.239983     0.299979     0.356225     0.408723     0.457471     0.502470     0.543720     0.581221     0.614972     0.644974     0.671227     0.693730     0.712484     0.727487     0.738742     0.746246     0.750000     0.750004     0.746258     0.738762     0.727515     0.712519     0.693772     0.671274     0.645026     0.615027     0.581278     0.543778     0.502528     0.457527     0.408775     0.356272     0.300019     0.240015     0.176261     0.108757     0.037502    -0.037502
    0.037497     0.108742     0.176237     0.239982     0.299978     0.356225     0.408723     0.457471     0.502470     0.543720     0.581220     0.614972     0.644974     0.671227     0.693730     0.712483     0.727487     0.738741     0.746246     0.750000     0.750004     0.746258     0.738762     0.727516     0.712519     0.693772     0.671274     0.645026     0.615028     0.581278     0.543779     0.502528     0.457527     0.408775     0.356273     0.300019     0.240016     0.176262     0.108757     0.037502    -0.037502
    0.037497     0.108742     0.176237     0.239982     0.299978     0.356225     0.408722     0.457471     0.502470     0.543719     0.581220     0.614971     0.644974     0.671226     0.693729     0.712483     0.727487     0.738741     0.746245     0.750000     0.750004     0.746258     0.738762     0.727516     0.712519     0.693772     0.671275     0.645027     0.615028     0.581279     0.543779     0.502529     0.457527     0.408775     0.356273     0.300020     0.240016     0.176262     0.108757     0.037502    -0.037502
    0.037497     0.108742     0.176237     0.239982     0.299978     0.356225     0.408722     0.457470     0.502469     0.543719     0.581220     0.614971     0.644973     0.671226     0.693729     0.712483     0.727487     0.738741     0.746245     0.750000     0.750004     0.746258     0.738762     0.727516     0.712519     0.693772     0.671275     0.645027     0.615028     0.581279     0.543779     0.502529     0.457528     0.408776     0.356273     0.300020     0.240016     0.176262     0.108757     0.037502    -0.037502
    0.037497     0.108742     0.176237     0.239982     0.299978     0.356224     0.408722     0.457470     0.502469     0.543719     0.581219     0.614971     0.644973     0.671225     0.693729     0.712482     0.727486     0.738741     0.746245     0.750000     0.750004     0.746258     0.738762     0.727516     0.712520     0.693773     0.671275     0.645027     0.615029     0.581280     0.543780     0.502529     0.457528     0.408776     0.356273     0.300020     0.240016     0.176262     0.108757     0.037502    -0.037502
    0.037497     0.108742     0.176237     0.239982     0.299978     0.356224     0.408722     0.457470     0.502469     0.543718     0.581219     0.614970     0.644972     0.671225     0.693728     0.712482     0.727486     0.738740     0.746245     0.749999     0.750004     0.746258     0.738762     0.727516     0.712520     0.693773     0.671276     0.645028     0.615029     0.581280     0.543780     0.502530     0.457528     0.408776     0.356274     0.300020     0.240017     0.176262     0.108757     0.037503    -0.037503
    0.037497     0.108742     0.176236     0.239982     0.299977     0.356224     0.408721     0.457469     0.502468     0.543718     0.581219     0.614970     0.644972     0.671225     0.693728     0.712482     0.727486     0.738740     0.746245     0.749999     0.750004     0.746258     0.738763     0.727517     0.712520     0.693773     0.671276     0.645028     0.615030     0.581281     0.543781     0.502530     0.457529     0.408777     0.356274     0.300021     0.240017     0.176262     0.108758     0.037503    -0.037503
    0.037497     0.108742     0.176236     0.239982     0.299977     0.356224     0.408721     0.457469     0.502468     0.543718     0.581218     0.614970     0.644972     0.671224     0.693728     0.712481     0.727486     0.738740     0.746245     0.749999     0.750004     0.746258     0.738763     0.727517     0.712520     0.693774     0.671276     0.645028     0.615030     0.581281     0.543781     0.502531     0.457529     0.408777     0.356274     0.300021     0.240017     0.176263     0.108758     0.037503    -0.037503
    0.037497     0.108742     0.176236     0.239981     0.299977     0.356224     0.408721     0.457469     0.502468     0.543717     0.581218     0.614969     0.644971     0.671224     0.693727     0.712481     0.727485     0.738740     0.746244     0.749999     0.750004     0.746258     0.738763     0.727517     0.712521     0.693774     0.671277     0.645029     0.615030     0.581281     0.543781     0.502531     0.457530     0.408778     0.356275     0.300021     0.240017     0.176263     0.108758     0.037503    -0.037503
    0.037497     0.108741     0.176236     0.239981     0.299977     0.356223     0.408720     0.457468     0.502467     0.543717     0.581218     0.614969     0.644971     0.671224     0.693727     0.712481     0.727485     0.738740     0.746244     0.749999     0.750004     0.746258     0.738763     0.727517     0.712521     0.693774     0.671277     0.645029     0.615031     0.581282     0.543782     0.502531     0.457530     0.408778     0.356275     0.300022     0.240017     0.176263     0.108758     0.037503    -0.037503
    0.037497     0.108741     0.176236     0.239981     0.299977     0.356223     0.408720     0.457468     0.502467     0.543717     0.581217     0.614968     0.644971     0.671223     0.693727     0.712481     0.727485     0.738739     0.746244     0.749999     0.750004     0.746258     0.738763     0.727517     0.712521     0.693774     0.671277     0.645030     0.615031     0.581282     0.543782     0.502532     0.457530     0.408778     0.356275     0.300022     0.240018     0.176263     0.108758     0.037503    -0.037503
    0.037497     0.108741     0.176236     0.239981     0.299977     0.356223     0.408720     0.457468     0.502467     0.543716     0.581217     0.614968     0.644970     0.671223     0.693726     0.712480     0.727485     0.738739     0.746244     0.749999     0.750004     0.746259     0.738763     0.727517     0.712521     0.693775     0.671278     0.645030     0.615032     0.581282     0.543783     0.502532     0.457531     0.408779     0.356276     0.300022     0.240018     0.176263     0.108758     0.037503    -0.037503
    0.037497     0.108741     0.176236     0.239981     0.299976     0.356223     0.408720     0.457468     0.502466     0.543716     0.581216     0.614968     0.644970     0.671223     0.693726     0.712480     0.727484     0.738739     0.746244     0.749999     0.750004     0.746259     0.738763     0.727517     0.712521     0.693775     0.671278     0.645030     0.615032     0.581283     0.543783     0.502532     0.457531     0.408779     0.356276     0.300022     0.240018     0.176263     0.108758     0.037503    -0.037503
    0.037497     0.108741     0.176236     0.239981     0.299976     0.356222     0.408719     0.457467     0.502466     0.543716     0.581216     0.614967     0.644970     0.671222     0.693726     0.712480     0.727484     0.738739     0.746244     0.749999     0.750004     0.746259     0.738763     0.727518     0.712522     0.693775     0.671278     0.645031     0.615032     0.581283     0.543783     0.502533     0.457531     0.408779     0.356276     0.300023     0.240018     0.176263     0.108758     0.037503    -0.037503
    0.037497     0.108741     0.176236     0.239980     0.299976     0.356222     0.408719     0.457467     0.502466     0.543715     0.581216     0.614967     0.644969     0.671222     0.693726     0.712480     0.727484     0.738739     0.746244     0.749999     0.750004     0.746259     0.738763     0.727518     0.712522     0.693775     0.671278     0.645031     0.615033     0.581284     0.543784     0.502533     0.457532     0.408779     0.356276     0.300023     0.240018     0.176264     0.108758     0.037503    -0.037503
    0.037497     0.108741     0.176235     0.239980     0.299976     0.356222     0.408719     0.457467     0.502465     0.543715     0.581215     0.614967     0.644969     0.671222     0.693725     0.712479     0.727484     0.738738     0.746243     0.749999     0.750004     0.746259     0.738763     0.727518     0.712522     0.693776     0.671279     0.645031     0.615033     0.581284     0.543784     0.502534     0.457532     0.408780     0.356277     0.300023     0.240019     0.176264     0.108758     0.037503    -0.037503
    0.037497     0.108741     0.176235     0.239980     0.299976     0.356222     0.408719     0.457466     0.502465     0.543715     0.581215     0.614966     0.644969     0.671221     0.693725     0.712479     0.727483     0.738738     0.746243     0.749999     0.750004     0.746259     0.738764     0.727518     0.712522     0.693776     0.671279     0.645032     0.615033     0.581284     0.543784     0.502534     0.457532     0.408780     0.356277     0.300023     0.240019     0.176264     0.108758     0.037503    -0.037503
    0.037497     0.108741     0.176235     0.239980     0.299975     0.356221     0.408718     0.457466     0.502465     0.543714     0.581215     0.614966     0.644968     0.671221     0.693725     0.712479     0.727483     0.738738     0.746243     0.749998     0.750004     0.746259     0.738764     0.727518     0.712523     0.693776     0.671279     0.645032     0.615034     0.581285     0.543785     0.502534     0.457533     0.408780     0.356277     0.300023     0.240019     0.176264     0.108759     0.037503    -0.037503
    0.037497     0.108741     0.176235     0.239980     0.299975     0.356221     0.408718     0.457466     0.502464     0.543714     0.581214     0.614966     0.644968     0.671221     0.693724     0.712478     0.727483     0.738738     0.746243     0.749998     0.750004     0.746259     0.738764     0.727518     0.712523     0.693776     0.671280     0.645032     0.615034     0.581285     0.543785     0.502535     0.457533     0.408781     0.356278     0.300024     0.240019     0.176264     0.108759     0.037503    -0.037503
    0.037497     0.108741     0.176235     0.239980     0.299975     0.356221     0.408718     0.457466     0.502464     0.543714     0.581214     0.614965     0.644968     0.671221     0.693724     0.712478     0.727483     0.738738     0.746243     0.749998     0.750004     0.746259     0.738764     0.727519     0.712523     0.693777     0.671280     0.645032     0.615034     0.581285     0.543786     0.502535     0.457533     0.408781     0.356278     0.300024     0.240019     0.176264     0.108759     0.037503    -0.037503
    0.037497     0.108741     0.176235     0.239980     0.299975     0.356221     0.408718     0.457465     0.502464     0.543713     0.581214     0.614965     0.644967     0.671220     0.693724     0.712478     0.727483     0.738738     0.746243     0.749998     0.750004     0.746259     0.738764     0.727519     0.712523     0.693777     0.671280     0.645033     0.615035     0.581286     0.543786     0.502535     0.457534     0.408781     0.356278     0.300024     0.240020     0.176264     0.108759     0.037503    -0.037503
    0.037497     0.108741     0.176235     0.239979     0.299975     0.356221     0.408717     0.457465     0.502464     0.543713     0.581213     0.614965     0.644967     0.671220     0.693724     0.712478     0.727482     0.738737     0.746243     0.749998     0.750004     0.746259     0.738764     0.727519     0.712523     0.693777     0.671281     0.645033     0.615035     0.581286     0.543786     0.502536     0.457534     0.408782     0.356278     0.300024     0.240020     0.176264     0.108759     0.037503    -0.037503
    0.037497     0.108741     0.176235     0.239979     0.299974     0.356220     0.408717     0.457465     0.502463     0.543713     0.581213     0.614964     0.644967     0.671220     0.693723     0.712478     0.727482     0.738737     0.746243     0.749998     0.750004     0.746259     0.738764     0.727519     0.712524     0.693777     0.671281     0.645033     0.615035     0.581286     0.543787     0.502536     0.457534     0.408782     0.356279     0.300025     0.240020     0.176265     0.108759     0.037503    -0.037503
    0.037497     0.108741     0.176235     0.239979     0.299974     0.356220     0.408717     0.457464     0.502463     0.543712     0.581213     0.614964     0.644966     0.671219     0.693723     0.712477     0.727482     0.738737     0.746243     0.749998     0.750004     0.746259     0.738764     0.727519     0.712524     0.693778     0.671281     0.645034     0.615036     0.581287     0.543787     0.502536     0.457535     0.408782     0.356279     0.300025     0.240020     0.176265     0.108759     0.037503    -0.037503
    0.037497     0.108741     0.176235     0.239979     0.299974     0.356220     0.408717     0.457464     0.502463     0.543712     0.581213     0.614964     0.644966     0.671219     0.693723     0.712477     0.727482     0.738737     0.746242     0.749998     0.750004     0.746259     0.738764     0.727519     0.712524     0.693778     0.671281     0.645034     0.615036     0.581287     0.543787     0.502537     0.457535     0.408782     0.356279     0.300025     0.240020     0.176265     0.108759     0.037503    -0.037503
    0.037497     0.108740     0.176234     0.239979     0.299974     0.356220     0.408716     0.457464     0.502462     0.543712     0.581212     0.614964     0.644966     0.671219     0.693722     0.712477     0.727482     0.738737     0.746242     0.749998     0.750004     0.746259     0.738765     0.727520     0.712524     0.693778     0.671282     0.645034     0.615036     0.581287     0.543788     0.502537     0.457535     0.408783     0.356279     0.300025     0.240020     0.176265     0.108759     0.037503    -0.037503
    0.037497     0.108740     0.176234     0.239979     0.299974     0.356220     0.408716     0.457464     0.502462     0.543712     0.581212     0.614963     0.644965     0.671218     0.693722     0.712477     0.727481     0.738737     0.746242     0.749998     0.750004     0.746259     0.738765     0.727520     0.712524     0.693778     0.671282     0.645035     0.615037     0.581288     0.543788     0.502537     0.457535     0.408783     0.356280     0.300025     0.240021     0.176265     0.108759     0.037503    -0.037503
    0.037497     0.108740     0.176234     0.239979     0.299974     0.356219     0.408716     0.457463     0.502462     0.543711     0.581212     0.614963     0.644965     0.671218     0.693722     0.712476     0.727481     0.738737     0.746242     0.749998     0.750004     0.746259     0.738765     0.727520     0.712524     0.693779     0.671282     0.645035     0.615037     0.581288     0.543788     0.502537     0.457536     0.408783     0.356280     0.300026     0.240021     0.176265     0.108759     0.037503    -0.037503
    0.037497     0.108740     0.176234     0.239979     0.299973     0.356219     0.408716     0.457463     0.502462     0.543711     0.581211     0.614963     0.644965     0.671218     0.693722     0.712476     0.727481     0.738736     0.746242     0.749998     0.750004     0.746259     0.738765     0.727520     0.712525     0.693779     0.671282     0.645035     0.615037     0.581288     0.543788     0.502538     0.457536     0.408783     0.356280     0.300026     0.240021     0.176265     0.108759     0.037503    -0.037503
    0.037497     0.108740     0.176234     0.239978     0.299973     0.356219     0.408715     0.457463     0.502461     0.543711     0.581211     0.614962     0.644965     0.671218     0.693721     0.712476     0.727481     0.738736     0.746242     0.749998     0.750004     0.746259     0.738765     0.727520     0.712525     0.693779     0.671283     0.645035     0.615037     0.581289     0.543789     0.502538     0.457536     0.408784     0.356280     0.300026     0.240021     0.176265     0.108759     0.037503    -0.037503
    0.037497     0.108740     0.176234     0.239978     0.299973     0.356219     0.408715     0.457463     0.502461     0.543710     0.581211     0.614962     0.644964     0.671217     0.693721     0.712476     0.727481     0.738736     0.746242     0.749998     0.750004     0.746259     0.738765     0.727520     0.712525     0.693779     0.671283     0.645036     0.615038     0.581289     0.543789     0.502538     0.457537     0.408784     0.356280     0.300026     0.240021     0.176266     0.108759     0.037503    -0.037503
    0.037497     0.108740     0.176234     0.239978     0.299973     0.356219     0.408715     0.457462     0.502461     0.543710     0.581211     0.614962     0.644964     0.671217     0.693721     0.712476     0.727481     0.738736     0.746242     0.749998     0.750004     0.746259     0.738765     0.727520     0.712525     0.693780     0.671283     0.645036     0.615038     0.581289     0.543789     0.502539     0.457537     0.408784     0.356281     0.300026     0.240021     0.176266     0.108760     0.037503    -0.037503
    0.037497     0.108740     0.176234     0.239978     0.299973     0.356218     0.408715     0.457462     0.502461     0.543710     0.581210     0.614962     0.644964     0.671217     0.693721     0.712475     0.727480     0.738736     0.746242     0.749998     0.750004     0.746260     0.738765     0.727521     0.712525     0.693780     0.671283     0.645036     0.615038     0.581289     0.543790     0.502539     0.457537     0.408784     0.356281     0.300026     0.240021     0.176266     0.108760     0.037503    -0.037503
    0.037497     0.108740     0.176234     0.239978     0.299973     0.356218     0.408715     0.457462     0.502460     0.543710     0.581210     0.614961     0.644964     0.671217     0.693721     0.712475     0.727480     0.738736     0.746242     0.749998     0.750004     0.746260     0.738765     0.727521     0.712526     0.693780     0.671284     0.645036     0.615039     0.581290     0.543790     0.502539     0.457537     0.408785     0.356281     0.300027     0.240022     0.176266     0.108760     0.037503    -0.037503
    0.037497     0.108740     0.176234     0.239978     0.299973     0.356218     0.408714     0.457462     0.502460     0.543709     0.581210     0.614961     0.644963     0.671216     0.693720     0.712475     0.727480     0.738736     0.746241     0.749998     0.750004     0.746260     0.738765     0.727521     0.712526     0.693780     0.671284     0.645037     0.615039     0.581290     0.543790     0.502539     0.457538     0.408785     0.356281     0.300027     0.240022     0.176266     0.108760     0.037503    -0.037503
    0.037497     0.108740     0.176234     0.239978     0.299972     0.356218     0.408714     0.457462     0.502460     0.543709     0.581209     0.614961     0.644963     0.671216     0.693720     0.712475     0.727480     0.738735     0.746241     0.749997     0.750004     0.746260     0.738765     0.727521     0.712526     0.693780     0.671284     0.645037     0.615039     0.581290     0.543790     0.502540     0.457538     0.408785     0.356281     0.300027     0.240022     0.176266     0.108760     0.037503    -0.037503
    0.037497     0.108740     0.176233     0.239978     0.299972     0.356218     0.408714     0.457461     0.502460     0.543709     0.581209     0.614961     0.644963     0.671216     0.693720     0.712475     0.727480     0.738735     0.746241     0.749997     0.750004     0.746260     0.738766     0.727521     0.712526     0.693781     0.671284     0.645037     0.615039     0.581290     0.543791     0.502540     0.457538     0.408785     0.356282     0.300027     0.240022     0.176266     0.108760     0.037503    -0.037503
    0.037497     0.108740     0.176233     0.239977     0.299972     0.356218     0.408714     0.457461     0.502459     0.543709     0.581209     0.614960     0.644963     0.671216     0.693720     0.712474     0.727480     0.738735     0.746241     0.749997     0.750004     0.746260     0.738766     0.727521     0.712526     0.693781     0.671285     0.645037     0.615040     0.581291     0.543791     0.502540     0.457538     0.408786     0.356282     0.300027     0.240022     0.176266     0.108760     0.037503    -0.037503
    0.037497     0.108740     0.176233     0.239977     0.299972     0.356217     0.408714     0.457461     0.502459     0.543708     0.581209     0.614960     0.644962     0.671215     0.693719     0.712474     0.727479     0.738735     0.746241     0.749997     0.750004     0.746260     0.738766     0.727521     0.712526     0.693781     0.671285     0.645038     0.615040     0.581291     0.543791     0.502540     0.457539     0.408786     0.356282     0.300027     0.240022     0.176266     0.108760     0.037503    -0.037503
    0.037497     0.108740     0.176233     0.239977     0.299972     0.356217     0.408713     0.457461     0.502459     0.543708     0.581208     0.614960     0.644962     0.671215     0.693719     0.712474     0.727479     0.738735     0.746241     0.749997     0.750004     0.746260     0.738766     0.727521     0.712527     0.693781     0.671285     0.645038     0.615040     0.581291     0.543791     0.502541     0.457539     0.408786     0.356282     0.300028     0.240022     0.176266     0.108760     0.037503    -0.037503
    0.037497     0.108740     0.176233     0.239977     0.299972     0.356217     0.408713     0.457461     0.502459     0.543708     0.581208     0.614960     0.644962     0.671215     0.693719     0.712474     0.727479     0.738735     0.746241     0.749997     0.750004     0.746260     0.738766     0.727522     0.712527     0.693781     0.671285     0.645038     0.615040     0.581291     0.543792     0.502541     0.457539     0.408786     0.356282     0.300028     0.240022     0.176266     0.108760     0.037503    -0.037503
    0.037497     0.108740     0.176233     0.239977     0.299972     0.356217     0.408713     0.457460     0.502458     0.543708     0.581208     0.614959     0.644962     0.671215     0.693719     0.712474     0.727479     0.738735     0.746241     0.749997     0.750004     0.746260     0.738766     0.727522     0.712527     0.693781     0.671285     0.645038     0.615041     0.581292     0.543792     0.502541     0.457539     0.408786     0.356283     0.300028     0.240023     0.176267     0.108760     0.037503    -0.037503
    0.037497     0.108740     0.176233     0.239977     0.299971     0.356217     0.408713     0.457460     0.502458     0.543708     0.581208     0.614959     0.644961     0.671215     0.693719     0.712473     0.727479     0.738735     0.746241     0.749997     0.750004     0.746260     0.738766     0.727522     0.712527     0.693782     0.671286     0.645039     0.615041     0.581292     0.543792     0.502541     0.457539     0.408787     0.356283     0.300028     0.240023     0.176267     0.108760     0.037503    -0.037503
    0.037496     0.108740     0.176233     0.239977     0.299971     0.356217     0.408713     0.457460     0.502458     0.543707     0.581208     0.614959     0.644961     0.671214     0.693718     0.712473     0.727479     0.738735     0.746241     0.749997     0.750004     0.746260     0.738766     0.727522     0.712527     0.693782     0.671286     0.645039     0.615041     0.581292     0.543792     0.502541     0.457540     0.408787     0.356283     0.300028     0.240023     0.176267     0.108760     0.037503    -0.037503
    0.037496     0.108740     0.176233     0.239977     0.299971     0.356217     0.408713     0.457460     0.502458     0.543707     0.581207     0.614959     0.644961     0.671214     0.693718     0.712473     0.727479     0.738734     0.746241     0.749997     0.750004     0.746260     0.738766     0.727522     0.712527     0.693782     0.671286     0.645039     0.615041     0.581292     0.543793     0.502542     0.457540     0.408787     0.356283     0.300028     0.240023     0.176267     0.108760     0.037503    -0.037503
    0.037496     0.108740     0.176233     0.239977     0.299971     0.356216     0.408712     0.457460     0.502458     0.543707     0.581207     0.614958     0.644961     0.671214     0.693718     0.712473     0.727478     0.738734     0.746241     0.749997     0.750004     0.746260     0.738766     0.727522     0.712527     0.693782     0.671286     0.645039     0.615041     0.581293     0.543793     0.502542     0.457540     0.408787     0.356283     0.300028     0.240023     0.176267     0.108760     0.037503    -0.037503
    0.037496     0.108739     0.176233     0.239977     0.299971     0.356216     0.408712     0.457459     0.502458     0.543707     0.581207     0.614958     0.644961     0.671214     0.693718     0.712473     0.727478     0.738734     0.746241     0.749997     0.750004     0.746260     0.738766     0.727522     0.712528     0.693782     0.671286     0.645039     0.615042     0.581293     0.543793     0.502542     0.457540     0.408787     0.356283     0.300029     0.240023     0.176267     0.108760     0.037503    -0.037503
    0.037496     0.108739     0.176233     0.239977     0.299971     0.356216     0.408712     0.457459     0.502457     0.543707     0.581207     0.614958     0.644960     0.671214     0.693718     0.712473     0.727478     0.738734     0.746240     0.749997     0.750004     0.746260     0.738766     0.727522     0.712528     0.693782     0.671286     0.645040     0.615042     0.581293     0.543793     0.502542     0.457540     0.408787     0.356283     0.300029     0.240023     0.176267     0.108760     0.037503    -0.037503
    0.037496     0.108739     0.176233     0.239976     0.299971     0.356216     0.408712     0.457459     0.502457     0.543706     0.581207     0.614958     0.644960     0.671214     0.693718     0.712473     0.727478     0.738734     0.746240     0.749997     0.750004     0.746260     0.738767     0.727522     0.712528     0.693783     0.671287     0.645040     0.615042     0.581293     0.543793     0.502542     0.457541     0.408788     0.356284     0.300029     0.240023     0.176267     0.108760     0.037504    -0.037504
    0.037496     0.108739     0.176233     0.239976     0.299971     0.356216     0.408712     0.457459     0.502457     0.543706     0.581206     0.614958     0.644960     0.671213     0.693717     0.712472     0.727478     0.738734     0.746240     0.749997     0.750004     0.746260     0.738767     0.727523     0.712528     0.693783     0.671287     0.645040     0.615042     0.581293     0.543794     0.502543     0.457541     0.408788     0.356284     0.300029     0.240023     0.176267     0.108760     0.037504    -0.037504
    0.037496     0.108739     0.176233     0.239976     0.299971     0.356216     0.408712     0.457459     0.502457     0.543706     0.581206     0.614958     0.644960     0.671213     0.693717     0.712472     0.727478     0.738734     0.746240     0.749997     0.750004     0.746260     0.738767     0.727523     0.712528     0.693783     0.671287     0.645040     0.615042     0.581294     0.543794     0.502543     0.457541     0.408788     0.356284     0.300029     0.240023     0.176267     0.108761     0.037504    -0.037504
    0.037496     0.108739     0.176233     0.239976     0.299971     0.356216     0.408712     0.457459     0.502457     0.543706     0.581206     0.614957     0.644960     0.671213     0.693717     0.712472     0.727478     0.738734     0.746240     0.749997     0.750004     0.746260     0.738767     0.727523     0.712528     0.693783     0.671287     0.645040     0.615043     0.581294     0.543794     0.502543     0.457541     0.408788     0.356284     0.300029     0.240023     0.176267     0.108761     0.037504    -0.037504
    0.037496     0.108739     0.176232     0.239976     0.299970     0.356216     0.408712     0.457459     0.502457     0.543706     0.581206     0.614957     0.644960     0.671213     0.693717     0.712472     0.727478     0.738734     0.746240     0.749997     0.750004     0.746260     0.738767     0.727523     0.712528     0.693783     0.671287     0.645040     0.615043     0.581294     0.543794     0.502543     0.457541     0.408788     0.356284     0.300029     0.240024     0.176267     0.108761     0.037504    -0.037504
    0.037496     0.108739     0.176232     0.239976     0.299970     0.356215     0.408711     0.457458     0.502456     0.543706     0.581206     0.614957     0.644959     0.671213     0.693717     0.712472     0.727477     0.738734     0.746240     0.749997     0.750004     0.746260     0.738767     0.727523     0.712528     0.693783     0.671287     0.645041     0.615043     0.581294     0.543794     0.502543     0.457541     0.408788     0.356284     0.300029     0.240024     0.176267     0.108761     0.037504    -0.037504
    0.037496     0.108739     0.176232     0.239976     0.299970     0.356215     0.408711     0.457458     0.502456     0.543705     0.581206     0.614957     0.644959     0.671213     0.693717     0.712472     0.727477     0.738734     0.746240     0.749997     0.750004     0.746260     0.738767     0.727523     0.712529     0.693783     0.671288     0.645041     0.615043     0.581294     0.543794     0.502543     0.457541     0.408788     0.356284     0.300029     0.240024     0.176267     0.108761     0.037504    -0.037504
    0.037496     0.108739     0.176232     0.239976     0.299970     0.356215     0.408711     0.457458     0.502456     0.543705     0.581205     0.614957     0.644959     0.671212     0.693717     0.712472     0.727477     0.738733     0.746240     0.749997     0.750004     0.746260     0.738767     0.727523     0.712529     0.693784     0.671288     0.645041     0.615043     0.581294     0.543795     0.502544     0.457542     0.408788     0.356284     0.300029     0.240024     0.176267     0.108761     0.037504    -0.037504
    0.037496     0.108739     0.176232     0.239976     0.299970     0.356215     0.408711     0.457458     0.502456     0.543705     0.581205     0.614957     0.644959     0.671212     0.693717     0.712472     0.727477     0.738733     0.746240     0.749997     0.750004     0.746260     0.738767     0.727523     0.712529     0.693784     0.671288     0.645041     0.615043     0.581295     0.543795     0.502544     0.457542     0.408789     0.356284     0.300030     0.240024     0.176267     0.108761     0.037504    -0.037504
    0.037496     0.108739     0.176232     0.239976     0.299970     0.356215     0.408711     0.457458     0.502456     0.543705     0.581205     0.614956     0.644959     0.671212     0.693716     0.712471     0.727477     0.738733     0.746240     0.749997     0.750004     0.746261     0.738767     0.727523     0.712529     0.693784     0.671288     0.645041     0.615043     0.581295     0.543795     0.502544     0.457542     0.408789     0.356285     0.300030     0.240024     0.176268     0.108761     0.037504    -0.037504
    0.037496     0.108739     0.176232     0.239976     0.299970     0.356215     0.408711     0.457458     0.502456     0.543705     0.581205     0.614956     0.644959     0.671212     0.693716     0.712471     0.727477     0.738733     0.746240     0.749997     0.750004     0.746261     0.738767     0.727523     0.712529     0.693784     0.671288     0.645041     0.615044     0.581295     0.543795     0.502544     0.457542     0.408789     0.356285     0.300030     0.240024     0.176268     0.108761     0.037504    -0.037504
    0.037496     0.108739     0.176232     0.239976     0.299970     0.356215     0.408711     0.457458     0.502456     0.543705     0.581205     0.614956     0.644959     0.671212     0.693716     0.712471     0.727477     0.738733     0.746240     0.749997     0.750004     0.746261     0.738767     0.727523     0.712529     0.693784     0.671288     0.645041     0.615044     0.581295     0.543795     0.502544     0.457542     0.408789     0.356285     0.300030     0.240024     0.176268     0.108761     0.037504    -0.037504
    0.037496     0.108739     0.176232     0.239976     0.299970     0.356215     0.408711     0.457458     0.502456     0.543705     0.581205     0.614956     0.644958     0.671212     0.693716     0.712471     0.727477     0.738733     0.746240     0.749997     0.750004     0.746261     0.738767     0.727523     0.712529     0.693784     0.671288     0.645042     0.615044     0.581295     0.543795     0.502544     0.457542     0.408789     0.356285     0.300030     0.240024     0.176268     0.108761     0.037504    -0.037504
    0.037496     0.108739     0.176232     0.239976     0.299970     0.356215     0.408711     0.457458     0.502456     0.543705     0.581205     0.614956     0.644958     0.671212     0.693716     0.712471     0.727477     0.738733     0.746240     0.749997     0.750004     0.746261     0.738767     0.727524     0.712529     0.693784     0.671288     0.645042     0.615044     0.581295     0.543795     0.502544     0.457542     0.408789     0.356285     0.300030     0.240024     0.176268     0.108761     0.037504    -0.037504
    0.037496     0.108739     0.176232     0.239976     0.299970     0.356215     0.408711     0.457458     0.502455     0.543704     0.581205     0.614956     0.644958     0.671212     0.693716     0.712471     0.727477     0.738733     0.746240     0.749997     0.750004     0.746261     0.738767     0.727524     0.712529     0.693784     0.671288     0.645042     0.615044     0.581295     0.543795     0.502544     0.457542     0.408789     0.356285     0.300030     0.240024     0.176268     0.108761     0.037504    -0.037504
    0.037496     0.108739     0.176232     0.239976     0.299970     0.356215     0.408711     0.457457     0.502455     0.543704     0.581205     0.614956     0.644958     0.671212     0.693716     0.712471     0.727477     0.738733     0.746240     0.749997     0.750004     0.746261     0.738767     0.727524     0.712529     0.693784     0.671289     0.645042     0.615044     0.581295     0.543795     0.502544     0.457542     0.408789     0.356285     0.300030     0.240024     0.176268     0.108761     0.037504    -0.037504
    0.037496     0.108739     0.176232     0.239976     0.299970     0.356215     0.408711     0.457457     0.502455     0.543704     0.581204     0.614956     0.644958     0.671211     0.693716     0.712471     0.727477     0.738733     0.746240     0.749997     0.750004     0.746261     0.738767     0.727524     0.712529     0.693784     0.671289     0.645042     0.615044     0.581295     0.543796     0.502544     0.457542     0.408789     0.356285     0.300030     0.240024     0.176268     0.108761     0.037504    -0.037504
    0.037496     0.108739     0.176232     0.239976     0.299970     0.356215     0.408711     0.457457     0.502455     0.543704     0.581204     0.614956     0.644958     0.671211     0.693716     0.712471     0.727477     0.738733     0.746240     0.749997     0.750004     0.746261     0.738767     0.727524     0.712529     0.693785     0.671289     0.645042     0.615044     0.581295     0.543796     0.502545     0.457542     0.408789     0.356285     0.300030     0.240024     0.176268     0.108761     0.037504    -0.037504
    0.037496     0.108739     0.176232     0.239976     0.299970     0.356215     0.408711     0.457457     0.502455     0.543704     0.581204     0.614956     0.644958     0.671211     0.693716     0.712471     0.727476     0.738733     0.746240     0.749997     0.750004     0.746261     0.738767     0.727524     0.712530     0.693785     0.671289     0.645042     0.615044     0.581296     0.543796     0.502545     0.457542     0.408789     0.356285     0.300030     0.240024     0.176268     0.108761     0.037504    -0.037504
    0.037496     0.108739     0.176232     0.239976     0.299970     0.356215     0.408711     0.457457     0.502455     0.543704     0.581204     0.614956     0.644958     0.671211     0.693715     0.712471     0.727476     0.738733     0.746240     0.749997     0.750004     0.746261     0.738767     0.727524     0.712530     0.693785     0.671289     0.645042     0.615044     0.581296     0.543796     0.502545     0.457543     0.408789     0.356285     0.300030     0.240024     0.176268     0.108761     0.037504    -0.037504
    0.037496     0.108739     0.176232     0.239976     0.299970     0.356215     0.408710     0.457457     0.502455     0.543704     0.581204     0.614955     0.644958     0.671211     0.693715     0.712471     0.727476     0.738733     0.746240     0.749997     0.750004     0.746261     0.738767     0.727524     0.712530     0.693785     0.671289     0.645042     0.615044     0.581296     0.543796     0.502545     0.457543     0.408789     0.356285     0.300030     0.240024     0.176268     0.108761     0.037504    -0.037504
    0.037496     0.108739     0.176232     0.239976     0.299970     0.356215     0.408710     0.457457     0.502455     0.543704     0.581204     0.614955     0.644958     0.671211     0.693715     0.712471     0.727476     0.738733     0.746240     0.749997     0.750004     0.746261     0.738768     0.727524     0.712530     0.693785     0.671289     0.645042     0.615045     0.581296     0.543796     0.502545     0.457543     0.408789     0.356285     0.300030     0.240024     0.176268     0.108761     0.037504    -0.037504
    0.037496     0.108739     0.176232     0.239976     0.299970     0.356215     0.408710     0.457457     0.502455     0.543704     0.581204     0.614955     0.644958     0.671211     0.693715     0.712470     0.727476     0.738733     0.746240     0.749997     0.750004     0.746261     0.738768     0.727524     0.712530     0.693785     0.671289     0.645042     0.615045     0.581296     0.543796     0.502545     0.457543     0.408789     0.356285     0.300030     0.240024     0.176268     0.108761     0.037504    -0.037504
    0.037496     0.108739     0.176232     0.239976     0.299970     0.356215     0.408710     0.457457     0.502455     0.543704     0.581204     0.614955     0.644958     0.671211     0.693715     0.712470     0.727476     0.738733     0.746239     0.749997     0.750004     0.746261     0.738768     0.727524     0.712530     0.693785     0.671289     0.645042     0.615045     0.581296     0.543796     0.502545     0.457543     0.408789     0.356285     0.300030     0.240024     0.176268     0.108761     0.037504    -0.037504
    0.037496     0.108739     0.176232     0.239976     0.299970     0.356215     0.408710     0.457457     0.502455     0.543704     0.581204     0.614955     0.644958     0.671211     0.693715     0.712470     0.727476     0.738733     0.746239     0.749997     0.750004     0.746261     0.738768     0.727524     0.712530     0.693785     0.671289     0.645042     0.615045     0.581296     0.543796     0.502545     0.457543     0.408789     0.356285     0.300030     0.240024     0.176268     0.108761     0.037504    -0.037504
    0.037496     0.108739     0.176232     0.239976     0.299970     0.356215     0.408710     0.457457     0.502455     0.543704     0.581204     0.614955     0.644958     0.671211     0.693715     0.712470     0.727476     0.738733     0.746239     0.749997     0.750004     0.746261     0.738768     0.727524     0.712530     0.693785     0.671289     0.645042     0.615045     0.581296     0.543796     0.502545     0.457543     0.408789     0.356285     0.300030     0.240024     0.176268     0.108761     0.037504    -0.037504
    0.037496     0.108739     0.176232     0.239976     0.299970     0.356215     0.408710     0.457457     0.502455     0.543704     0.581204     0.614955     0.644958     0.671211     0.693715     0.712470     0.727476     0.738733     0.746239     0.749997     0.750004     0.746261     0.738768     0.727524     0.712530     0.693785     0.671289     0.645042     0.615045     0.581296     0.543796     0.502545     0.457543     0.408789     0.356285     0.300030     0.240024     0.176268     0.108761     0.037504    -0.037504
    0.037496     0.108739     0.176232     0.239976     0.299970     0.356215     0.408711     0.457457     0.502455     0.543704     0.581204     0.614955     0.644958     0.671211     0.693715     0.712470     0.727476     0.738733     0.746239     0.749997     0.750004     0.746261     0.738768     0.727524     0.712530     0.693785     0.671289     0.645042     0.615045     0.581296     0.543796     0.502545     0.457543     0.408789     0.356285     0.300030     0.240024     0.176268     0.108761     0.037504    -0.037504
    0.037496     0.108739     0.176232     0.239976     0.299970     0.356215     0.408711     0.457457     0.502455     0.543704     0.581204     0.614955     0.644958     0.671211     0.693715     0.712470     0.727476     0.738733     0.746239     0.749997     0.750004     0.746261     0.738768     0.727524     0.712530     0.693785     0.671289     0.645042     0.615045     0.581296     0.543796     0.502545     0.457543     0.408789     0.356285     0.300030     0.240024     0.176268     0.108761     0.037504    -0.037504
    0.037496     0.108739     0.176232     0.239976     0.299970     0.356215     0.408711     0.457457     0.502455     0.543704     0.581204     0.614955     0.644958     0.671211     0.693715     0.712470     0.727476     0.738733     0.746239     0.749997     0.750004     0.746261     0.738768     0.727524     0.712530     0.693785     0.671289     0.645042     0.615045     0.581296     0.543796     0.502545     0.457543     0.408789     0.356285     0.300030     0.240024     0.176268     0.108761     0.037504    -0.037504
    0.037496     0.108739     0.176232     0.239976     0.299970     0.356215     0.408711     0.457457     0.502455     0.543704     0.581204     0.614955     0.644958     0.671211     0.693715     0.712470     0.727476     0.738733     0.746239     0.749997     0.750004     0.746261     0.738768     0.727524     0.712530     0.693785     0.671289     0.645042     0.615045     0.581296     0.543796     0.502545     0.457543     0.408789     0.356285     0.300030     0.240024     0.176268     0.108761     0.037504    -0.037504
    0.037496     0.108739     0.176232     0.239976     0.299970     0.356215     0.408711     0.457457     0.502455     0.543704     0.581204     0.614955     0.644958     0.671211     0.693715     0.712470     0.727476     0.738733     0.746239     0.749997     0.750004     0.746261     0.738768     0.727524     0.712530     0.693785     0.671289     0.645042     0.615045     0.581296     0.543796     0.502545     0.457542     0.408789     0.356285     0.300030     0.240024     0.176268     0.108761     0.037504    -0.037504
    0.037496     0.108739     0.176232     0.239976     0.299970     0.356215     0.408711     0.457457     0.502455     0.543704     0.581204     0.614955     0.644958     0.671211     0.693715     0.712470     0.727476     0.738733     0.746239     0.749997     0.750004     0.746261     0.738768     0.727524     0.712530     0.693785     0.671289     0.645042     0.615045     0.581296     0.543796     0.502545     0.457542     0.408789     0.356285     0.300030     0.240024     0.176268     0.108761     0.037504    -0.037504
    0.037496     0.108739     0.176232     0.239976     0.299970     0.356215     0.408711     0.457458     0.502455     0.543704     0.581204     0.614955     0.644958     0.671211     0.693715     0.712470     0.727476     0.738733     0.746239     0.749997     0.750004     0.746261     0.738768     0.727524     0.712530     0.693785     0.671289     0.645042     0.615045     0.581296     0.543796     0.502545     0.457542     0.408789     0.356285     0.300030     0.240024     0.176268     0.108761     0.037504    -0.037504
    0.037496     0.108739     0.176232     0.239976     0.299970     0.356215     0.408711     0.457458     0.502455     0.543704     0.581204     0.614955     0.644958     0.671211     0.693715     0.712470     0.727476     0.738733     0.746239     0.749996     0.750004     0.746261     0.738768     0.727524     0.712530     0.693785     0.671289     0.645042     0.615045     0.581296     0.543796     0.502545     0.457542     0.408789     0.356285     0.300030     0.240024     0.176268     0.108761     0.037504    -0.037504
    0.037496     0.108739     0.176232     0.239976     0.299970     0.356215     0.408711     0.457458     0.502455     0.543704     0.581204     0.614955     0.644958     0.671211     0.693715     0.712470     0.727476     0.738733     0.746239     0.749996     0.750004     0.746261     0.738768     0.727524     0.712530     0.693785     0.671289     0.645042     0.615045     0.581296     0.543796     0.502544     0.457542     0.408789     0.356285     0.300030     0.240024     0.176268     0.108761     0.037504    -0.037504
    0.037496     0.108739     0.176232     0.239976     0.299970     0.356215     0.408711     0.457458     0.502456     0.543704     0.581204     0.614956     0.644958     0.671211     0.693715     0.712470     0.727476     0.738733     0.746239     0.749996     0.750004     0.746261     0.738768     0.727524     0.712530     0.693785     0.671289     0.645042     0.615044     0.581296     0.543796     0.502544     0.457542     0.408789     0.356285     0.300030     0.240024     0.176267     0.108761     0.037504    -0.037504
    0.037496     0.108739     0.176233     0.239976     0.299970     0.356215     0.408711     0.457458     0.502456     0.543704     0.581204     0.614956     0.644958     0.671211     0.693715     0.712470     0.727476     0.738733     0.746239     0.749996     0.750004     0.746261     0.738768     0.727524     0.712530     0.693785     0.671289     0.645042     0.615044     0.581295     0.543795     0.502544     0.457542     0.408789     0.356285     0.300030     0.240024     0.176267     0.108761     0.037504    -0.037504
    0.037496     0.108739     0.176233     0.239976     0.299970     0.356215     0.408711     0.457458     0.502456     0.543705     0.581205     0.614956     0.644958     0.671211     0.693715     0.712470     0.727476     0.738733     0.746239     0.749996     0.750004     0.746261     0.738768     0.727524     0.712530     0.693785     0.671289     0.645042     0.615044     0.581295     0.543795     0.502544     0.457542     0.408789     0.356285     0.300030     0.240024     0.176267     0.108761     0.037504    -0.037504
    0.037496     0.108739     0.176233     0.239976     0.299970     0.356215     0.408711     0.457458     0.502456     0.543705     0.581205     0.614956     0.644958     0.671211     0.693715     0.712470     0.727476     0.738733     0.746239     0.749996     0.750004     0.746261     0.738767     0.727524     0.712530     0.693785     0.671289     0.645042     0.615044     0.581295     0.543795     0.502544     0.457542     0.408789     0.356284     0.300029     0.240024     0.176267     0.108761     0.037504    -0.037504
    0.037496     0.108739     0.176233     0.239976     0.299971     0.356216     0.408711     0.457458     0.502456     0.543705     0.581205     0.614956     0.644958     0.671211     0.693715     0.712471     0.727476     0.738733     0.746239     0.749997     0.750004     0.746261     0.738767     0.727524     0.712530     0.693785     0.671289     0.645042     0.615044     0.581295     0.543795     0.502544     0.457542     0.408789     0.356284     0.300029     0.240024     0.176267     0.108761     0.037504    -0.037504
    0.037496     0.108739     0.176233     0.239976     0.299971     0.356216     0.408711     0.457458     0.502456     0.543705     0.581205     0.614956     0.644958     0.671211     0.693716     0.712471     0.727476     0.738733     0.746239     0.749997     0.750004     0.746261     0.738767     0.727524     0.712530     0.693785     0.671289     0.645042     0.615044     0.581295     0.543795     0.502544     0.457542     0.408788     0.356284     0.300029     0.240024     0.176267     0.108761     0.037504    -0.037504
    0.037496     0.108739     0.176233     0.239976     0.299971     0.356216     0.408712     0.457458     0.502456     0.543705     0.581205     0.614956     0.644958     0.671211     0.693716     0.712471     0.727476     0.738733     0.746239     0.749997     0.750004     0.746261     0.738767     0.727524     0.712529     0.693784     0.671289     0.645042     0.615044     0.581295     0.543795     0.502544     0.457542     0.408788     0.356284     0.300029     0.240023     0.176267     0.108760     0.037504    -0.037504
    0.037496     0.108740     0.176233     0.239977     0.299971     0.356216     0.408712     0.457458     0.502456     0.543705     0.581205     0.614956     0.644958     0.671211     0.693716     0.712471     0.727476     0.738733     0.746239     0.749997     0.750004     0.746261     0.738767     0.727524     0.712529     0.693784     0.671289     0.645042     0.615044     0.581295     0.543795     0.502544     0.457542     0.408788     0.356284     0.300029     0.240023     0.176267     0.108760     0.037504    -0.037504
    0.037496     0.108740     0.176233     0.239977     0.299971     0.356216     0.408712     0.457459     0.502456     0.543705     0.581205     0.614956     0.644958     0.671212     0.693716     0.712471     0.727476     0.738733     0.746240     0.749997     0.750004     0.746261     0.738767     0.727524     0.712529     0.693784     0.671288     0.645042     0.615044     0.581295     0.543795     0.502544     0.457541     0.408788     0.356284     0.300029     0.240023     0.176267     0.108760     0.037504    -0.037504
    0.037496     0.108740     0.176233     0.239977     0.299971     0.356216     0.408712     0.457459     0.502456     0.543705     0.581205     0.614956     0.644958     0.671212     0.693716     0.712471     0.727476     0.738733     0.746240     0.749997     0.750004     0.746261     0.738767     0.727524     0.712529     0.693784     0.671288     0.645042     0.615044     0.581295     0.543795     0.502543     0.457541     0.408788     0.356284     0.300029     0.240023     0.176267     0.108760     0.037503    -0.037503
    0.037497     0.108740     0.176233     0.239977     0.299971     0.356216     0.408712     0.457459     0.502457     0.543705     0.581205     0.614956     0.644959     0.671212     0.693716     0.712471     0.727477     0.738733     0.746240     0.749997     0.750004     0.746261     0.738767     0.727524     0.712529     0.693784     0.671288     0.645041     0.615044     0.581295     0.543795     0.502543     0.457541     0.408788     0.356284     0.300029     0.240023     0.176267     0.108760     0.037503    -0.037503
    0.037497     0.108740     0.176233     0.239977     0.299971     0.356216     0.408712     0.457459     0.502457     0.543706     0.581206     0.614957     0.644959     0.671212     0.693716     0.712471     0.727477     0.738733     0.746240     0.749997     0.750004     0.746261     0.738767     0.727523     0.712529     0.693784     0.671288     0.645041     0.615043     0.581294     0.543794     0.502543     0.457541     0.408788     0.356284     0.300029     0.240023     0.176267     0.108760     0.037503    -0.037503
    0.037497     0.108740     0.176233     0.239977     0.299971     0.356216     0.408712     0.457459     0.502457     0.543706     0.581206     0.614957     0.644959     0.671212     0.693716     0.712471     0.727477     0.738733     0.746240     0.749997     0.750004     0.746261     0.738767     0.727523     0.712529     0.693784     0.671288     0.645041     0.615043     0.581294     0.543794     0.502543     0.457541     0.408788     0.356284     0.300029     0.240023     0.176267     0.108760     0.037503    -0.037503
    0.037497     0.108740     0.176233     0.239977     0.299971     0.356217     0.408712     0.457459     0.502457     0.543706     0.581206     0.614957     0.644959     0.671212     0.693716     0.712471     0.727477     0.738733     0.746240     0.749997     0.750004     0.746260     0.738767     0.727523     0.712529     0.693784     0.671288     0.645041     0.615043     0.581294     0.543794     0.502543     0.457541     0.408788     0.356283     0.300028     0.240023     0.176267     0.108760     0.037503    -0.037503
    0.037497     0.108740     0.176233     0.239977     0.299972     0.356217     0.408713     0.457459     0.502457     0.543706     0.581206     0.614957     0.644959     0.671212     0.693716     0.712471     0.727477     0.738733     0.746240     0.749997     0.750004     0.746260     0.738767     0.727523     0.712529     0.693784     0.671288     0.645041     0.615043     0.581294     0.543794     0.502543     0.457541     0.408787     0.356283     0.300028     0.240023     0.176267     0.108760     0.037503    -0.037503
    0.037497     0.108740     0.176233     0.239977     0.299972     0.356217     0.408713     0.457460     0.502457     0.543706     0.581206     0.614957     0.644959     0.671212     0.693716     0.712471     0.727477     0.738733     0.746240     0.749997     0.750004     0.746260     0.738767     0.727523     0.712529     0.693784     0.671288     0.645041     0.615043     0.581294     0.543794     0.502543     0.457540     0.408787     0.356283     0.300028     0.240023     0.176267     0.108760     0.037503    -0.037503
    0.037497     0.108740     0.176233     0.239977     0.299972     0.356217     0.408713     0.457460     0.502457     0.543706     0.581206     0.614957     0.644959     0.671212     0.693716     0.712471     0.727477     0.738733     0.746240     0.749997     0.750004     0.746260     0.738767     0.727523     0.712529     0.693784     0.671288     0.645041     0.615043     0.581294     0.543794     0.502542     0.457540     0.408787     0.356283     0.300028     0.240023     0.176267     0.108760     0.037503    -0.037503
    0.037497     0.108740     0.176233     0.239977     0.299972     0.356217     0.408713     0.457460     0.502458     0.543707     0.581206     0.614957     0.644959     0.671213     0.693717     0.712471     0.727477     0.738733     0.746240     0.749997     0.750004     0.746260     0.738767     0.727523     0.712529     0.693783     0.671287     0.645041     0.615043     0.581294     0.543793     0.502542     0.457540     0.408787     0.356283     0.300028     0.240023     0.176266     0.108760     0.037503    -0.037503
    0.037497     0.108740     0.176234     0.239978     0.299972     0.356217     0.408713     0.457460     0.502458     0.543707     0.581207     0.614958     0.644960     0.671213     0.693717     0.712472     0.727477     0.738733     0.746240     0.749997     0.750003     0.746260     0.738767     0.727523     0.712529     0.693783     0.671287     0.645040     0.615042     0.581293     0.543793     0.502542     0.457540     0.408787     0.356283     0.300028     0.240022     0.176266     0.108760     0.037503    -0.037503
    0.037497     0.108740     0.176234     0.239978     0.299972     0.356217     0.408713     0.457460     0.502458     0.543707     0.581207     0.614958     0.644960     0.671213     0.693717     0.712472     0.727477     0.738733     0.746240     0.749997     0.750003     0.746260     0.738767     0.727523     0.712528     0.693783     0.671287     0.645040     0.615042     0.581293     0.543793     0.502542     0.457540     0.408787     0.356283     0.300028     0.240022     0.176266     0.108760     0.037503    -0.037503
    0.037497     0.108740     0.176234     0.239978     0.299972     0.356218     0.408714     0.457460     0.502458     0.543707     0.581207     0.614958     0.644960     0.671213     0.693717     0.712472     0.727477     0.738733     0.746240     0.749997     0.750003     0.746260     0.738767     0.727523     0.712528     0.693783     0.671287     0.645040     0.615042     0.581293     0.543793     0.502542     0.457540     0.408786     0.356282     0.300028     0.240022     0.176266     0.108760     0.037503    -0.037503
    0.037497     0.108740     0.176234     0.239978     0.299972     0.356218     0.408714     0.457461     0.502458     0.543707     0.581207     0.614958     0.644960     0.671213     0.693717     0.712472     0.727477     0.738733     0.746240     0.749997     0.750003     0.746260     0.738767     0.727523     0.712528     0.693783     0.671287     0.645040     0.615042     0.581293     0.543793     0.502542     0.457539     0.408786     0.356282     0.300028     0.240022     0.176266     0.108760     0.037503    -0.037503
    0.037497     0.108740     0.176234     0.239978     0.299973     0.356218     0.408714     0.457461     0.502459     0.543707     0.581207     0.614958     0.644960     0.671213     0.693717     0.712472     0.727477     0.738733     0.746240     0.749997     0.750003     0.746260     0.738767     0.727523     0.712528     0.693783     0.671287     0.645040     0.615042     0.581293     0.543793     0.502541     0.457539     0.408786     0.356282     0.300027     0.240022     0.176266     0.108760     0.037503    -0.037503
    0.037497     0.108740     0.176234     0.239978     0.299973     0.356218     0.408714     0.457461     0.502459     0.543708     0.581207     0.614958     0.644960     0.671213     0.693717     0.712472     0.727477     0.738733     0.746240     0.749997     0.750003     0.746260     0.738767     0.727523     0.712528     0.693783     0.671287     0.645040     0.615042     0.581293     0.543792     0.502541     0.457539     0.408786     0.356282     0.300027     0.240022     0.176266     0.108760     0.037503    -0.037503
    0.037497     0.108740     0.176234     0.239978     0.299973     0.356218     0.408714     0.457461     0.502459     0.543708     0.581208     0.614959     0.644961     0.671214     0.693717     0.712472     0.727478     0.738734     0.746240     0.749997     0.750003     0.746260     0.738767     0.727522     0.712528     0.693783     0.671286     0.645039     0.615041     0.581292     0.543792     0.502541     0.457539     0.408786     0.356282     0.300027     0.240022     0.176266     0.108760     0.037503    -0.037503
    0.037497     0.108740     0.176234     0.239978     0.299973     0.356218     0.408714     0.457461     0.502459     0.543708     0.581208     0.614959     0.644961     0.671214     0.693718     0.712472     0.727478     0.738734     0.746240     0.749997     0.750003     0.746260     0.738766     0.727522     0.712528     0.693782     0.671286     0.645039     0.615041     0.581292     0.543792     0.502541     0.457539     0.408786     0.356282     0.300027     0.240022     0.176266     0.108760     0.037503    -0.037503
    0.037497     0.108740     0.176234     0.239978     0.299973     0.356218     0.408715     0.457461     0.502459     0.543708     0.581208     0.614959     0.644961     0.671214     0.693718     0.712472     0.727478     0.738734     0.746240     0.749997     0.750003     0.746260     0.738766     0.727522     0.712528     0.693782     0.671286     0.645039     0.615041     0.581292     0.543792     0.502541     0.457539     0.408785     0.356282     0.300027     0.240022     0.176266     0.108760     0.037503    -0.037503
    0.037497     0.108740     0.176234     0.239979     0.299973     0.356219     0.408715     0.457462     0.502459     0.543708     0.581208     0.614959     0.644961     0.671214     0.693718     0.712472     0.727478     0.738734     0.746240     0.749997     0.750003     0.746260     0.738766     0.727522     0.712528     0.693782     0.671286     0.645039     0.615041     0.581292     0.543792     0.502540     0.457538     0.408785     0.356281     0.300027     0.240021     0.176266     0.108760     0.037503    -0.037503
    0.037497     0.108740     0.176234     0.239979     0.299973     0.356219     0.408715     0.457462     0.502460     0.543709     0.581208     0.614959     0.644961     0.671214     0.693718     0.712473     0.727478     0.738734     0.746240     0.749997     0.750003     0.746260     0.738766     0.727522     0.712527     0.693782     0.671286     0.645039     0.615041     0.581292     0.543791     0.502540     0.457538     0.408785     0.356281     0.300027     0.240021     0.176266     0.108760     0.037503    -0.037503
    0.037497     0.108741     0.176234     0.239979     0.299974     0.356219     0.408715     0.457462     0.502460     0.543709     0.581209     0.614959     0.644961     0.671214     0.693718     0.712473     0.727478     0.738734     0.746240     0.749997     0.750003     0.746260     0.738766     0.727522     0.712527     0.693782     0.671286     0.645039     0.615041     0.581291     0.543791     0.502540     0.457538     0.408785     0.356281     0.300026     0.240021     0.176266     0.108759     0.037503    -0.037503
    0.037497     0.108741     0.176235     0.239979     0.299974     0.356219     0.408715     0.457462     0.502460     0.543709     0.581209     0.614960     0.644962     0.671214     0.693718     0.712473     0.727478     0.738734     0.746240     0.749997     0.750003     0.746260     0.738766     0.727522     0.712527     0.693782     0.671286     0.645038     0.615040     0.581291     0.543791     0.502540     0.457538     0.408785     0.356281     0.300026     0.240021     0.176265     0.108759     0.037503    -0.037503
    0.037497     0.108741     0.176235     0.239979     0.299974     0.356219     0.408715     0.457462     0.502460     0.543709     0.581209     0.614960     0.644962     0.671215     0.693718     0.712473     0.727478     0.738734     0.746240     0.749997     0.750003     0.746260     0.738766     0.727522     0.712527     0.693782     0.671285     0.645038     0.615040     0.581291     0.543791     0.502540     0.457538     0.408785     0.356281     0.300026     0.240021     0.176265     0.108759     0.037503    -0.037503
    0.037497     0.108741     0.176235     0.239979     0.299974     0.356219     0.408716     0.457463     0.502460     0.543709     0.581209     0.614960     0.644962     0.671215     0.693719     0.712473     0.727478     0.738734     0.746240     0.749997     0.750003     0.746260     0.738766     0.727522     0.712527     0.693782     0.671285     0.645038     0.615040     0.581291     0.543791     0.502540     0.457537     0.408784     0.356281     0.300026     0.240021     0.176265     0.108759     0.037503    -0.037503
    0.037497     0.108741     0.176235     0.239979     0.299974     0.356220     0.408716     0.457463     0.502461     0.543709     0.581209     0.614960     0.644962     0.671215     0.693719     0.712473     0.727478     0.738734     0.746240     0.749997     0.750003     0.746260     0.738766     0.727522     0.712527     0.693781     0.671285     0.645038     0.615040     0.581291     0.543790     0.502539     0.457537     0.408784     0.356280     0.300026     0.240021     0.176265     0.108759     0.037503    -0.037503
    0.037497     0.108741     0.176235     0.239979     0.299974     0.356220     0.408716     0.457463     0.502461     0.543710     0.581210     0.614960     0.644962     0.671215     0.693719     0.712473     0.727478     0.738734     0.746240     0.749997     0.750003     0.746260     0.738766     0.727522     0.712527     0.693781     0.671285     0.645038     0.615040     0.581290     0.543790     0.502539     0.457537     0.408784     0.356280     0.300026     0.240021     0.176265     0.108759     0.037503    -0.037503
    0.037497     0.108741     0.176235     0.239979     0.299974     0.356220     0.408716     0.457463     0.502461     0.543710     0.581210     0.614961     0.644962     0.671215     0.693719     0.712473     0.727479     0.738734     0.746240     0.749997     0.750003     0.746260     0.738766     0.727521     0.712527     0.693781     0.671285     0.645038     0.615039     0.581290     0.543790     0.502539     0.457537     0.408784     0.356280     0.300026     0.240021     0.176265     0.108759     0.037503    -0.037503
    0.037497     0.108741     0.176235     0.239979     0.299974     0.356220     0.408716     0.457463     0.502461     0.543710     0.581210     0.614961     0.644963     0.671215     0.693719     0.712474     0.727479     0.738734     0.746240     0.749997     0.750003     0.746260     0.738766     0.727521     0.712526     0.693781     0.671285     0.645037     0.615039     0.581290     0.543790     0.502539     0.457537     0.408784     0.356280     0.300026     0.240021     0.176265     0.108759     0.037503    -0.037503
    0.037497     0.108741     0.176235     0.239980     0.299975     0.356220     0.408716     0.457463     0.502461     0.543710     0.581210     0.614961     0.644963     0.671216     0.693719     0.712474     0.727479     0.738734     0.746241     0.749997     0.750003     0.746260     0.738766     0.727521     0.712526     0.693781     0.671284     0.645037     0.615039     0.581290     0.543790     0.502539     0.457537     0.408784     0.356280     0.300025     0.240020     0.176265     0.108759     0.037503    -0.037503
    0.037497     0.108741     0.176235     0.239980     0.299975     0.356220     0.408717     0.457464     0.502462     0.543710     0.581210     0.614961     0.644963     0.671216     0.693719     0.712474     0.727479     0.738735     0.746241     0.749997     0.750003     0.746259     0.738766     0.727521     0.712526     0.693781     0.671284     0.645037     0.615039     0.581290     0.543790     0.502538     0.457536     0.408783     0.356280     0.300025     0.240020     0.176265     0.108759     0.037503    -0.037503
    0.037497     0.108741     0.176235     0.239980     0.299975     0.356220     0.408717     0.457464     0.502462     0.543711     0.581210     0.614961     0.644963     0.671216     0.693719     0.712474     0.727479     0.738735     0.746241     0.749997     0.750003     0.746259     0.738765     0.727521     0.712526     0.693781     0.671284     0.645037     0.615039     0.581290     0.543789     0.502538     0.457536     0.408783     0.356280     0.300025     0.240020     0.176265     0.108759     0.037503    -0.037503
    0.037497     0.108741     0.176235     0.239980     0.299975     0.356221     0.408717     0.457464     0.502462     0.543711     0.581211     0.614961     0.644963     0.671216     0.693720     0.712474     0.727479     0.738735     0.746241     0.749997     0.750003     0.746259     0.738765     0.727521     0.712526     0.693780     0.671284     0.645037     0.615039     0.581289     0.543789     0.502538     0.457536     0.408783     0.356279     0.300025     0.240020     0.176265     0.108759     0.037503    -0.037503
    0.037497     0.108741     0.176235     0.239980     0.299975     0.356221     0.408717     0.457464     0.502462     0.543711     0.581211     0.614962     0.644963     0.671216     0.693720     0.712474     0.727479     0.738735     0.746241     0.749997     0.750003     0.746259     0.738765     0.727521     0.712526     0.693780     0.671284     0.645037     0.615038     0.581289     0.543789     0.502538     0.457536     0.408783     0.356279     0.300025     0.240020     0.176265     0.108759     0.037503    -0.037503
    0.037497     0.108741     0.176235     0.239980     0.299975     0.356221     0.408717     0.457464     0.502462     0.543711     0.581211     0.614962     0.644964     0.671216     0.693720     0.712474     0.727479     0.738735     0.746241     0.749997     0.750003     0.746259     0.738765     0.727521     0.712526     0.693780     0.671284     0.645036     0.615038     0.581289     0.543789     0.502538     0.457536     0.408783     0.356279     0.300025     0.240020     0.176265     0.108759     0.037503    -0.037503
    0.037497     0.108741     0.176235     0.239980     0.299975     0.356221     0.408717     0.457464     0.502462     0.543711     0.581211     0.614962     0.644964     0.671216     0.693720     0.712474     0.727479     0.738735     0.746241     0.749997     0.750003     0.746259     0.738765     0.727521     0.712526     0.693780     0.671284     0.645036     0.615038     0.581289     0.543789     0.502538     0.457536     0.408783     0.356279     0.300025     0.240020     0.176265     0.108759     0.037503    -0.037503
    0.037497     0.108741     0.176236     0.239980     0.299975     0.356221     0.408717     0.457465     0.502463     0.543711     0.581211     0.614962     0.644964     0.671217     0.693720     0.712474     0.727479     0.738735     0.746241     0.749997     0.750003     0.746259     0.738765     0.727521     0.712526     0.693780     0.671283     0.645036     0.615038     0.581289     0.543789     0.502537     0.457535     0.408783     0.356279     0.300025     0.240020     0.176264     0.108759     0.037503    -0.037503
    0.037497     0.108741     0.176236     0.239980     0.299975     0.356221     0.408718     0.457465     0.502463     0.543712     0.581211     0.614962     0.644964     0.671217     0.693720     0.712475     0.727479     0.738735     0.746241     0.749997     0.750003     0.746259     0.738765     0.727521     0.712525     0.693780     0.671283     0.645036     0.615038     0.581289     0.543788     0.502537     0.457535     0.408782     0.356279     0.300025     0.240020     0.176264     0.108759     0.037503    -0.037503
    0.037497     0.108741     0.176236     0.239980     0.299976     0.356221     0.408718     0.457465     0.502463     0.543712     0.581212     0.614962     0.644964     0.671217     0.693720     0.712475     0.727480     0.738735     0.746241     0.749997     0.750003     0.746259     0.738765     0.727520     0.712525     0.693780     0.671283     0.645036     0.615038     0.581288     0.543788     0.502537     0.457535     0.408782     0.356279     0.300024     0.240020     0.176264     0.108759     0.037503    -0.037503
    0.037497     0.108741     0.176236     0.239980     0.299976     0.356221     0.408718     0.457465     0.502463     0.543712     0.581212     0.614963     0.644964     0.671217     0.693721     0.712475     0.727480     0.738735     0.746241     0.749997     0.750003     0.746259     0.738765     0.727520     0.712525     0.693780     0.671283     0.645036     0.615037     0.581288     0.543788     0.502537     0.457535     0.408782     0.356279     0.300024     0.240020     0.176264     0.108759     0.037503    -0.037503
    0.037497     0.108741     0.176236     0.239980     0.299976     0.356221     0.408718     0.457465     0.502463     0.543712     0.581212     0.614963     0.644964     0.671217     0.693721     0.712475     0.727480     0.738735     0.746241     0.749997     0.750003     0.746259     0.738765     0.727520     0.712525     0.693779     0.671283     0.645036     0.615037     0.581288     0.543788     0.502537     0.457535     0.408782     0.356279     0.300024     0.240020     0.176264     0.108759     0.037503    -0.037503
    0.037497     0.108741     0.176236     0.239981     0.299976     0.356222     0.408718     0.457465     0.502463     0.543712     0.581212     0.614963     0.644965     0.671217     0.693721     0.712475     0.727480     0.738735     0.746241     0.749997     0.750003     0.746259     0.738765     0.727520     0.712525     0.693779     0.671283     0.645035     0.615037     0.581288     0.543788     0.502537     0.457535     0.408782     0.356278     0.300024     0.240019     0.176264     0.108759     0.037503    -0.037503
    0.037497     0.108741     0.176236     0.239981     0.299976     0.356222     0.408718     0.457465     0.502463     0.543712     0.581212     0.614963     0.644965     0.671217     0.693721     0.712475     0.727480     0.738735     0.746241     0.749997     0.750003     0.746259     0.738765     0.727520     0.712525     0.693779     0.671283     0.645035     0.615037     0.581288     0.543788     0.502537     0.457535     0.408782     0.356278     0.300024     0.240019     0.176264     0.108759     0.037503    -0.037503
    0.037497     0.108741     0.176236     0.239981     0.299976     0.356222     0.408718     0.457465     0.502463     0.543712     0.581212     0.614963     0.644965     0.671217     0.693721     0.712475     0.727480     0.738735     0.746241     0.749997     0.750003     0.746259     0.738765     0.727520     0.712525     0.693779     0.671283     0.645035     0.615037     0.581288     0.543788     0.502537     0.457535     0.408782     0.356278     0.300024     0.240019     0.176264     0.108759     0.037503    -0.037503
    0.037497     0.108741     0.176236     0.239981     0.299976     0.356222     0.408718     0.457466     0.502464     0.543713     0.581212     0.614963     0.644965     0.671218     0.693721     0.712475     0.727480     0.738735     0.746241     0.749997     0.750003     0.746259     0.738765     0.727520     0.712525     0.693779     0.671282     0.645035     0.615037     0.581288     0.543787     0.502536     0.457534     0.408782     0.356278     0.300024     0.240019     0.176264     0.108759     0.037503    -0.037503
    0.037497     0.108741     0.176236     0.239981     0.299976     0.356222     0.408718     0.457466     0.502464     0.543713     0.581213     0.614963     0.644965     0.671218     0.693721     0.712475     0.727480     0.738735     0.746241     0.749997     0.750003     0.746259     0.738765     0.727520     0.712525     0.693779     0.671282     0.645035     0.615037     0.581287     0.543787     0.502536     0.457534     0.408782     0.356278     0.300024     0.240019     0.176264     0.108759     0.037503    -0.037503
    0.037497     0.108741     0.176236     0.239981     0.299976     0.356222     0.408718     0.457466     0.502464     0.543713     0.581213     0.614963     0.644965     0.671218     0.693721     0.712475     0.727480     0.738735     0.746241     0.749997     0.750003     0.746259     0.738765     0.727520     0.712525     0.693779     0.671282     0.645035     0.615037     0.581287     0.543787     0.502536     0.457534     0.408782     0.356278     0.300024     0.240019     0.176264     0.108759     0.037503    -0.037503
    0.037497     0.108741     0.176236     0.239981     0.299976     0.356222     0.408719     0.457466     0.502464     0.543713     0.581213     0.614964     0.644965     0.671218     0.693721     0.712475     0.727480     0.738736     0.746241     0.749997     0.750003     0.746259     0.738765     0.727520     0.712525     0.693779     0.671282     0.645035     0.615036     0.581287     0.543787     0.502536     0.457534     0.408781     0.356278     0.300024     0.240019     0.176264     0.108759     0.037503    -0.037503
    0.037497     0.108741     0.176236     0.239981     0.299976     0.356222     0.408719     0.457466     0.502464     0.543713     0.581213     0.614964     0.644965     0.671218     0.693721     0.712476     0.727480     0.738736     0.746241     0.749997     0.750003     0.746259     0.738764     0.727520     0.712524     0.693779     0.671282     0.645035     0.615036     0.581287     0.543787     0.502536     0.457534     0.408781     0.356278     0.300024     0.240019     0.176264     0.108759     0.037503    -0.037503
    0.037497     0.108742     0.176236     0.239981     0.299976     0.356222     0.408719     0.457466     0.502464     0.543713     0.581213     0.614964     0.644965     0.671218     0.693721     0.712476     0.727480     0.738736     0.746241     0.749997     0.750003     0.746259     0.738764     0.727520     0.712524     0.693779     0.671282     0.645035     0.615036     0.581287     0.543787     0.502536     0.457534     0.408781     0.356278     0.300024     0.240019     0.176264     0.108758     0.037503    -0.037503
    0.037497     0.108742     0.176236     0.239981     0.299976     0.356222     0.408719     0.457466     0.502464     0.543713     0.581213     0.614964     0.644966     0.671218     0.693722     0.712476     0.727480     0.738736     0.746241     0.749997     0.750003     0.746259     0.738764     0.727520     0.712524     0.693778     0.671282     0.645034     0.615036     0.581287     0.543787     0.502536     0.457534     0.408781     0.356278     0.300024     0.240019     0.176264     0.108758     0.037503    -0.037503
    0.037497     0.108742     0.176236     0.239981     0.299976     0.356222     0.408719     0.457466     0.502464     0.543713     0.581213     0.614964     0.644966     0.671218     0.693722     0.712476     0.727480     0.738736     0.746241     0.749997     0.750003     0.746259     0.738764     0.727520     0.712524     0.693778     0.671282     0.645034     0.615036     0.581287     0.543787     0.502536     0.457534     0.408781     0.356278     0.300024     0.240019     0.176264     0.108758     0.037503    -0.037503
    0.037497     0.108742     0.176236     0.239981     0.299976     0.356222     0.408719     0.457466     0.502464     0.543713     0.581213     0.614964     0.644966     0.671218     0.693722     0.712476     0.727480     0.738736     0.746241     0.749997     0.750003     0.746259     0.738764     0.727520     0.712524     0.693778     0.671282     0.645034     0.615036     0.581287     0.543787     0.502536     0.457534     0.408781     0.356278     0.300024     0.240019     0.176264     0.108758     0.037503    -0.037503
    0.037497     0.108742     0.176236     0.239981     0.299976     0.356222     0.408719     0.457466     0.502464     0.543713     0.581213     0.614964     0.644966     0.671218     0.693722     0.712476     0.727481     0.738736     0.746241     0.749997     0.750003     0.746259     0.738764     0.727520     0.712524     0.693778     0.671282     0.645034     0.615036     0.581287     0.543787     0.502536     0.457534     0.408781     0.356278     0.300024     0.240019     0.176264     0.108758     0.037503    -0.037503
    0.037497     0.108742     0.176236     0.239981     0.299976     0.356222     0.408719     0.457466     0.502464     0.543713     0.581213     0.614964     0.644966     0.671218     0.693722     0.712476     0.727481     0.738736     0.746241     0.749997     0.750003     0.746259     0.738764     0.727519     0.712524     0.693778     0.671282     0.645034     0.615036     0.581287     0.543787     0.502536     0.457534     0.408781     0.356278     0.300024     0.240019     0.176264     0.108758     0.037503    -0.037503
    0.037497     0.108742     0.176236     0.239981     0.299976     0.356222     0.408719     0.457466     0.502464     0.543713     0.581213     0.614964     0.644966     0.671218     0.693722     0.712476     0.727481     0.738736     0.746241     0.749997     0.750003     0.746259     0.738764     0.727519     0.712524     0.693778     0.671282     0.645034     0.615036     0.581287     0.543787     0.502536     0.457534     0.408781     0.356278     0.300024     0.240019     0.176264     0.108758     0.037503    -0.037503
    0.037497     0.108742     0.176236     0.239981     0.299976     0.356222     0.408719     0.457466     0.502464     0.543713     0.581213     0.614964     0.644966     0.671218     0.693722     0.712476     0.727481     0.738736     0.746241     0.749997     0.750003     0.746259     0.738764     0.727519     0.712524     0.693778     0.671282     0.645034     0.615036     0.581287     0.543787     0.502536     0.457534     0.408781     0.356278     0.300024     0.240019     0.176264     0.108758     0.037503    -0.037503
    0.037497     0.108742     0.176236     0.239981     0.299976     0.356222     0.408719     0.457466     0.502464     0.543713     0.581213     0.614964     0.644966     0.671218     0.693722     0.712476     0.727481     0.738736     0.746241     0.749997     0.750003     0.746259     0.738764     0.727519     0.712524     0.693778     0.671282     0.645034     0.615036     0.581287     0.543787     0.502536     0.457534     0.408781     0.356278     0.300024     0.240019     0.176264     0.108758     0.037503    -0.037503
    0.037497     0.108742     0.176236     0.239981     0.299976     0.356222     0.408719     0.457466     0.502464     0.543713     0.581213     0.614964     0.644966     0.671218     0.693722     0.712476     0.727481     0.738736     0.746241     0.749997     0.750003     0.746259     0.738764     0.727519     0.712524     0.693778     0.671282     0.645034     0.615036     0.581287     0.543787     0.502536     0.457534     0.408781     0.356278     0.300024     0.240019     0.176264     0.108758     0.037503    -0.037503
    0.037497     0.108742     0.176236     0.239981     0.299976     0.356222     0.408719     0.457466     0.502464     0.543713     0.581213     0.614964     0.644966     0.671218     0.693722     0.712476     0.727481     0.738736     0.746241     0.749997     0.750003     0.746259     0.738764     0.727519     0.712524     0.693778     0.671282     0.645034     0.615036     0.581287     0.543787     0.502536     0.457534     0.408781     0.356278     0.300024     0.240019     0.176264     0.108758     0.037503    -0.037503
    0.037497     0.108742     0.176236     0.239981     0.299976     0.356222     0.408719     0.457466     0.502464     0.543713     0.581213     0.614964     0.644966     0.671218     0.693722     0.712476     0.727481     0.738736     0.746241     0.749997     0.750003     0.746259     0.738764     0.727519     0.712524     0.693778     0.671282     0.645034     0.615036     0.581287     0.543787     0.502536     0.457534     0.408781     0.356278     0.300024     0.240019     0.176264     0.108758     0.037503    -0.037503
    0.037497     0.108741     0.176236     0.239981     0.299976     0.356222     0.408719     0.457466     0.502464     0.543713     0.581213     0.614964     0.644966     0.671218     0.693722     0.712476     0.727481     0.738736     0.746241     0.749997     0.750003     0.746259     0.738764     0.727519     0.712524     0.693778     0.671282     0.645034     0.615036     0.581287     0.543787     0.502536     0.457534     0.408781     0.356278     0.300024     0.240019     0.176264     0.108759     0.037503    -0.037503
    0.037497     0.108741     0.176236     0.239981     0.299976     0.356222     0.408719     0.457466     0.502464     0.543713     0.581213     0.614964     0.644966     0.671218     0.693722     0.712476     0.727481     0.738736     0.746241     0.749997     0.750003     0.746259     0.738764     0.727519     0.712524     0.693778     0.671282     0.645034     0.615036     0.581287     0.543787     0.502536     0.457534     0.408781     0.356278     0.300024     0.240019     0.176264     0.108759     0.037503    -0.037503
    0.037497     0.108741     0.176236     0.239981     0.299976     0.356222     0.408719     0.457466     0.502464     0.543713     0.581213     0.614964     0.644966     0.671218     0.693722     0.712476     0.727481     0.738736     0.746241     0.749997     0.750003     0.746259     0.738764     0.727519     0.712524     0.693778     0.671282     0.645034     0.615036     0.581287     0.543787     0.502536     0.457534     0.408781     0.356278     0.300024     0.240019     0.176264     0.108759     0.037503    -0.037503
    0.037497     0.108741     0.176236     0.239981     0.299976     0.356222     0.408719     0.457466     0.502464     0.543713     0.581213     0.614964     0.644966     0.671218     0.693722     0.712476     0.727481     0.738736     0.746241     0.749997     0.750003     0.746259     0.738764     0.727519     0.712524     0.693778     0.671282     0.645034     0.615036     0.581287     0.543787     0.502536     0.457534     0.408781     0.356278     0.300024     0.240019     0.176264     0.108759     0.037503    -0.037503
    0.037497     0.108741     0.176236     0.239981     0.299976     0.356222     0.408718     0.457466     0.502464     0.543713     0.581213     0.614964     0.644966     0.671218     0.693722     0.712476     0.727481     0.738736     0.746241     0.749997     0.750003     0.746259     0.738764     0.727519     0.712524     0.693778     0.671282     0.645034     0.615036     0.581287     0.543787     0.502536     0.457534     0.408782     0.356278     0.300024     0.240019     0.176264     0.108759     0.037503    -0.037503
    0.037497     0.108741     0.176236     0.239981     0.299976     0.356222     0.408718     0.457466     0.502464     0.543713     0.581213     0.614964     0.644966     0.671218     0.693722     0.712476     0.727481     0.738736     0.746241     0.749997     0.750003     0.746259     0.738764     0.727519     0.712524     0.693778     0.671282     0.645034     0.615036     0.581287     0.543787     0.502536     0.457534     0.408782     0.356278     0.300024     0.240019     0.176264     0.108759     0.037503    -0.037503
    0.037497     0.108741     0.176236     0.239981     0.299976     0.356222     0.408718     0.457466     0.502464     0.543713     0.581213     0.614964     0.644966     0.671218     0.693722     0.712476     0.727481     0.738736     0.746241     0.749997     0.750003     0.746259     0.738764     0.727519     0.712524     0.693778     0.671282     0.645034     0.615036     0.581287     0.543787     0.502536     0.457534     0.408782     0.356278     0.300024     0.240019     0.176264     0.108759     0.037503    -0.037503
    0.037497     0.108741     0.176236     0.239981     0.299976     0.356222     0.408718     0.457466     0.502464     0.543713     0.581213     0.614964     0.644966     0.671218     0.693722     0.712476     0.727481     0.738736     0.746241     0.749997     0.750003     0.746259     0.738764     0.727519     0.712524     0.693778     0.671282     0.645034     0.615036     0.581287     0.543787     0.502536     0.457534     0.408782     0.356278     0.300024     0.240019     0.176264     0.108759     0.037503    -0.037503
    0.037497     0.108741     0.176236     0.239980     0.299976     0.356222     0.408718     0.457465     0.502464     0.543713     0.581213     0.614964     0.644966     0.671218     0.693722     0.712476     0.727481     0.738736     0.746241     0.749997     0.750003     0.746259     0.738764     0.727519     0.712524     0.693778     0.671282     0.645034     0.615036     0.581287     0.543787     0.502536     0.457535     0.408782     0.356278     0.300024     0.240020     0.176264     0.108759     0.037503    -0.037503
    0.037497     0.108741     0.176236     0.239980     0.299976     0.356221     0.408718     0.457465     0.502464     0.543713     0.581213     0.614964     0.644965     0.671218     0.693722     0.712476     0.727480     0.738736     0.746241     0.749997     0.750003     0.746259     0.738764     0.727520     0.712524     0.693778     0.671282     0.645035     0.615036     0.581287     0.543787     0.502536     0.457535     0.408782     0.356279     0.300024     0.240020     0.176264     0.108759     0.037503    -0.037503
    0.037497     0.108741     0.176236     0.239980     0.299976     0.356221     0.408718     0.457465     0.502463     0.543713     0.581213     0.614964     0.644965     0.671218     0.693722     0.712476     0.727480     0.738736     0.746241     0.749997     0.750003     0.746259     0.738764     0.727520     0.712524     0.693778     0.671282     0.645035     0.615036     0.581287     0.543787     0.502537     0.457535     0.408782     0.356279     0.300024     0.240020     0.176264     0.108759     0.037503    -0.037503
    0.037497     0.108741     0.176236     0.239980     0.299975     0.356221     0.408718     0.457465     0.502463     0.543712     0.581212     0.614963     0.644965     0.671218     0.693721     0.712476     0.727480     0.738736     0.746241     0.749997     0.750003     0.746259     0.738764     0.727520     0.712524     0.693779     0.671282     0.645035     0.615037     0.581288     0.543788     0.502537     0.457535     0.408782     0.356279     0.300025     0.240020     0.176264     0.108759     0.037503    -0.037503
    0.037497     0.108741     0.176235     0.239980     0.299975     0.356221     0.408718     0.457465     0.502463     0.543712     0.581212     0.614963     0.644965     0.671218     0.693721     0.712476     0.727480     0.738736     0.746241     0.749997     0.750003     0.746259     0.738764     0.727520     0.712524     0.693779     0.671282     0.645035     0.615037     0.581288     0.543788     0.502537     0.457535     0.408782     0.356279     0.300025     0.240020     0.176265     0.108759     0.037503    -0.037503
    0.037497     0.108741     0.176235     0.239980     0.299975     0.356221     0.408718     0.457465     0.502463     0.543712     0.581212     0.614963     0.644965     0.671218     0.693721     0.712476     0.727480     0.738736     0.746241     0.749997     0.750003     0.746259     0.738764     0.727520     0.712524     0.693779     0.671282     0.645035     0.615037     0.581288     0.543788     0.502537     0.457535     0.408782     0.356279     0.300025     0.240020     0.176265     0.108759     0.037503    -0.037503
    0.037497     0.108741     0.176235     0.239980     0.299975     0.356221     0.408717     0.457465     0.502463     0.543712     0.581212     0.614963     0.644965     0.671218     0.693721     0.712475     0.727480     0.738736     0.746241     0.749997     0.750003     0.746259     0.738764     0.727520     0.712525     0.693779     0.671282     0.645035     0.615037     0.581288     0.543788     0.502537     0.457535     0.408783     0.356279     0.300025     0.240020     0.176265     0.108759     0.037503    -0.037503
    0.037497     0.108741     0.176235     0.239980     0.299975     0.356221     0.408717     0.457465     0.502463     0.543712     0.581212     0.614963     0.644965     0.671218     0.693721     0.712475     0.727480     0.738736     0.746241     0.749997     0.750003     0.746259     0.738764     0.727520     0.712525     0.693779     0.671282     0.645035     0.615037     0.581288     0.543788     0.502537     0.457535     0.408783     0.356279     0.300025     0.240020     0.176265     0.108759     0.037503    -0.037503
    0.037497     0.108741     0.176235     0.239980     0.299975     0.356221     0.408717     0.457464     0.502463     0.543712     0.581212     0.614963     0.644965     0.671218     0.693721     0.712475     0.727480     0.738735     0.746241     0.749997     0.750003     0.746259     0.738765     0.727520     0.712525     0.693779     0.671282     0.645035     0.615037     0.581288     0.543788     0.502537     0.457536     0.408783     0.356279     0.300025     0.240020     0.176265     0.108759     0.037503    -0.037503
    0.037497     0.108741     0.176235     0.239980     0.299975     0.356221     0.408717     0.457464     0.502463     0.543712     0.581212     0.614963     0.644965     0.671217     0.693721     0.712475     0.727480     0.738735     0.746241     0.749997     0.750003     0.746259     0.738765     0.727520     0.712525     0.693779     0.671283     0.645035     0.615037     0.581288     0.543788     0.502537     0.457536     0.408783     0.356279     0.300025     0.240020     0.176265     0.108759     0.037503    -0.037503
    0.037497     0.108741     0.176235     0.239980     0.299975     0.356220     0.408717     0.457464     0.502462     0.543712     0.581212     0.614963     0.644965     0.671217     0.693721     0.712475     0.727480     0.738735     0.746241     0.749997     0.750003     0.746259     0.738765     0.727520     0.712525     0.693779     0.671283     0.645035     0.615037     0.581288     0.543788     0.502538     0.457536     0.408783     0.356280     0.300025     0.240020     0.176265     0.108759     0.037503    -0.037503
    0.037497     0.108741     0.176235     0.239980     0.299975     0.356220     0.408717     0.457464     0.502462     0.543711     0.581211     0.614962     0.644964     0.671217     0.693721     0.712475     0.727480     0.738735     0.746241     0.749997     0.750003     0.746259     0.738765     0.727520     0.712525     0.693779     0.671283     0.645036     0.615038     0.581289     0.543789     0.502538     0.457536     0.408783     0.356280     0.300025     0.240020     0.176265     0.108759     0.037503    -0.037503
    0.037497     0.108741     0.176235     0.239979     0.299974     0.356220     0.408717     0.457464     0.502462     0.543711     0.581211     0.614962     0.644964     0.671217     0.693721     0.712475     0.727480     0.738735     0.746241     0.749997     0.750003     0.746259     0.738765     0.727520     0.712525     0.693779     0.671283     0.645036     0.615038     0.581289     0.543789     0.502538     0.457536     0.408783     0.356280     0.300026     0.240021     0.176265     0.108759     0.037503    -0.037503
    0.037497     0.108741     0.176235     0.239979     0.299974     0.356220     0.408716     0.457464     0.502462     0.543711     0.581211     0.614962     0.644964     0.671217     0.693721     0.712475     0.727480     0.738735     0.746241     0.749997     0.750003     0.746259     0.738765     0.727520     0.712525     0.693779     0.671283     0.645036     0.615038     0.581289     0.543789     0.502538     0.457536     0.408784     0.356280     0.300026     0.240021     0.176265     0.108759     0.037503    -0.037503
    0.037497     0.108741     0.176235     0.239979     0.299974     0.356220     0.408716     0.457464     0.502462     0.543711     0.581211     0.614962     0.644964     0.671217     0.693720     0.712475     0.727480     0.738735     0.746241     0.749997     0.750003     0.746259     0.738765     0.727520     0.712525     0.693780     0.671283     0.645036     0.615038     0.581289     0.543789     0.502538     0.457536     0.408784     0.356280     0.300026     0.240021     0.176265     0.108759     0.037503    -0.037503
    0.037497     0.108741     0.176235     0.239979     0.299974     0.356220     0.408716     0.457463     0.502462     0.543711     0.581211     0.614962     0.644964     0.671217     0.693720     0.712475     0.727480     0.738735     0.746241     0.749997     0.750003     0.746259     0.738765     0.727520     0.712525     0.693780     0.671283     0.645036     0.615038     0.581289     0.543789     0.502538     0.457537     0.408784     0.356280     0.300026     0.240021     0.176265     0.108759     0.037503    -0.037503
    0.037497     0.108741     0.176235     0.239979     0.299974     0.356220     0.408716     0.457463     0.502461     0.543711     0.581211     0.614962     0.644964     0.671217     0.693720     0.712475     0.727480     0.738735     0.746241     0.749997     0.750003     0.746259     0.738765     0.727520     0.712525     0.693780     0.671283     0.645036     0.615038     0.581289     0.543789     0.502539     0.457537     0.408784     0.356280     0.300026     0.240021     0.176265     0.108759     0.037503    -0.037503
    0.037497     0.108741     0.176235     0.239979     0.299974     0.356219     0.408716     0.457463     0.502461     0.543710     0.581210     0.614962     0.644964     0.671216     0.693720     0.712475     0.727480     0.738735     0.746241     0.749997     0.750003     0.746259     0.738765     0.727520     0.712526     0.693780     0.671284     0.645036     0.615038     0.581290     0.543790     0.502539     0.457537     0.408784     0.356280     0.300026     0.240021     0.176265     0.108759     0.037503    -0.037503
    0.037497     0.108741     0.176235     0.239979     0.299974     0.356219     0.408716     0.457463     0.502461     0.543710     0.581210     0.614961     0.644963     0.671216     0.693720     0.712474     0.727479     0.738735     0.746241     0.749997     0.750003     0.746259     0.738765     0.727521     0.712526     0.693780     0.671284     0.645037     0.615039     0.581290     0.543790     0.502539     0.457537     0.408784     0.356281     0.300026     0.240021     0.176265     0.108759     0.037503    -0.037503
    0.037497     0.108741     0.176234     0.239979     0.299974     0.356219     0.408716     0.457463     0.502461     0.543710     0.581210     0.614961     0.644963     0.671216     0.693720     0.712474     0.727479     0.738735     0.746241     0.749997     0.750003     0.746259     0.738765     0.727521     0.712526     0.693780     0.671284     0.645037     0.615039     0.581290     0.543790     0.502539     0.457537     0.408784     0.356281     0.300026     0.240021     0.176266     0.108759     0.037503    -0.037503
    0.037497     0.108740     0.176234     0.239979     0.299974     0.356219     0.408715     0.457463     0.502461     0.543710     0.581210     0.614961     0.644963     0.671216     0.693720     0.712474     0.727479     0.738735     0.746241     0.749997     0.750003     0.746259     0.738765     0.727521     0.712526     0.693780     0.671284     0.645037     0.615039     0.581290     0.543790     0.502539     0.457537     0.408785     0.356281     0.300026     0.240021     0.176266     0.108760     0.037503    -0.037503
    0.037497     0.108740     0.176234     0.239979     0.299973     0.356219     0.408715     0.457462     0.502461     0.543710     0.581210     0.614961     0.644963     0.671216     0.693720     0.712474     0.727479     0.738735     0.746241     0.749997     0.750003     0.746259     0.738765     0.727521     0.712526     0.693780     0.671284     0.645037     0.615039     0.581290     0.543790     0.502539     0.457537     0.408785     0.356281     0.300027     0.240021     0.176266     0.108760     0.037503    -0.037503
    0.037497     0.108740     0.176234     0.239978     0.299973     0.356219     0.408715     0.457462     0.502460     0.543710     0.581210     0.614961     0.644963     0.671216     0.693720     0.712474     0.727479     0.738735     0.746241     0.749997     0.750003     0.746259     0.738765     0.727521     0.712526     0.693781     0.671284     0.645037     0.615039     0.581290     0.543790     0.502540     0.457538     0.408785     0.356281     0.300027     0.240021     0.176266     0.108760     0.037503    -0.037503
    0.037497     0.108740     0.176234     0.239978     0.299973     0.356219     0.408715     0.457462     0.502460     0.543709     0.581210     0.614961     0.644963     0.671216     0.693719     0.712474     0.727479     0.738735     0.746241     0.749997     0.750003     0.746259     0.738765     0.727521     0.712526     0.693781     0.671284     0.645037     0.615039     0.581290     0.543791     0.502540     0.457538     0.408785     0.356281     0.300027     0.240022     0.176266     0.108760     0.037503    -0.037503
    0.037497     0.108740     0.176234     0.239978     0.299973     0.356219     0.408715     0.457462     0.502460     0.543709     0.581209     0.614960     0.644963     0.671216     0.693719     0.712474     0.727479     0.738735     0.746241     0.749997     0.750003     0.746259     0.738765     0.727521     0.712526     0.693781     0.671285     0.645037     0.615040     0.581291     0.543791     0.502540     0.457538     0.408785     0.356281     0.300027     0.240022     0.176266     0.108760     0.037503    -0.037503
    0.037497     0.108740     0.176234     0.239978     0.299973     0.356218     0.408715     0.457462     0.502460     0.543709     0.581209     0.614960     0.644962     0.671215     0.693719     0.712474     0.727479     0.738735     0.746241     0.749997     0.750003     0.746259     0.738766     0.727521     0.712526     0.693781     0.671285     0.645038     0.615040     0.581291     0.543791     0.502540     0.457538     0.408785     0.356281     0.300027     0.240022     0.176266     0.108760     0.037503    -0.037503
    0.037497     0.108740     0.176234     0.239978     0.299973     0.356218     0.408715     0.457462     0.502460     0.543709     0.581209     0.614960     0.644962     0.671215     0.693719     0.712474     0.727479     0.738735     0.746241     0.749997     0.750003     0.746260     0.738766     0.727521     0.712526     0.693781     0.671285     0.645038     0.615040     0.581291     0.543791     0.502540     0.457538     0.408785     0.356282     0.300027     0.240022     0.176266     0.108760     0.037503    -0.037503
    0.037497     0.108740     0.176234     0.239978     0.299973     0.356218     0.408714     0.457462     0.502460     0.543709     0.581209     0.614960     0.644962     0.671215     0.693719     0.712474     0.727479     0.738735     0.746241     0.749997     0.750003     0.746260     0.738766     0.727521     0.712527     0.693781     0.671285     0.645038     0.615040     0.581291     0.543791     0.502540     0.457538     0.408785     0.356282     0.300027     0.240022     0.176266     0.108760     0.037503    -0.037503
    0.037497     0.108740     0.176234     0.239978     0.299973     0.356218     0.408714     0.457461     0.502460     0.543709     0.581209     0.614960     0.644962     0.671215     0.693719     0.712474     0.727479     0.738735     0.746241     0.749997     0.750003     0.746260     0.738766     0.727521     0.712527     0.693781     0.671285     0.645038     0.615040     0.581291     0.543791     0.502540     0.457538     0.408786     0.356282     0.300027     0.240022     0.176266     0.108760     0.037503    -0.037503
    0.037497     0.108740     0.176234     0.239978     0.299973     0.356218     0.408714     0.457461     0.502459     0.543709     0.581209     0.614960     0.644962     0.671215     0.693719     0.712473     0.727479     0.738734     0.746241     0.749997     0.750003     0.746260     0.738766     0.727522     0.712527     0.693781     0.671285     0.645038     0.615040     0.581291     0.543791     0.502540     0.457539     0.408786     0.356282     0.300027     0.240022     0.176266     0.108760     0.037503    -0.037503
    0.037497     0.108740     0.176234     0.239978     0.299972     0.356218     0.408714     0.457461     0.502459     0.543708     0.581209     0.614960     0.644962     0.671215     0.693719     0.712473     0.727479     0.738734     0.746241     0.749997     0.750003     0.746260     0.738766     0.727522     0.712527     0.693781     0.671285     0.645038     0.615040     0.581291     0.543792     0.502541     0.457539     0.408786     0.356282     0.300027     0.240022     0.176266     0.108760     0.037503    -0.037503
    0.037497     0.108740     0.176234     0.239978     0.299972     0.356218     0.408714     0.457461     0.502459     0.543708     0.581208     0.614960     0.644962     0.671215     0.693719     0.712473     0.727479     0.738734     0.746241     0.749997     0.750003     0.746260     0.738766     0.727522     0.712527     0.693782     0.671285     0.645038     0.615040     0.581292     0.543792     0.502541     0.457539     0.408786     0.356282     0.300027     0.240022     0.176266     0.108760     0.037503    -0.037503
    0.037497     0.108740     0.176234     0.239978     0.299972     0.356218     0.408714     0.457461     0.502459     0.543708     0.581208     0.614959     0.644962     0.671215     0.693719     0.712473     0.727479     0.738734     0.746241     0.749997     0.750003     0.746260     0.738766     0.727522     0.712527     0.693782     0.671286     0.645039     0.615041     0.581292     0.543792     0.502541     0.457539     0.408786     0.356282     0.300027     0.240022     0.176266     0.108760     0.037503    -0.037503
    0.037497     0.108740     0.176233     0.239977     0.299972     0.356217     0.408714     0.457461     0.502459     0.543708     0.581208     0.614959     0.644961     0.671215     0.693719     0.712473     0.727479     0.738734     0.746241     0.749997     0.750004     0.746260     0.738766     0.727522     0.712527     0.693782     0.671286     0.645039     0.615041     0.581292     0.543792     0.502541     0.457539     0.408786     0.356282     0.300027     0.240022     0.176266     0.108760     0.037503    -0.037503
    0.037497     0.108740     0.176233     0.239977     0.299972     0.356217     0.408714     0.457461     0.502459     0.543708     0.581208     0.614959     0.644961     0.671215     0.693718     0.712473     0.727479     0.738734     0.746241     0.749997     0.750004     0.746260     0.738766     0.727522     0.712527     0.693782     0.671286     0.645039     0.615041     0.581292     0.543792     0.502541     0.457539     0.408786     0.356282     0.300027     0.240022     0.176266     0.108760     0.037503    -0.037503
    0.037497     0.108740     0.176233     0.239977     0.299972     0.356217     0.408713     0.457461     0.502459     0.543708     0.581208     0.614959     0.644961     0.671214     0.693718     0.712473     0.727479     0.738734     0.746241     0.749997     0.750004     0.746260     0.738766     0.727522     0.712527     0.693782     0.671286     0.645039     0.615041     0.581292     0.543792     0.502541     0.457539     0.408786     0.356282     0.300027     0.240022     0.176266     0.108760     0.037503    -0.037503
    0.037497     0.108740     0.176233     0.239977     0.299972     0.356217     0.408713     0.457460     0.502459     0.543708     0.581208     0.614959     0.644961     0.671214     0.693718     0.712473     0.727479     0.738734     0.746241     0.749997     0.750004     0.746260     0.738766     0.727522     0.712528     0.693782     0.671286     0.645039     0.615041     0.581292     0.543792     0.502541     0.457539     0.408786     0.356282     0.300027     0.240022     0.176266     0.108760     0.037503    -0.037503
    0.037497     0.108740     0.176233     0.239977     0.299972     0.356217     0.408713     0.457460     0.502458     0.543708     0.581208     0.614959     0.644961     0.671214     0.693718     0.712473     0.727479     0.738735     0.746241     0.749997     0.750004     0.746260     0.738767     0.727522     0.712528     0.693782     0.671286     0.645039     0.615041     0.581292     0.543792     0.502541     0.457539     0.408786     0.356282     0.300027     0.240022     0.176266     0.108760     0.037503    -0.037503
    0.037496     0.108740     0.176233     0.239977     0.299972     0.356217     0.408713     0.457460     0.502458     0.543707     0.581208     0.614959     0.644961     0.671214     0.693718     0.712473     0.727479     0.738735     0.746241     0.749997     0.750004     0.746260     0.738767     0.727522     0.712528     0.693782     0.671286     0.645039     0.615041     0.581292     0.543792     0.502541     0.457539     0.408786     0.356282     0.300027     0.240022     0.176266     0.108760     0.037503    -0.037503
    0.037496     0.108740     0.176233     0.239977     0.299971     0.356217     0.408713     0.457460     0.502458     0.543707     0.581208     0.614959     0.644961     0.671214     0.693718     0.712473     0.727479     0.738735     0.746241     0.749997     0.750004     0.746261     0.738767     0.727523     0.712528     0.693783     0.671286     0.645039     0.615041     0.581292     0.543792     0.502541     0.457539     0.408786     0.356282     0.300027     0.240022     0.176266     0.108760     0.037503    -0.037503
    0.037496     0.108739     0.176233     0.239977     0.299971     0.356217     0.408713     0.457460     0.502458     0.543707     0.581208     0.614959     0.644961     0.671214     0.693718     0.712473     0.727479     0.738735     0.746241     0.749998     0.750004     0.746261     0.738767     0.727523     0.712528     0.693783     0.671286     0.645039     0.615041     0.581292     0.543792     0.502541     0.457539     0.408786     0.356282     0.300027     0.240022     0.176266     0.108760     0.037503    -0.037503
    0.037496     0.108739     0.176233     0.239977     0.299971     0.356216     0.408713     0.457460     0.502458     0.543707     0.581208     0.614959     0.644961     0.671214     0.693718     0.712473     0.727479     0.738735     0.746241     0.749998     0.750004     0.746261     0.738767     0.727523     0.712528     0.693783     0.671287     0.645040     0.615041     0.581292     0.543792     0.502541     0.457539     0.408786     0.356282     0.300027     0.240022     0.176266     0.108760     0.037503    -0.037503
    0.037496     0.108739     0.176233     0.239976     0.299971     0.356216     0.408713     0.457460     0.502458     0.543707     0.581207     0.614959     0.644961     0.671214     0.693719     0.712473     0.727479     0.738735     0.746241     0.749998     0.750005     0.746261     0.738767     0.727523     0.712528     0.693783     0.671287     0.645040     0.615042     0.581292     0.543792     0.502541     0.457539     0.408786     0.356282     0.300027     0.240021     0.176266     0.108759     0.037503    -0.037503
    0.037496     0.108739     0.176232     0.239976     0.299971     0.356216     0.408712     0.457460     0.502458     0.543707     0.581207     0.614959     0.644961     0.671215     0.693719     0.712474     0.727479     0.738735     0.746242     0.749998     0.750005     0.746261     0.738768     0.727523     0.712529     0.693783     0.671287     0.645040     0.615042     0.581292     0.543792     0.502541     0.457539     0.408786     0.356281     0.300027     0.240021     0.176265     0.108759     0.037503    -0.037503
    0.037496     0.108739     0.176232     0.239976     0.299971     0.356216     0.408712     0.457459     0.502458     0.543707     0.581207     0.614959     0.644961     0.671215     0.693719     0.712474     0.727479     0.738735     0.746242     0.749998     0.750005     0.746261     0.738768     0.727524     0.712529     0.693783     0.671287     0.645040     0.615042     0.581292     0.543792     0.502541     0.457539     0.408785     0.356281     0.300026     0.240021     0.176265     0.108759     0.037503    -0.037503
    0.037496     0.108739     0.176232     0.239976     0.299970     0.356216     0.408712     0.457459     0.502458     0.543707     0.581207     0.614959     0.644961     0.671215     0.693719     0.712474     0.727479     0.738736     0.746242     0.749999     0.750005     0.746262     0.738768     0.727524     0.712529     0.693784     0.671287     0.645040     0.615042     0.581293     0.543792     0.502541     0.457538     0.408785     0.356281     0.300026     0.240021     0.176265     0.108759     0.037503    -0.037503
    0.037496     0.108739     0.176232     0.239975     0.299970     0.356215     0.408712     0.457459     0.502458     0.543707     0.581208     0.614959     0.644962     0.671215     0.693719     0.712474     0.727480     0.738736     0.746242     0.749999     0.750006     0.746262     0.738768     0.727524     0.712529     0.693784     0.671287     0.645040     0.615042     0.581293     0.543792     0.502541     0.457538     0.408785     0.356281     0.300026     0.240020     0.176265     0.108759     0.037503    -0.037503
    0.037496     0.108738     0.176231     0.239975     0.299969     0.356215     0.408712     0.457459     0.502458     0.543707     0.581208     0.614959     0.644962     0.671215     0.693719     0.712474     0.727480     0.738736     0.746243     0.749999     0.750006     0.746262     0.738769     0.727524     0.712530     0.693784     0.671288     0.645040     0.615042     0.581293     0.543792     0.502541     0.457538     0.408785     0.356280     0.300025     0.240020     0.176264     0.108758     0.037503    -0.037503
    0.037496     0.108738     0.176231     0.239974     0.299969     0.356215     0.408711     0.457459     0.502458     0.543707     0.581208     0.614959     0.644962     0.671215     0.693720     0.712475     0.727480     0.738736     0.746243     0.750000     0.750006     0.746263     0.738769     0.727525     0.712530     0.693784     0.671288     0.645041     0.615042     0.581293     0.543792     0.502541     0.457538     0.408784     0.356280     0.300025     0.240019     0.176264     0.108758     0.037503    -0.037503
    0.037496     0.108737     0.176230     0.239974     0.299968     0.356214     0.408711     0.457459     0.502458     0.543707     0.581208     0.614960     0.644962     0.671216     0.693720     0.712475     0.727481     0.738737     0.746243     0.750000     0.750007     0.746263     0.738769     0.727525     0.712530     0.693785     0.671288     0.645041     0.615043     0.581293     0.543792     0.502541     0.457538     0.408784     0.356280     0.300024     0.240019     0.176263     0.108757     0.037502    -0.037502
    0.037495     0.108736     0.176229     0.239973     0.299968     0.356214     0.408711     0.457459     0.502458     0.543708     0.581208     0.614960     0.644963     0.671216     0.693720     0.712476     0.727481     0.738737     0.746244     0.750000     0.750007     0.746264     0.738770     0.727526     0.712531     0.693785     0.671289     0.645041     0.615043     0.581293     0.543793     0.502541     0.457538     0.408784     0.356279     0.300024     0.240018     0.176262     0.108756     0.037502    -0.037502
    0.037494     0.108735     0.176227     0.239972     0.299967     0.356214     0.408711     0.457459     0.502458     0.543708     0.581209     0.614960     0.644963     0.671217     0.693721     0.712476     0.727482     0.738738     0.746244     0.750001     0.750008     0.746264     0.738770     0.727526     0.712531     0.693786     0.671289     0.645042     0.615043     0.581294     0.543793     0.502541     0.457538     0.408784     0.356279     0.300023     0.240017     0.176260     0.108755     0.037501    -0.037501
    0.037493     0.108732     0.176226     0.239971     0.299967     0.356214     0.408712     0.457460     0.502459     0.543708     0.581209     0.614961     0.644964     0.671217     0.693721     0.712477     0.727482     0.738738     0.746245     0.750001     0.750008     0.746265     0.738771     0.727527     0.712532     0.693786     0.671290     0.645042     0.615044     0.581294     0.543793     0.502541     0.457538     0.408784     0.356279     0.300023     0.240016     0.176259     0.108752     0.037499    -0.037499
    0.037489     0.108728     0.176224     0.239971     0.299968     0.356215     0.408712     0.457460     0.502459     0.543709     0.581210     0.614962     0.644964     0.671218     0.693722     0.712477     0.727483     0.738739     0.746245     0.750002     0.750009     0.746265     0.738771     0.727527     0.712532     0.693787     0.671290     0.645043     0.615044     0.581295     0.543794     0.502542     0.457539     0.408785     0.356280     0.300023     0.240016     0.176257     0.108749     0.037496    -0.037496
    0.037480     0.108724     0.176224     0.239972     0.299969     0.356216     0.408713     0.457461     0.502460     0.543710     0.581211     0.614962     0.644965     0.671218     0.693723     0.712478     0.727483     0.738740     0.746246     0.750003     0.750009     0.746266     0.738772     0.727528     0.712533     0.693787     0.671291     0.645043     0.615045     0.581295     0.543795     0.502543     0.457540     0.408786     0.356281     0.300025     0.240017     0.176257     0.108744     0.037486    -0.037486
    0.037460     0.108722     0.176227     0.239976     0.299972     0.356218     0.408715     0.457462     0.502461     0.543711     0.581211     0.614963     0.644966     0.671219     0.693723     0.712478     0.727484     0.738740     0.746247     0.750003     0.750010     0.746266     0.738773     0.727528     0.712534     0.693788     0.671291     0.645044     0.615046     0.581296     0.543795     0.502544     0.457541     0.408787     0.356283     0.300027     0.240020     0.176260     0.108742     0.037467    -0.037467
    0.037427     0.108731     0.176234     0.239979     0.299974     0.356219     0.408716     0.457463     0.502462     0.543712     0.581212     0.614964     0.644966     0.671220     0.693724     0.712479     0.727485     0.738741     0.746247     0.750004     0.750011     0.746267     0.738773     0.727529     0.712534     0.693789     0.671292     0.645045     0.615046     0.581297     0.543796     0.502545     0.457542     0.408788     0.356284     0.300029     0.240023     0.176266     0.108750     0.037434    -0.037434
    0.036928     0.108731     0.176234     0.239979     0.299974     0.356219     0.408716     0.457463     0.502462     0.543712     0.581212     0.614964     0.644966     0.671220     0.693724     0.712479     0.727485     0.738741     0.746247     0.750004     0.750011     0.746267     0.738773     0.727529     0.712534     0.693789     0.671292     0.645045     0.615046     0.581297     0.543796     0.502545     0.457542     0.408788     0.356284     0.300029     0.240023     0.176266     0.108750     0.036935    -0.036935
