    0.000000     0.000000     0.000000     0.000000     0.000000     0.000000     0.000000     0.000000     0.000000     0.000000     0.000000     0.000000     0.000000     0.000000     0.000000     0.000000     0.000000     0.000000     0.000000     0.000000     0.146250     0.416250     0.656250     0.866250     1.046250     1.196250     1.316250     1.406250     1.466250     1.496250     1.496250     1.466250     1.406250     1.316250     1.196250     1.046250     0.866250     0.656250     0.416250     0.146250    -0.146250
    0.000047     0.000018    -0.000064    -0.000168    -0.000284    -0.000407    -0.000536    -0.000671    -0.000812    -0.000962    -0.001124    -0.001308    -0.001535    -0.001845    -0.002308    -0.003038    -0.004137    -0.005243    -0.002969     0.022059     0.158541     0.412834     0.654744     0.865706     1.046010     1.196119     1.316163     1.406181     1.466187     1.496187     1.496183     1.466177     1.406169     1.316160     1.196149     1.046134     0.866109     0.656049     0.415935     0.146549    -0.146549
    0.000064    -0.000074    -0.000345    -0.000685    -0.001064    -0.001470    -0.001896    -0.002337    -0.002792    -0.003263    -0.003758    -0.004294    -0.004905    -0.005645    -0.006580    -0.007723    -0.008742    -0.007831     0.002181     0.045028     0.176770     0.412486     0.652982     0.864727     1.045478     1.195793     1.315931     1.405988     1.466006     1.496001     1.495984     1.465959     1.405928     1.315892     1.195849     1.045796     0.865718     0.655585     0.415483     0.146771    -0.146771
    0.000010    -0.000324    -0.000862    -0.001519    -0.002251    -0.003033    -0.003847    -0.004684    -0.005533    -0.006392    -0.007263    -0.008155    -0.009089    -0.010078    -0.011087    -0.011871    -0.011485    -0.006853     0.011052     0.064866     0.194625     0.415175     0.652052     0.863874     1.044914     1.195396     1.315617     1.405707     1.465727     1.495707     1.495664     1.465604     1.405534     1.315453     1.195362     1.045253     0.865112     0.654924     0.414926     0.146772    -0.146772
   -0.000113    -0.000728    -0.001593    -0.002619    -0.003752    -0.004954    -0.006196    -0.007457    -0.008717    -0.009958    -0.011169    -0.012335    -0.013435    -0.014408    -0.015068    -0.014881    -0.012371    -0.003635     0.020968     0.081994     0.210737     0.419749     0.652089     0.863380     1.044485     1.195036     1.315287     1.405378     1.465378     1.495323     1.495234     1.465123     1.404995     1.314853     1.194696     1.044519     0.864309     0.654080     0.414225     0.146552    -0.146552
   -0.000290    -0.001256    -0.002495    -0.003923    -0.005480    -0.007116    -0.008792    -0.010471    -0.012119    -0.013700    -0.015177    -0.016503    -0.017601    -0.018321    -0.018322    -0.016814    -0.011920     0.000743     0.030864     0.097049     0.225125     0.425364     0.652954     0.863291     1.044264     1.194776     1.314991     1.405038     1.464984     1.494867     1.494710     1.464526     1.404321     1.314100     1.193861     1.043602     0.863316     0.653054     0.413353     0.146147    -0.146147
   -0.000504    -0.001875    -0.003523    -0.005374    -0.007362    -0.009431    -0.011527    -0.013600    -0.015595    -0.017456    -0.019118    -0.020493    -0.021446    -0.021736    -0.020886    -0.017894    -0.010599     0.005653     0.040372     0.110510     0.238088     0.431527     0.654477     0.863576     1.044267     1.194647     1.314760     1.404712     1.464567     1.494357     1.494106     1.463825     1.403523     1.313203     1.192866     1.042510     0.862137     0.651842     0.412299     0.145594    -0.145594
   -0.000741    -0.002554    -0.004636    -0.006921    -0.009342    -0.011833    -0.014330    -0.016763    -0.019060    -0.021141    -0.022910    -0.024238    -0.024935    -0.024676    -0.022868    -0.018340    -0.008726     0.010773     0.049402     0.122725     0.249920     0.437960     0.656519     0.864191     1.044481     1.194655     1.314606     1.404418     1.464141     1.493807     1.493433     1.463032     1.402610     1.312171     1.191718     1.041249     0.860776     0.650443     0.411064     0.144922    -0.144922
   -0.000989    -0.003269    -0.005803    -0.008529    -0.011380    -0.014281    -0.017154    -0.019914    -0.022469    -0.024713    -0.026521    -0.027726    -0.028083    -0.027198    -0.024376    -0.018316    -0.006501     0.015940     0.057962     0.133948     0.260853     0.444507     0.658975     0.865092     1.044888     1.194795     1.314535     1.404162     1.463718     1.493226     1.492702     1.462154     1.401590     1.311012     1.190422     1.039823     0.859237     0.648863     0.409659     0.144157    -0.144157
   -0.001244    -0.004005    -0.007000    -0.010172    -0.013447    -0.016744    -0.019971    -0.023026    -0.025798    -0.028156    -0.029947    -0.030966    -0.030923    -0.029362    -0.025503    -0.017940    -0.004045     0.021081     0.066097     0.144373     0.271066     0.451083     0.661764     0.866244     1.045469     1.195059     1.314545     1.403949     1.463302     1.492622     1.491919     1.461200     1.400470     1.309732     1.188987     1.038240     0.857527     0.647108     0.408097     0.143317    -0.143317
   -0.001501    -0.004751    -0.008215    -0.011833    -0.015527    -0.019207    -0.022766    -0.026087    -0.029038    -0.031468    -0.033193    -0.033978    -0.033491    -0.031220    -0.026319    -0.017293    -0.001432     0.026162     0.073859     0.154146     0.280691     0.457638     0.664827     0.867618     1.046204     1.195434     1.314631     1.403778     1.462897     1.491999     1.491091     1.460176     1.399258     1.308338     1.187418     1.036506     0.855653     0.645186     0.406392     0.142417    -0.142417
   -0.001759    -0.005504    -0.009438    -0.013501    -0.017608    -0.021657    -0.025528    -0.029089    -0.032188    -0.034652    -0.036272    -0.036783    -0.035818    -0.032818    -0.026877    -0.016431     0.001293     0.031171     0.081298     0.163380     0.289829     0.464145     0.668115     0.869189     1.047078     1.195911     1.314787     1.403647     1.462503     1.491360     1.490221     1.459088     1.397959     1.306837     1.185723     1.034628     0.853624     0.643110     0.404561     0.141468    -0.141468
   -0.002018    -0.006259    -0.010666    -0.015172    -0.019684    -0.024089    -0.028254    -0.032031    -0.035248    -0.037713    -0.039195    -0.039401    -0.037932    -0.034190    -0.027218    -0.015394     0.004101     0.036108     0.088457     0.172163     0.298560     0.470590     0.671590     0.870937     1.048079     1.196480     1.315006     1.403553     1.462119     1.490707     1.489314     1.457938     1.396578     1.305233     1.183907     1.032613     0.851447     0.640889     0.402617     0.140481    -0.140481
   -0.002279    -0.007017    -0.011896    -0.016841    -0.021750    -0.026499    -0.030941    -0.034910    -0.038221    -0.040659    -0.041974    -0.041849    -0.039857    -0.035366    -0.027375    -0.014213     0.006971     0.040973     0.095373     0.180564     0.306943     0.476965     0.675219     0.872845     1.049194     1.197132     1.315284     1.403491     1.461745     1.490040     1.488370     1.456731     1.395119     1.303534     1.181977     1.030469     0.849132     0.638535     0.400575     0.139464    -0.139464
   -0.002540    -0.007778    -0.013127    -0.018506    -0.023804    -0.028885    -0.033587    -0.037729    -0.041109    -0.043496    -0.044619    -0.044143    -0.041613    -0.036369    -0.027371    -0.012909     0.009890     0.045773     0.102078     0.188638     0.315026     0.483267     0.678978     0.874896     1.050414     1.197859     1.315613     1.403460     1.461379     1.489359     1.487391     1.455469     1.393587     1.301742     1.179939     1.028204     0.846688     0.636060     0.398449     0.138424    -0.138424
   -0.002803    -0.008540    -0.014357    -0.020166    -0.025845    -0.031245    -0.036191    -0.040488    -0.043916    -0.046229    -0.047141    -0.046295    -0.043216    -0.037217    -0.027227    -0.011501     0.012848     0.050511     0.108597     0.196429     0.322849     0.489495     0.682843     0.877077     1.051729     1.198654     1.315988     1.403454     1.461018     1.488664     1.486380     1.454156     1.391985     1.299864     1.177799     1.025823     0.844123     0.633476     0.396251     0.137367    -0.137367
   -0.003068    -0.009305    -0.015588    -0.021821    -0.027872    -0.033579    -0.038754    -0.043187    -0.046645    -0.048866    -0.049547    -0.048317    -0.044681    -0.037928    -0.026959    -0.010003     0.015838     0.055192     0.114951     0.203971     0.330440     0.495650     0.686797     0.879373     1.053131     1.199510     1.316404     1.403471     1.460661     1.487955     1.485336     1.452792     1.390317     1.297904     1.175563     1.023335     0.841448     0.630793     0.393991     0.136298    -0.136298
   -0.003335    -0.010072    -0.016818    -0.023470    -0.029884    -0.035887    -0.041277    -0.045830    -0.049299    -0.051410    -0.051846    -0.050220    -0.046020    -0.038515    -0.026581    -0.008424     0.018854     0.059820     0.121159     0.211295     0.337827     0.501732     0.690822     0.881772     1.054613     1.200422     1.316857     1.403507     1.460307     1.487230     1.484260     1.451381     1.388585     1.295867     1.173235     1.020747     0.838670     0.628022     0.391682     0.135221    -0.135221
   -0.003602    -0.010840    -0.018047    -0.025111    -0.031880    -0.038168    -0.043759    -0.048417    -0.051883    -0.053868    -0.054045    -0.052012    -0.047243    -0.038988    -0.026103    -0.006775     0.021892     0.064400     0.127236     0.218423     0.345029     0.507742     0.694905     0.884264     1.056166     1.201383     1.317342     1.403560     1.459952     1.486491     1.483154     1.449925     1.386793     1.293756     1.170823     1.018065     0.835797     0.625173     0.389330     0.134140    -0.134140
   -0.003871    -0.011609    -0.019273    -0.026745    -0.033861    -0.040422    -0.046201    -0.050951    -0.054398    -0.056244    -0.056149    -0.053701    -0.048360    -0.039358    -0.025536    -0.005064     0.024948     0.068935     0.133193     0.225377     0.352065     0.513683     0.699033     0.886838     1.057785     1.202390     1.317856     1.403625     1.459596     1.485735     1.482017     1.448424     1.384945     1.291575     1.168330     1.015295     0.832839     0.622256     0.386946     0.133058    -0.133058
   -0.004142    -0.012379    -0.020498    -0.028371    -0.035825    -0.042649    -0.048605    -0.053433    -0.056848    -0.058543    -0.058166    -0.055294    -0.049377    -0.039634    -0.024886    -0.003295     0.028020     0.073428     0.139042     0.232171     0.358948     0.519554     0.703198     0.889483     1.059463     1.203436     1.318394     1.403701     1.459238     1.484963     1.480851     1.446881     1.383041     1.289328     1.165762     1.012444     0.829802     0.619279     0.384537     0.131979    -0.131979
   -0.004413    -0.013149    -0.021719    -0.029988    -0.037772    -0.044850    -0.050971    -0.055864    -0.059236    -0.060767    -0.060098    -0.056798    -0.050304    -0.039822    -0.024162    -0.001476     0.031105     0.077882     0.144792     0.238821     0.365690     0.525359     0.707389     0.892192     1.061194     1.204517     1.318953     1.403786     1.458875     1.484175     1.479656     1.445297     1.381086     1.287020     1.163122     1.009517     0.826694     0.616251     0.382110     0.130904    -0.130904
   -0.004685    -0.013918    -0.022937    -0.031596    -0.039702    -0.047024    -0.053300    -0.058248    -0.061564    -0.062921    -0.061953    -0.058217    -0.051144    -0.039928    -0.023368     0.000390     0.034202     0.082299     0.150451     0.245339     0.372304     0.531097     0.711598     0.894956     1.062972     1.205630     1.319530     1.403876     1.458506     1.483369     1.478433     1.443675     1.379081     1.284652     1.160417     1.006521     0.823522     0.613180     0.379670     0.129836    -0.129836
   -0.004957    -0.014688    -0.024151    -0.033194    -0.041616    -0.049173    -0.055593    -0.060584    -0.063834    -0.065009    -0.063732    -0.059557    -0.051904    -0.039959    -0.022511     0.002299     0.037308     0.086681     0.156025     0.251734     0.378796     0.536771     0.715819     0.897766     1.064793     1.206771     1.320122     1.403970     1.458131     1.482546     1.477182     1.442014     1.377030     1.282229     1.157650     1.003460     0.820293     0.610073     0.377223     0.128777    -0.128777
   -0.005230    -0.015456    -0.025360    -0.034783    -0.043512    -0.051295    -0.057850    -0.062875    -0.066050    -0.067032    -0.065441    -0.060822    -0.052589    -0.039920    -0.021594     0.004247     0.040423     0.091030     0.161520     0.258016     0.385175     0.542381     0.720046     0.900617     1.066650     1.207936     1.320726     1.404066     1.457747     1.481705     1.475904     1.440318     1.374934     1.279754     1.154824     1.000340     0.817013     0.606937     0.374775     0.127727    -0.127727
   -0.005503    -0.016223    -0.026565    -0.036362    -0.045392    -0.053393    -0.060073    -0.065122    -0.068212    -0.068995    -0.067082    -0.062016    -0.053203    -0.039814    -0.020623     0.006231     0.043545     0.095348     0.166941     0.264191     0.391449     0.547929     0.724273     0.903502     1.068540     1.209121     1.321340     1.404163     1.457355     1.480847     1.474600     1.438587     1.372795     1.277230     1.151945     0.997166     0.813688     0.603777     0.372329     0.126688    -0.126688
   -0.005776    -0.016989    -0.027764    -0.037930    -0.047254    -0.055465    -0.062262    -0.067326    -0.070323    -0.070898    -0.068659    -0.063143    -0.053750    -0.039646    -0.019599     0.008248     0.046673     0.099637     0.172294     0.270268     0.397622     0.553414     0.728495     0.906415     1.070457     1.210323     1.321962     1.404258     1.456953     1.479971     1.473269     1.436822     1.370616     1.274659     1.149015     0.993942     0.810324     0.600599     0.369889     0.125661    -0.125661
   -0.006049    -0.017752    -0.028959    -0.039488    -0.049099    -0.057513    -0.064418    -0.069489    -0.072385    -0.072746    -0.070175    -0.064205    -0.054233    -0.039419    -0.018528     0.010296     0.049806     0.103897     0.177580     0.276250     0.403699     0.558840     0.732709     0.909350     1.072399     1.211541     1.322589     1.404350     1.456541     1.479077     1.471914     1.435026     1.368399     1.272044     1.146038     0.990674     0.806925     0.597409     0.367458     0.124647    -0.124647
   -0.006322    -0.018514    -0.030148    -0.041035    -0.050928    -0.059536    -0.066542    -0.071612    -0.074399    -0.074539    -0.071632    -0.065206    -0.054655    -0.039136    -0.017411     0.012373     0.052944     0.108129     0.182805     0.282145     0.409687     0.564205     0.736911     0.912304     1.074361     1.212770     1.323219     1.404438     1.456117     1.478164     1.470534     1.433198     1.366144     1.269388     1.143017     0.987364     0.803498     0.594211     0.365040     0.123647    -0.123647
   -0.006595    -0.019274    -0.031330    -0.042571    -0.052739    -0.061535    -0.068634    -0.073695    -0.076366    -0.076280    -0.073032    -0.066148    -0.055021    -0.038801    -0.016251     0.014477     0.056084     0.112335     0.187971     0.287956     0.415588     0.569511     0.741098     0.915270     1.076340     1.214008     1.323850     1.404520     1.455681     1.477234     1.469130     1.431341     1.363856     1.266693     1.139956     0.984018     0.800046     0.591010     0.362636     0.122660    -0.122660
   -0.006868    -0.020031    -0.032507    -0.044097    -0.054533    -0.063510    -0.070695    -0.075740    -0.078289    -0.077970    -0.074377    -0.067035    -0.055331    -0.038416    -0.015051     0.016605     0.059228     0.116516     0.193081     0.293688     0.421406     0.574760     0.745266     0.918246     1.078332     1.215254     1.324482     1.404596     1.455233     1.476285     1.467702     1.429455     1.361534     1.263962     1.136858     0.980638     0.796574     0.587809     0.360250     0.121688    -0.121688
   -0.007140    -0.020785    -0.033678    -0.045611    -0.056310    -0.065462    -0.072725    -0.077748    -0.080168    -0.079611    -0.075671    -0.067867    -0.055589    -0.037984    -0.013812     0.018757     0.062374     0.120672     0.198138     0.299344     0.427145     0.579951     0.749414     0.921228     1.080335     1.216505     1.325111     1.404665     1.454772     1.475319     1.466251     1.427541     1.359180     1.261197     1.133725     0.977229     0.793085     0.584612     0.357882     0.120730    -0.120730
   -0.007411    -0.021537    -0.034843    -0.047114    -0.058071    -0.067390    -0.074726    -0.079719    -0.082005    -0.081206    -0.076913    -0.068648    -0.055796    -0.037506    -0.012538     0.020930     0.065521     0.124803     0.203143     0.304927     0.432807     0.585085     0.753540     0.924212     1.082345     1.217758     1.325738     1.404724     1.454298     1.474334     1.464778     1.425601     1.356797     1.258399     1.130560     0.973794     0.789585     0.581422     0.355535     0.119787    -0.119787
   -0.007683    -0.022286    -0.036001    -0.048607    -0.059815    -0.069296    -0.076697    -0.081655    -0.083800    -0.082755    -0.078107    -0.069379    -0.055956    -0.036984    -0.011229     0.023124     0.068670     0.128912     0.208099     0.310441     0.438396     0.590164     0.757641     0.927195     1.084361     1.219013     1.326360     1.404775     1.453810     1.473331     1.463283     1.423636     1.354384     1.255571     1.127366     0.970335     0.786074     0.578241     0.353209     0.118858    -0.118858
   -0.007953    -0.023032    -0.037153    -0.050088    -0.061543    -0.071180    -0.078640    -0.083556    -0.085556    -0.084259    -0.079254    -0.070062    -0.056069    -0.036422    -0.009887     0.025337     0.071819     0.132997     0.213007     0.315888     0.443914     0.595188     0.761716     0.930175     1.086380     1.220267     1.326976     1.404815     1.453307     1.472311     1.461766     1.421646     1.351945     1.252714     1.124145     0.966856     0.782558     0.575072     0.350907     0.117945    -0.117945
   -0.008223    -0.023775    -0.038298    -0.051558    -0.063253    -0.073041    -0.080554    -0.085423    -0.087272    -0.085720    -0.080355    -0.070699    -0.056138    -0.035820    -0.008515     0.027568     0.074967     0.137061     0.217869     0.321271     0.449363     0.600158     0.765764     0.933150     1.088400     1.221520     1.327586     1.404845     1.452791     1.471272     1.460229     1.419632     1.349480     1.249831     1.120899     0.963360     0.779039     0.571918     0.348628     0.117046    -0.117046
   -0.008493    -0.024515    -0.039436    -0.053017    -0.064948    -0.074880    -0.082441    -0.087257    -0.088951    -0.087139    -0.081412    -0.071292    -0.056164    -0.035180    -0.007113     0.029816     0.078116     0.141102     0.222687     0.326592     0.454746     0.605074     0.769784     0.936116     1.090418     1.222769     1.328189     1.404864     1.452259     1.470216     1.458671     1.417595     1.346990     1.246922     1.117629     0.959849     0.775519     0.568780     0.346373     0.116162    -0.116162
   -0.008761    -0.025252    -0.040568    -0.054465    -0.066627    -0.076697    -0.084301    -0.089058    -0.090592    -0.088518    -0.082426    -0.071841    -0.056149    -0.034503    -0.005682     0.032080     0.081263     0.145122     0.227462     0.331853     0.460064     0.609938     0.773774     0.939073     1.092434     1.224013     1.328783     1.404870     1.451713     1.469143     1.457093     1.415536     1.344476     1.243989     1.114340     0.956325     0.772001     0.565659     0.344143     0.115292    -0.115292
   -0.009029    -0.025985    -0.041693    -0.055902    -0.068289    -0.078493    -0.086133    -0.090828    -0.092197    -0.089857    -0.083399    -0.072348    -0.056094    -0.033792    -0.004225     0.034359     0.084410     0.149121     0.232196     0.337056     0.465320     0.614751     0.777734     0.942018     1.094445     1.225252     1.329368     1.404865     1.451152     1.468052     1.455495     1.413455     1.341940     1.241035     1.111031     0.952790     0.768487     0.562558     0.341938     0.114436    -0.114436
   -0.009296    -0.026715    -0.042811    -0.057327    -0.069935    -0.080268    -0.087940    -0.092566    -0.093766    -0.091157    -0.084331    -0.072815    -0.056000    -0.033046    -0.002742     0.036652     0.087555     0.153100     0.236889     0.342203     0.470515     0.619512     0.781663     0.944950     1.096450     1.226484     1.329943     1.404846     1.450576     1.466943     1.453878     1.411354     1.339382     1.238059     1.107705     0.949248     0.764979     0.559478     0.339759     0.113595    -0.113595
   -0.009563    -0.027442    -0.043923    -0.058742    -0.071566    -0.082021    -0.089720    -0.094273    -0.095301    -0.092419    -0.085223    -0.073242    -0.055870    -0.032269    -0.001235     0.038958     0.090698     0.157059     0.241543     0.347297     0.475651     0.624224     0.785561     0.947867     1.098448     1.227708     1.330508     1.404815     1.449984     1.465818     1.452242     1.409232     1.336804     1.235064     1.104363     0.945698     0.761478     0.556418     0.337605     0.112767    -0.112767
   -0.009828    -0.028165    -0.045027    -0.060145    -0.073181    -0.083754    -0.091475    -0.095951    -0.096801    -0.093645    -0.086078    -0.073631    -0.055703    -0.031460     0.000297     0.041277     0.093839     0.160998     0.246159     0.352338     0.480730     0.628886     0.789426     0.950769     1.100437     1.228924     1.331061     1.404770     1.449377     1.464675     1.450588     1.407091     1.334205     1.232050     1.101007     0.942144     0.757987     0.553381     0.335476     0.111952    -0.111952
   -0.010093    -0.028885    -0.046124    -0.061538    -0.074780    -0.085467    -0.093204    -0.097599    -0.098269    -0.094834    -0.086895    -0.073983    -0.055502    -0.030621     0.001851     0.043608     0.096978     0.164918     0.250739     0.357328     0.485752     0.633500     0.793260     0.953655     1.102417     1.230130     1.331604     1.404712     1.448755     1.463515     1.448916     1.404931     1.331588     1.229018     1.097638     0.938587     0.754506     0.550367     0.333372     0.111150    -0.111150
   -0.010357    -0.029601    -0.047215    -0.062919    -0.076363    -0.087160    -0.094909    -0.099217    -0.099704    -0.095989    -0.087675    -0.074299    -0.055267    -0.029752     0.003427     0.045951     0.100114     0.168818     0.255282     0.362268     0.490721     0.638066     0.797062     0.956523     1.104386     1.231326     1.332134     1.404640     1.448117     1.462339     1.447225     1.402753     1.328952     1.225970     1.094258     0.935027     0.751037     0.547376     0.331294     0.110361    -0.110361
   -0.010619    -0.030314    -0.048298    -0.064290    -0.077932    -0.088832    -0.096589    -0.100808    -0.101106    -0.097109    -0.088420    -0.074580    -0.054999    -0.028856     0.005024     0.048304     0.103248     0.172701     0.259790     0.367161     0.495637     0.642585     0.800831     0.959372     1.106345     1.232512     1.332652     1.404554     1.447464     1.461146     1.445518     1.400556     1.326299     1.222906     1.090868     0.931468     0.747580     0.544408     0.329240     0.109584    -0.109584
   -0.010881    -0.031023    -0.049375    -0.065649    -0.079485    -0.090485    -0.098245    -0.102370    -0.102478    -0.098195    -0.089130    -0.074827    -0.054699    -0.027932     0.006641     0.050667     0.106379     0.176565     0.264265     0.372007     0.500501     0.647059     0.804568     0.962203     1.108291     1.233687     1.333158     1.404453     1.446796     1.459937     1.443793     1.398342     1.323628     1.219828     1.087468     0.927908     0.744137     0.541465     0.327211     0.108820    -0.108820
   -0.011142    -0.031729    -0.050445    -0.066998    -0.081022    -0.092118    -0.099878    -0.103904    -0.103819    -0.099249    -0.089806    -0.075040    -0.054368    -0.026981     0.008278     0.053040     0.109507     0.180411     0.268706     0.376807     0.505315     0.651488     0.808272     0.965014     1.110225     1.234850     1.333650     1.404339     1.446111     1.458711     1.442050     1.396111     1.320941     1.216735     1.084059     0.924351     0.740709     0.538546     0.325205     0.108066    -0.108066
   -0.011402    -0.032430    -0.051507    -0.068336    -0.082545    -0.093732    -0.101486    -0.105412    -0.105129    -0.100270    -0.090450    -0.075221    -0.054007    -0.026005     0.009933     0.055422     0.112632     0.184240     0.273115     0.381564     0.510081     0.655873     0.811944     0.967805     1.112145     1.236002     1.334130     1.404209     1.445412     1.457469     1.440292     1.393863     1.318238     1.213630     1.080644     0.920796     0.737295     0.535650     0.323223     0.107324    -0.107324
   -0.011661    -0.033128    -0.052563    -0.069663    -0.084053    -0.095327    -0.103072    -0.106892    -0.106410    -0.101259    -0.091060    -0.075370    -0.053617    -0.025004     0.011607     0.057814     0.115754     0.188052     0.277493     0.386278     0.514799     0.660214     0.815585     0.970576     1.114052     1.237141     1.334597     1.404066     1.444697     1.456211     1.438516     1.391598     1.315520     1.210511     1.077222     0.917245     0.733897     0.532779     0.321264     0.106593    -0.106593
   -0.011919    -0.033823    -0.053611    -0.070979    -0.085547    -0.096903    -0.104635    -0.108347    -0.107662    -0.102218    -0.091639    -0.075488    -0.053198    -0.023978     0.013299     0.060214     0.118873     0.191847     0.281840     0.390950     0.519470     0.664514     0.819193     0.973327     1.115945     1.238267     1.335050     1.403908     1.443966     1.454936     1.436725     1.389318     1.312786     1.207381     1.073794     0.913697     0.730515     0.529931     0.319327     0.105872    -0.105872
   -0.012175    -0.034513    -0.054653    -0.072285    -0.087025    -0.098461    -0.106176    -0.109775    -0.108885    -0.103146    -0.092187    -0.075575    -0.052750    -0.022928     0.015008     0.062622     0.121989     0.195626     0.286158     0.395582     0.524097     0.668771     0.822770     0.976056     1.117824     1.239381     1.335489     1.403735     1.443220     1.453646     1.434917     1.387021     1.310038     1.204239     1.070360     0.910155     0.727149     0.527107     0.317412     0.105161    -0.105161
   -0.012431    -0.035200    -0.055687    -0.073580    -0.088489    -0.100000    -0.107694    -0.111178    -0.110079    -0.104044    -0.092704    -0.075633    -0.052276    -0.021856     0.016734     0.065038     0.125102     0.199388     0.290447     0.400175     0.528680     0.672989     0.826316     0.978765     1.119688     1.240482     1.335915     1.403548     1.442459     1.452340     1.433093     1.384709     1.307276     1.201086     1.066922     0.906618     0.723799     0.524306     0.315518     0.104459    -0.104459
   -0.012686    -0.035883    -0.056715    -0.074864    -0.089939    -0.101520    -0.109191    -0.112556    -0.111247    -0.104913    -0.093191    -0.075662    -0.051774    -0.020761     0.018476     0.067462     0.128212     0.203136     0.294707     0.404730     0.533221     0.677166     0.829831     0.981453     1.121537     1.241569     1.336328     1.403346     1.441682     1.451018     1.431253     1.382381     1.304499     1.197922     1.063480     0.903086     0.720466     0.521528     0.313644     0.103767    -0.103767
   -0.012939    -0.036562    -0.057736    -0.076138    -0.091374    -0.103023    -0.110666    -0.113909    -0.112386    -0.105752    -0.093649    -0.075662    -0.051247    -0.019644     0.020234     0.069894     0.131318     0.206868     0.298941     0.409247     0.537720     0.681305     0.833316     0.984120     1.123371     1.242644     1.336726     1.403130     1.440891     1.449681     1.429398     1.380038     1.301709     1.194748     1.060035     0.899561     0.717149     0.518771     0.311790     0.103083    -0.103083
   -0.013192    -0.037238    -0.058750    -0.077402    -0.092796    -0.104508    -0.112119    -0.115237    -0.113499    -0.106564    -0.094078    -0.075634    -0.050694    -0.018505     0.022007     0.072333     0.134422     0.210586     0.303147     0.413729     0.542178     0.685407     0.836771     0.986766     1.125190     1.243705     1.337111     1.402899     1.440084     1.448328     1.427526     1.377680     1.298905     1.191565     1.056586     0.896042     0.713848     0.516037     0.309955     0.102408    -0.102408
   -0.013443    -0.037910    -0.059757    -0.078655    -0.094203    -0.105975    -0.113552    -0.116541    -0.114586    -0.107347    -0.094479    -0.075578    -0.050115    -0.017345     0.023796     0.074779     0.137523     0.214289     0.307329     0.418175     0.546598     0.689471     0.840197     0.989392     1.126994     1.244752     1.337483     1.402654     1.439261     1.446959     1.425640     1.375307     1.296088     1.188371     1.053134     0.892529     0.710563     0.513324     0.308139     0.101740    -0.101740
   -0.013694    -0.038578    -0.060757    -0.079898    -0.095597    -0.107425    -0.114963    -0.117822    -0.115646    -0.108103    -0.094852    -0.075495    -0.049512    -0.016164     0.025599     0.077232     0.140622     0.217979     0.311485     0.422588     0.550979     0.693499     0.843594     0.991996     1.128783     1.245787     1.337840     1.402394     1.438424     1.445575     1.423737     1.372919     1.293258     1.185168     1.049679     0.889023     0.707294     0.510631     0.306340     0.101080    -0.101080
   -0.013943    -0.039242    -0.061750    -0.081131    -0.096976    -0.108857    -0.116354    -0.119079    -0.116681    -0.108832    -0.095197    -0.075386    -0.048885    -0.014963     0.027417     0.079693     0.143718     0.221655     0.315617     0.426968     0.555323     0.697492     0.846962     0.994581     1.130557     1.246808     1.338184     1.402119     1.437572     1.444176     1.421820     1.370516     1.290414     1.181956     1.046222     0.885524     0.704041     0.507958     0.304558     0.100428    -0.100428
   -0.014191    -0.039903    -0.062737    -0.082353    -0.098343    -0.110273    -0.117725    -0.120313    -0.117691    -0.109534    -0.095515    -0.075251    -0.048233    -0.013742     0.029250     0.082160     0.146811     0.225319     0.319725     0.431316     0.559632     0.701451     0.850303     0.997145     1.132315     1.247816     1.338515     1.401831     1.436704     1.442761     1.419887     1.368098     1.287558     1.178734     1.042762     0.882031     0.700803     0.505304     0.302792     0.099782    -0.099782
   -0.014438    -0.040560    -0.063716    -0.083566    -0.099695    -0.111671    -0.119076    -0.121525    -0.118675    -0.110210    -0.095807    -0.075090    -0.047559    -0.012501     0.031097     0.084634     0.149903     0.228970     0.323811     0.435633     0.563906     0.705377     0.853616     0.999689     1.134059     1.248810     1.338832     1.401528     1.435822     1.441330     1.417938     1.365665     1.284688     1.175504     1.039300     0.878545     0.697580     0.502669     0.301042     0.099142    -0.099142
   -0.014684    -0.041213    -0.064690    -0.084769    -0.101035    -0.113053    -0.120406    -0.122713    -0.119635    -0.110860    -0.096072    -0.074903    -0.046861    -0.011241     0.032958     0.087115     0.152992     0.232609     0.327875     0.439921     0.568146     0.709270     0.856903     1.002213     1.135787     1.249791     1.339135     1.401211     1.434925     1.439884     1.415974     1.363218     1.281806     1.172265     1.035836     0.875065     0.694371     0.500052     0.299306     0.098509    -0.098509
   -0.014929    -0.041862    -0.065656    -0.085961    -0.102361    -0.114419    -0.121718    -0.123880    -0.120570    -0.111484    -0.096312    -0.074692    -0.046140    -0.009962     0.034833     0.089602     0.156079     0.236236     0.331918     0.444179     0.572353     0.713132     0.860164     1.004718     1.137501     1.250759     1.339425     1.400879     1.434012     1.438423     1.413994     1.360756     1.278910     1.169016     1.032369     0.871592     0.691176     0.497451     0.297584     0.097881    -0.097881
   -0.015173    -0.042508    -0.066616    -0.087144    -0.103674    -0.115768    -0.123009    -0.125024    -0.121482    -0.112083    -0.096526    -0.074456    -0.045396    -0.008663     0.036721     0.092097     0.159166     0.239853     0.335941     0.448410     0.576529     0.716964     0.863399     1.007204     1.139200     1.251714     1.339702     1.400534     1.433085     1.436947     1.411999     1.358278     1.276002     1.165759     1.028900     0.868124     0.687994     0.494867     0.295875     0.097258    -0.097258
   -0.015416    -0.043150    -0.067569    -0.088318    -0.104974    -0.117101    -0.124282    -0.126147    -0.122370    -0.112657    -0.096714    -0.074195    -0.044630    -0.007346     0.038623     0.094598     0.162250     0.243459     0.339944     0.452613     0.580674     0.720766     0.866610     1.009671     1.140885     1.252656     1.339966     1.400174     1.432143     1.435455     1.409989     1.355786     1.273081     1.162492     1.025429     0.864663     0.684825     0.492298     0.294178     0.096641    -0.096641
   -0.015657    -0.043789    -0.068516    -0.089482    -0.106262    -0.118418    -0.125536    -0.127248    -0.123234    -0.113206    -0.096878    -0.073910    -0.043843    -0.006010     0.040539     0.097107     0.165334     0.247055     0.343928     0.456791     0.584789     0.724539     0.869796     1.012120     1.142556     1.253586     1.340216     1.399800     1.431186     1.433947     1.407963     1.353279     1.270146     1.159217     1.021955     0.861206     0.681669     0.489744     0.292493     0.096028    -0.096028
   -0.015898    -0.044424    -0.069456    -0.090636    -0.107536    -0.119719    -0.126771    -0.128328    -0.124075    -0.113731    -0.097017    -0.073602    -0.043033    -0.004656     0.042469     0.099623     0.168417     0.250642     0.347894     0.460944     0.588876     0.728284     0.872959     1.014551     1.144212     1.254502     1.340454     1.399413     1.430214     1.432424     1.405920     1.350756     1.267198     1.155932     1.018478     0.857755     0.678523     0.487203     0.290819     0.095419    -0.095419
   -0.016137    -0.045055    -0.070390    -0.091781    -0.108798    -0.121004    -0.127988    -0.129387    -0.124893    -0.114232    -0.097131    -0.073269    -0.042202    -0.003283     0.044412     0.102146     0.171500     0.254219     0.351843     0.465072     0.592935     0.732002     0.876100     1.016964     1.145855     1.255407     1.340679     1.399011     1.429228     1.430885     1.403862     1.348218     1.264236     1.152638     1.014998     0.854308     0.675389     0.484675     0.289155     0.094814    -0.094814
   -0.016376    -0.045683    -0.071318    -0.092916    -0.110048    -0.122274    -0.129186    -0.130425    -0.125688    -0.114708    -0.097222    -0.072913    -0.041349    -0.001893     0.046368     0.104676     0.174583     0.257789     0.355775     0.469178     0.596968     0.735695     0.879218     1.019360     1.147484     1.256299     1.340891     1.398596     1.428226     1.429331     1.401788     1.345665     1.261261     1.149334     1.011514     0.850865     0.672264     0.482160     0.287501     0.094213    -0.094213
   -0.016613    -0.046307    -0.072239    -0.094043    -0.111286    -0.123529    -0.130366    -0.131443    -0.126461    -0.115162    -0.097288    -0.072534    -0.040474    -0.000483     0.048338     0.107214     0.177666     0.261350     0.359692     0.473261     0.600975     0.739362     0.882315     1.021739     1.149100     1.257178     1.341090     1.398167     1.427209     1.427761     1.399698     1.343096     1.258272     1.146020     1.008027     0.847426     0.669149     0.479655     0.285855     0.093615    -0.093615
   -0.016849    -0.046928    -0.073154    -0.095160    -0.112511    -0.124769    -0.131529    -0.132440    -0.127212    -0.115591    -0.097331    -0.072132    -0.039579     0.000944     0.050322     0.109760     0.180749     0.264905     0.363593     0.477323     0.604957     0.743005     0.885391     1.024102     1.150702     1.258046     1.341277     1.397724     1.426178     1.426174     1.397592     1.340510     1.255269     1.142695     1.004536     0.843990     0.666043     0.477161     0.284217     0.093020    -0.093020
   -0.017085    -0.047545    -0.074064    -0.096268    -0.113725    -0.125994    -0.132673    -0.133418    -0.127941    -0.115998    -0.097350    -0.071707    -0.038662     0.002389     0.052320     0.112314     0.183834     0.268452     0.367481     0.481365     0.608916     0.746625     0.888447     1.026450     1.152292     1.258902     1.341451     1.397268     1.425131     1.424572     1.395468     1.337909     1.252251     1.139361     1.001040     0.840556     0.662944     0.474676     0.282586     0.092427    -0.092427
   -0.017319    -0.048159    -0.074967    -0.097368    -0.114927    -0.127204    -0.133801    -0.134375    -0.128647    -0.116381    -0.097345    -0.071259    -0.037724     0.003852     0.054331     0.114876     0.186920     0.271994     0.371355     0.485387     0.612853     0.750222     0.891484     1.028782     1.153870     1.259747     1.341613     1.396798     1.424070     1.422954     1.393329     1.335291     1.249219     1.136015     0.997540     0.837124     0.659852     0.472200     0.280961     0.091837    -0.091837
   -0.017552    -0.048769    -0.075864    -0.098459    -0.116117    -0.128400    -0.134910    -0.135312    -0.129332    -0.116742    -0.097317    -0.070788    -0.036766     0.005334     0.056356     0.117446     0.190008     0.275531     0.375216     0.489391     0.616767     0.753798     0.894502     1.031099     1.155436     1.260580     1.341763     1.396314     1.422993     1.421319     1.391172     1.332656     1.246172     1.132659     0.994034     0.833693     0.656766     0.469731     0.279342     0.091249    -0.091249
   -0.017784    -0.049377    -0.076755    -0.099541    -0.117295    -0.129581    -0.136003    -0.136230    -0.129996    -0.117079    -0.097266    -0.070295    -0.035786     0.006834     0.058396     0.120026     0.193099     0.279062     0.379066     0.493378     0.620662     0.757353     0.897502     1.033402     1.156989     1.261402     1.341901     1.395817     1.421901     1.419668     1.388997     1.330005     1.243110     1.129291     0.990522     0.830263     0.653685     0.467269     0.277728     0.090662    -0.090662
   -0.018015    -0.049981    -0.077640    -0.100614    -0.118462    -0.130748    -0.137079    -0.137129    -0.130638    -0.117394    -0.097192    -0.069779    -0.034785     0.008352     0.060449     0.122614     0.196192     0.282589     0.382904     0.497348     0.624536     0.760889     0.900485     1.035691     1.158532     1.262213     1.342027     1.395306     1.420794     1.418000     1.386806     1.327336     1.240031     1.125911     0.987004     0.826833     0.650609     0.464812     0.276119     0.090077    -0.090077
   -0.018245    -0.050581    -0.078520    -0.101679    -0.119618    -0.131901    -0.138138    -0.138008    -0.131259    -0.117687    -0.097095    -0.069241    -0.033763     0.009888     0.062518     0.125212     0.199288     0.286113     0.386733     0.501302     0.628392     0.764406     0.903451     1.037966     1.160063     1.263013     1.342141     1.394781     1.419671     1.416315     1.384596     1.324649     1.236937     1.122518     0.983479     0.823401     0.647536     0.462361     0.274513     0.089492    -0.089492
   -0.018475    -0.051179    -0.079394    -0.102736    -0.120763    -0.133040    -0.139180    -0.138869    -0.131860    -0.117957    -0.096975    -0.068680    -0.032720     0.011443     0.064601     0.127819     0.202388     0.289634     0.390552     0.505242     0.632230     0.767905     0.906402     1.040229     1.161583     1.263803     1.342243     1.394243     1.418533     1.414614     1.382369     1.321944     1.233826     1.119112     0.979946     0.819968     0.644466     0.459913     0.272909     0.088909    -0.088909
   -0.018703    -0.051774    -0.080263    -0.103785    -0.121897    -0.134165    -0.140206    -0.139710    -0.132439    -0.118205    -0.096832    -0.068096    -0.031656     0.013016     0.066698     0.130437     0.205493     0.293153     0.394363     0.509168     0.636051     0.771387     0.909337     1.042480     1.163093     1.264582     1.342334     1.393691     1.417380     1.412894     1.380123     1.319221     1.230698     1.115693     0.976406     0.816533     0.641398     0.457469     0.271308     0.088326    -0.088326
   -0.018930    -0.052365    -0.081126    -0.104825    -0.123020    -0.135277    -0.141216    -0.140533    -0.132997    -0.118431    -0.096667    -0.067490    -0.030571     0.014609     0.068811     0.133065     0.208602     0.296670     0.398165     0.513081     0.639857     0.774853     0.912259     1.044718     1.164592     1.265351     1.342413     1.393126     1.416210     1.411158     1.377858     1.316478     1.227553     1.112260     0.972856     0.813094     0.638330     0.455026     0.269708     0.087743    -0.087743
   -0.019157    -0.052953    -0.081984    -0.105858    -0.124132    -0.136375    -0.142209    -0.141337    -0.133535    -0.118635    -0.096478    -0.066861    -0.029464     0.016220     0.070940     0.135704     0.211716     0.300187     0.401962     0.516983     0.643648     0.778303     0.915166     1.046946     1.166082     1.266111     1.342481     1.392547     1.415025     1.409403     1.375574     1.313717     1.224389     1.108813     0.969297     0.809651     0.635262     0.452585     0.268109     0.087160    -0.087160
   -0.019382    -0.053539    -0.082836    -0.106883    -0.125234    -0.137460    -0.143187    -0.142122    -0.134052    -0.118816    -0.096267    -0.066210    -0.028336     0.017850     0.073084     0.138354     0.214837     0.303703     0.405752     0.520873     0.647425     0.781740     0.918061     1.049162     1.167562     1.266860     1.342537     1.391954     1.413823     1.407631     1.373271     1.310935     1.221208     1.105350     0.965728     0.806203     0.632193     0.450144     0.266510     0.086577    -0.086577
   -0.019607    -0.054122    -0.083684    -0.107900    -0.126326    -0.138532    -0.144148    -0.142890    -0.134549    -0.118976    -0.096033    -0.065536    -0.027186     0.019500     0.075245     0.141016     0.217964     0.307220     0.409537     0.524754     0.651190     0.785163     0.920944     1.051369     1.169033     1.267600     1.342582     1.391347     1.412606     1.405840     1.370948     1.308133     1.218007     1.101872     0.962147     0.802749     0.629121     0.447702     0.264910     0.085993    -0.085993
   -0.019831    -0.054702    -0.084526    -0.108910    -0.127408    -0.139591    -0.145094    -0.143638    -0.135025    -0.119113    -0.095776    -0.064840    -0.026015     0.021170     0.077421     0.143690     0.221098     0.310738     0.413318     0.528626     0.654942     0.788573     0.923815     1.053565     1.170496     1.268330     1.342615     1.390727     1.411372     1.404030     1.368604     1.305311     1.214786     1.098377     0.958555     0.799288     0.626046     0.445259     0.263308     0.085408    -0.085408
   -0.020054    -0.055279    -0.085364    -0.109913    -0.128479    -0.140637    -0.146025    -0.144369    -0.135481    -0.119229    -0.095496    -0.064120    -0.024822     0.022859     0.079615     0.146377     0.224239     0.314259     0.417095     0.532490     0.658684     0.791972     0.926676     1.055753     1.171950     1.269051     1.342638     1.390093     1.410121     1.402201     1.366239     1.302467     1.211546     1.094864     0.954950     0.795819     0.622967     0.442813     0.261705     0.084822    -0.084822
   -0.020276    -0.055853    -0.086197    -0.110908    -0.129541    -0.141670    -0.146940    -0.145082    -0.135916    -0.119322    -0.095193    -0.063377    -0.023606     0.024569     0.081826     0.149077     0.227389     0.317782     0.420870     0.536347     0.662416     0.795360     0.929527     1.057932     1.173396     1.269764     1.342649     1.389444     1.408853     1.400353     1.363854     1.299601     1.208284     1.091334     0.951332     0.792342     0.619883     0.440363     0.260099     0.084234    -0.084234
   -0.020498    -0.056425    -0.087025    -0.111896    -0.130593    -0.142691    -0.147839    -0.145777    -0.136332    -0.119394    -0.094867    -0.062611    -0.022368     0.026299     0.084055     0.151791     0.230548     0.321310     0.424644     0.540198     0.666140     0.798739     0.932368     1.060103     1.174834     1.270467     1.342649     1.388782     1.407568     1.398484     1.361446     1.296712     1.205001     1.087785     0.947700     0.788855     0.616792     0.437909     0.258489     0.083645    -0.083645
   -0.020718    -0.056995    -0.087848    -0.112878    -0.131635    -0.143700    -0.148724    -0.146454    -0.136727    -0.119443    -0.094518    -0.061822    -0.021107     0.028050     0.086302     0.154520     0.233717     0.324841     0.428417     0.544045     0.669855     0.802108     0.935202     1.062266     1.176265     1.271162     1.342638     1.388105     1.406266     1.396596     1.359016     1.293801     1.201695     1.084217     0.944052     0.785357     0.613695     0.435450     0.256875     0.083053    -0.083053
   -0.020938    -0.057562    -0.088667    -0.113852    -0.132668    -0.144696    -0.149593    -0.147113    -0.137101    -0.119470    -0.094146    -0.061009    -0.019824     0.029823     0.088567     0.157263     0.236896     0.328379     0.432190     0.547887     0.673564     0.805470     0.938028     1.064423     1.177688     1.271848     1.342616     1.387414     1.404946     1.394687     1.356564     1.290865     1.198367     1.080629     0.940388     0.781848     0.610588     0.432984     0.255257     0.082460    -0.082460
   -0.021158    -0.058126    -0.089482    -0.114820    -0.133692    -0.145681    -0.150447    -0.147754    -0.137456    -0.119475    -0.093750    -0.060172    -0.018517     0.031617     0.090852     0.160022     0.240087     0.331922     0.435965     0.551726     0.677267     0.808825     0.940846     1.066573     1.179106     1.272527     1.342583     1.386709     1.403608     1.392757     1.354087     1.287905     1.195015     1.077019     0.936707     0.778325     0.607472     0.430510     0.253632     0.081864    -0.081864
   -0.021377    -0.058689    -0.090293    -0.115782    -0.134707    -0.146653    -0.151287    -0.148377    -0.137790    -0.119458    -0.093330    -0.059311    -0.017186     0.033434     0.093156     0.162797     0.243289     0.335473     0.439742     0.555564     0.680965     0.812174     0.943659     1.068717     1.180516     1.273197     1.342538     1.385989     1.402252     1.390805     1.351587     1.284920     1.191638     1.073387     0.933008     0.774789     0.604346     0.428029     0.252002     0.081265    -0.081265
   -0.021595    -0.059249    -0.091099    -0.116737    -0.135713    -0.147614    -0.152112    -0.148983    -0.138104    -0.119418    -0.092887    -0.058425    -0.015832     0.035273     0.095481     0.165589     0.246504     0.339031     0.443522     0.559401     0.684659     0.815518     0.946467     1.070856     1.181921     1.273859     1.342483     1.385254     1.400878     1.388831     1.349063     1.281909     1.188236     1.069732     0.929290     0.771238     0.601208     0.425538     0.250365     0.080663    -0.080663
   -0.021812    -0.059808    -0.091902    -0.117686    -0.136710    -0.148563    -0.152922    -0.149571    -0.138397    -0.119355    -0.092419    -0.057515    -0.014453     0.037135     0.097826     0.168398     0.249732     0.342599     0.447307     0.563238     0.688351     0.818857     0.949270     1.072991     1.183321     1.274513     1.342417     1.384504     1.399484     1.386835     1.346512     1.278872     1.184807     1.066054     0.925552     0.767670     0.598056     0.423037     0.248720     0.080057    -0.080057
   -0.022029    -0.060364    -0.092701    -0.118629    -0.137698    -0.149501    -0.153718    -0.150142    -0.138670    -0.119270    -0.091927    -0.056580    -0.013049     0.039020     0.100192     0.171226     0.252975     0.346176     0.451097     0.567076     0.692041     0.822193     0.952069     1.075121     1.184715     1.275160     1.342339     1.383739     1.398071     1.384816     1.343936     1.275807     1.181351     1.062350     0.921792     0.764085     0.594891     0.420524     0.247067     0.079448    -0.079448
   -0.022246    -0.060919    -0.093497    -0.119567    -0.138679    -0.150427    -0.154499    -0.150695    -0.138923    -0.119162    -0.091411    -0.055619    -0.011620     0.040930     0.102581     0.174073     0.256233     0.349764     0.454893     0.570917     0.695731     0.825527     0.954865     1.077247     1.186104     1.275799     1.342250     1.382959     1.396638     1.382773     1.341334     1.272713     1.177868     1.058621     0.918010     0.760482     0.591711     0.417999     0.245405     0.078836    -0.078836
   -0.022462    -0.061471    -0.094289    -0.120498    -0.139651    -0.151343    -0.155266    -0.151230    -0.139155    -0.119031    -0.090870    -0.054633    -0.010165     0.042865     0.104992     0.176939     0.259507     0.353364     0.458697     0.574761     0.699421     0.828860     0.957659     1.079371     1.187488     1.276431     1.342151     1.382162     1.395184     1.380705     1.338703     1.269590     1.174355     1.054864     0.914205     0.756859     0.588514     0.415461     0.243734     0.078219    -0.078219
   -0.022678    -0.062023    -0.095078    -0.121425    -0.140615    -0.152247    -0.156018    -0.151748    -0.139366    -0.118877    -0.090303    -0.053620    -0.008684     0.044825     0.107427     0.179826     0.262798     0.356977     0.462510     0.578610     0.703113     0.832193     0.960451     1.081492     1.188869     1.277056     1.342039     1.381350     1.393711     1.378613     1.336045     1.266438     1.170812     1.051080     0.910374     0.753214     0.585300     0.412909     0.242052     0.077598    -0.077598
   -0.022893    -0.062572    -0.095863    -0.122346    -0.141571    -0.153140    -0.156756    -0.152248    -0.139557    -0.118699    -0.089711    -0.052581    -0.007176     0.046811     0.109886     0.182735     0.266107     0.360604     0.466332     0.582465     0.706808     0.835526     0.963243     1.083611     1.190245     1.277673     1.341917     1.380522     1.392216     1.376495     1.333357     1.263254     1.167238     1.047266     0.906518     0.749548     0.582068     0.410341     0.240359     0.076972    -0.076972
   -0.023108    -0.063121    -0.096646    -0.123262    -0.142520    -0.154023    -0.157481    -0.152731    -0.139726    -0.118497    -0.089094    -0.051515    -0.005641     0.048823     0.112370     0.185666     0.269435     0.364246     0.470164     0.586326     0.710506     0.838860     0.966035     1.085729     1.191618     1.278284     1.341783     1.379676     1.390699     1.374350     1.330640     1.260038     1.163632     1.043422     0.902635     0.745858     0.578815     0.407757     0.238655     0.076342    -0.076342
   -0.023323    -0.063668    -0.097426    -0.124174    -0.143461    -0.154895    -0.158190    -0.153195    -0.139874    -0.118271    -0.088450    -0.050421    -0.004078     0.050863     0.114880     0.188620     0.272783     0.367903     0.474009     0.590196     0.714209     0.842197     0.968827     1.087846     1.192987     1.278887     1.341637     1.378814     1.389160     1.372179     1.327892     1.256789     1.159993     1.039547     0.898723     0.742144     0.575541     0.405156     0.236938     0.075706    -0.075706
   -0.023538    -0.064214    -0.098203    -0.125081    -0.144395    -0.155756    -0.158886    -0.153642    -0.140001    -0.118021    -0.087779    -0.049299    -0.002486     0.052931     0.117416     0.191598     0.276151     0.371578     0.477867     0.594075     0.717918     0.845538     0.971622     1.089963     1.194354     1.279484     1.341479     1.377935     1.387598     1.369980     1.325112     1.253507     1.156319     1.035638     0.894782     0.738403     0.572245     0.402536     0.235208     0.075065    -0.075065
   -0.023752    -0.064759    -0.098979    -0.125983    -0.145322    -0.156607    -0.159568    -0.154071    -0.140107    -0.117746    -0.087081    -0.048148    -0.000865     0.055027     0.119979     0.194601     0.279542     0.375271     0.481739     0.597964     0.721634     0.848884     0.974419     1.092080     1.195717     1.280074     1.341310     1.377038     1.386013     1.367753     1.322299     1.250189     1.152610     1.031696     0.890809     0.734635     0.568925     0.399897     0.233465     0.074419    -0.074419
   -0.023967    -0.065303    -0.099751    -0.126881    -0.146242    -0.157448    -0.160235    -0.154482    -0.140190    -0.117447    -0.086356    -0.046969     0.000786     0.057153     0.122571     0.197630     0.282956     0.378983     0.485626     0.601865     0.725359     0.852235     0.977219     1.094198     1.197079     1.280657     1.341128     1.376123     1.384404     1.365496     1.319453     1.246835     1.148864     1.027718     0.886804     0.730838     0.565580     0.397238     0.231708     0.073767    -0.073767
   -0.024181    -0.065847    -0.100522    -0.127775    -0.147155    -0.158278    -0.160889    -0.154875    -0.140252    -0.117121    -0.085602    -0.045759     0.002467     0.059310     0.125192     0.200687     0.286393     0.382716     0.489530     0.605779     0.729093     0.855592     0.980024     1.096317     1.198438     1.281233     1.340934     1.375189     1.382770     1.363209     1.316573     1.243443     1.145079     1.023703     0.882765     0.727011     0.562209     0.394557     0.229935     0.073109    -0.073109
   -0.024395    -0.066390    -0.101292    -0.128666    -0.148061    -0.159099    -0.161529    -0.155249    -0.140291    -0.116770    -0.084820    -0.044519     0.004180     0.061498     0.127843     0.203771     0.289856     0.386471     0.493453     0.609707     0.732838     0.858957     0.982833     1.098438     1.199796     1.281803     1.340727     1.374236     1.381111     1.360890     1.313656     1.240013     1.141256     1.019650     0.878690     0.723152     0.558810     0.391854     0.228147     0.072444    -0.072444
   -0.024610    -0.066933    -0.102059    -0.129553    -0.148961    -0.159909    -0.162154    -0.155605    -0.140308    -0.116393    -0.084008    -0.043247     0.005925     0.063718     0.130526     0.206885     0.293346     0.390249     0.497394     0.613650     0.736594     0.862331     0.985648     1.100562     1.201152     1.282366     1.340507     1.373264     1.379425     1.358540     1.310703     1.236543     1.137391     1.015557     0.874579     0.719260     0.555383     0.389127     0.226342     0.071774    -0.071774
   -0.024824    -0.067475    -0.102825    -0.130436    -0.149855    -0.160710    -0.162765    -0.155943    -0.140302    -0.115988    -0.083167    -0.041944     0.007704     0.065971     0.133240     0.210029     0.296863     0.394051     0.501356     0.617610     0.740364     0.865715     0.988469     1.102689     1.202506     1.282922     1.340274     1.372272     1.377713     1.356156     1.307711     1.233031     1.133484     1.011424     0.870429     0.715333     0.551925     0.386376     0.224521     0.071096    -0.071096
   -0.025039    -0.068017    -0.103591    -0.131317    -0.150743    -0.161501    -0.163363    -0.156262    -0.140272    -0.115557    -0.082295    -0.040608     0.009516     0.068259     0.135988     0.213205     0.300410     0.397879     0.505340     0.621588     0.744147     0.869109     0.991298     1.104820     1.203860     1.283471     1.340028     1.371259     1.375973     1.353739     1.304680     1.229478     1.129534     1.007247     0.866240     0.711370     0.548436     0.383599     0.222681     0.070412    -0.070412
   -0.025254    -0.068560    -0.104355    -0.132195    -0.151626    -0.162282    -0.163946    -0.156562    -0.140219    -0.115098    -0.081393    -0.039238     0.011363     0.070581     0.138771     0.216413     0.303986     0.401734     0.509347     0.625585     0.747946     0.872515     0.994135     1.106954     1.205213     1.284014     1.339768     1.370225     1.374205     1.351286     1.301609     1.225880     1.125538     1.003027     0.862009     0.707370     0.544914     0.380795     0.220824     0.069720    -0.069720
   -0.025470    -0.069103    -0.105119    -0.133070    -0.152502    -0.163054    -0.164514    -0.156842    -0.140142    -0.114610    -0.080458    -0.037834     0.013245     0.072940     0.141589     0.219656     0.307594     0.405617     0.513379     0.629603     0.751762     0.875934     0.996981     1.109093     1.206565     1.284549     1.339494     1.369168     1.372407     1.348797     1.298496     1.222237     1.121496     0.998761     0.857735     0.703330     0.541358     0.377964     0.218947     0.069022    -0.069022
   -0.025686    -0.069646    -0.105882    -0.133943    -0.153374    -0.163816    -0.165069    -0.157103    -0.140041    -0.114094    -0.079491    -0.036395     0.015165     0.075336     0.144444     0.222934     0.311235     0.409530     0.517437     0.633643     0.755596     0.879366     0.999837     1.111237     1.207916     1.285077     1.339205     1.368090     1.370578     1.346270     1.295340     1.218547     1.117405     0.994447     0.853416     0.699250     0.537766     0.375104     0.217051     0.068315    -0.068315
   -0.025902    -0.070190    -0.106645    -0.134813    -0.154240    -0.164569    -0.165609    -0.157345    -0.139914    -0.113548    -0.078490    -0.034919     0.017123     0.077771     0.147337     0.226249     0.314911     0.413475     0.521522     0.637706     0.759449     0.882814     1.002703     1.113387     1.209268     1.285599     1.338901     1.366988     1.368719     1.343705     1.292140     1.214808     1.113265     0.990084     0.849050     0.695127     0.534137     0.372214     0.215135     0.067601    -0.067601
   -0.026119    -0.070735    -0.107409    -0.135682    -0.155101    -0.165313    -0.166135    -0.157566    -0.139762    -0.112971    -0.077455    -0.033407     0.019119     0.080245     0.150269     0.229601     0.318622     0.417452     0.525636     0.641795     0.763322     0.886277     1.005580     1.115542     1.210619     1.286112     1.338581     1.365862     1.366826     1.341100     1.288893     1.211020     1.109072     0.985670     0.844637     0.690960     0.530470     0.369293     0.213198     0.066879    -0.066879
   -0.026337    -0.071281    -0.108172    -0.136550    -0.155957    -0.166047    -0.166646    -0.157767    -0.139584    -0.112364    -0.076385    -0.031856     0.021156     0.082760     0.153242     0.232993     0.322371     0.421463     0.529781     0.645909     0.767217     0.889758     1.008469     1.117704     1.211970     1.286618     1.338246     1.364711     1.364901     1.338454     1.285599     1.207179     1.104827     0.981204     0.840173     0.686748     0.526764     0.366341     0.211239     0.066149    -0.066149
   -0.026555    -0.071828    -0.108937    -0.137416    -0.156808    -0.166771    -0.167142    -0.157948    -0.139380    -0.111724    -0.075279    -0.030266     0.023233     0.085317     0.156257     0.236426     0.326158     0.425510     0.533958     0.650051     0.771135     0.893256     1.011372     1.119873     1.213321     1.287117     1.337893     1.363534     1.362940     1.335764     1.282256     1.203286     1.100526     0.976683     0.835658     0.682488     0.523015     0.363355     0.209259     0.065411    -0.065411
   -0.026775    -0.072377    -0.109702    -0.138281    -0.157655    -0.167487    -0.167623    -0.158107    -0.139148    -0.111053    -0.074136    -0.028635     0.025354     0.087918     0.159316     0.239902     0.329986     0.429595     0.538169     0.654222     0.775077     0.896774     1.014287     1.122050     1.214672     1.287607     1.337524     1.362330     1.360944     1.333031     1.278862     1.199337     1.096168     0.972105     0.831089     0.678179     0.519225     0.360335     0.207255     0.064664    -0.064664
   -0.026995    -0.072928    -0.110469    -0.139145    -0.158498    -0.168193    -0.168089    -0.158244    -0.138889    -0.110348    -0.072954    -0.026964     0.027518     0.090564     0.162419     0.243421     0.333856     0.433718     0.542414     0.658424     0.779045     0.900312     1.017217     1.124234     1.216024     1.288088     1.337136     1.361099     1.358911     1.330253     1.275415     1.195331     1.091751     0.967470     0.826465     0.673820     0.515390     0.357280     0.205229     0.063909    -0.063909
   -0.027216    -0.073481    -0.111237    -0.140009    -0.159336    -0.168890    -0.168539    -0.158360    -0.138601    -0.109608    -0.071734    -0.025249     0.029727     0.093257     0.165569     0.246987     0.337769     0.437883     0.546697     0.662658     0.783040     0.903871     1.020162     1.126426     1.217375     1.288561     1.336730     1.359839     1.356839     1.327427     1.271915     1.191267     1.087274     0.962774     0.821783     0.669408     0.511510     0.354190     0.203178     0.063145    -0.063145
   -0.027439    -0.074036    -0.112007    -0.140872    -0.160171    -0.169578    -0.168974    -0.158453    -0.138284    -0.108833    -0.070474    -0.023490     0.031983     0.095997     0.168768     0.250599     0.341728     0.442089     0.551017     0.666926     0.787063     0.907453     1.023123     1.128627     1.218727     1.289024     1.336305     1.358550     1.354728     1.324552     1.268358     1.187141     1.082733     0.958016     0.817042     0.664942     0.507583     0.351062     0.201104     0.062372    -0.062372
   -0.027663    -0.074594    -0.112780    -0.141736    -0.161001    -0.170256    -0.169393    -0.158523    -0.137936    -0.108023    -0.069172    -0.021686     0.034287     0.098787     0.172016     0.254260     0.345733     0.446340     0.555378     0.671229     0.791116     0.911058     1.026100     1.130836     1.220078     1.289478     1.335859     1.357229     1.352575     1.321627     1.264744     1.182953     1.078127     0.953193     0.812240     0.660421     0.503608     0.347896     0.199004     0.061590    -0.061590
   -0.027888    -0.075154    -0.113555    -0.142600    -0.161828    -0.170926    -0.169796    -0.158569    -0.137558    -0.107174    -0.067827    -0.019836     0.036640     0.101627     0.175315     0.257972     0.349788     0.450636     0.559781     0.675568     0.795199     0.914687     1.029095     1.133054     1.221430     1.289922     1.335393     1.355877     1.350380     1.318650     1.261070     1.178700     1.073455     0.948304     0.807375     0.655841     0.499583     0.344691     0.196879     0.060798    -0.060798
   -0.028115    -0.075717    -0.114332    -0.143465    -0.162652    -0.171585    -0.170182    -0.158591    -0.137149    -0.106288    -0.066439    -0.017937     0.039045     0.104521     0.178668     0.261737     0.353893     0.454980     0.564227     0.679946     0.799315     0.918341     1.032107     1.135282     1.222781     1.290355     1.334904     1.354491     1.348140     1.315619     1.257334     1.174380     1.068713     0.943347     0.802445     0.651203     0.495507     0.341447     0.194728     0.059998    -0.059998
   -0.028344    -0.076284    -0.115113    -0.144331    -0.163472    -0.172235    -0.170551    -0.158588    -0.136706    -0.105361    -0.065005    -0.015988     0.041502     0.107469     0.182075     0.265555     0.358050     0.459373     0.568718     0.684364     0.803464     0.922022     1.035138     1.137519     1.224132     1.290776     1.334393     1.353071     1.345854     1.312532     1.253535     1.169991     1.063900     0.938319     0.797447     0.646503     0.491379     0.338161     0.192551     0.059188    -0.059188
   -0.028574    -0.076855    -0.115898    -0.145198    -0.164289    -0.172876    -0.170902    -0.158560    -0.136230    -0.104395    -0.063525    -0.013989     0.044013     0.110473     0.185539     0.269430     0.362262     0.463818     0.573256     0.688823     0.807648     0.925730     1.038187     1.139766     1.225483     1.291186     1.333857     1.351614     1.343521     1.309387     1.249669     1.165531     1.059013     0.933218     0.792381     0.641740     0.487197     0.334834     0.190346     0.058369    -0.058369
   -0.028806    -0.077429    -0.116686    -0.146067    -0.165103    -0.173506    -0.171236    -0.158505    -0.135720    -0.103386    -0.061996    -0.011936     0.046581     0.113534     0.189062     0.273363     0.366531     0.468316     0.577843     0.693325     0.811868     0.929467     1.041256     1.142022     1.226832     1.291583     1.333297     1.350120     1.341139     1.306183     1.245735     1.160996     1.054050     0.928041     0.787242     0.636913     0.482960     0.331464     0.188115     0.057540    -0.057540
   -0.029041    -0.078008    -0.117479    -0.146937    -0.165914    -0.174127    -0.171552    -0.158423    -0.135173    -0.102333    -0.060418    -0.009829     0.049206     0.116656     0.192646     0.277357     0.370857     0.472868     0.582480     0.697871     0.816126     0.933233     1.044345     1.144289     1.228180     1.291966     1.332710     1.348586     1.338705     1.302916     1.241731     1.156386     1.049009     0.922788     0.782031     0.632019     0.478666     0.328050     0.185856     0.056701    -0.056701
   -0.029277    -0.078592    -0.118277    -0.147810    -0.166722    -0.174737    -0.171848    -0.158313    -0.134590    -0.101236    -0.058788    -0.007666     0.051891     0.119840     0.196292     0.281412     0.375244     0.477478     0.587169     0.702464     0.820422     0.937029     1.047455     1.146565     1.229526     1.292335     1.332095     1.347012     1.336218     1.299585     1.237654     1.151697     1.043886     0.917454     0.776744     0.627057     0.474314     0.324593     0.183570     0.055853    -0.055853
   -0.029516    -0.079180    -0.119079    -0.148685    -0.167527    -0.175337    -0.172125    -0.158173    -0.133968    -0.100092    -0.057106    -0.005445     0.054638     0.123088     0.200003     0.285531     0.379693     0.482147     0.591913     0.707104     0.824759     0.940856     1.050586     1.148851     1.230869     1.292688     1.331452     1.345396     1.333676     1.296188     1.233502     1.146928     1.038681     0.912039     0.771379     0.622024     0.469903     0.321090     0.181255     0.054996    -0.054996
   -0.029758    -0.079774    -0.119887    -0.149563    -0.168329    -0.175927    -0.172382    -0.158004    -0.133307    -0.098901    -0.055369    -0.003164     0.057448     0.126401     0.203781     0.289717     0.384207     0.486877     0.596713     0.711794     0.829137     0.944715     1.053738     1.151147     1.232210     1.293025     1.330778     1.343735     1.331076     1.292722     1.229272     1.142074     1.033389     0.906539     0.765935     0.616921     0.465432     0.317542     0.178912     0.054128    -0.054128
   -0.030002    -0.080373    -0.120701    -0.150444    -0.169129    -0.176505    -0.172619    -0.157804    -0.132605    -0.097660    -0.053575    -0.000821     0.060324     0.129782     0.207628     0.293972     0.388787     0.491670     0.601570     0.716535     0.833557     0.948607     1.056912     1.153453     1.233548     1.293345     1.330072     1.342028     1.328417     1.289185     1.224961     1.137135     1.028010     0.900952     0.760408     0.611743     0.460900     0.313947     0.176540     0.053252    -0.053252
   -0.030249    -0.080978    -0.121521    -0.151328    -0.169925    -0.177072    -0.172833    -0.157571    -0.131861    -0.096368    -0.051723     0.001586     0.063268     0.133234     0.211545     0.298297     0.393436     0.496528     0.606487     0.721328     0.838021     0.952532     1.060108     1.155768     1.234881     1.293646     1.329333     1.340273     1.325696     1.285574     1.220568     1.132106     1.022539     0.895275     0.754798     0.606491     0.456304     0.310305     0.174139     0.052365    -0.052365
   -0.030499    -0.081590    -0.122348    -0.152216    -0.170719    -0.177627    -0.173026    -0.157305    -0.131073    -0.095023    -0.049811     0.004059     0.066281     0.136758     0.215537     0.302695     0.398156     0.501453     0.611466     0.726176     0.842530     0.956491     1.063326     1.158092     1.236209     1.293927     1.328559     1.338468     1.322910     1.281886     1.216089     1.126986     1.016974     0.889507     0.749101     0.601162     0.451645     0.306616     0.171709     0.051470    -0.051470
   -0.030752    -0.082208    -0.123182    -0.153107    -0.171510    -0.178170    -0.173195    -0.157005    -0.130239    -0.093624    -0.047836     0.006600     0.069367     0.140356     0.219603     0.307168     0.402949     0.506447     0.616508     0.731079     0.847085     0.960486     1.066567     1.160425     1.237531     1.294186     1.327747     1.336610     1.320058     1.278120     1.211521     1.121771     1.011313     0.883644     0.743317     0.595754     0.446921     0.302878     0.169251     0.050564    -0.050564
   -0.031009    -0.082834    -0.124023    -0.154003    -0.172298    -0.178700    -0.173340    -0.156668    -0.129358    -0.092167    -0.045797     0.009211     0.072527     0.144032     0.223749     0.311719     0.407817     0.511513     0.621615     0.736039     0.851687     0.964516     1.069830     1.162766     1.238847     1.294423     1.326897     1.334697     1.317137     1.274271     1.206862     1.116459     1.005553     0.877685     0.737442     0.590267     0.442131     0.299092     0.166763     0.049650    -0.049650
   -0.031269    -0.083467    -0.124872    -0.154903    -0.173083    -0.179217    -0.173459    -0.156294    -0.128429    -0.090652    -0.043691     0.011895     0.075764     0.147787     0.227974     0.316350     0.412763     0.516652     0.626789     0.741057     0.856337     0.968582     1.073116     1.165115     1.240154     1.294636     1.326005     1.332727     1.314144     1.270338     1.202108     1.111047     0.999691     0.871627     0.731474     0.584698     0.437274     0.295258     0.164247     0.048727    -0.048727
   -0.031533    -0.084108    -0.125730    -0.155807    -0.173865    -0.179720    -0.173553    -0.155881    -0.127448    -0.089076    -0.041516     0.014654     0.079081     0.151624     0.232283     0.321063     0.417789     0.521867     0.632033     0.746136     0.861036     0.972684     1.076423     1.167471     1.241452     1.294822     1.325071     1.330698     1.311075     1.266318     1.197257     1.105532     0.993724     0.865466     0.725412     0.579046     0.432350     0.291374     0.161701     0.047794    -0.047794
   -0.031801    -0.084757    -0.126596    -0.156716    -0.174644    -0.180209    -0.173619    -0.155427    -0.126415    -0.087437    -0.039270     0.017491     0.082479     0.155546     0.236677     0.325861     0.422897     0.527159     0.637347     0.751276     0.865786     0.976824     1.079754     1.169833     1.242739     1.294980     1.324091     1.328606     1.307930     1.262206     1.192306     1.099910     0.987650     0.859202     0.719254     0.573309     0.427357     0.287441     0.159127     0.046853    -0.046853
   -0.032074    -0.085416    -0.127471    -0.157630    -0.175419    -0.180682    -0.173656    -0.154931    -0.125327    -0.085732    -0.036950     0.020407     0.085962     0.159554     0.241159     0.330747     0.428090     0.532531     0.642733     0.756480     0.870587     0.981001     1.083106     1.172201     1.244015     1.295109     1.323063     1.326450     1.304703     1.258000     1.187250     1.094178     0.981465     0.852830     0.712996     0.567487     0.422295     0.283458     0.156525     0.045903    -0.045903
   -0.032350    -0.086083    -0.128355    -0.158548    -0.176189    -0.181139    -0.173663    -0.154391    -0.124182    -0.083960    -0.034554     0.023406     0.089532     0.163652     0.245732     0.335722     0.433371     0.537986     0.648194     0.761747     0.875439     0.985215     1.086480     1.174573     1.245277     1.295206     1.321985     1.324225     1.301392     1.253698     1.182088     1.088335     0.975167     0.846350     0.706639     0.561577     0.417163     0.279426     0.153895     0.044946    -0.044946
   -0.032632    -0.086760    -0.129250    -0.159472    -0.176956    -0.181579    -0.173638    -0.153805    -0.122978    -0.082117    -0.032079     0.026491     0.093191     0.167843     0.250398     0.340790     0.438740     0.543524     0.653731     0.767080     0.880344     0.989466     1.089874     1.176949     1.246524     1.295268     1.320854     1.321930     1.297995     1.249294     1.176815     1.082375     0.968752     0.839758     0.700179     0.555579     0.411961     0.275345     0.151237     0.043980    -0.043980
   -0.032918    -0.087448    -0.130155    -0.160401    -0.177718    -0.182000    -0.173581    -0.153170    -0.121713    -0.080202    -0.029522     0.029663     0.096943     0.172129     0.255160     0.345952     0.444201     0.549148     0.659346     0.772479     0.885302     0.993756     1.093289     1.179326     1.247754     1.295294     1.319667     1.319561     1.294507     1.244787     1.171428     1.076296     0.962219     0.833051     0.693615     0.549492     0.406689     0.271215     0.148551     0.043006    -0.043006
   -0.033209    -0.088146    -0.131070    -0.161335    -0.178474    -0.182403    -0.173488    -0.152485    -0.120383    -0.078211    -0.026881     0.032927     0.100790     0.176513     0.260021     0.351213     0.449757     0.554860     0.665040     0.777947     0.890314     0.998083     1.096724     1.181704     1.248964     1.295281     1.318422     1.317114     1.290925     1.240172     1.165924     1.070095     0.955563     0.826228     0.686945     0.543314     0.401345     0.267036     0.145839     0.042025    -0.042025
   -0.033506    -0.088854    -0.131997    -0.162275    -0.179225    -0.182785    -0.173359    -0.151748    -0.118986    -0.076142    -0.024153     0.036284     0.104736     0.180997     0.264983     0.356573     0.455408     0.560662     0.670814     0.783483     0.895380     1.002447     1.100178     1.184082     1.250154     1.295226     1.317115     1.314587     1.287246     1.235446     1.160299     1.063769     0.948783     0.819286     0.680168     0.537045     0.395931     0.262809     0.143102     0.041038    -0.041038
   -0.033809    -0.089575    -0.132934    -0.163219    -0.179969    -0.183145    -0.173191    -0.150956    -0.117521    -0.073992    -0.021334     0.039738     0.108782     0.185585     0.270049     0.362036     0.461159     0.566557     0.676672     0.789089     0.900501     1.006848     1.103649     1.186457     1.251320     1.295128     1.315743     1.311976     1.283465     1.230604     1.154550     1.057313     0.941874     0.812223     0.673282     0.530684     0.390445     0.258534     0.140338     0.040044    -0.040044
   -0.034117    -0.090307    -0.133884    -0.164168    -0.180706    -0.183483    -0.172983    -0.150107    -0.115983    -0.071758    -0.018423     0.043291     0.112933     0.190279     0.275223     0.367604     0.467011     0.572545     0.682613     0.794766     0.905676     1.011286     1.107137     1.188827     1.252461     1.294981     1.314303     1.309277     1.279580     1.225644     1.148672     1.050726     0.934835     0.805037     0.666284     0.524230     0.384889     0.254212     0.137551     0.039043    -0.039043
   -0.034432    -0.091052    -0.134845    -0.165122    -0.181435    -0.183795    -0.172732    -0.149197    -0.114370    -0.069436    -0.015415     0.046948     0.117191     0.195083     0.280506     0.373281     0.472966     0.578630     0.688640     0.800514     0.910906     1.015759     1.110640     1.191191     1.253572     1.294784     1.312791     1.306486     1.275585     1.220562     1.142663     1.044003     0.927663     0.797725     0.659175     0.517683     0.379262     0.249843     0.134740     0.038038    -0.038038
   -0.034752    -0.091809    -0.135818    -0.166081    -0.182155    -0.184081    -0.172436    -0.148225    -0.112679    -0.067025    -0.012307     0.050710     0.121559     0.200000     0.285902     0.379067     0.479027     0.584812     0.694753     0.806335     0.916191     1.020268     1.114157     1.193546     1.254653     1.294534     1.311204     1.303600     1.271478     1.215353     1.136518     1.037140     0.920354     0.790285     0.651953     0.511043     0.373565     0.245429     0.131906     0.037027    -0.037027
   -0.035080    -0.092580    -0.136804    -0.167044    -0.182865    -0.184339    -0.172092    -0.147187    -0.110906    -0.064519    -0.009097     0.054582     0.126040     0.205031     0.291413     0.384967     0.485195     0.591094     0.700954     0.812228     0.921530     1.024810     1.117686     1.195891     1.255699     1.294226     1.309537     1.300614     1.267254     1.210013     1.130234     1.030136     0.912906     0.782716     0.644617     0.504308     0.367799     0.240971     0.129051     0.036011    -0.036011
   -0.035415    -0.093364    -0.137803    -0.168011    -0.183564    -0.184567    -0.171698    -0.146080    -0.109049    -0.061917    -0.005781     0.058566     0.130638     0.210181     0.297042     0.390982     0.491474     0.597478     0.707244     0.818194     0.926924     1.029385     1.121224     1.198221     1.256708     1.293857     1.307788     1.297525     1.262908     1.204538     1.123806     1.022986     0.905316     0.775015     0.637165     0.497480     0.361964     0.236471     0.126176     0.034992    -0.034992
   -0.035756    -0.094162    -0.138814    -0.168981    -0.184250    -0.184762    -0.171251    -0.144901    -0.107104    -0.059214    -0.002355     0.062666     0.135355     0.215453     0.302792     0.397116     0.497865     0.603963     0.713624     0.824233     0.932371     1.033992     1.124771     1.200536     1.257676     1.293424     1.305950     1.294327     1.258436     1.198924     1.117232     1.015687     0.897582     0.767181     0.629598     0.490559     0.356061     0.231928     0.123281     0.033969    -0.033969
   -0.036106    -0.094975    -0.139837    -0.169953    -0.184922    -0.184923    -0.170749    -0.143647    -0.105068    -0.056407     0.001184     0.066885     0.140195     0.220849     0.308666     0.403370     0.504370     0.610554     0.720094     0.830345     0.937870     1.038628     1.128323     1.202831     1.258600     1.292921     1.304021     1.291017     1.253835     1.193167     1.110506     1.008235     0.889701     0.759212     0.621914     0.483545     0.350092     0.227346     0.120370     0.032944    -0.032944
   -0.036463    -0.095803    -0.140874    -0.170928    -0.185579    -0.185047    -0.170187    -0.142314    -0.102936    -0.053493     0.004839     0.071226     0.145161     0.226372     0.314667     0.409746     0.510991     0.617249     0.726655     0.836531     0.943422     1.043293     1.131879     1.205103     1.259475     1.292346     1.301996     1.287589     1.249098     1.187262     1.103626     1.000628     0.881671     0.751108     0.614113     0.476438     0.344058     0.222725     0.117442     0.031916    -0.031916
   -0.036828    -0.096645    -0.141923    -0.171904    -0.186218    -0.185132    -0.169564    -0.140898    -0.100706    -0.050467     0.008615     0.075693     0.150257     0.232026     0.320797     0.416248     0.517730     0.624052     0.733308     0.842789     0.949024     1.047984     1.135434     1.207349     1.260298     1.291694     1.299869     1.284040     1.244222     1.181205     1.096586     0.992863     0.873489     0.742865     0.606195     0.469239     0.337960     0.218068     0.114499     0.030887    -0.030887
   -0.037202    -0.097503    -0.142985    -0.172880    -0.186837    -0.185174    -0.168874    -0.139397    -0.098372    -0.047326     0.012514     0.080290     0.155484     0.237813     0.327058     0.422878     0.524589     0.630962     0.740053     0.849119     0.954675     1.052699     1.138987     1.209565     1.261065     1.290959     1.297637     1.280363     1.239202     1.174991     1.089384     0.984935     0.865154     0.734484     0.598160     0.461950     0.331800     0.213376     0.111544     0.029858    -0.029858
   -0.037584    -0.098377    -0.144059    -0.173855    -0.187436    -0.185170    -0.168116    -0.137805    -0.095932    -0.044065     0.016541     0.085019     0.160848     0.243736     0.333454     0.429637     0.531569     0.637981     0.746890     0.855521     0.960374     1.057435     1.142533     1.211748     1.261771     1.290137     1.295294     1.276554     1.234032     1.168616     1.082016     0.976843     0.856663     0.725963     0.590008     0.454572     0.325581     0.208653     0.108578     0.028829    -0.028829
   -0.037975    -0.099267    -0.145144    -0.174827    -0.188010    -0.185118    -0.167284    -0.136119    -0.093380    -0.040682     0.020699     0.089885     0.166350     0.249799     0.339987     0.436528     0.538671     0.645110     0.753819     0.861994     0.966118     1.062190     1.146071     1.213893     1.262411     1.289224     1.292835     1.272609     1.228709     1.162077     1.074478     0.968583     0.848014     0.717303     0.581740     0.447106     0.319305     0.203900     0.105602     0.027800    -0.027800
   -0.038375    -0.100173    -0.146241    -0.175796    -0.188558    -0.185013    -0.166375    -0.134334    -0.090714    -0.037172     0.024991     0.094890     0.171995     0.256003     0.346660     0.443552     0.545898     0.652349     0.760840     0.868536     0.971906     1.066960     1.149594     1.215995     1.262981     1.288213     1.290254     1.268521     1.223227     1.155367     1.066765     0.960152     0.839205     0.708501     0.573356     0.439555     0.312974     0.199119     0.102620     0.026773    -0.026773
   -0.038785    -0.101095    -0.147349    -0.176759    -0.189077    -0.184853    -0.165385    -0.132446    -0.087928    -0.033531     0.029423     0.100039     0.177784     0.262352     0.353474     0.450711     0.553250     0.659698     0.767952     0.875145     0.977735     1.071743     1.153101     1.218050     1.263475     1.287100     1.287546     1.264285     1.217580     1.148482     1.058875     0.951549     0.830236     0.699559     0.564858     0.431919     0.306590     0.194314     0.099632     0.025749    -0.025749
   -0.039204    -0.102033    -0.148467    -0.177715    -0.189564    -0.184633    -0.164309    -0.130451    -0.085019    -0.029755     0.033996     0.105333     0.183722     0.268849     0.360432     0.458008     0.560727     0.667158     0.775155     0.881821     0.983603     1.076534     1.156585     1.220054     1.263888     1.285879     1.284706     1.259895     1.211765     1.141419     1.050804     0.942769     0.821105     0.690476     0.556247     0.424203     0.300158     0.189488     0.096641     0.024728    -0.024728
   -0.039633    -0.102987    -0.149593    -0.178661    -0.190015    -0.184349    -0.163142    -0.128344    -0.081981    -0.025840     0.038716     0.110778     0.189811     0.275495     0.367535     0.465443     0.568332     0.674728     0.782446     0.888560     0.989506     1.081330     1.160043     1.222000     1.264215     1.284544     1.281728     1.255347     1.205775     1.134173     1.042547     0.933812     0.811811     0.681253     0.547525     0.416408     0.293680     0.184643     0.093649     0.023711    -0.023711
   -0.040072    -0.103957    -0.150728    -0.179595    -0.190427    -0.183997    -0.161881    -0.126120    -0.078810    -0.021781     0.043586     0.116376     0.196053     0.282294     0.374787     0.473018     0.576064     0.682408     0.789826     0.895361     0.995440     1.086127     1.163470     1.223883     1.264448     1.283089     1.278605     1.250634     1.199605     1.126739     1.034103     0.924674     0.802354     0.671890     0.538694     0.408538     0.287159     0.179783     0.090659     0.022700    -0.022700
   -0.040521    -0.104942    -0.151868    -0.180515    -0.190796    -0.183571    -0.160520    -0.123774    -0.075503    -0.017575     0.048609     0.122130     0.202453     0.289248     0.382189     0.480734     0.583923     0.690198     0.797292     0.902221     1.001404     1.090919     1.166860     1.225698     1.264584     1.281507     1.275331     1.245751     1.193251     1.119113     1.025468     0.915355     0.792732     0.662389     0.529756     0.400596     0.280599     0.174911     0.087672     0.021694    -0.021694
   -0.040980    -0.105943    -0.153014    -0.181417    -0.191118    -0.183068    -0.159053    -0.121302    -0.072053    -0.013217     0.053788     0.128044     0.209012     0.296359     0.389742     0.488592     0.591911     0.698096     0.804842     0.909137     1.007391     1.095703     1.170207     1.227438     1.264614     1.279793     1.271901     1.240692     1.186707     1.111291     1.016638     0.905852     0.782945     0.652750     0.520714     0.392585     0.274005     0.170030     0.084692     0.020695    -0.020695
   -0.041450    -0.106958    -0.154163    -0.182298    -0.191389    -0.182483    -0.157476    -0.118698    -0.068457    -0.008704     0.059129     0.134120     0.215733     0.303629     0.397448     0.496593     0.600025     0.706101     0.812474     0.916105     1.013398     1.100472     1.173507     1.229097     1.264533     1.277940     1.268308     1.235450     1.179969     1.103269     1.007611     0.896163     0.772995     0.642977     0.511571     0.384511     0.267381     0.165145     0.081720     0.019704    -0.019704
   -0.041929    -0.107987    -0.155313    -0.183156    -0.191604    -0.181808    -0.155783    -0.115957    -0.064710    -0.004032     0.064633     0.140361     0.222618     0.311059     0.405307     0.504736     0.608267     0.714212     0.820186     0.923122     1.019421     1.105222     1.176752     1.230669     1.264333     1.275941     1.264545     1.230021     1.173030     1.095042     0.998385     0.886289     0.762881     0.633070     0.502330     0.376376     0.260730     0.160259     0.078759     0.018721    -0.018721
   -0.042419    -0.109028    -0.156461    -0.183985    -0.191757    -0.181040    -0.153968    -0.113073    -0.060807     0.000805     0.070305     0.146771     0.229670     0.318652     0.413322     0.513022     0.616635     0.722427     0.827974     0.930183     1.025453     1.109946     1.179936     1.232147     1.264008     1.273789     1.260607     1.224398     1.165887     1.086608     0.988956     0.876228     0.752604     0.623032     0.492996     0.368186     0.254058     0.155375     0.075812     0.017748    -0.017748
   -0.042919    -0.110081    -0.157606    -0.184781    -0.191844    -0.180173    -0.152026    -0.110043    -0.056745     0.005808     0.076147     0.153351     0.236891     0.326409     0.421492     0.521451     0.625128     0.730744     0.835835     0.937285     1.031490     1.114639     1.183053     1.233523     1.263551     1.271477     1.256486     1.218575     1.158534     1.077962     0.979323     0.865979     0.742166     0.612866     0.483573     0.359945     0.247370     0.150499     0.072881     0.016785    -0.016785
   -0.043429    -0.111144    -0.158743    -0.185541    -0.191859    -0.179199    -0.149950    -0.106860    -0.052517     0.010982     0.082162     0.160105     0.244282     0.334330     0.429818     0.530023     0.633744     0.739159     0.843765     0.944422     1.037526     1.119293     1.186095     1.234790     1.262954     1.268998     1.252175     1.212547     1.150966     1.069101     0.969484     0.855544     0.731569     0.602577     0.474065     0.351660     0.240670     0.145633     0.069969     0.015833    -0.015833
   -0.043949    -0.112216    -0.159870    -0.186258    -0.191795    -0.178113    -0.147736    -0.103518    -0.048120     0.016332     0.088354     0.167034     0.251845     0.342418     0.438300     0.538736     0.642482     0.747670     0.851760     0.951588     1.043555     1.123901     1.189055     1.235940     1.262210     1.266346     1.247669     1.206307     1.143180     1.060022     0.959438     0.844921     0.720814     0.592167     0.464478     0.343335     0.233964     0.140783     0.067079     0.014894    -0.014894
   -0.044477    -0.113295    -0.160983    -0.186929    -0.191647    -0.176908    -0.145376    -0.100014    -0.043550     0.021859     0.094725     0.174140     0.259582     0.350673     0.446938     0.547589     0.651339     0.756274     0.859815     0.958779     1.049569     1.128457     1.191925     1.236966     1.261310     1.263511     1.242960     1.199851     1.135170     1.050723     0.949183     0.834112     0.709905     0.581641     0.454817     0.334977     0.227257     0.135952     0.064212     0.013967    -0.013967
   -0.045014    -0.114378    -0.162077    -0.187546    -0.191407    -0.175578    -0.142865    -0.096342    -0.038803     0.027567     0.101277     0.181426     0.267494     0.359094     0.455732     0.556582     0.660313     0.764966     0.867925     0.965988     1.055562     1.132953     1.194697     1.237860     1.260247     1.260488     1.238043     1.193172     1.126932     1.041199     0.938719     0.823118     0.698844     0.571004     0.445089     0.326592     0.220556     0.131144     0.061372     0.013054    -0.013054
   -0.045560    -0.115463    -0.163149    -0.188104    -0.191070    -0.174116    -0.140196    -0.092495    -0.033874     0.033460     0.108013     0.188892     0.275580     0.367683     0.464680     0.565712     0.669400     0.773742     0.876085     0.973208     1.061527     1.137380     1.197362     1.238614     1.259014     1.257269     1.232910     1.186266     1.118463     1.031450     0.928046     0.811941     0.687636     0.560261     0.435299     0.318187     0.213865     0.126365     0.058561     0.012156    -0.012156
   -0.046113    -0.116548    -0.164193    -0.188597    -0.190627    -0.172514    -0.137363    -0.088471    -0.028759     0.039540     0.114935     0.196541     0.283843     0.376439     0.473782     0.574976     0.678598     0.782598     0.884289     0.980433     1.067455     1.141730     1.199914     1.239218     1.257601     1.253846     1.227554     1.179126     1.109758     1.021474     0.917163     0.800584     0.676284     0.549418     0.425454     0.309767     0.207191     0.121619     0.055782     0.011273    -0.011273
   -0.046672    -0.117628    -0.165204    -0.189016    -0.190071    -0.170766    -0.134361    -0.084263    -0.023455     0.045810     0.122044     0.204372     0.292282     0.385360     0.483036     0.584373     0.687901     0.791528     0.892530     0.987655     1.073338     1.145995     1.202341     1.239664     1.256001     1.250212     1.221970     1.171749     1.100815     1.011268     0.906072     0.789048     0.664793     0.538482     0.415562     0.301341     0.200541     0.116909     0.053037     0.010405    -0.010405
   -0.047236    -0.118701    -0.166176    -0.189356    -0.189394    -0.168864    -0.131182    -0.079867    -0.017959     0.052272     0.129343     0.212387     0.300898     0.394447     0.492440     0.593898     0.697307     0.800527     0.900802     0.994866     1.079169     1.150166     1.204636     1.239944     1.254206     1.246359     1.216152     1.164128     1.091631     1.000833     0.894773     0.777338     0.653169     0.527459     0.405630     0.292916     0.193919     0.112240     0.050328     0.009555    -0.009555
   -0.047805    -0.119763    -0.167102    -0.189608    -0.188589    -0.166802    -0.127822    -0.075279    -0.012267     0.058928     0.136831     0.220587     0.309689     0.403698     0.501991     0.603549     0.706809     0.809588     0.909096     1.002058     1.084937     1.154233     1.206790     1.240048     1.252207     1.242280     1.210093     1.156261     1.082202     0.990167     0.883268     0.765457     0.641419     0.516358     0.395666     0.284499     0.187332     0.107617     0.047659     0.008722    -0.008722
   -0.048377    -0.120810    -0.167977    -0.189764    -0.187647    -0.164571    -0.124275    -0.070494    -0.006376     0.065781     0.144511     0.228970     0.318654     0.413112     0.511687     0.613321     0.716402     0.818705     0.917406     1.009222     1.090634     1.158188     1.208792     1.239968     1.249996     1.237969     1.203787     1.148142     1.072527     0.979271     0.871560     0.753410     0.629547     0.505185     0.385679     0.276098     0.180787     0.103044     0.045030     0.007906    -0.007906
   -0.048950    -0.121836    -0.168793    -0.189816    -0.186559    -0.162165    -0.120534    -0.065508    -0.000285     0.072830     0.152382     0.237537     0.327794     0.422685     0.521524     0.623209     0.726082     0.827870     0.925723     1.016349     1.096250     1.162019     1.210634     1.239695     1.247565     1.233418     1.197229     1.139768     1.062604     0.968145     0.859652     0.741202     0.617562     0.493949     0.375677     0.267721     0.174289     0.098524     0.042445     0.007110    -0.007110
   -0.049523    -0.122836    -0.169542    -0.189755    -0.185319    -0.159577    -0.116594    -0.060317     0.006010     0.080079     0.160444     0.246287     0.337106     0.432416     0.531499     0.633209     0.735840     0.837076     0.934038     1.023430     1.101776     1.165718     1.212306     1.239220     1.244906     1.228620     1.190415     1.131135     1.052432     0.956791     0.847547     0.728840     0.605471     0.482659     0.365669     0.259376     0.167845     0.094063     0.039906     0.006332    -0.006332
   -0.050093    -0.123806    -0.170216    -0.189572    -0.183916    -0.156799    -0.112451    -0.054919     0.012511     0.087526     0.168698     0.255220     0.346588     0.442301     0.541607     0.643316     0.745671     0.846315     0.942343     1.030454     1.107200     1.169274     1.213797     1.238533     1.242012     1.223569     1.183338     1.122242     1.042010     0.945210     0.835250     0.716329     0.593283     0.471325     0.355665     0.251071     0.161462     0.089664     0.037414     0.005574    -0.005574
   -0.050658    -0.124739    -0.170807    -0.189258    -0.182343    -0.153825    -0.108099    -0.049310     0.019218     0.095174     0.177143     0.264333     0.356237     0.452337     0.551844     0.653522     0.755567     0.855579     0.950627     1.037412     1.112513     1.172678     1.215099     1.237626     1.238873     1.218258     1.175994     1.113084     1.031339     0.933405     0.822765     0.703677     0.581007     0.459957     0.345674     0.242815     0.155144     0.085330     0.034972     0.004836    -0.004836
   -0.051217    -0.125629    -0.171307    -0.188803    -0.180591    -0.150648    -0.103533    -0.043488     0.026133     0.103020     0.185778     0.273624     0.366052     0.462520     0.562205     0.663822     0.765519     0.864857     0.958881     1.044294     1.117704     1.175917     1.216202     1.236490     1.235483     1.212682     1.168380     1.103661     1.020418     0.921379     0.810099     0.690892     0.568652     0.448564     0.335707     0.234614     0.148899     0.081066     0.032580     0.004118    -0.004118
   -0.051766    -0.126469    -0.171705    -0.188199    -0.178651    -0.147261    -0.098751    -0.037449     0.033257     0.111066     0.194601     0.283092     0.376028     0.472845     0.572683     0.674208     0.775521     0.874142     0.967095     1.051088     1.122762     1.178983     1.217095     1.235117     1.231835     1.206835     1.160492     1.093972     1.009250     0.909135     0.797258     0.677984     0.556229     0.437157     0.325772     0.226479     0.142732     0.076875     0.030241     0.003421    -0.003421
   -0.052303    -0.127253    -0.171993    -0.187435    -0.176516    -0.143660    -0.093747    -0.031193     0.040590     0.119311     0.203611     0.292734     0.386162     0.483309     0.583273     0.684674     0.785563     0.883422     0.975257     1.057782     1.127677     1.181864     1.217770     1.233497     1.227922     1.200712     1.152327     1.084015     0.997836     0.896679     0.784248     0.664960     0.543749     0.425748     0.315880     0.218417     0.136648     0.072761     0.027957     0.002745    -0.002745
   -0.052824    -0.127972    -0.172161    -0.186502    -0.174178    -0.139837    -0.088518    -0.024718     0.048132     0.127752     0.212806     0.302546     0.396450     0.493904     0.593968     0.695210     0.795635     0.892688     0.983357     1.064367     1.132436     1.184551     1.218216     1.231623     1.223736     1.194309     1.143883     1.073791     0.986178     0.884017     0.771079     0.651831     0.531221     0.414348     0.306041     0.210435     0.130654     0.068726     0.025728     0.002090    -0.002090
   -0.053326    -0.128618    -0.172199    -0.185390    -0.171629    -0.135789    -0.083063    -0.018023     0.055882     0.136389     0.222183     0.312526     0.406887     0.504627     0.604760     0.705809     0.805728     0.901928     0.991384     1.070831     1.137029     1.187032     1.218424     1.229488     1.219273     1.187620     1.135157     1.063301     0.974282     0.871154     0.757759     0.638609     0.518660     0.402968     0.296266     0.202542     0.124755     0.064774     0.023555     0.001456    -0.001456
   -0.053807    -0.129185    -0.172098    -0.184090    -0.168861    -0.131509    -0.077377    -0.011108     0.063840     0.145220     0.231738     0.322668     0.417469     0.515469     0.615643     0.716461     0.815832     0.911133     0.999325     1.077161     1.141445     1.189297     1.218386     1.227082     1.214526     1.180644     1.126149     1.052546     0.962150     0.858097     0.744297     0.625304     0.506076     0.391620     0.286564     0.194746     0.118955     0.060906     0.021441     0.000844    -0.000844
   -0.054261    -0.129662    -0.171847    -0.182593    -0.165868    -0.126995    -0.071460    -0.003972     0.072003     0.154241     0.241469     0.332970     0.428188     0.526425     0.626607     0.727157     0.825936     0.920289     1.007169     1.083347     1.145673     1.191337     1.218093     1.224400     1.209490     1.173376     1.116859     1.041528     0.949789     0.844856     0.730705     0.611929     0.493483     0.380317     0.276946     0.187054     0.113259     0.057127     0.019385     0.000253    -0.000253
   -0.054686    -0.130043    -0.171435    -0.180889    -0.162643    -0.122241    -0.065310     0.003383     0.080371     0.163450     0.251372     0.343424     0.439040     0.537487     0.637645     0.737887     0.836029     0.929386     1.014904     1.089376     1.149701     1.193141     1.217535     1.221435     1.204160     1.165815     1.107286     1.030252     0.937204     0.831437     0.716992     0.598496     0.480893     0.369071     0.267422     0.179473     0.107673     0.053437     0.017388    -0.000317     0.000317
   -0.055077    -0.130318    -0.170855    -0.178971    -0.159181    -0.117246    -0.058927     0.010957     0.088940     0.172844     0.261442     0.354028     0.450019     0.548647     0.648747     0.748640     0.846100     0.938412     1.022519     1.095237     1.153519     1.194700     1.216706     1.218180     1.198533     1.157959     1.097432     1.018721     0.924402     0.817852     0.703172     0.585019     0.468321     0.357893     0.258002     0.172010     0.102199     0.049839     0.015451    -0.000865     0.000865
   -0.055430    -0.130479    -0.170095    -0.176831    -0.155475    -0.112006    -0.052310     0.018748     0.097707     0.182418     0.271674     0.364774     0.461116     0.559897     0.659904     0.759407     0.856137     0.947354     1.030000     1.100918     1.157116     1.196004     1.215597     1.214630     1.192606     1.149808     1.087300     1.006939     0.911392     0.804111     0.689257     0.571511     0.455779     0.346796     0.248696     0.164673     0.096842     0.046335     0.013574    -0.001392     0.001392
   -0.055741    -0.130516    -0.169146    -0.174459    -0.151521    -0.106520    -0.045461     0.026753     0.106671     0.192169     0.282064     0.375656     0.472325     0.571228     0.671105     0.770175     0.866128     0.956200     1.037335     1.106408     1.160481     1.197044     1.214202     1.210780     1.186376     1.141361     1.076891     0.994914     0.898182     0.790225     0.675260     0.557987     0.443283     0.335793     0.239512     0.157466     0.091605     0.042925     0.011757    -0.001898     0.001898
   -0.056005    -0.130421    -0.167999    -0.171850    -0.147316    -0.100786    -0.038379     0.034971     0.115825     0.202091     0.292605     0.386668     0.483637     0.582631     0.682340     0.780934     0.876061     0.964938     1.044513     1.111695     1.163605     1.197813     1.212513     1.206627     1.179841     1.132621     1.066211     0.982652     0.884782     0.776207     0.661196     0.544462     0.430845     0.324894     0.230459     0.150397     0.086492     0.039612     0.010001    -0.002383     0.002383
   -0.056219    -0.130186    -0.166645    -0.168997    -0.142855    -0.094805    -0.031067     0.043397     0.125167     0.212180     0.303292     0.397803     0.495045     0.594097     0.693599     0.791671     0.885924     0.973555     1.051521     1.116767     1.166477     1.198302     1.210526     1.202165     1.173000     1.123588     1.055264     0.970161     0.871203     0.762070     0.647078     0.530951     0.418480     0.314113     0.221548     0.143470     0.081505     0.036395     0.008305    -0.002848     0.002848
   -0.056376    -0.129802    -0.165076    -0.165894    -0.138136    -0.088576    -0.023527     0.052028     0.134691     0.222429     0.314118     0.409052     0.506540     0.605616     0.704870     0.802374     0.895703     0.982039     1.058348     1.121615     1.169089     1.198504     1.208235     1.197394     1.165854     1.114265     1.044056     0.957449     0.857456     0.747828     0.632924     0.517469     0.406202     0.303460     0.212785     0.136691     0.076647     0.033275     0.006669    -0.003292     0.003292
   -0.056474    -0.129260    -0.163284    -0.162536    -0.133158    -0.082100    -0.015762     0.060861     0.144393     0.232834     0.325076     0.420409     0.518112     0.617177     0.716142     0.813032     0.905388     0.990377     1.064981     1.126227     1.171432     1.198411     1.205636     1.192310     1.158403     1.104657     1.032594     0.944527     0.843554     0.733495     0.618748     0.504032     0.394026     0.292947     0.204179     0.130064     0.071918     0.030254     0.005093    -0.003717     0.003717
   -0.056508    -0.128553    -0.161262    -0.158919    -0.127919    -0.075380    -0.007775     0.069889     0.154266     0.243387     0.336159     0.431865     0.529753     0.628769     0.727403     0.823632     0.914963     0.998556     1.071409     1.130595     1.173497     1.198019     1.202725     1.186914     1.150650     1.094768     1.020886     0.931406     0.829511     0.719087     0.604566     0.490656     0.381965     0.282584     0.195737     0.123592     0.067322     0.027330     0.003576    -0.004122     0.004122
   -0.056473    -0.127674    -0.159004    -0.155039    -0.122419    -0.068417     0.000428     0.079107     0.164304     0.254081     0.347359     0.443410     0.541451     0.640382     0.738641     0.834160     0.924418     1.006566     1.077622     1.134707     1.175277     1.197322     1.199499     1.181204     1.142596     1.084605     1.008940     0.918097     0.815341     0.704620     0.590396     0.477357     0.370032     0.272383     0.187465     0.117281     0.062859     0.024504     0.002118    -0.004508     0.004508
   -0.056364    -0.126615    -0.156504    -0.150894    -0.116660    -0.061214     0.008844     0.088511     0.174502     0.264910     0.358668     0.455036     0.553197     0.652004     0.749844     0.844606     0.933740     1.014393     1.083607     1.138555     1.176765     1.196315     1.195957     1.175183     1.134247     1.074173     0.996767     0.904614     0.801059     0.690111     0.576255     0.464150     0.358242     0.262352     0.179370     0.111132     0.058530     0.021775     0.000717    -0.004875     0.004875
   -0.056179    -0.125371    -0.153758    -0.146483    -0.110641    -0.053776     0.017467     0.098093     0.184851     0.275864     0.370077     0.466733     0.564980     0.663623     0.760999     0.854955     0.942915     1.022026     1.089356     1.142131     1.177955     1.194994     1.192097     1.168851     1.125606     1.063482     0.984377     0.890969     0.786681     0.675577     0.562159     0.451051     0.346606     0.252502     0.171457     0.105148     0.054336     0.019143    -0.000627    -0.005224     0.005224
   -0.055912    -0.123935    -0.150761    -0.141805    -0.104367    -0.046108     0.026290     0.107846     0.195344     0.286938     0.381578     0.478491     0.576789     0.675228     0.772094     0.865195     0.951932     1.029453     1.094858     1.145426     1.178841     1.193358     1.187920     1.162212     1.116681     1.052540     0.971783     0.877178     0.772224     0.661036     0.548126     0.438077     0.335138     0.242840     0.163732     0.099331     0.050275     0.016607    -0.001916    -0.005555     0.005555
   -0.055561    -0.122302    -0.147510    -0.136860    -0.097840    -0.038214     0.035308     0.117764     0.205974     0.298120     0.393160     0.490300     0.588612     0.686806     0.783117     0.875314     0.960779     1.036665     1.100104     1.148435     1.179419     1.191403     1.183427     1.155271     1.107477     1.041357     0.958998     0.863256     0.757704     0.646505     0.534174     0.425241     0.323849     0.233374     0.156198     0.093683     0.046349     0.014165    -0.003149    -0.005870     0.005870
   -0.055122    -0.120468    -0.144004    -0.131649    -0.091065    -0.030100     0.044513     0.127838     0.216732     0.309404     0.404814     0.502149     0.600439     0.698345     0.794054     0.885299     0.969444     1.043650     1.105085     1.151150     1.179685     1.189130     1.178619     1.148031     1.098004     1.029945     0.946035     0.849219     0.743141     0.632003     0.520320     0.412560     0.312751     0.224113     0.148859     0.088204     0.042556     0.011816    -0.004330    -0.006168     0.006168
   -0.054593    -0.118430    -0.140241    -0.126175    -0.084046    -0.021774     0.053898     0.138060     0.227610     0.320779     0.416531     0.514027     0.612258     0.709833     0.804894     0.895138     0.977915     1.050398     1.109794     1.153567     1.179637     1.186538     1.173500     1.140499     1.088269     1.018315     0.932910     0.835085     0.728552     0.617549     0.506580     0.400047     0.301854     0.215062     0.141719     0.082895     0.038896     0.009558    -0.005458    -0.006449     0.006449
   -0.053969    -0.116185    -0.136223    -0.120441    -0.076788    -0.013243     0.063454     0.148422     0.238598     0.332236     0.428299     0.525923     0.624056     0.721257     0.815624     0.904819     0.986182     1.056901     1.114224     1.155680     1.179273     1.183628     1.168074     1.132682     1.078284     1.006480     0.919638     0.820871     0.713956     0.603162     0.492973     0.387716     0.291167     0.206227     0.134779     0.077756     0.035367     0.007391    -0.006535    -0.006716     0.006716
   -0.053250    -0.113730    -0.131948    -0.114452    -0.069300    -0.004514     0.073172     0.158915     0.249686     0.343765     0.440109     0.537826     0.635822     0.732606     0.826231     0.914330     0.994235     1.063150     1.118368     1.157486     1.178592     1.180403     1.162346     1.124589     1.068060     0.994456     0.906236     0.806595     0.699372     0.588859     0.479514     0.375581     0.280701     0.197613     0.128042     0.072787     0.031967     0.005312    -0.007564    -0.006968     0.006968
   -0.052433    -0.111066    -0.127421    -0.108212    -0.061587     0.004404     0.083044     0.169528     0.260866     0.355356     0.451949     0.549724     0.647543     0.743866     0.836703     0.923660     1.002063     1.069137     1.122221     1.158982     1.177594     1.176867     1.156323     1.116228     1.057609     0.982256     0.892720     0.792277     0.684819     0.574659     0.466219     0.363654     0.270464     0.189226     0.121508     0.067986     0.028695     0.003319    -0.008544    -0.007205     0.007205
   -0.051518    -0.108192    -0.122643    -0.101727    -0.053659     0.013501     0.093060     0.180253     0.272127     0.366997     0.463807     0.561606     0.659207     0.755026     0.847029     0.932799     1.009657     1.074854     1.125779     1.160167     1.176280     1.173022     1.150011     1.107611     1.046945     0.969897     0.879110     0.777935     0.670318     0.560581     0.453105     0.351946     0.260462     0.181067     0.115178     0.063352     0.025548     0.001410    -0.009479    -0.007429     0.007429
   -0.050502    -0.105110    -0.117620    -0.095004    -0.045523     0.022769     0.103210     0.191079     0.283458     0.378679     0.475674     0.573458     0.670803     0.766072     0.857197     0.941735     1.017009     1.080296     1.129037     1.161040     1.174654     1.168875     1.143420     1.098749     1.036080     0.957395     0.865423     0.763590     0.655887     0.546642     0.440185     0.340468     0.250702     0.173139     0.109051     0.058884     0.022524    -0.000417    -0.010368    -0.007641     0.007641
   -0.049387    -0.101821    -0.112356    -0.088052    -0.037190     0.032196     0.113483     0.201995     0.294849     0.390389     0.487536     0.585270     0.682317     0.776995     0.867196     0.950459     1.024111     1.085457     1.131993     1.161601     1.172717     1.164432     1.136559     1.089654     1.025032     0.944767     0.851678     0.749261     0.641546     0.532860     0.427475     0.329231     0.241190     0.165446     0.103128     0.054579     0.019621    -0.002164    -0.011215    -0.007839     0.007839
   -0.048171    -0.098328    -0.106857    -0.080878    -0.028669     0.041772     0.123869     0.212991     0.306289     0.402118     0.499382     0.597030     0.693738     0.787781     0.877015     0.958962     1.030955     1.090332     1.134645     1.161852     1.170475     1.159701     1.129438     1.080339     1.013814     0.932032     0.837896     0.734967     0.627315     0.519251     0.414987     0.318243     0.231931     0.157987     0.097407     0.050435     0.016836    -0.003835    -0.012021    -0.008027     0.008027
   -0.046856    -0.094635    -0.101131    -0.073493    -0.019970     0.051487     0.134357     0.224055     0.317766     0.413852     0.511201     0.608725     0.705054     0.798420     0.886644     0.967235     1.037535     1.094918     1.136992     1.161794     1.167933     1.154690     1.122068     1.070818     1.002445     0.919209     0.824095     0.720730     0.613211     0.505833     0.402734     0.307513     0.222928     0.150764     0.091886     0.046449     0.014165    -0.005431    -0.012786    -0.008203     0.008203
   -0.045443    -0.090747    -0.095186    -0.065906    -0.011106     0.061328     0.144934     0.235176     0.329268     0.425580     0.522981     0.620343     0.716254     0.808899     0.896073     0.975270     1.043846     1.099211     1.139036     1.161431     1.165097     1.149408     1.114462     1.061107     0.990941     0.906315     0.810297     0.706569     0.599253     0.492620     0.390727     0.297047     0.214185     0.143776     0.086563     0.042617     0.011606    -0.006955    -0.013514    -0.008368     0.008368
   -0.043934    -0.086669    -0.089030    -0.058128    -0.002088     0.071284     0.155590     0.246343     0.340786     0.437292     0.534709     0.631873     0.727325     0.819210     0.905293     0.983061     1.049883     1.103211     1.140776     1.160768     1.161976     1.143866     1.106634     1.051220     0.979320     0.893372     0.796520     0.692503     0.585460     0.479628     0.378978     0.286852     0.205703     0.137022     0.081436     0.038938     0.009156    -0.008409    -0.014205    -0.008524     0.008524
   -0.042331    -0.082409    -0.082673    -0.050170     0.007073     0.081343     0.166312     0.257542     0.352305     0.448974     0.546374     0.643302     0.738257     0.829342     0.914296     0.990600     1.055643     1.106916     1.142215     1.159809     1.158576     1.138075     1.098597     1.041176     0.967600     0.880398     0.782786     0.678553     0.571848     0.466869     0.367495     0.276932     0.197485     0.130501     0.076501     0.035407     0.006811    -0.009797    -0.014862    -0.008670     0.008670
   -0.040636    -0.077973    -0.076125    -0.042045     0.016364     0.091492     0.177088     0.268764     0.363815     0.460615     0.557964     0.654620     0.749038     0.839284     0.923073     0.997882     1.061121     1.110325     1.143356     1.158562     1.154908     1.132048     1.090366     1.030990     0.955802     0.867413     0.769114     0.664737     0.558434     0.454358     0.356287     0.267292     0.189529     0.124211     0.071754     0.032020     0.004568    -0.011120    -0.015485    -0.008808     0.008808
   -0.038854    -0.073371    -0.069398    -0.033765     0.025771     0.101719     0.187906     0.279995     0.375304     0.472203     0.569467     0.665815     0.759659     0.849028     0.931617     1.004903     1.066316     1.113441     1.144203     1.157032     1.150982     1.125797     1.081956     1.020681     0.943943     0.854438     0.755524     0.651073     0.545234     0.442105     0.345361     0.257936     0.181836     0.118148     0.067194     0.028774     0.002423    -0.012382    -0.016077    -0.008938     0.008938
   -0.036987    -0.068610    -0.062504    -0.025343     0.035283     0.112010     0.198753     0.291223     0.386759     0.483726     0.580872     0.676877     0.770109     0.858566     0.939923     1.011657     1.071228     1.116265     1.144762     1.155229     1.146808     1.119336     1.073384     1.010266     0.932043     0.841493     0.742037     0.637580     0.532262     0.430121     0.334724     0.248864     0.174406     0.112311     0.062814     0.025664     0.000373    -0.013584    -0.016640    -0.009059     0.009059
   -0.035041    -0.063700    -0.055455    -0.016792     0.044885     0.122354     0.209617     0.302437     0.398169     0.495172     0.592167     0.687793     0.780379     0.867890     0.947983     1.018143     1.075855     1.118799     1.145038     1.153162     1.142399     1.112680     1.064666     0.999763     0.920121     0.828597     0.728670     0.624274     0.519533     0.418417     0.324381     0.240079     0.167235     0.106695     0.058611     0.022687    -0.001585    -0.014730    -0.017174    -0.009174     0.009174
   -0.033019    -0.058653    -0.048263    -0.008126     0.054564     0.132736     0.220485     0.313623     0.409522     0.506531     0.603342     0.698555     0.790460     0.876991     0.955793     1.024357     1.080198     1.121048     1.145038     1.150839     1.137767     1.105843     1.055819     0.989193     0.908199     0.815770     0.715442     0.611172     0.507060     0.407001     0.314336     0.231580     0.160322     0.101297     0.054581     0.019837    -0.003455    -0.015823    -0.017681    -0.009282     0.009282
   -0.030927    -0.053477    -0.040943     0.000642     0.064306     0.143143     0.231345     0.324770     0.420806     0.517790     0.614385     0.709152     0.800343     0.885865     0.963349     1.030298     1.084259     1.123016     1.144770     1.148272     1.132926     1.098841     1.046861     0.978572     0.896294     0.803032     0.702373     0.598289     0.494853     0.395881     0.304593     0.223368     0.153664     0.096112     0.050719     0.017112    -0.005241    -0.016863    -0.018163    -0.009384     0.009384
   -0.028771    -0.048186    -0.033507     0.009497     0.074098     0.153563     0.242184     0.335865     0.432009     0.528938     0.625286     0.719575     0.810021     0.894504     0.970648     1.035966     1.088040     1.124709     1.144242     1.145472     1.127888     1.091690     1.037809     0.967921     0.884426     0.790401     0.689478     0.585640     0.482924     0.385062     0.295153     0.215440     0.147257     0.091136     0.047020     0.014507    -0.006946    -0.017855    -0.018621    -0.009481     0.009481
   -0.026555    -0.042791    -0.025970     0.018424     0.083926     0.163983     0.252989     0.346898     0.443120     0.539965     0.636035     0.729815     0.819486     0.902903     0.977686     1.041360     1.091544     1.126132     1.143463     1.142451     1.122670     1.084406     1.028682     0.957258     0.872614     0.777895     0.676774     0.573239     0.471282     0.374550     0.286018     0.207796     0.141097     0.086363     0.043480     0.012016    -0.008573    -0.018801    -0.019057    -0.009572     0.009572
   -0.024286    -0.037303    -0.018347     0.027410     0.093776     0.174389     0.263748     0.357855     0.454127     0.550859     0.646622     0.739863     0.828731     0.911059     0.984461     1.046482     1.094776     1.127293     1.142444     1.139221     1.117284     1.077006     1.019497     0.946601     0.860878     0.765533     0.664278     0.561097     0.459936     0.364349     0.277188     0.200432     0.135181     0.081789     0.040092     0.009637    -0.010126    -0.019702    -0.019472    -0.009659     0.009659
   -0.021970    -0.031735    -0.010651     0.036440     0.103635     0.184768     0.274449     0.368725     0.465020     0.561611     0.657038     0.749713     0.837751     0.918967     0.990974     1.051333     1.097739     1.128199     1.141194     1.135795     1.111746     1.069507     1.010273     0.935971     0.849236     0.753332     0.652003     0.549226     0.448894     0.354462     0.268662     0.193346     0.129502     0.077408     0.036853     0.007364    -0.011608    -0.020562    -0.019867    -0.009741     0.009741
   -0.019613    -0.026100    -0.002897     0.045499     0.113488     0.195108     0.285081     0.379497     0.475788     0.572211     0.667275     0.759356     0.846540     0.926624     0.997222     1.055916     1.100439     1.128859     1.139724     1.132186     1.106072     1.061926     1.001027     0.925384     0.837704     0.741308     0.639964     0.537637     0.438160     0.344891     0.260439     0.186532     0.124056     0.073215     0.033757     0.005194    -0.013022    -0.021382    -0.020244    -0.009819     0.009819
   -0.017223    -0.020411     0.004900     0.054574     0.123322     0.205396     0.295630     0.390160     0.486420     0.582649     0.677323     0.768785     0.855093     0.934029     1.003207     1.060233     1.102883     1.129281     1.138046     1.128409     1.100277     1.054279     0.991777     0.914859     0.826301     0.729476     0.628173     0.526337     0.427740     0.335638     0.252517     0.179988     0.118838     0.069204     0.030799     0.003123    -0.014372    -0.022164    -0.020604    -0.009894     0.009894
   -0.014805    -0.014680     0.012726     0.063650     0.133125     0.215620     0.306086     0.400703     0.496907     0.592916     0.687176     0.777996     0.863406     0.941178     1.008929     1.064290     1.105078     1.129475     1.136172     1.124476     1.094377     1.046584     0.982541     0.904413     0.815043     0.717851     0.616641     0.515336     0.417639     0.326702     0.244893     0.173708     0.113841     0.065370     0.027975     0.001145    -0.015661    -0.022912    -0.020948    -0.009965     0.009965
   -0.012367    -0.008920     0.020567     0.072713     0.142882     0.225768     0.316438     0.411115     0.507239     0.603004     0.696826     0.786981     0.871477     0.948072     1.014391     1.068089     1.107029     1.129451     1.134115     1.120404     1.088388     1.038857     0.973336     0.894063     0.803946     0.706446     0.605380     0.504641     0.407858     0.318083     0.237564     0.167687     0.109061     0.061708     0.025279    -0.000742    -0.016891    -0.023626    -0.021277    -0.010034     0.010034
   -0.009915    -0.003145     0.028407     0.081749     0.152583     0.235828     0.326674     0.421387     0.517407     0.612905     0.706266     0.795737     0.879302     0.954710     1.019594     1.071637     1.108746     1.129218     1.131885     1.116204     1.082324     1.031115     0.964178     0.883825     0.793024     0.695274     0.594399     0.494256     0.398401     0.309779     0.230525     0.161919     0.104491     0.058211     0.022706    -0.002543    -0.018065    -0.024308    -0.021592    -0.010100     0.010100
   -0.007455     0.002634     0.036233     0.090745     0.162213     0.245789     0.336784     0.431510     0.527402     0.622611     0.715491     0.804259     0.886879     0.961092     1.024542     1.074939     1.110236     1.128789     1.129497     1.111893     1.076203     1.023375     0.955084     0.873716     0.782292     0.684347     0.583706     0.484186     0.389266     0.301788     0.223772     0.156400     0.100125     0.054873     0.020252    -0.004261    -0.019187    -0.024961    -0.021894    -0.010164     0.010164
   -0.004995     0.008404     0.044031     0.099687     0.171761     0.255640     0.346759     0.441473     0.537216     0.632115     0.724495     0.812544     0.894207     0.967219     1.029238     1.078002     1.111508     1.128173     1.126963     1.107484     1.070039     1.015651     0.946071     0.863749     0.771763     0.673675     0.573308     0.474435     0.380456     0.294106     0.217300     0.151122     0.095957     0.051690     0.017912    -0.005900    -0.020258    -0.025586    -0.022185    -0.010226     0.010226
   -0.002541     0.014152     0.051787     0.108564     0.181216     0.265370     0.356589     0.451268     0.546841     0.641411     0.733273     0.820588     0.901284     0.973094     1.033687     1.080831     1.112571     1.127381     1.124296     1.102992     1.063847     1.007959     0.937151     0.853939     0.761448     0.663268     0.563211     0.465006     0.371968     0.286731     0.211103     0.146080     0.091982     0.048656     0.015681    -0.007464    -0.021283    -0.026186    -0.022465    -0.010287     0.010287
   -0.000099     0.019867     0.059489     0.117361     0.190565     0.274970     0.366264     0.460888     0.556271     0.650493     0.741821     0.828390     0.908112     0.978718     1.037892     1.083434     1.113434     1.126426     1.121508     1.098431     1.057642     1.000315     0.928342     0.844299     0.751359     0.653134     0.553421     0.455899     0.363801     0.279658     0.205176     0.141267     0.088191     0.045765     0.013555    -0.008957    -0.022262    -0.026760    -0.022734    -0.010346     0.010346
    0.002325     0.025536     0.067123     0.126067     0.199799     0.284429     0.375776     0.470324     0.565498     0.659356     0.750135     0.835947     0.914689     0.984094     1.041859     1.085818     1.114108     1.125318     1.118614     1.093814     1.051439     0.992733     0.919655     0.834841     0.741507     0.643280     0.543941     0.447116     0.355953     0.272882     0.199513     0.136677     0.084581     0.043012     0.011530    -0.010380    -0.023198    -0.027312    -0.022995    -0.010404     0.010404
    0.004724     0.031150     0.074677     0.134672     0.208908     0.293739     0.385117     0.479569     0.574517     0.667995     0.758212     0.843258     0.921018     0.989224     1.045594     1.087992     1.114600     1.124068     1.115624     1.089155     1.045251     0.985226     0.911104     0.825577     0.731900     0.633712     0.534775     0.438657     0.348420     0.266399     0.194107     0.132303     0.081145     0.040393     0.009601    -0.011738    -0.024094    -0.027842    -0.023247    -0.010460     0.010460
    0.007094     0.036696     0.082139     0.143162     0.217880     0.302891     0.394279     0.488617     0.583322     0.676406     0.766049     0.850323     0.927099     0.994114     1.049102     1.089962     1.114923     1.122689     1.112553     1.084467     1.039092     0.977808     0.902701     0.816517     0.722546     0.624436     0.525924     0.430519     0.341199     0.260202     0.188953     0.128140     0.077876     0.037901     0.007764    -0.013034    -0.024951    -0.028352    -0.023491    -0.010516     0.010516
    0.009428     0.042165     0.089498     0.151529     0.226708     0.311877     0.403255     0.497461     0.591909     0.684584     0.773645     0.857141     0.932934     0.998766     1.052389     1.091737     1.115084     1.121191     1.109411     1.079764     1.032976     0.970491     0.894458     0.807671     0.713453     0.615457     0.517390     0.422702     0.334286     0.254286     0.184043     0.124180     0.074769     0.035532     0.006016    -0.014271    -0.025772    -0.028843    -0.023728    -0.010572     0.010572
    0.011722     0.047547     0.096742     0.159761     0.235381     0.320689     0.412039     0.506096     0.600272     0.692529     0.780999     0.863713     0.938526     1.003185     1.055463     1.093325     1.115095     1.119585     1.106212     1.075058     1.026913     0.963287     0.886385     0.799048     0.704627     0.606776     0.509173     0.415203     0.327675     0.248644     0.179371     0.120417     0.071819     0.033281     0.004352    -0.015450    -0.026559    -0.029316    -0.023959    -0.010627     0.010627
    0.013971     0.052833     0.103863     0.167850     0.243893     0.329321     0.420624     0.514518     0.608408     0.700235     0.788108     0.870039     0.943878     1.007376     1.058328     1.094735     1.114964     1.117883     1.102967     1.070360     1.020917     0.956207     0.878491     0.790655     0.696073     0.598398     0.501272     0.408018     0.321362     0.243271     0.174930     0.116845     0.069019     0.031144     0.002770    -0.016575    -0.027313    -0.029772    -0.024184    -0.010681     0.010681
    0.016170     0.058014     0.110850     0.175785     0.252234     0.337765     0.429005     0.522720     0.616313     0.707703     0.794973     0.876122     0.948992     1.011344     1.060993     1.095976     1.114702     1.116095     1.099686     1.065682     1.014998     0.949261     0.870786     0.782499     0.687795     0.590322     0.493686     0.401144     0.315341     0.238160     0.170715     0.113458     0.066364     0.029116     0.001265    -0.017649    -0.028035    -0.030213    -0.024403    -0.010736     0.010736
    0.018316     0.063082     0.117693     0.183560     0.260399     0.346016     0.437178     0.530701     0.623986     0.714930     0.801594     0.881962     0.953872     1.015094     1.063465     1.097054     1.114318     1.114232     1.096382     1.061036     1.009166     0.942458     0.863277     0.774585     0.679797     0.582550     0.486413     0.394576     0.309606     0.233305     0.166717     0.110250     0.063850     0.027193    -0.000165    -0.018674    -0.028729    -0.030639    -0.024617    -0.010790     0.010790
    0.020404     0.068029     0.124385     0.191166     0.268380     0.354069     0.445138     0.538456     0.631423     0.721915     0.807972     0.887562     0.958523     1.018632     1.065749     1.097980     1.113822     1.112303     1.093064     1.056430     1.003432     0.935808     0.855971     0.766919     0.672081     0.575082     0.479450     0.388310     0.304151     0.228698     0.162931     0.107214     0.061471     0.025371    -0.001523    -0.019651    -0.029395    -0.031051    -0.024827    -0.010844     0.010844
    0.022432     0.072850     0.130918     0.198596     0.276172     0.361918     0.452881     0.545982     0.638623     0.728658     0.814107     0.892925     0.962947     1.021963     1.067855     1.098760     1.113223     1.110318     1.089743     1.051876     0.997804     0.929318     0.848875     0.759505     0.664649     0.567917     0.472794     0.382341     0.298970     0.224333     0.159350     0.104344     0.059222     0.023646    -0.002813    -0.020583    -0.030034    -0.031450    -0.025032    -0.010899     0.010899
    0.024396     0.077536     0.137285     0.205843     0.283768     0.369559     0.460403     0.553278     0.645584     0.735159     0.820000     0.898052     0.967150     1.025093     1.069787     1.099404     1.112530     1.108288     1.086428     1.047382     0.992290     0.922994     0.841993     0.752346     0.657502     0.561053     0.466441     0.376663     0.294057     0.220203     0.155967     0.101636     0.057098     0.022014    -0.004038    -0.021473    -0.030647    -0.031837    -0.025234    -0.010953     0.010953
    0.026293     0.082084     0.143478     0.212901     0.291164     0.376988     0.467703     0.560341     0.652307     0.741418     0.825654     0.902949     0.971136     1.028028     1.071554     1.099920     1.111751     1.106220     1.083127     1.042957     0.986899     0.916844     0.835331     0.745444     0.650639     0.554487     0.460387     0.371271     0.289404     0.216301     0.152777     0.099084     0.055095     0.020472    -0.005199    -0.022321    -0.031237    -0.032212    -0.025432    -0.011008     0.011008
    0.028123     0.086488     0.149493     0.219765     0.298356     0.384203     0.474777     0.567170     0.658790     0.747436     0.831071     0.907617     0.974910     1.030774     1.073163     1.100314     1.110896     1.104124     1.079850     1.038607     0.981637     0.910873     0.828892     0.738802     0.644060     0.548218     0.454627     0.366158     0.285006     0.212622     0.149772     0.096681     0.053208     0.019016    -0.006299    -0.023129    -0.031803    -0.032576    -0.025627    -0.011064     0.011064
    0.029881     0.090743     0.155323     0.226430     0.305339     0.391200     0.481624     0.573765     0.665034     0.753215     0.836252     0.912060     0.978476     1.033338     1.074621     1.100596     1.109971     1.102008     1.076604     1.034342     0.976510     0.905085     0.822679     0.732419     0.637764     0.542242     0.449157     0.361318     0.280855     0.209158     0.146948     0.094424     0.051434     0.017644    -0.007342    -0.023900    -0.032348    -0.032930    -0.025819    -0.011119     0.011119
    0.031568     0.094846     0.160965     0.232891     0.312111     0.397977     0.488243     0.580124     0.671039     0.758756     0.841202     0.916283     0.981841     1.035724     1.075934     1.100772     1.108985     1.099879     1.073396     1.030167     0.971524     0.899485     0.816694     0.726297     0.631749     0.536554     0.443971     0.356746     0.276944     0.205902     0.144298     0.092306     0.049768     0.016351    -0.008328    -0.024634    -0.032871    -0.033274    -0.026008    -0.011175     0.011175
    0.033181     0.098794     0.166415     0.239144     0.318667     0.404532     0.494632     0.586248     0.676807     0.764060     0.845922     0.920290     0.985008     1.037940     1.077109     1.100849     1.107945     1.097744     1.070234     1.026088     0.966683     0.894076     0.810939     0.720434     0.626013     0.531152     0.439062     0.352433     0.273268     0.202849     0.141817     0.090324     0.048206     0.015136    -0.009260    -0.025333    -0.033374    -0.033608    -0.026194    -0.011232     0.011232
    0.034720     0.102584     0.171668     0.245188     0.325007     0.410863     0.500792     0.592138     0.682338     0.769131     0.850416     0.924084     0.987983     1.039991     1.078153     1.100835     1.106859     1.095611     1.067122     1.022111     0.961992     0.888860     0.805415     0.714830     0.620552     0.526029     0.434427     0.348375     0.269819     0.199991     0.139498     0.088473     0.046745     0.013995    -0.010141    -0.025998    -0.033858    -0.033934    -0.026378    -0.011288     0.011288
    0.036185     0.106214     0.176723     0.251018     0.331127     0.416971     0.506722     0.597794     0.687634     0.773971     0.854687     0.927670     0.990771     1.041883     1.079073     1.100737     1.105732     1.093485     1.064068     1.018240     0.957455     0.883840     0.800122     0.709484     0.615363     0.521182     0.430057     0.344564     0.266591     0.197324     0.137337     0.086747     0.045382     0.012926    -0.010970    -0.026631    -0.034322    -0.034250    -0.026560    -0.011346     0.011346
    0.037574     0.109683     0.181576     0.256632     0.337027     0.422854     0.512423     0.603217     0.692698     0.778582     0.858740     0.931053     0.993378     1.043621     1.079873     1.100560     1.104571     1.091373     1.061077     1.014479     0.953073     0.879017     0.795059     0.704392     0.610444     0.516605     0.425948     0.340994     0.263577     0.194841     0.135329     0.085144     0.044112     0.011926    -0.011752    -0.027232    -0.034769    -0.034558    -0.026739    -0.011403     0.011403
    0.038888     0.112990     0.186227     0.262030     0.342705     0.428512     0.517895     0.608408     0.697531     0.782968     0.862578     0.934238     0.995809     1.045212     1.080562     1.100310     1.103382     1.089280     1.058152     1.010832     0.948849     0.874391     0.790226     0.699553     0.605788     0.512292     0.422093     0.337658     0.260772     0.192536     0.133468     0.083658     0.042934     0.010994    -0.012486    -0.027802    -0.035197    -0.034857    -0.026916    -0.011461     0.011461
    0.040127     0.116135     0.190675     0.267209     0.348161     0.433945     0.523140     0.613371     0.702136     0.787131     0.866204     0.937228     0.998068     1.046662     1.081143     1.099994     1.102171     1.087210     1.055297     1.007302     0.944786     0.869964     0.785621     0.694963     0.601392     0.508239     0.418486     0.334549     0.258167     0.190403     0.131749     0.082287     0.041843     0.010127    -0.013174    -0.028343    -0.035609    -0.035149    -0.027091    -0.011519     0.011519
    0.041292     0.119117     0.194918     0.272170     0.353394     0.439154     0.528158     0.618107     0.706516     0.791076     0.869624     0.940028     1.000162     1.047975     1.081623     1.099616     1.100941     1.085169     1.052518     1.003892     0.940883     0.865733     0.781243     0.690620     0.597252     0.504438     0.415119     0.331662     0.255758     0.188437     0.130169     0.081026     0.040837     0.009322    -0.013819    -0.028854    -0.036003    -0.035432    -0.027263    -0.011578     0.011578
    0.042384     0.121938     0.198957     0.276911     0.358405     0.444140     0.532953     0.622617     0.710674     0.794806     0.872841     0.942644     1.002095     1.049156     1.082008     1.099182     1.099699     1.083160     1.049816     1.000603     0.937143     0.861700     0.777089     0.686518     0.593361     0.500885     0.411988     0.328989     0.253539     0.186632     0.128721     0.079871     0.039914     0.008579    -0.014420    -0.029338    -0.036381    -0.035708    -0.027433    -0.011637     0.011637
    0.043402     0.124597     0.202792     0.281434     0.363195     0.448905     0.537524     0.626906     0.714613     0.798325     0.875859     0.945079     1.003871     1.050212     1.082301     1.098697     1.098448     1.081186     1.047193     0.997437     0.933564     0.857862     0.773156     0.682655     0.589715     0.497573     0.409084     0.326525     0.251503     0.184984     0.127403     0.078820     0.039070     0.007895    -0.014979    -0.029794    -0.036743    -0.035976    -0.027601    -0.011696     0.011696
    0.044350     0.127098     0.206424     0.285738     0.367764     0.453449     0.541876     0.630976     0.718337     0.801636     0.878683     0.947340     1.005497     1.051147     1.082509     1.098165     1.097192     1.079251     1.044654     0.994395     0.930148     0.854217     0.769442     0.679026     0.586309     0.494496     0.406403     0.324262     0.249644     0.183487     0.126210     0.077869     0.038305     0.007269    -0.015498    -0.030223    -0.037090    -0.036236    -0.027767    -0.011755     0.011755
    0.045226     0.129441     0.209855     0.289825     0.372113     0.457774     0.546011     0.634829     0.721848     0.804744     0.881317     0.949429     1.006977     1.051966     1.082635     1.097591     1.095936     1.077358     1.042198     0.991477     0.926892     0.850765     0.765943     0.675626     0.583136     0.491649     0.403938     0.322196     0.247958     0.182137     0.125138     0.077014     0.037614     0.006699    -0.015976    -0.030626    -0.037420    -0.036489    -0.027930    -0.011815     0.011815
    0.046035     0.131628     0.213086     0.293697     0.376244     0.461884     0.549930     0.638470     0.725152     0.807652     0.883766     0.951353     1.008315     1.052673     1.082684     1.096978     1.094681     1.075509     1.039828     0.988684     0.923796     0.847502     0.762655     0.672451     0.580192     0.489023     0.401681     0.320319     0.246438     0.180928     0.124183     0.076254     0.036996     0.006184    -0.016416    -0.031003    -0.037735    -0.036733    -0.028091    -0.011874     0.011874
    0.046775     0.133663     0.216119     0.297354     0.380160     0.465779     0.553638     0.641902     0.728252     0.810366     0.886034     0.953114     1.009517     1.053274     1.082660     1.096329     1.093431     1.073705     1.037544     0.986016     0.920858     0.844425     0.759575     0.669495     0.577470     0.486615     0.399628     0.318626     0.245080     0.179857     0.123342     0.075585     0.036450     0.005722    -0.016817    -0.031354    -0.038034    -0.036971    -0.028249    -0.011934     0.011934
    0.047451     0.135547     0.218957     0.300799     0.383860     0.469462     0.557137     0.645128     0.731151     0.812889     0.888126     0.954719     1.010586     1.053771     1.082568     1.095649     1.092188     1.071950     1.035347     0.983471     0.918078     0.841532     0.756697     0.666754     0.574965     0.484417     0.397772     0.317112     0.243878     0.178919     0.122610     0.075005     0.035972     0.005312    -0.017181    -0.031680    -0.038318    -0.037200    -0.028404    -0.011993     0.011993
    0.048063     0.137283     0.221603     0.304034     0.387350     0.472937     0.560430     0.648152     0.733854     0.815225     0.890046     0.956172     1.011527     1.054170     1.082409     1.094940     1.090956     1.070243     1.033237     0.981049     0.915452     0.838820     0.754019     0.664221     0.572671     0.482423     0.396106     0.315770     0.242827     0.178109     0.121986     0.074510     0.035562     0.004953    -0.017509    -0.031981    -0.038587    -0.037421    -0.028557    -0.012053     0.012053
    0.048613     0.138876     0.224059     0.307063     0.390630     0.476206     0.563521     0.650977     0.736365     0.817379     0.891798     0.957476     1.012345     1.054474     1.082189     1.094205     1.089735     1.068586     1.031214     0.978749     0.912978     0.836285     0.751535     0.661893     0.570582     0.480627     0.394626     0.314595     0.241922     0.177424     0.121464     0.074100     0.035218     0.004643    -0.017800    -0.032258    -0.038841    -0.037634    -0.028706    -0.012112     0.012112
    0.049103     0.140328     0.226329     0.309887     0.393703     0.479271     0.566413     0.653609     0.738688     0.819355     0.893386     0.958637     1.013043     1.054686     1.081911     1.093446     1.088527     1.066979     1.029279     0.976570     0.910654     0.833923     0.749242     0.659763     0.568692     0.479024     0.393325     0.313581     0.241159     0.176860     0.121044     0.073770     0.034938     0.004383    -0.018056    -0.032510    -0.039079    -0.037839    -0.028852    -0.012171     0.012171
    0.049535     0.141643     0.228417     0.312511     0.396573     0.482137     0.569110     0.656050     0.740827     0.821158     0.894816     0.959658     1.013625     1.054812     1.081576     1.092666     1.087334     1.065424     1.027429     0.974509     0.908477     0.831730     0.747133     0.657827     0.566995     0.477607     0.392197     0.312724     0.240533     0.176413     0.120720     0.073520     0.034720     0.004170    -0.018276    -0.032738    -0.039302    -0.038036    -0.028995    -0.012229     0.012229
    0.049912     0.142825     0.230327     0.314937     0.399243     0.484807     0.571616     0.658305     0.742788     0.822792     0.896092     0.960543     1.014095     1.054853     1.081189     1.091867     1.086157     1.063920     1.025665     0.972565     0.906443     0.829703     0.745204     0.656078     0.565485     0.476370     0.391237     0.312019     0.240040     0.176080     0.120492     0.073347     0.034563     0.004004    -0.018462    -0.032942    -0.039510    -0.038224    -0.029135    -0.012287     0.012287
    0.050235     0.143877     0.232062     0.317169     0.401716     0.487284     0.573934     0.660377     0.744572     0.824261     0.897216     0.961297     1.014457     1.054813     1.080751     1.091050     1.084996     1.062467     1.023985     0.970735     0.904551     0.827837     0.743451     0.654511     0.564157     0.475308     0.390439     0.311460     0.239676     0.175857     0.120355     0.073249     0.034466     0.003885    -0.018614    -0.033121    -0.039702    -0.038404    -0.029271    -0.012344     0.012344
    0.050507     0.144804     0.233627     0.319211     0.403996     0.489571     0.576068     0.662272     0.746187     0.825569     0.898195     0.961924     1.014715     1.054696     1.080265     1.090217     1.083853     1.061065     1.022387     0.969018     0.902795     0.826128     0.741868     0.653120     0.563006     0.474415     0.389799     0.311042     0.239435     0.175740     0.120308     0.073224     0.034428     0.003811    -0.018732    -0.033277    -0.039878    -0.038574    -0.029402    -0.012401     0.012401
    0.050730     0.145609     0.235026     0.321068     0.406086     0.491673     0.578022     0.663993     0.747634     0.826721     0.899032     0.962426     1.014871     1.054503     1.079733     1.089370     1.082729     1.059713     1.020872     0.967410     0.901174     0.824572     0.740451     0.651901     0.562024     0.473685     0.389310     0.310762     0.239316     0.175726     0.120348     0.073270     0.034446     0.003781    -0.018816    -0.033409    -0.040039    -0.038736    -0.029530    -0.012456     0.012456
    0.050905     0.146298     0.236263     0.322742     0.407990     0.493592     0.579800     0.665544     0.748919     0.827721     0.899730     0.962809     1.014930     1.054238     1.079157     1.088510     1.081622     1.058412     1.019436     0.965910     0.899683     0.823164     0.739194     0.650848     0.561207     0.473113     0.388968     0.310614     0.239313     0.175813     0.120472     0.073386     0.034521     0.003796    -0.018867    -0.033517    -0.040184    -0.038888    -0.029654    -0.012511     0.012511
    0.051036     0.146873     0.237345     0.324239     0.409711     0.495333     0.581407     0.666929     0.750046     0.828573     0.900295     0.963076     1.014894     1.053903     1.078540     1.087637     1.080534     1.057159     1.018078     0.964514     0.898318     0.821901     0.738092     0.649955     0.560549     0.472695     0.388768     0.310594     0.239423     0.175998     0.120678     0.073571     0.034651     0.003853    -0.018885    -0.033601    -0.040312    -0.039030    -0.029772    -0.012565     0.012565
    0.051123     0.147340     0.238274     0.325562     0.411255     0.496899     0.582844     0.668153     0.751020     0.829281     0.900729     0.963230     1.014766     1.053501     1.077882     1.086753     1.079465     1.055954     1.016796     0.963219     0.897077     0.820777     0.737140     0.649217     0.560046     0.472423     0.388705     0.310699     0.239642     0.176277     0.120965     0.073821     0.034836     0.003954    -0.018870    -0.033661    -0.040425    -0.039163    -0.029886    -0.012618     0.012618
    0.051170     0.147702     0.239056     0.326717     0.412624     0.498295     0.584118     0.669219     0.751843     0.829849     0.901037     0.963274     1.014549     1.053035     1.077186     1.085859     1.078413     1.054796     1.015588     0.962023     0.895955     0.819788     0.736334     0.648628     0.559690     0.472294     0.388775     0.310923     0.239967     0.176647     0.121329     0.074137     0.035073     0.004097    -0.018823    -0.033697    -0.040521    -0.039285    -0.029996    -0.012670     0.012670
    0.051178     0.147964     0.239696     0.327708     0.413823     0.499525     0.585231     0.670132     0.752521     0.830282     0.901222     0.963213     1.014247     1.052505     1.076452     1.084954     1.077380     1.053683     1.014452     0.960922     0.894948     0.818929     0.735669     0.648185     0.559479     0.472302     0.388972     0.311262     0.240395     0.177107     0.121769     0.074516     0.035362     0.004282    -0.018743    -0.033709    -0.040600    -0.039397    -0.030099    -0.012720     0.012720
    0.051150     0.148131     0.240198     0.328539     0.414857     0.500591     0.586188     0.670896     0.753057     0.830583     0.901288     0.963048     1.013861     1.051915     1.075683     1.084041     1.076365     1.052615     1.013386     0.959913     0.894053     0.818197     0.735139     0.647881     0.559405     0.472443     0.389293     0.311714     0.240922     0.177653     0.122283     0.074958     0.035703     0.004508    -0.018631    -0.033697    -0.040662    -0.039499    -0.030198    -0.012769     0.012769
    0.051087     0.148205     0.240568     0.329215     0.415729     0.501498     0.586993     0.671515     0.753456     0.830756     0.901239     0.962784     1.013395     1.051266     1.074879     1.083118     1.075366     1.051590     1.012387     0.958994     0.893265     0.817586     0.734739     0.647711     0.559465     0.472712     0.389732     0.312274     0.241546     0.178284     0.122870     0.075460     0.036094     0.004775    -0.018487    -0.033661    -0.040707    -0.039589    -0.030290    -0.012817     0.012817
    0.050991     0.148192     0.240811     0.329741     0.416443     0.502251     0.587649     0.671992     0.753721     0.830804     0.901077     0.962424     1.012851     1.050560     1.074041     1.082186     1.074384     1.050606     1.011453     0.958161     0.892582     0.817093     0.734466     0.647671     0.559653     0.473103     0.390287     0.312939     0.242262     0.178995     0.123527     0.076022     0.036535     0.005082    -0.018310    -0.033600    -0.040734    -0.039668    -0.030377    -0.012862     0.012862
    0.050864     0.148095     0.240930     0.330122     0.417004     0.502852     0.588160     0.672331     0.753857     0.830733     0.900808     0.961970     1.012231     1.049798     1.073171     1.081245     1.073417     1.049663     1.010581     0.957411     0.891998     0.816712     0.734313     0.647755     0.559964     0.473614     0.390952     0.313705     0.243070     0.179787     0.124252     0.076642     0.037024     0.005430    -0.018102    -0.033515    -0.040744    -0.039736    -0.030458    -0.012906     0.012906
    0.050708     0.147919     0.240932     0.330362     0.417417     0.503307     0.588531     0.672537     0.753866     0.830544     0.900433     0.961425     1.011537     1.048983     1.072269     1.080296     1.072466     1.048757     1.009770     0.956741     0.891510     0.816440     0.734277     0.647960     0.560395     0.474239     0.391725     0.314568     0.243964     0.180655     0.125044     0.077320     0.037562     0.005817    -0.017861    -0.033405    -0.040736    -0.039791    -0.030532    -0.012949     0.012949
    0.050525     0.147667     0.240821     0.330466     0.417685     0.503618     0.588764     0.672613     0.753754     0.830242     0.899955     0.960792     1.010772     1.048117     1.071335     1.079338     1.071529     1.047888     1.009016     0.956147     0.891115     0.816273     0.734353     0.648279     0.560940     0.474974     0.392600     0.315526     0.244943     0.181598     0.125902     0.078054     0.038148     0.006244    -0.017589    -0.033270    -0.040710    -0.039835    -0.030599    -0.012989     0.012989
    0.050316     0.147343     0.240602     0.330439     0.417813     0.503791     0.588865     0.672563     0.753522     0.829831     0.899379     0.960073     1.009938     1.047199     1.070372     1.078371     1.070605     1.047053     1.008317     0.955627     0.890808     0.816205     0.734537     0.648710     0.561595     0.475814     0.393575     0.316575     0.246005     0.182614     0.126823     0.078842     0.038780     0.006710    -0.017285    -0.033110    -0.040665    -0.039866    -0.030660    -0.013027     0.013027
    0.050084     0.146952     0.240280     0.330286     0.417806     0.503828     0.588835     0.672391     0.753176     0.829313     0.898707     0.959272     1.009037     1.046232     1.069379     1.077396     1.069693     1.046252     1.007672     0.955176     0.890586     0.816233     0.734824     0.649246     0.562355     0.476757     0.394645     0.317712     0.247146     0.183701     0.127806     0.079685     0.039458     0.007215    -0.016950    -0.032926    -0.040602    -0.039885    -0.030713    -0.013063     0.013063
    0.049829     0.146497     0.239858     0.330012     0.417667     0.503734     0.588680     0.672100     0.752719     0.828692     0.897943     0.958391     1.008071     1.045218     1.068357     1.076411     1.068793     1.045482     1.007076     0.954793     0.890445     0.816354     0.735209     0.649884     0.563217     0.477798     0.395808     0.318934     0.248364     0.184857     0.128851     0.080581     0.040182     0.007758    -0.016582    -0.032716    -0.040520    -0.039890    -0.030759    -0.013097     0.013097
    0.049554     0.145981     0.239343     0.329621     0.417401     0.503513     0.588402     0.671693     0.752153     0.827971     0.897088     0.957432     1.007042     1.044156     1.067307     1.075417     1.067902     1.044742     1.006528     0.954474     0.890382     0.816562     0.735689     0.650620     0.564176     0.478932     0.397060     0.320238     0.249657     0.186079     0.129954     0.081529     0.040951     0.008339    -0.016183    -0.032480    -0.040418    -0.039882    -0.030797    -0.013128     0.013128
    0.049260     0.145409     0.238738     0.329118     0.417013     0.503168     0.588006     0.671175     0.751483     0.827153     0.896146     0.956398     1.005951     1.043050     1.066228     1.074414     1.067022     1.044030     1.006025     0.954215     0.890392     0.816853     0.736259     0.651450     0.565229     0.480158     0.398397     0.321622     0.251022     0.187367     0.131116     0.082527     0.041764     0.008958    -0.015752    -0.032219    -0.040297    -0.039861    -0.030827    -0.013157     0.013157
    0.048948     0.144783     0.238048     0.328507     0.416506     0.502703     0.587495     0.670548     0.750711     0.826242     0.895120     0.955290     1.004801     1.041898     1.065122     1.073401     1.066149     1.043344     1.005566     0.954015     0.890473     0.817225     0.736916     0.652369     0.566371     0.481470     0.399816     0.323082     0.252457     0.188718     0.132334     0.083576     0.042621     0.009615    -0.015290    -0.031933    -0.040156    -0.039826    -0.030850    -0.013183     0.013183
    0.048619     0.144106     0.237278     0.327793     0.415884     0.502123     0.586872     0.669815     0.749841     0.825240     0.894012     0.954112     1.003592     1.040704     1.063989     1.072377     1.065284     1.042681     1.005146     0.953869     0.890621     0.817673     0.737655     0.653373     0.567598     0.482865     0.401315     0.324616     0.253960     0.190131     0.133607     0.084674     0.043521     0.010310    -0.014796    -0.031621    -0.039995    -0.039776    -0.030863    -0.013207     0.013207
    0.048276     0.143383     0.236430     0.326981     0.415153     0.501431     0.586141     0.668981     0.748876     0.824150     0.892825     0.952865     1.002327     1.039467     1.062829     1.071343     1.064425     1.042042     1.004765     0.953775     0.890832     0.818194     0.738472     0.654459     0.568908     0.484340     0.402890     0.326221     0.255529     0.191604     0.134935     0.085821     0.044464     0.011041    -0.014270    -0.031282    -0.039814    -0.039712    -0.030869    -0.013228     0.013228
    0.047919     0.142616     0.235511     0.326075     0.414316     0.500630     0.585305     0.668049     0.747820     0.822976     0.891562     0.951551     1.001008     1.038189     1.061642     1.070299     1.063571     1.041423     1.004419     0.953730     0.891104     0.818783     0.739365     0.655622     0.570295     0.485892     0.404538     0.327895     0.257161     0.193135     0.136315     0.087014     0.045449     0.011809    -0.013713    -0.030918    -0.039612    -0.039633    -0.030865    -0.013245     0.013245
    0.047549     0.141808     0.234523     0.325079     0.413377     0.499724     0.584367     0.667020     0.746674     0.821720     0.890225     0.950173     0.999635     1.036871     1.060429     1.069243     1.062721     1.040824     1.004106     0.953731     0.891432     0.819438     0.740328     0.656860     0.571758     0.487517     0.406256     0.329635     0.258855     0.194722     0.137747     0.088255     0.046476     0.012614    -0.013124    -0.030527    -0.039390    -0.039539    -0.030852    -0.013260     0.013260
    0.047168     0.140962     0.233471     0.323998     0.412341     0.498718     0.583332     0.665899     0.745442     0.820384     0.888815     0.948732     0.998210     1.035513     1.059190     1.068175     1.061874     1.040242     1.003825     0.953775     0.891815     0.820154     0.741359     0.658169     0.573292     0.489212     0.408042     0.331439     0.260608     0.196365     0.139230     0.089541     0.047544     0.013456    -0.012504    -0.030110    -0.039146    -0.039430    -0.030830    -0.013272     0.013272
    0.046776     0.140082     0.232359     0.322836     0.411211     0.497614     0.582201     0.664689     0.744127     0.818972     0.887337     0.947231     0.996735     1.034116     1.057925     1.067095     1.061029     1.039675     1.003572     0.953860     0.892247     0.820929     0.742454     0.659544     0.574894     0.490975     0.409892     0.333304     0.262419     0.198061     0.140762     0.090872     0.048653     0.014333    -0.011852    -0.029666    -0.038882    -0.039306    -0.030798    -0.013280     0.013280
    0.046376     0.139168     0.231189     0.321597     0.409991     0.496416     0.580979     0.663392     0.742731     0.817486     0.885792     0.945671     0.995211     1.032682     1.056635     1.066003     1.060185     1.039123     1.003346     0.953983     0.892728     0.821760     0.743610     0.660984     0.576560     0.492802     0.411805     0.335229     0.264286     0.199809     0.142342     0.092248     0.049801     0.015247    -0.011169    -0.029196    -0.038596    -0.039165    -0.030757    -0.013285     0.013285
    0.045967     0.138225     0.229967     0.320285     0.408686     0.495128     0.579668     0.662011     0.741257     0.815928     0.884181     0.944054     0.993639     1.031210     1.055320     1.064898     1.059341     1.038583     1.003145     0.954142     0.893253     0.822643     0.744823     0.662484     0.578289     0.494690     0.413778     0.337211     0.266207     0.201608     0.143968     0.093667     0.050989     0.016196    -0.010454    -0.028699    -0.038288    -0.039009    -0.030705    -0.013286     0.013286
    0.045551     0.137254     0.228695     0.318903     0.407299     0.493754     0.578272     0.660550     0.739709     0.814301     0.882508     0.942382     0.992021     1.029702     1.053979     1.063780     1.058495     1.038054     1.002966     0.954333     0.893820     0.823574     0.746091     0.664041     0.580076     0.496636     0.415807     0.339248     0.268181     0.203456     0.145641     0.095128     0.052217     0.017181    -0.009708    -0.028175    -0.037958    -0.038836    -0.030644    -0.013284     0.013284
    0.045128     0.136258     0.227377     0.317457     0.405833     0.492296     0.576793     0.659010     0.738088     0.812607     0.880775     0.940657     0.990358     1.028159     1.052614     1.062648     1.057648     1.037535     1.002807     0.954555     0.894426     0.824552     0.747409     0.665653     0.581919     0.498638     0.417892     0.341337     0.270204     0.205351     0.147359     0.096631     0.053483     0.018200    -0.008931    -0.027623    -0.037606    -0.038646    -0.030572    -0.013278     0.013278
    0.044699     0.135240     0.226016     0.315949     0.404294     0.490758     0.575234     0.657395     0.736397     0.810848     0.878983     0.938879     0.988652     1.026581     1.051223     1.061502     1.056798     1.037023     1.002667     0.954804     0.895069     0.825572     0.748775     0.667316     0.583815     0.500694     0.420028     0.343477     0.272276     0.207293     0.149120     0.098175     0.054787     0.019255    -0.008122    -0.027045    -0.037232    -0.038440    -0.030489    -0.013269     0.013269
    0.044266     0.134201     0.224615     0.314383     0.402684     0.489143     0.573600     0.655708     0.734638     0.809028     0.877134     0.937052     0.986902     1.024970     1.049809     1.060341     1.055943     1.036519     1.002543     0.955080     0.895745     0.826633     0.750187     0.669027     0.585761     0.502800     0.422215     0.345666     0.274396     0.209280     0.150925     0.099760     0.056129     0.020344    -0.007282    -0.026440    -0.036835    -0.038217    -0.030395    -0.013255     0.013255
    0.043829     0.133143     0.223178     0.312763     0.401006     0.487455     0.571891     0.653950     0.732814     0.807147     0.875231     0.935176     0.985111     1.023324     1.048370     1.059166     1.055084     1.036019     1.002434     0.955379     0.896452     0.827731     0.751640     0.670784     0.587755     0.504954     0.424449     0.347902     0.276560     0.211311     0.152771     0.101384     0.057508     0.021468    -0.006412    -0.025807    -0.036416    -0.037976    -0.030291    -0.013238     0.013238
    0.043388     0.132069     0.221707     0.311092     0.399265     0.485696     0.570112     0.652124     0.730927     0.805209     0.873276     0.933254     0.983280     1.021647     1.046907     1.057976     1.054220     1.035523     1.002338     0.955699     0.897188     0.828864     0.753133     0.672583     0.589793     0.507153     0.426729     0.350183     0.278769     0.213384     0.154657     0.103047     0.058923     0.022625    -0.005510    -0.025148    -0.035974    -0.037718    -0.030175    -0.013217     0.013217
    0.042945     0.130980     0.220205     0.309374     0.397464     0.483871     0.568265     0.650234     0.728979     0.803215     0.871269     0.931286     0.981410     1.019937     1.045420     1.056771     1.053349     1.035029     1.002253     0.956038     0.897950     0.830029     0.754663     0.674423     0.591873     0.509396     0.429052     0.352507     0.281019     0.215498     0.156584     0.104748     0.060375     0.023817    -0.004577    -0.024460    -0.035509    -0.037442    -0.030048    -0.013191     0.013191
    0.042500     0.129878     0.218675     0.307612     0.395606     0.481982     0.566353     0.648281     0.726973     0.801167     0.869214     0.929274     0.979502     1.018196     1.043909     1.055550     1.052470     1.034537     1.002178     0.956394     0.898736     0.831223     0.756227     0.676299     0.593993     0.511679     0.431417     0.354872     0.283310     0.217652     0.158549     0.106487     0.061862     0.025042    -0.003613    -0.023746    -0.035020    -0.037148    -0.029909    -0.013162     0.013162
    0.042053     0.128766     0.217120     0.305809     0.393694     0.480033     0.564379     0.646268     0.724911     0.799067     0.867111     0.927220     0.977557     1.016424     1.042374     1.054313     1.051584     1.034045     1.002110     0.956765     0.899543     0.832445     0.757822     0.678211     0.596149     0.514001     0.433821     0.357276     0.285641     0.219844     0.160552     0.108262     0.063385     0.026300    -0.002619    -0.023004    -0.034509    -0.036837    -0.029759    -0.013128     0.013128
    0.041606     0.127643     0.215541     0.303968     0.391732     0.478025     0.562344     0.644197     0.722795     0.796917     0.864963     0.925125     0.975577     1.014623     1.040817     1.053059     1.050689     1.033552     1.002048     0.957150     0.900370     0.833691     0.759447     0.680155     0.598341     0.516360     0.436262     0.359718     0.288009     0.222074     0.162591     0.110073     0.064942     0.027591    -0.001594    -0.022234    -0.033974    -0.036507    -0.029596    -0.013089     0.013089
    0.041158     0.126513     0.213942     0.302092     0.389723     0.475963     0.560253     0.642071     0.720628     0.794720     0.862771     0.922990     0.973561     1.012792     1.039236     1.051790     1.049785     1.033056     1.001991     0.957545     0.901214     0.834960     0.761098     0.682130     0.600565     0.518752     0.438738     0.362196     0.290413     0.224339     0.164666     0.111919     0.066533     0.028915    -0.000539    -0.021437    -0.033416    -0.036158    -0.029422    -0.013046     0.013046
    0.040710     0.125377     0.212325     0.300185     0.387670     0.473850     0.558108     0.639891     0.718410     0.792477     0.860536     0.920817     0.971512     1.010933     1.037632     1.050504     1.048870     1.032557     1.001938     0.957951     0.902073     0.836249     0.762774     0.684131     0.602820     0.521177     0.441248     0.364708     0.292852     0.226640     0.166777     0.113799     0.068158     0.030271     0.000547    -0.020613    -0.032834    -0.035792    -0.029235    -0.012999     0.012999
    0.040263     0.124235     0.210692     0.298248     0.385576     0.471687     0.555910     0.637661     0.716144     0.790189     0.858261     0.918607     0.969430     1.009046     1.036006     1.049200     1.047945     1.032053     1.001886     0.958364     0.902945     0.837556     0.764471     0.686159     0.605102     0.523632     0.443789     0.367252     0.295324     0.228975     0.168920     0.115713     0.069816     0.031658     0.001662    -0.019762    -0.032229    -0.035406    -0.029036    -0.012947     0.012947
    0.039816     0.123090     0.209045     0.296284     0.383444     0.469478     0.553663     0.635382     0.713833     0.787859     0.855948     0.916362     0.967317     1.007132     1.034358     1.047880     1.047008     1.031544     1.001834     0.958783     0.903829     0.838879     0.766189     0.688209     0.607411     0.526115     0.446360     0.369828     0.297828     0.231341     0.171097     0.117660     0.071506     0.033078     0.002808    -0.018883    -0.031599    -0.035002    -0.028825    -0.012891     0.012891
    0.039372     0.121943     0.207387     0.294297     0.381276     0.467226     0.551370     0.633056     0.711477     0.785488     0.853596     0.914083     0.965173     1.005191     1.032687     1.046543     1.046060     1.031029     1.001782     0.959206     0.904722     0.840216     0.767924     0.690281     0.609743     0.528624     0.448959     0.372433     0.300363     0.233740     0.173306     0.119639     0.073228     0.034528     0.003983    -0.017976    -0.030946    -0.034579    -0.028600    -0.012829     0.012829
    0.038929     0.120794     0.205719     0.292289     0.379076     0.464933     0.549032     0.630686     0.709080     0.783078     0.851209     0.911771     0.962999     1.003224     1.030994     1.045189     1.045100     1.030507     1.001728     0.959632     0.905623     0.841565     0.769676     0.692372     0.612098     0.531157     0.451584     0.375066     0.302926     0.236168     0.175546     0.121649     0.074982     0.036010     0.005187    -0.017043    -0.030270    -0.034136    -0.028364    -0.012763     0.012763
    0.038488     0.119645     0.204042     0.290261     0.376846     0.462602     0.546652     0.628274     0.706642     0.780631     0.848787     0.909427     0.960797     1.001231     1.029280     1.043817     1.044126     1.029976     1.001670     0.960060     0.906530     0.842924     0.771441     0.694480     0.614472     0.533712     0.454234     0.377725     0.305518     0.238626     0.177816     0.123690     0.076766     0.037521     0.006421    -0.016082    -0.029569    -0.033675    -0.028114    -0.012692     0.012692
    0.038050     0.118497     0.202360     0.288217     0.374589     0.460236     0.544233     0.625822     0.704166     0.778148     0.846333     0.907053     0.958567     0.999214     1.027545     1.042428     1.043140     1.029437     1.001608     0.960488     0.907441     0.844291     0.773218     0.696603     0.616864     0.536288     0.456906     0.380408     0.308136     0.241111     0.180114     0.125761     0.078581     0.039063     0.007684    -0.015094    -0.028844    -0.033194    -0.027851    -0.012616     0.012616
    0.037615     0.117351     0.200673     0.286159     0.372307     0.457837     0.541776     0.623332     0.701654     0.775631     0.843846     0.904649     0.956310     0.997173     1.025789     1.041022     1.042139     1.028888     1.001541     0.960915     0.908354     0.845665     0.775005     0.698739     0.619272     0.538883     0.459599     0.383116     0.310779     0.243624     0.182441     0.127862     0.080425     0.040634     0.008976    -0.014080    -0.028096    -0.032694    -0.027576    -0.012535     0.012535
    0.037182     0.116208     0.198984     0.284089     0.370003     0.455407     0.539284     0.620806     0.699106     0.773082     0.841330     0.902218     0.954027     0.995109     1.024012     1.039598     1.041125     1.028329     1.001467     0.961339     0.909269     0.847043     0.776800     0.700887     0.621695     0.541495     0.462312     0.385844     0.313446     0.246162     0.184796     0.129990     0.082299     0.042235     0.010296    -0.013038    -0.027324    -0.032175    -0.027287    -0.012450     0.012450
    0.036753     0.115069     0.197293     0.282008     0.367679     0.452950     0.536760     0.618246     0.696526     0.770502     0.838785     0.899760     0.951720     0.993022     1.022215     1.038156     1.040096     1.027759     1.001385     0.961759     0.910183     0.848424     0.778601     0.703044     0.624130     0.544122     0.465043     0.388594     0.316136     0.248725     0.187176     0.132146     0.084201     0.043864     0.011645    -0.011970    -0.026528    -0.031637    -0.026985    -0.012359     0.012359
    0.036328     0.113935     0.195602     0.279920     0.365338     0.450467     0.534205     0.615654     0.693915     0.767892     0.836212     0.897276     0.949389     0.990913     1.020398     1.036697     1.039053     1.027177     1.001295     0.962174     0.911096     0.849807     0.780407     0.705209     0.626576     0.546763     0.467791     0.391362     0.318847     0.251311     0.189582     0.134330     0.086131     0.045522     0.013021    -0.010876    -0.025709    -0.031079    -0.026670    -0.012263     0.012263
    0.035907     0.112806     0.193914     0.277825     0.362981     0.447961     0.531622     0.613032     0.691274     0.765255     0.833614     0.894768     0.947035     0.988782     1.018562     1.035221     1.037995     1.026583     1.001196     0.962582     0.912006     0.851191     0.782217     0.707380     0.629031     0.549417     0.470553     0.394148     0.321578     0.253919     0.192013     0.136539     0.088088     0.047207     0.014425    -0.009755    -0.024866    -0.030502    -0.026342    -0.012161     0.012161
    0.035490     0.111684     0.192228     0.275727     0.360611     0.445434     0.529013     0.610382     0.688605     0.762591     0.830990     0.892236     0.944658     0.986631     1.016707     1.033728     1.036922     1.025976     1.001087     0.962983     0.912911     0.852572     0.784028     0.709556     0.631494     0.552080     0.473329     0.396950     0.324328     0.256549     0.194467     0.138773     0.090072     0.048920     0.015856    -0.008608    -0.023999    -0.029905    -0.026000    -0.012055     0.012055
    0.035077     0.110568     0.190547     0.273626     0.358230     0.442888     0.526380     0.607705     0.685911     0.759902     0.828343     0.889682     0.942261     0.984460     1.014833     1.032217     1.035833     1.025356     1.000967     0.963376     0.913810     0.853951     0.785839     0.711735     0.633963     0.554753     0.476117     0.399767     0.327096     0.259199     0.196943     0.141032     0.092081     0.050660     0.017314    -0.007435    -0.023109    -0.029289    -0.025645    -0.011944     0.011944
    0.034668     0.109461     0.188871     0.271524     0.355841     0.440326     0.523725     0.605004     0.683191     0.757189     0.825674     0.887107     0.939844     0.982270     1.012940     1.030689     1.034729     1.024722     1.000835     0.963760     0.914703     0.855325     0.787649     0.713915     0.636436     0.557433     0.478915     0.402598     0.329880     0.261869     0.199441     0.143315     0.094117     0.052426     0.018799    -0.006237    -0.022195    -0.028653    -0.025276    -0.011827     0.011827
    0.034264     0.108361     0.187201     0.269423     0.353444     0.437749     0.521050     0.602281     0.680449     0.754455     0.822984     0.884512     0.937407     0.980061     1.011030     1.029145     1.033609     1.024074     1.000691     0.964133     0.915587     0.856694     0.789455     0.716096     0.638912     0.560119     0.481722     0.405440     0.332679     0.264556     0.201960     0.145621     0.096177     0.054218     0.020309    -0.005013    -0.021258    -0.027999    -0.024894    -0.011705     0.011705
    0.033865     0.107270     0.185540     0.267325     0.351043     0.435160     0.518357     0.599536     0.677685     0.751700     0.820274     0.881898     0.934952     0.977834     1.009102     1.027583     1.032474     1.023412     1.000533     0.964495     0.916463     0.858057     0.791258     0.718275     0.641390     0.562810     0.484538     0.408294     0.335493     0.267261     0.204498     0.147949     0.098261     0.056036     0.021846    -0.003764    -0.020298    -0.027325    -0.024499    -0.011577     0.011577
    0.033471     0.106189     0.183887     0.265230     0.348638     0.432560     0.515648     0.596773     0.674901     0.748925     0.817546     0.879267     0.932479     0.975590     1.007157     1.026006     1.031322     1.022734     1.000362     0.964845     0.917328     0.859411     0.793055     0.720451     0.643868     0.565504     0.487359     0.411158     0.338319     0.269981     0.207056     0.150298     0.100368     0.057878     0.023408    -0.002491    -0.019316    -0.026632    -0.024090    -0.011445     0.011445
    0.033082     0.105118     0.182244     0.263142     0.346233     0.429952     0.512925     0.593993     0.672100     0.746133     0.814800     0.876618     0.929990     0.973329     1.005196     1.024412     1.030155     1.022042     1.000177     0.965182     0.918182     0.860756     0.794845     0.722622     0.646344     0.568200     0.490186     0.414030     0.341157     0.272717     0.209631     0.152668     0.102498     0.059744     0.024995    -0.001192    -0.018310    -0.025919    -0.023668    -0.011307     0.011307
    0.032698     0.104057     0.180612     0.261059     0.343827     0.427338     0.510190     0.591196     0.669281     0.743324     0.812039     0.873954     0.927485     0.971053     1.003219     1.022801     1.028972     1.021334     0.999978     0.965506     0.919024     0.862091     0.796627     0.724789     0.648818     0.570896     0.493017     0.416909     0.344006     0.275466     0.212224     0.155057     0.104651     0.061634     0.026607     0.000130    -0.017282    -0.025188    -0.023233    -0.011164     0.011164
    0.032319     0.103007     0.178991     0.258986     0.341424     0.424718     0.507445     0.588387     0.666448     0.740500     0.809262     0.871275     0.924965     0.968761     1.001226     1.021175     1.027773     1.020610     0.999763     0.965815     0.919853     0.863414     0.798400     0.726948     0.651288     0.573591     0.495850     0.419794     0.346865     0.278228     0.214832     0.157466     0.106824     0.063548     0.028242     0.001477    -0.016232    -0.024438    -0.022784    -0.011015     0.011015
    0.031946     0.101968     0.177383     0.256921     0.339024     0.422096     0.504691     0.585565     0.663600     0.737661     0.806472     0.868583     0.922431     0.966455     0.999219     1.019534     1.026558     1.019871     0.999532     0.966110     0.920668     0.864725     0.800162     0.729100     0.653753     0.576285     0.498684     0.422684     0.349731     0.281003     0.217456     0.159892     0.109018     0.065484     0.029902     0.002847    -0.015160    -0.023669    -0.022322    -0.010861     0.010861
    0.031578     0.100940     0.175788     0.254867     0.336629     0.419473     0.501930     0.582732     0.660741     0.734811     0.803669     0.865878     0.919885     0.964135     0.997196     1.017877     1.025327     1.019115     0.999286     0.966388     0.921468     0.866023     0.801913     0.731242     0.656212     0.578975     0.501519     0.425578     0.352605     0.283788     0.220093     0.162336     0.111233     0.067442     0.031584     0.004240    -0.014066    -0.022882    -0.021847    -0.010702     0.010702
    0.031216     0.099925     0.174207     0.252825     0.334241     0.416850     0.499165     0.579891     0.657871     0.731949     0.800855     0.863161     0.917326     0.961802     0.995160     1.016206     1.024081     1.018343     0.999023     0.966651     0.922253     0.867307     0.803652     0.733375     0.658662     0.581661     0.504353     0.428474     0.355486     0.286582     0.222745     0.164797     0.113466     0.069421     0.033289     0.005656    -0.012950    -0.022076    -0.021359    -0.010538     0.010538
    0.030859     0.098922     0.172640     0.250795     0.331861     0.414229     0.496396     0.577043     0.654991     0.729077     0.798030     0.860434     0.914756     0.959457     0.993111     1.014520     1.022819     1.017555     0.998743     0.966897     0.923022     0.868575     0.805377     0.735495     0.661104     0.584341     0.507184     0.431372     0.358371     0.289386     0.225408     0.167273     0.115718     0.071421     0.035016     0.007095    -0.011814    -0.021253    -0.020858    -0.010369     0.010369
    0.030508     0.097932     0.171089     0.248780     0.329491     0.411612     0.493625     0.574189     0.652104     0.726196     0.795197     0.857697     0.912175     0.957101     0.991048     1.012819     1.021542     1.016751     0.998447     0.967126     0.923774     0.869827     0.807087     0.737604     0.663537     0.587014     0.510012     0.434270     0.361260     0.292198     0.228083     0.169764     0.117987     0.073441     0.036765     0.008555    -0.010656    -0.020411    -0.020344    -0.010194     0.010194
    0.030163     0.096955     0.169553     0.246779     0.327131     0.409000     0.490854     0.571331     0.649210     0.723307     0.792355     0.854951     0.909585     0.954733     0.988973     1.011105     1.020249     1.015930     0.998133     0.967337     0.924509     0.871063     0.808782     0.739698     0.665958     0.589680     0.512835     0.437167     0.364153     0.295016     0.230768     0.172268     0.120274     0.075480     0.038535     0.010037    -0.009477    -0.019551    -0.019818    -0.010014     0.010014
    0.029823     0.095991     0.168034     0.244794     0.324784     0.406395     0.488085     0.568470     0.646311     0.720413     0.789507     0.852198     0.906987     0.952356     0.986887     1.009377     1.018941     1.015092     0.997802     0.967530     0.925225     0.872281     0.810461     0.741779     0.668367     0.592336     0.515653     0.440062     0.367047     0.297840     0.233464     0.174786     0.122577     0.077539     0.040325     0.011540    -0.008279    -0.018674    -0.019278    -0.009829     0.009829
    0.029489     0.095040     0.166532     0.242826     0.322449     0.403798     0.485318     0.565608     0.643409     0.717513     0.786652     0.849438     0.904380     0.949969     0.984789     1.007637     1.017619     1.014239     0.997453     0.967705     0.925923     0.873481     0.812122     0.743844     0.670763     0.594982     0.518464     0.442955     0.369943     0.300669     0.236167     0.177317     0.124895     0.079615     0.042136     0.013064    -0.007060    -0.017779    -0.018727    -0.009639     0.009639
    0.029161     0.094103     0.165047     0.240875     0.320129     0.401211     0.482557     0.562747     0.640504     0.714610     0.783793     0.846672     0.901767     0.947573     0.982681     1.005883     1.016282     1.013369     0.997086     0.967861     0.926602     0.874663     0.813766     0.745892     0.673146     0.597617     0.521268     0.445843     0.372838     0.303502     0.238879     0.179859     0.127229     0.081709     0.043966     0.014608    -0.005822    -0.016867    -0.018162    -0.009444     0.009444
    0.028839     0.093180     0.163580     0.238942     0.317825     0.398635     0.479801     0.559887     0.637598     0.711703     0.780930     0.843902     0.899147     0.945170     0.980562     1.004118     1.014930     1.012482     0.996702     0.967998     0.927261     0.875824     0.815391     0.747924     0.675513     0.600240     0.524062     0.448726     0.375732     0.306338     0.241597     0.182411     0.129576     0.083820     0.045814     0.016172    -0.004565    -0.015939    -0.017586    -0.009244     0.009244
    0.028523     0.092271     0.162132     0.237028     0.315537     0.396070     0.477052     0.557030     0.634693     0.708796     0.778065     0.841128     0.896522     0.942759     0.978435     1.002340     1.013565     1.011580     0.996299     0.968116     0.927900     0.876966     0.816996     0.749937     0.677864     0.602850     0.526847     0.451604     0.378624     0.309176     0.244322     0.184973     0.131936     0.085947     0.047681     0.017755    -0.003289    -0.014994    -0.016998    -0.009039     0.009039
    0.028213     0.091376     0.160702     0.235134     0.313267     0.393520     0.474312     0.554178     0.631789     0.705888     0.775198     0.838351     0.893893     0.940342     0.976298     1.000552     1.012185     1.010661     0.995879     0.968214     0.928518     0.878086     0.818582     0.751932     0.680199     0.605446     0.529621     0.454474     0.381513     0.312015     0.247051     0.187544     0.134309     0.088089     0.049566     0.019357    -0.001994    -0.014033    -0.016397    -0.008829     0.008829
    0.027908     0.090495     0.159291     0.233261     0.311015     0.390984     0.471583     0.551332     0.628887     0.702981     0.772330     0.835572     0.891260     0.937919     0.974154     0.998752     1.010793     1.009726     0.995440     0.968292     0.929116     0.879186     0.820146     0.753907     0.682516     0.608027     0.532384     0.457336     0.384398     0.314854     0.249785     0.190123     0.136694     0.090246     0.051467     0.020977    -0.000682    -0.013055    -0.015786    -0.008614     0.008614
    0.027610     0.089629     0.157900     0.231408     0.308783     0.388464     0.468864     0.548494     0.625990     0.700075     0.769463     0.832793     0.888624     0.935492     0.972002     0.996943     1.009387     1.008776     0.994983     0.968350     0.929692     0.880264     0.821689     0.755861     0.684814     0.610592     0.535134     0.460189     0.387279     0.317692     0.252522     0.192710     0.139089     0.092417     0.053385     0.022614     0.000648    -0.012063    -0.015162    -0.008394     0.008394
    0.027317     0.088777     0.156529     0.229577     0.306571     0.385961     0.466159     0.545663     0.623099     0.697173     0.766597     0.830013     0.885986     0.933060     0.969843     0.995123     1.007968     1.007810     0.994508     0.968389     0.930247     0.881319     0.823210     0.757795     0.687093     0.613140     0.537870     0.463033     0.390153     0.320529     0.255262     0.195303     0.141495     0.094601     0.055318     0.024269     0.001995    -0.011055    -0.014528    -0.008170     0.008170
    0.027030     0.087940     0.155178     0.227768     0.304380     0.383475     0.463467     0.542843     0.620214     0.694276     0.763734     0.827234     0.883348     0.930624     0.967677     0.993294     1.006537     1.006828     0.994015     0.968407     0.930781     0.882352     0.824708     0.759707     0.689352     0.615671     0.540592     0.465865     0.393020     0.323362     0.258003     0.197901     0.143910     0.096798     0.057267     0.025940     0.003358    -0.010032    -0.013882    -0.007941     0.007941
    0.026750     0.087117     0.153847     0.225982     0.302211     0.381009     0.460790     0.540034     0.617336     0.691383     0.760874     0.824456     0.880709     0.928186     0.965506     0.991456     1.005094     1.005831     0.993504     0.968404     0.931292     0.883362     0.826184     0.761596     0.691591     0.618183     0.543298     0.468686     0.395880     0.326193     0.260744     0.200505     0.146333     0.099007     0.059230     0.027627     0.004738    -0.008995    -0.013226    -0.007708     0.007708
    0.026475     0.086309     0.152536     0.224219     0.300065     0.378563     0.458130     0.537236     0.614468     0.688497     0.758019     0.821682     0.878070     0.925746     0.963330     0.989610     1.003639     1.004820     0.992975     0.968382     0.931781     0.884349     0.827635     0.763462     0.693808     0.620676     0.545989     0.471494     0.398731     0.329019     0.263486     0.203112     0.148764     0.101227     0.061207     0.029330     0.006133    -0.007943    -0.012560    -0.007471     0.007471
    0.026206     0.085517     0.151246     0.222479     0.297943     0.376138     0.455486     0.534453     0.611609     0.685618     0.755169     0.818911     0.875433     0.923304     0.961150     0.987757     1.002173     1.003794     0.992429     0.968339     0.932247     0.885312     0.829063     0.765305     0.696002     0.623150     0.548662     0.474289     0.401573     0.331839     0.266226     0.205722     0.151203     0.103457     0.063196     0.031047     0.007544    -0.006878    -0.011883    -0.007229     0.007229
    0.025942     0.084739     0.149978     0.220763     0.295844     0.373735     0.452861     0.531683     0.608762     0.682748     0.752326     0.816144     0.872798     0.920862     0.958966     0.985896     1.000696     1.002753     0.991864     0.968275     0.932691     0.886251     0.830466     0.767124     0.698174     0.625602     0.551318     0.477070     0.404404     0.334653     0.268965     0.208335     0.153647     0.105697     0.065199     0.032779     0.008969    -0.005800    -0.011196    -0.006982     0.006982
    0.025685     0.083975     0.148730     0.219072     0.293770     0.371354     0.450256     0.528929     0.605926     0.679888     0.749489     0.813382     0.870166     0.918420     0.956778     0.984028     0.999209     1.001699     0.991283     0.968192     0.933113     0.887166     0.831844     0.768918     0.700323     0.628034     0.553955     0.479836     0.407224     0.337461     0.271701     0.210949     0.156097     0.107946     0.067213     0.034523     0.010408    -0.004709    -0.010499    -0.006732     0.006732
    0.025434     0.083227     0.147504     0.217405     0.291721     0.368997     0.447670     0.526192     0.603105     0.677038     0.746662     0.810627     0.867538     0.915979     0.954588     0.982154     0.997711     1.000630     0.990684     0.968088     0.933511     0.888057     0.833197     0.770687     0.702447     0.630443     0.556573     0.482585     0.410032     0.340260     0.274433     0.213563     0.158551     0.110203     0.069238     0.036281     0.011860    -0.003605    -0.009793    -0.006478     0.006478
    0.025188     0.082494     0.146299     0.215764     0.289699     0.366665     0.445106     0.523473     0.600297     0.674199     0.743843     0.807878     0.864914     0.913539     0.952397     0.980275     0.996205     0.999549     0.990068     0.967963     0.933887     0.888922     0.834524     0.772431     0.704547     0.632830     0.559171     0.485318     0.412827     0.343051     0.277161     0.216178     0.161010     0.112467     0.071273     0.038051     0.013326    -0.002489    -0.009078    -0.006220     0.006220
    0.024948     0.081776     0.145115     0.214147     0.287702     0.364357     0.442564     0.520772     0.597505     0.671373     0.741034     0.805138     0.862295     0.911102     0.950204     0.978390     0.994689     0.998454     0.989435     0.967819     0.934240     0.889763     0.835826     0.774148     0.706622     0.635193     0.561748     0.488034     0.415609     0.345833     0.279883     0.218791     0.163471     0.114738     0.073318     0.039833     0.014803    -0.001362    -0.008354    -0.005958     0.005958
    0.024714     0.081072     0.143953     0.212556     0.285732     0.362075     0.440046     0.518091     0.594729     0.668560     0.738237     0.802406     0.859682     0.908667     0.948011     0.976501     0.993164     0.997347     0.988786     0.967654     0.934570     0.890579     0.837101     0.775839     0.708671     0.637532     0.564304     0.490732     0.418377     0.348604     0.282600     0.221403     0.165934     0.117015     0.075372     0.041626     0.016293    -0.000223    -0.007622    -0.005692     0.005692
    0.024485     0.080383     0.142813     0.210992     0.283790     0.359820     0.437551     0.515431     0.591970     0.665762     0.735451     0.799683     0.857076     0.906237     0.945817     0.974608     0.991632     0.996227     0.988121     0.967470     0.934877     0.891370     0.838350     0.777504     0.710695     0.639847     0.566838     0.493411     0.421129     0.351364     0.285309     0.224012     0.168400     0.119298     0.077434     0.043429     0.017794     0.000926    -0.006881    -0.005423     0.005423
    0.024262     0.079710     0.141695     0.209453     0.281875     0.357591     0.435081     0.512792     0.589230     0.662979     0.732678     0.796971     0.854478     0.903810     0.943625     0.972712     0.990092     0.995095     0.987439     0.967266     0.935161     0.892136     0.839572     0.779141     0.712691     0.642137     0.569349     0.496070     0.423865     0.354112     0.288012     0.226618     0.170865     0.121584     0.079503     0.045242     0.019306     0.002085    -0.006133    -0.005151     0.005151
    0.024045     0.079051     0.140598     0.207940     0.279989     0.355391     0.432636     0.510176     0.586509     0.660213     0.729918     0.794269     0.851888     0.901389     0.941433     0.970813     0.988544     0.993952     0.986742     0.967042     0.935422     0.892876     0.840768     0.780751     0.714661     0.644402     0.571838     0.498709     0.426585     0.356848     0.290705     0.229220     0.173331     0.123874     0.081579     0.047064     0.020828     0.003254    -0.005377    -0.004875     0.004875
    0.023833     0.078407     0.139523     0.206454     0.278131     0.353218     0.430217     0.507583     0.583808     0.657463     0.727173     0.791579     0.849306     0.898973     0.939244     0.968912     0.986991     0.992798     0.986029     0.966799     0.935661     0.893591     0.841936     0.782333     0.716603     0.646640     0.574302     0.501327     0.429288     0.359570     0.293390     0.231817     0.175796     0.126168     0.083662     0.048894     0.022359     0.004433    -0.004614    -0.004596     0.004596
    0.023627     0.077777     0.138470     0.204994     0.276301     0.351074     0.427826     0.505013     0.581128     0.654731     0.724443     0.788902     0.846735     0.896564     0.937057     0.967009     0.985430     0.991633     0.985301     0.966536     0.935877     0.894281     0.843077     0.783887     0.718518     0.648852     0.576742     0.503924     0.431972     0.362279     0.296065     0.234408     0.178260     0.128463     0.085750     0.050732     0.023899     0.005620    -0.003844    -0.004314     0.004314
    0.023426     0.077163     0.137439     0.203561     0.274501     0.348959     0.425462     0.502469     0.578469     0.652018     0.721729     0.786238     0.844174     0.894161     0.934874     0.965106     0.983865     0.990458     0.984558     0.966255     0.936070     0.894945     0.844191     0.785413     0.720404     0.651037     0.579157     0.506499     0.434638     0.364972     0.298729     0.236993     0.180721     0.130760     0.087842     0.052577     0.025448     0.006815    -0.003068    -0.004030     0.004030
    0.023231     0.076563     0.136429     0.202154     0.272730     0.346874     0.423126     0.499950     0.575833     0.649325     0.719032     0.783588     0.841623     0.891767     0.932694     0.963201     0.982294     0.989272     0.983801     0.965955     0.936241     0.895584     0.845278     0.786911     0.722263     0.653195     0.581547     0.509051     0.437285     0.367651     0.301382     0.239570     0.183179     0.133058     0.089939     0.054429     0.027004     0.008018    -0.002285    -0.003742     0.003742
    0.023041     0.075977     0.135442     0.200775     0.270988     0.344819     0.420819     0.497458     0.573221     0.646652     0.716352     0.780953     0.839085     0.889380     0.930519     0.961297     0.980718     0.988078     0.983029     0.965636     0.936390     0.896198     0.846337     0.788380     0.724092     0.655325     0.583911     0.511580     0.439912     0.370313     0.304023     0.242140     0.185634     0.135355     0.092038     0.056286     0.028568     0.009228    -0.001497    -0.003452     0.003452
    0.022857     0.075406     0.134476     0.199422     0.269276     0.342795     0.418541     0.494992     0.570632     0.644000     0.713691     0.778333     0.836559     0.887003     0.928348     0.959393     0.979139     0.986874     0.982244     0.965300     0.936517     0.896786     0.847369     0.789820     0.725893     0.657427     0.586248     0.514086     0.442519     0.372958     0.306652     0.244702     0.188084     0.137653     0.094141     0.058148     0.030138     0.010445    -0.000703    -0.003160     0.003160
    0.022678     0.074849     0.133531     0.198096     0.267595     0.340801     0.416293     0.492554     0.568069     0.641369     0.711048     0.775730     0.834046     0.884635     0.926183     0.957490     0.977556     0.985662     0.981446     0.964945     0.936621     0.897349     0.848373     0.791231     0.727664     0.659500     0.588559     0.516567     0.445104     0.375587     0.309267     0.247254     0.190528     0.139948     0.096245     0.060014     0.031713     0.011668     0.000096    -0.002865     0.002865
    0.022504     0.074307     0.132609     0.196797     0.265943     0.338838     0.414075     0.490145     0.565530     0.638762     0.708425     0.773143     0.831546     0.882278     0.924025     0.955589     0.975969     0.984442     0.980634     0.964573     0.936704     0.897887     0.849349     0.792614     0.729406     0.661545     0.590843     0.519023     0.447668     0.378197     0.311868     0.249796     0.192967     0.142242     0.098350     0.061884     0.033294     0.012897     0.000900    -0.002568     0.002568
    0.022335     0.073779     0.131708     0.195525     0.264321     0.336907     0.411888     0.487764     0.563018     0.636177     0.705823     0.770573     0.829061     0.879931     0.921873     0.953691     0.974380     0.983214     0.979810     0.964183     0.936766     0.898401     0.850298     0.793967     0.731118     0.663560     0.593099     0.521454     0.450210     0.380788     0.314454     0.252328     0.195400     0.144532     0.100456     0.063757     0.034880     0.014131     0.001707    -0.002270     0.002270
    0.022172     0.073265     0.130828     0.194280     0.262730     0.335007     0.409732     0.485412     0.560533     0.633617     0.703241     0.768022     0.826591     0.877595     0.919728     0.951795     0.972789     0.981979     0.978974     0.963777     0.936806     0.898889     0.851220     0.795291     0.732801     0.665546     0.595327     0.523860     0.452729     0.383361     0.317026     0.254849     0.197825     0.146820     0.102561     0.065633     0.036470     0.015369     0.002519    -0.001969     0.001969
    0.022014     0.072765     0.129970     0.193062     0.261170     0.333140     0.407608     0.483090     0.558074     0.631081     0.700681     0.765489     0.824136     0.875272     0.917592     0.949902     0.971196     0.980737     0.978125     0.963354     0.936826     0.899353     0.852114     0.796586     0.734454     0.667503     0.597527     0.526239     0.455225     0.385914     0.319581     0.257358     0.200243     0.149103     0.104666     0.067510     0.038063     0.016612     0.003335    -0.001667     0.001667
    0.021860     0.072279     0.129133     0.191871     0.259639     0.331304     0.405515     0.480799     0.555644     0.628570     0.698143     0.762975     0.821698     0.872961     0.915463     0.948013     0.969602     0.979489     0.977266     0.962914     0.936824     0.899792     0.852981     0.797852     0.736076     0.669430     0.599698     0.528592     0.457697     0.388447     0.322120     0.259854     0.202651     0.151381     0.106769     0.069389     0.039659     0.017858     0.004153    -0.001363     0.001363
    0.021712     0.071806     0.128317     0.190707     0.258140     0.329501     0.403455     0.478538     0.553243     0.626084     0.695628     0.760482     0.819276     0.870662     0.913344     0.946129     0.968008     0.978235     0.976395     0.962459     0.936802     0.900207     0.853821     0.799089     0.737669     0.671327     0.601840     0.530918     0.460146     0.390958     0.324642     0.262337     0.205051     0.153654     0.108870     0.071267     0.041257     0.019108     0.004975    -0.001057     0.001057
    0.021569     0.071348     0.127522     0.189569     0.256671     0.327730     0.401428     0.476309     0.550870     0.623625     0.693137     0.758009     0.816871     0.868378     0.911234     0.944249     0.966413     0.976975     0.975514     0.961987     0.936760     0.900598     0.854633     0.800296     0.739231     0.673193     0.603954     0.533217     0.462569     0.393449     0.327146     0.264807     0.207441     0.155920     0.110967     0.073146     0.042857     0.020360     0.005799    -0.000751     0.000751
    0.021431     0.070903     0.126748     0.188458     0.255232     0.325992     0.399433     0.474111     0.548526     0.621193     0.690669     0.755556     0.814484     0.866108     0.909134     0.942375     0.964819     0.975711     0.974622     0.961501     0.936698     0.900966     0.855419     0.801474     0.740763     0.675029     0.606038     0.535489     0.464968     0.395918     0.329632     0.267262     0.209820     0.158180     0.113062     0.075023     0.044458     0.021613     0.006625    -0.000443     0.000443
    0.021297     0.070471     0.125995     0.187374     0.253824     0.324286     0.397471     0.471945     0.546213     0.618788     0.688226     0.753125     0.812115     0.863852     0.907045     0.940507     0.963225     0.974442     0.973721     0.961000     0.936617     0.901309     0.856177     0.802623     0.742264     0.676835     0.608092     0.537732     0.467342     0.398365     0.332100     0.269702     0.212189     0.160432     0.115152     0.076899     0.046059     0.022869     0.007452    -0.000135     0.000135
    0.021168     0.070053     0.125262     0.186316     0.252447     0.322613     0.395543     0.469812     0.543930     0.616411     0.685808     0.750716     0.809765     0.861611     0.904967     0.938645     0.961633     0.973170     0.972811     0.960484     0.936516     0.901629     0.856909     0.803743     0.743736     0.678610     0.610116     0.539948     0.469690     0.400789     0.334548     0.272127     0.214545     0.162677     0.117237     0.078773     0.047660     0.024125     0.008282     0.000174    -0.000174
    0.021044     0.069648     0.124550     0.185284     0.251100     0.320973     0.393648     0.467711     0.541678     0.614063     0.683416     0.748330     0.807434     0.859386     0.902900     0.936790     0.960043     0.971893     0.971891     0.959954     0.936396     0.901926     0.857614     0.804834     0.745177     0.680355     0.612111     0.542135     0.472011     0.403190     0.336977     0.274536     0.216890     0.164912     0.119317     0.080644     0.049261     0.025383     0.009112     0.000484    -0.000484
    0.020925     0.069256     0.123859     0.184279     0.249784     0.319366     0.391786     0.465643     0.539456     0.611743     0.681049     0.745967     0.805123     0.857177     0.900845     0.934942     0.958455     0.970614     0.970963     0.959410     0.936258     0.902200     0.858293     0.805896     0.746587     0.682068     0.614075     0.544293     0.474307     0.405568     0.339386     0.276929     0.219222     0.167139     0.121391     0.082512     0.050860     0.026640     0.009942     0.000795    -0.000795
    0.020810     0.068877     0.123187     0.183300     0.248498     0.317792     0.389959     0.463608     0.537267     0.609452     0.678709     0.743627     0.802832     0.854984     0.898802     0.933101     0.956869     0.969332     0.970027     0.958853     0.936101     0.902451     0.858946     0.806930     0.747967     0.683751     0.616009     0.546422     0.476576     0.407922     0.341775     0.279305     0.221540     0.169356     0.123458     0.084375     0.052457     0.027896     0.010773     0.001105    -0.001105
    0.020700     0.068510     0.122536     0.182346     0.247242     0.316251     0.388165     0.461606     0.535109     0.607190     0.676395     0.741310     0.800561     0.852809     0.896772     0.931269     0.955286     0.968047     0.969083     0.958283     0.935926     0.902680     0.859573     0.807935     0.749317     0.685403     0.617912     0.548523     0.478818     0.410252     0.344143     0.281663     0.223845     0.171562     0.125518     0.086234     0.054051     0.029152     0.011604     0.001416    -0.001416
    0.020595     0.068157     0.121904     0.181419     0.246016     0.314743     0.386405     0.459638     0.532983     0.604958     0.674109     0.739018     0.798312     0.850651     0.894755     0.929446     0.953708     0.966761     0.968132     0.957700     0.935734     0.902887     0.860174     0.808911     0.750637     0.687024     0.619785     0.550594     0.481032     0.412558     0.346489     0.284004     0.226136     0.173757     0.127570     0.088088     0.055643     0.030406     0.012435     0.001727    -0.001727
    0.020494     0.067816     0.121292     0.180516     0.244821     0.313267     0.384679     0.457704     0.530889     0.602757     0.671850     0.736751     0.796083     0.848510     0.892752     0.927632     0.952133     0.965473     0.967174     0.957105     0.935524     0.903073     0.860750     0.809859     0.751927     0.688615     0.621627     0.552635     0.483219     0.414838     0.348813     0.286326     0.228411     0.175941     0.129614     0.089937     0.057231     0.031658     0.013264     0.002038    -0.002038
    0.020397     0.067488     0.120700     0.179640     0.243655     0.311824     0.382987     0.455803     0.528828     0.600586     0.669619     0.734509     0.793877     0.846388     0.890763     0.925827     0.950562     0.964185     0.966209     0.956498     0.935298     0.903236     0.861300     0.810779     0.753186     0.690174     0.623439     0.554647     0.485379     0.417094     0.351116     0.288630     0.230672     0.178113     0.131649     0.091779     0.058815     0.032908     0.014093     0.002348    -0.002348
    0.020305     0.067171     0.120127     0.178788     0.242519     0.310414     0.381330     0.453937     0.526800     0.598446     0.667416     0.732292     0.791693     0.844284     0.888789     0.924031     0.948996     0.962896     0.965238     0.955880     0.935055     0.903379     0.861826     0.811671     0.754416     0.691703     0.625220     0.556630     0.487511     0.419324     0.353396     0.290915     0.232916     0.180273     0.133674     0.093614     0.060394     0.034155     0.014920     0.002658    -0.002658
    0.020217     0.066867     0.119573     0.177962     0.241412     0.309036     0.379706     0.452105     0.524805     0.596336     0.665242     0.730100     0.789531     0.842199     0.886829     0.922246     0.947435     0.961606     0.964262     0.955251     0.934795     0.903501     0.862327     0.812535     0.755616     0.693200     0.626970     0.558582     0.489614     0.421528     0.355654     0.293180     0.235145     0.182420     0.135690     0.095442     0.061969     0.035399     0.015746     0.002968    -0.002968
    0.020133     0.066575     0.119037     0.177160     0.240335     0.307691     0.378116     0.450307     0.522842     0.594258     0.663097     0.727935     0.787392     0.840133     0.884884     0.920472     0.945880     0.960317     0.963281     0.954610     0.934520     0.903603     0.862803     0.813372     0.756787     0.694668     0.628689     0.560505     0.491690     0.423707     0.357888     0.295425     0.237357     0.184553     0.137695     0.097262     0.063537     0.036639     0.016569     0.003277    -0.003277
    0.020053     0.066295     0.118521     0.176383     0.239287     0.306378     0.376560     0.448543     0.520913     0.592212     0.660980     0.725796     0.785276     0.838087     0.882955     0.918709     0.944331     0.959029     0.962294     0.953960     0.934230     0.903684     0.863256     0.814182     0.757928     0.696104     0.630378     0.562397     0.493737     0.425859     0.360099     0.297650     0.239551     0.186672     0.139689     0.099073     0.065100     0.037875     0.017390     0.003585    -0.003585
    0.019978     0.066026     0.118023     0.175630     0.238268     0.305098     0.375039     0.446813     0.519018     0.590197     0.658893     0.723683     0.783184     0.836060     0.881041     0.916956     0.942788     0.957741     0.961303     0.953300     0.933924     0.903745     0.863684     0.814964     0.759040     0.697510     0.632035     0.564260     0.495755     0.427986     0.362287     0.299854     0.241729     0.188777     0.141671     0.100876     0.066656     0.039106     0.018208     0.003893    -0.003893
    0.019906     0.065769     0.117543     0.174901     0.237277     0.303849     0.373550     0.445117     0.517156     0.588213     0.656836     0.721597     0.781115     0.834054     0.879144     0.915216     0.941252     0.956455     0.960308     0.952630     0.933604     0.903787     0.864089     0.815720     0.760123     0.698886     0.633663     0.566092     0.497745     0.430085     0.364451     0.302038     0.243889     0.190868     0.143642     0.102669     0.068205     0.040333     0.019023     0.004199    -0.004199
    0.019839     0.065524     0.117082     0.174196     0.236315     0.302632     0.372096     0.443456     0.515327     0.586262     0.654808     0.719538     0.779070     0.832068     0.877263     0.913487     0.939723     0.955171     0.959310     0.951951     0.933269     0.903810     0.864471     0.816450     0.761176     0.700231     0.635259     0.567895     0.499706     0.432158     0.366590     0.304200     0.246030     0.192943     0.145600     0.104453     0.069746     0.041554     0.019835     0.004504    -0.004504
    0.019775     0.065289     0.116638     0.173515     0.235382     0.301447     0.370675     0.441829     0.513532     0.584343     0.652810     0.717507     0.777049     0.830102     0.875399     0.911771     0.938201     0.953889     0.958308     0.951263     0.932920     0.903815     0.864830     0.817153     0.762202     0.701547     0.636825     0.569667     0.501639     0.434205     0.368706     0.306341     0.248153     0.195002     0.147546     0.106226     0.071280     0.042769     0.020643     0.004808    -0.004808
    0.019716     0.065066     0.116213     0.172857     0.234476     0.300293     0.369288     0.440235     0.511770     0.582456     0.650842     0.715502     0.775052     0.828158     0.873552     0.910067     0.936687     0.952609     0.957303     0.950567     0.932558     0.903801     0.865167     0.817830     0.763199     0.702832     0.638361     0.571410     0.503543     0.436224     0.370797     0.308461     0.250258     0.197046     0.149478     0.107989     0.072805     0.043978     0.021447     0.005110    -0.005110
    0.019660     0.064854     0.115804     0.172223     0.233599     0.299171     0.367934     0.438676     0.510042     0.580601     0.648904     0.713525     0.773080     0.826234     0.871722     0.908376     0.935181     0.951332     0.956295     0.949863     0.932183     0.903768     0.865481     0.818482     0.764167     0.704088     0.639866     0.573122     0.505417     0.438217     0.372863     0.310558     0.252343     0.199073     0.151397     0.109740     0.074321     0.045180     0.022248     0.005411    -0.005411
    0.019608     0.064652     0.115413     0.171611     0.232748     0.298079     0.366613     0.437151     0.508348     0.578778     0.646996     0.711576     0.771133     0.824332     0.869909     0.906698     0.933683     0.950058     0.955285     0.949151     0.931794     0.903719     0.865773     0.819108     0.765108     0.705315     0.641341     0.574805     0.507264     0.440182     0.374905     0.312633     0.254409     0.201084     0.153302     0.111480     0.075828     0.046376     0.023043     0.005710    -0.005710
    0.019559     0.064461     0.115039     0.171022     0.231926     0.297018     0.365325     0.435659     0.506687     0.576987     0.645118     0.709655     0.769210     0.822452     0.868114     0.905033     0.932194     0.948787     0.954273     0.948432     0.931393     0.903651     0.866044     0.819709     0.766022     0.706512     0.642787     0.576457     0.509081     0.442121     0.376921     0.314686     0.256455     0.203078     0.155192     0.113209     0.077325     0.047564     0.023834     0.006008    -0.006008
    0.019515     0.064281     0.114681     0.170455     0.231130     0.295988     0.364069     0.434202     0.505059     0.575229     0.643271     0.707761     0.767313     0.820593     0.866337     0.903382     0.930713     0.947520     0.953260     0.947706     0.930980     0.903567     0.866294     0.820286     0.766907     0.707680     0.644202     0.578080     0.510869     0.444032     0.378913     0.316716     0.258481     0.205054     0.157067     0.114924     0.078813     0.048745     0.024621     0.006303    -0.006303
    0.019474     0.064111     0.114341     0.169911     0.230360     0.294988     0.362846     0.432777     0.503465     0.573503     0.641455     0.705896     0.765440     0.818755     0.864578     0.901745     0.929242     0.946257     0.952245     0.946973     0.930555     0.903467     0.866522     0.820838     0.767766     0.708819     0.645587     0.579674     0.512629     0.445916     0.380880     0.318724     0.260487     0.207013     0.158928     0.116627     0.080290     0.049918     0.025402     0.006597    -0.006597
    0.019436     0.063951     0.114016     0.169388     0.229618     0.294017     0.361655     0.431386     0.501904     0.571809     0.639668     0.704058     0.763593     0.816940     0.862837     0.900121     0.927779     0.944999     0.951230     0.946234     0.930119     0.903350     0.866730     0.821366     0.768598     0.709929     0.646943     0.581237     0.514360     0.447773     0.382821     0.320709     0.262473     0.208955     0.160773     0.118317     0.081756     0.051083     0.026177     0.006889    -0.006889
    0.019402     0.063802     0.113708     0.168886     0.228901     0.293077     0.360497     0.430028     0.500376     0.570147     0.637912     0.702249     0.761771     0.815147     0.861114     0.898512     0.926327     0.943745     0.950213     0.945489     0.929672     0.903217     0.866919     0.821871     0.769404     0.711011     0.648270     0.582772     0.516062     0.449602     0.384737     0.322671     0.264438     0.210878     0.162603     0.119994     0.083212     0.052239     0.026948     0.007179    -0.007179
    0.019372     0.063662     0.113416     0.168407     0.228210     0.292165     0.359370     0.428703     0.498881     0.568518     0.636187     0.700468     0.759975     0.813376     0.859410     0.896918     0.924884     0.942496     0.949197     0.944738     0.929214     0.903068     0.867087     0.822351     0.770183     0.712065     0.649568     0.584277     0.517736     0.451404     0.386628     0.324609     0.266383     0.212782     0.164416     0.121657     0.084656     0.053387     0.027712     0.007466    -0.007466
    0.019344     0.063532     0.113139     0.167948     0.227545     0.291283     0.358274     0.427411     0.497419     0.566920     0.634492     0.698715     0.758204     0.811627     0.857725     0.895337     0.923451     0.941252     0.948180     0.943983     0.928745     0.902905     0.867236     0.822809     0.770936     0.713091     0.650836     0.585753     0.519381     0.453179     0.388493     0.326524     0.268306     0.214669     0.166214     0.123307     0.086089     0.054525     0.028470     0.007751    -0.007751
    0.019320     0.063412     0.112878     0.167509     0.226905     0.290430     0.357210     0.426151     0.495989     0.565354     0.632827     0.696990     0.756458     0.809901     0.856058     0.893772     0.922029     0.940013     0.947164     0.943222     0.928267     0.902727     0.867365     0.823245     0.771664     0.714090     0.652076     0.587200     0.520998     0.454927     0.390333     0.328416     0.270209     0.216536     0.167995     0.124941     0.087510     0.055654     0.029223     0.008034    -0.008034
    0.019300     0.063301     0.112631     0.167091     0.226289     0.289605     0.356176     0.424923     0.494592     0.563820     0.631192     0.695293     0.754738     0.808197     0.854410     0.892221     0.920617     0.938780     0.946148     0.942457     0.927779     0.902534     0.867476     0.823657     0.772367     0.715061     0.653288     0.588618     0.522586     0.456648     0.392147     0.330285     0.272090     0.218385     0.169759     0.126562     0.088918     0.056774     0.029968     0.008315    -0.008315
    0.019282     0.063199     0.112400     0.166694     0.225699     0.288808     0.355173     0.423727     0.493228     0.562318     0.629588     0.693624     0.753044     0.806515     0.852781     0.890685     0.919215     0.937553     0.945133     0.941687     0.927281     0.902327     0.867569     0.824048     0.773044     0.716005     0.654471     0.590008     0.524147     0.458342     0.393936     0.332130     0.273950     0.220214     0.171506     0.128168     0.090315     0.057884     0.030708     0.008593    -0.008593
    0.019268     0.063106     0.112184     0.166316     0.225132     0.288038     0.354200     0.422563     0.491895     0.560847     0.628013     0.691983     0.751374     0.804856     0.851172     0.889165     0.917824     0.936332     0.944119     0.940913     0.926775     0.902107     0.867644     0.824417     0.773697     0.716923     0.655627     0.591370     0.525680     0.460009     0.395700     0.333952     0.275789     0.222024     0.173236     0.129758     0.091698     0.058984     0.031440     0.008868    -0.008868
    0.019257     0.063023     0.111982     0.165957     0.224590     0.287297     0.353258     0.421431     0.490594     0.559407     0.626469     0.690370     0.749731     0.803220     0.849581     0.887660     0.916444     0.935117     0.943106     0.940136     0.926260     0.901873     0.867701     0.824765     0.774326     0.717814     0.656755     0.592703     0.527184     0.461649     0.397438     0.335750     0.277606     0.223815     0.174949     0.131334     0.093069     0.060074     0.032166     0.009141    -0.009141
    0.019248     0.062948     0.111795     0.165618     0.224071     0.286582     0.352345     0.420329     0.489324     0.557998     0.624954     0.688785     0.748113     0.801606     0.848009     0.886169     0.915075     0.933908     0.942095     0.939355     0.925736     0.901626     0.867741     0.825092     0.774931     0.718679     0.657855     0.594009     0.528662     0.463263     0.399151     0.337525     0.279401     0.225586     0.176644     0.132894     0.094426     0.061154     0.032885     0.009411    -0.009411
    0.019243     0.062882     0.111621     0.165298     0.223575     0.285894     0.351461     0.419258     0.488086     0.556620     0.623469     0.687228     0.746520     0.800014     0.846457     0.884695     0.913718     0.932706     0.941085     0.938571     0.925205     0.901366     0.867763     0.825398     0.775513     0.719519     0.658929     0.595287     0.530112     0.464850     0.400839     0.339276     0.281175     0.227337     0.178321     0.134439     0.095771     0.062223     0.033597     0.009678    -0.009678
    0.019241     0.062824     0.111461     0.164997     0.223102     0.285232     0.350606     0.418218     0.486879     0.555273     0.622013     0.685699     0.744952     0.798445     0.844923     0.883236     0.912371     0.931511     0.940078     0.937784     0.924665     0.901094     0.867770     0.825685     0.776071     0.720333     0.659976     0.596538     0.531534     0.466410     0.402502     0.341004     0.282927     0.229069     0.179981     0.135967     0.097102     0.063281     0.034302     0.009943    -0.009943
    0.019241     0.062775     0.111315     0.164714     0.222652     0.284597     0.349780     0.417208     0.485703     0.553956     0.620587     0.684197     0.743410     0.796898     0.843409     0.881792     0.911036     0.930323     0.939073     0.936995     0.924119     0.900810     0.867760     0.825951     0.776606     0.721122     0.660996     0.597761     0.532930     0.467944     0.404140     0.342708     0.284658     0.230781     0.181623     0.137480     0.098419     0.064329     0.034999     0.010205    -0.010205
    0.019245     0.062734     0.111182     0.164449     0.222224     0.283987     0.348981     0.416227     0.484557     0.552669     0.619189     0.682722     0.741892     0.795374     0.841914     0.880364     0.909713     0.929142     0.938070     0.936203     0.923565     0.900515     0.867734     0.826198     0.777119     0.721886     0.661990     0.598958     0.534299     0.469453     0.405753     0.344389     0.286366     0.232472     0.183247     0.138977     0.099722     0.065366     0.035689     0.010464    -0.010464
    0.019251     0.062701     0.111063     0.164201     0.221818     0.283402     0.348211     0.415276     0.483441     0.551412     0.617821     0.681275     0.740400     0.793872     0.840439     0.878951     0.908401     0.927968     0.937070     0.935409     0.923004     0.900208     0.867693     0.826425     0.777610     0.722626     0.662958     0.600129     0.535641     0.470935     0.407341     0.346046     0.288053     0.234144     0.184852     0.140458     0.101012     0.066391     0.036371     0.010720    -0.010720
    0.019260     0.062676     0.110956     0.163971     0.221433     0.282843     0.347468     0.414355     0.482355     0.550185     0.616481     0.679854     0.738933     0.792392     0.838982     0.877554     0.907101     0.926801     0.936073     0.934613     0.922437     0.899890     0.867636     0.826634     0.778079     0.723342     0.663901     0.601273     0.536958     0.472392     0.408904     0.347680     0.289719     0.235796     0.186439     0.141922     0.102288     0.067405     0.037046     0.010973    -0.010973
    0.019271     0.062658     0.110862     0.163759     0.221070     0.282308     0.346753     0.413462     0.481299     0.548987     0.615170     0.678461     0.737490     0.790935     0.837544     0.876173     0.905812     0.925642     0.935078     0.933816     0.921864     0.899561     0.867565     0.826825     0.778527     0.724035     0.664819     0.602391     0.538248     0.473823     0.410443     0.349291     0.291362     0.237428     0.188008     0.143370     0.103549     0.068408     0.037713     0.011223    -0.011223
    0.019285     0.062649     0.110780     0.163563     0.220727     0.281797     0.346064     0.412597     0.480271     0.547818     0.613886     0.677094     0.736072     0.789499     0.836126     0.874807     0.904535     0.924491     0.934087     0.933017     0.921284     0.899222     0.867480     0.826997     0.778954     0.724704     0.665711     0.603483     0.539512     0.475228     0.411958     0.350879     0.292984     0.239039     0.189559     0.144801     0.104796     0.069400     0.038373     0.011471    -0.011471
    0.019302     0.062646     0.110710     0.163384     0.220405     0.281309     0.345401     0.411761     0.479273     0.546678     0.612631     0.675753     0.734678     0.788085     0.834726     0.873457     0.903271     0.923347     0.933100     0.932217     0.920699     0.898873     0.867380     0.827152     0.779360     0.725350     0.666580     0.604550     0.540751     0.476609     0.413448     0.352444     0.294584     0.240631     0.191091     0.146216     0.106029     0.070380     0.039025     0.011715    -0.011715
    0.019321     0.062651     0.110652     0.163221     0.220103     0.280846     0.344765     0.410952     0.478303     0.545567     0.611404     0.674439     0.733309     0.786693     0.833346     0.872122     0.902018     0.922212     0.932115     0.931416     0.920109     0.898514     0.867266     0.827290     0.779745     0.725973     0.667424     0.605592     0.541964     0.477965     0.414914     0.353986     0.296163     0.242202     0.192604     0.147614     0.107247     0.071348     0.039668     0.011956    -0.011956
    0.019342     0.062664     0.110606     0.163073     0.219821     0.280405     0.344154     0.410170     0.477361     0.544483     0.610204     0.673151     0.731964     0.785323     0.831984     0.870803     0.900777     0.921084     0.931135     0.930614     0.919513     0.898145     0.867139     0.827410     0.780111     0.726575     0.668244     0.606610     0.543153     0.479296     0.416357     0.355505     0.297720     0.243754     0.194099     0.148996     0.108451     0.072305     0.040304     0.012194    -0.012194
    0.019366     0.062683     0.110572     0.162942     0.219558     0.279987     0.343568     0.409415     0.476447     0.543428     0.609031     0.671889     0.730642     0.783975     0.830641     0.869500     0.899547     0.919964     0.930158     0.929812     0.918913     0.897768     0.866999     0.827514     0.780458     0.727154     0.669041     0.607603     0.544317     0.480603     0.417775     0.357001     0.299256     0.245285     0.195576     0.150360     0.109641     0.073250     0.040932     0.012429    -0.012429
    0.019392     0.062709     0.110548     0.162826     0.219315     0.279591     0.343007     0.408687     0.475560     0.542400     0.607884     0.670652     0.729344     0.782647     0.829317     0.868212     0.898330     0.918852     0.929185     0.929009     0.918307     0.897382     0.866847     0.827602     0.780785     0.727712     0.669815     0.608572     0.545457     0.481886     0.419171     0.358475     0.300771     0.246796     0.197034     0.151708     0.110816     0.074184     0.041552     0.012661    -0.012661
    0.019421     0.062742     0.110536     0.162725     0.219090     0.279217     0.342470     0.407985     0.474700     0.541399     0.606765     0.669440     0.728070     0.781341     0.828011     0.866939     0.897125     0.917748     0.928216     0.928206     0.917698     0.896987     0.866682     0.827674     0.781093     0.728249     0.670566     0.609517     0.546572     0.483145     0.420543     0.359927     0.302264     0.248288     0.198474     0.153040     0.111976     0.075106     0.042165     0.012890    -0.012890
    0.019451     0.062781     0.110534     0.162639     0.218883     0.278865     0.341957     0.407309     0.473867     0.540424     0.605671     0.668254     0.726819     0.780056     0.826724     0.865682     0.895932     0.916653     0.927252     0.927403     0.917084     0.896584     0.866504     0.827730     0.781383     0.728766     0.671294     0.610439     0.547664     0.484380     0.421892     0.361356     0.303736     0.249759     0.199895     0.154354     0.113122     0.076016     0.042769     0.013116    -0.013116
    0.019484     0.062827     0.110543     0.162567     0.218695     0.278533     0.341468     0.406657     0.473060     0.539477     0.604604     0.667092     0.725592     0.778792     0.825454     0.864440     0.894750     0.915565     0.926291     0.926601     0.916466     0.896172     0.866315     0.827771     0.781655     0.729262     0.672001     0.611338     0.548733     0.485592     0.423218     0.362764     0.305188     0.251211     0.201298     0.155652     0.114253     0.076914     0.043365     0.013339    -0.013339
    0.019519     0.062878     0.110562     0.162509     0.218524     0.278223     0.341002     0.406031     0.472279     0.538555     0.603562     0.665955     0.724387     0.777549     0.824204     0.863214     0.893581     0.914486     0.925335     0.925798     0.915844     0.895754     0.866115     0.827798     0.781910     0.729738     0.672686     0.612214     0.549778     0.486781     0.424522     0.364150     0.306618     0.252643     0.202682     0.156933     0.115370     0.077801     0.043953     0.013559    -0.013559
    0.019556     0.062937     0.110592     0.162465     0.218370     0.277932     0.340558     0.405429     0.471524     0.537659     0.602545     0.664841     0.723204     0.776326     0.822971     0.862002     0.892424     0.913416     0.924384     0.924996     0.915219     0.895327     0.865903     0.827810     0.782147     0.730194     0.673350     0.613068     0.550801     0.487947     0.425803     0.365514     0.308028     0.254056     0.204048     0.158198     0.116472     0.078676     0.044534     0.013775    -0.013775
    0.019595     0.063001     0.110631     0.162435     0.218234     0.277662     0.340137     0.404852     0.470794     0.536788     0.601553     0.663752     0.722044     0.775124     0.821756     0.860806     0.891278     0.912353     0.923437     0.924195     0.914591     0.894894     0.865681     0.827808     0.782367     0.730631     0.673992     0.613900     0.551801     0.489091     0.427062     0.366857     0.309417     0.255449     0.205396     0.159446     0.117559     0.079539     0.045106     0.013989    -0.013989
    0.019636     0.063070     0.110679     0.162418     0.218114     0.277411     0.339738     0.404298     0.470088     0.535943     0.600586     0.662687     0.720906     0.773941     0.820558     0.859624     0.890144     0.911299     0.922495     0.923395     0.913959     0.894453     0.865448     0.827792     0.782570     0.731049     0.674615     0.614710     0.552779     0.490212     0.428299     0.368178     0.310786     0.256823     0.206726     0.160677     0.118633     0.080391     0.045670     0.014199    -0.014199
    0.019679     0.063146     0.110738     0.162414     0.218010     0.277180     0.339361     0.403767     0.469406     0.535122     0.599643     0.661644     0.719790     0.772779     0.819378     0.858458     0.889022     0.910254     0.921557     0.922596     0.913325     0.894006     0.865205     0.827762     0.782757     0.731449     0.675217     0.615499     0.553735     0.491312     0.429515     0.369479     0.312135     0.258177     0.208038     0.161892     0.119691     0.081231     0.046227     0.014407    -0.014407
    0.019723     0.063227     0.110805     0.162422     0.217922     0.276967     0.339004     0.403259     0.468749     0.534325     0.598725     0.660625     0.718695     0.771636     0.818216     0.857306     0.887911     0.909217     0.920624     0.921797     0.912688     0.893553     0.864952     0.827720     0.782928     0.731831     0.675799     0.616267     0.554669     0.492390     0.430710     0.370758     0.313463     0.259513     0.209332     0.163090     0.120736     0.082059     0.046776     0.014611    -0.014611
    0.019770     0.063314     0.110881     0.162443     0.217850     0.276772     0.338669     0.402774     0.468115     0.533552     0.597829     0.659628     0.717622     0.770512     0.817071     0.856168     0.886813     0.908188     0.919697     0.921000     0.912048     0.893093     0.864689     0.827664     0.783084     0.732195     0.676362     0.617015     0.555583     0.493446     0.431883     0.372017     0.314772     0.260829     0.210608     0.164272     0.121766     0.082876     0.047317     0.014813    -0.014813
    0.019818     0.063405     0.110967     0.162477     0.217793     0.276596     0.338353     0.402310     0.467504     0.532802     0.596957     0.658654     0.716569     0.769408     0.815943     0.855046     0.885725     0.907167     0.918774     0.920204     0.911406     0.892628     0.864417     0.827597     0.783225     0.732541     0.676906     0.617742     0.556475     0.494482     0.433036     0.373256     0.316061     0.262127     0.211866     0.165438     0.122782     0.083682     0.047850     0.015011    -0.015011
    0.019868     0.063502     0.111060     0.162522     0.217751     0.276437     0.338058     0.401868     0.466915     0.532076     0.596108     0.657702     0.715538     0.768323     0.814831     0.853937     0.884650     0.906155     0.917856     0.919410     0.910762     0.892156     0.864136     0.827517     0.783351     0.732871     0.677431     0.618450     0.557348     0.495497     0.434168     0.374475     0.317331     0.263406     0.213107     0.166588     0.123783     0.084476     0.048375     0.015207    -0.015207
    0.019919     0.063604     0.111162     0.162578     0.217723     0.276295     0.337782     0.401447     0.466349     0.531372     0.595281     0.656772     0.714527     0.767257     0.813737     0.852843     0.883586     0.905151     0.916943     0.918617     0.910116     0.891680     0.863846     0.827425     0.783462     0.733183     0.677938     0.619138     0.558200     0.496492     0.435280     0.375674     0.318581     0.264666     0.214330     0.167722     0.124771     0.085258     0.048893     0.015400    -0.015400
    0.019973     0.063711     0.111272     0.162646     0.217710     0.276171     0.337525     0.401048     0.465805     0.530691     0.594476     0.655862     0.713536     0.766209     0.812659     0.851762     0.882533     0.904156     0.916035     0.917826     0.909468     0.891198     0.863547     0.827322     0.783559     0.733480     0.678427     0.619807     0.559032     0.497467     0.436372     0.376853     0.319813     0.265908     0.215536     0.168839     0.125745     0.086030     0.049403     0.015589    -0.015589
    0.020027     0.063822     0.111390     0.162725     0.217711     0.276062     0.337287     0.400668     0.465282     0.530031     0.593693     0.654974     0.712565     0.765179     0.811597     0.850696     0.881491     0.903169     0.915133     0.917037     0.908818     0.890711     0.863241     0.827207     0.783643     0.733761     0.678898     0.620457     0.559845     0.498422     0.437444     0.378013     0.321025     0.267132     0.216725     0.169941     0.126705     0.086790     0.049906     0.015776    -0.015776
    0.020083     0.063938     0.111516     0.162814     0.217725     0.275970     0.337067     0.400308     0.464780     0.529393     0.592931     0.654107     0.711613     0.764168     0.810551     0.849644     0.880461     0.902190     0.914235     0.916249     0.908168     0.890219     0.862926     0.827082     0.783713     0.734026     0.679352     0.621089     0.560639     0.499357     0.438497     0.379154     0.322219     0.268338     0.217897     0.171028     0.127651     0.087540     0.050401     0.015960    -0.015960
    0.020141     0.064059     0.111649     0.162914     0.217752     0.275894     0.336865     0.399968     0.464299     0.528776     0.592191     0.653260     0.710681     0.763174     0.809521     0.848605     0.879441     0.901220     0.913343     0.915464     0.907515     0.889723     0.862604     0.826946     0.783770     0.734276     0.679790     0.621703     0.561414     0.500274     0.439531     0.380276     0.323394     0.269526     0.219052     0.172099     0.128584     0.088278     0.050889     0.016141    -0.016141
    0.020200     0.064184     0.111789     0.163024     0.217792     0.275833     0.336680     0.399647     0.463838     0.528180     0.591471     0.652433     0.709768     0.762197     0.808507     0.847579     0.878433     0.900257     0.912456     0.914681     0.906862     0.889222     0.862274     0.826800     0.783814     0.734511     0.680211     0.622299     0.562171     0.501172     0.440546     0.381379     0.324551     0.270697     0.220190     0.173154     0.129503     0.089006     0.051369     0.016319    -0.016319
    0.020261     0.064313     0.111936     0.163144     0.217845     0.275787     0.336513     0.399345     0.463397     0.527604     0.590771     0.651626     0.708873     0.761238     0.807508     0.846567     0.877435     0.899303     0.911574     0.913899     0.906207     0.888717     0.861937     0.826644     0.783846     0.734731     0.680615     0.622878     0.562909     0.502051     0.441542     0.382464     0.325690     0.271850     0.221312     0.174195     0.130409     0.089723     0.051843     0.016495    -0.016495
    0.020323     0.064446     0.112091     0.163274     0.217910     0.275756     0.336362     0.399061     0.462975     0.527048     0.590091     0.650838     0.707997     0.760296     0.806524     0.845568     0.876448     0.898357     0.910697     0.913120     0.905552     0.888208     0.861593     0.826478     0.783865     0.734938     0.681004     0.623440     0.563630     0.502912     0.442521     0.383531     0.326812     0.272986     0.222418     0.175220     0.131301     0.090429     0.052309     0.016668    -0.016668
    0.020386     0.064583     0.112251     0.163412     0.217988     0.275739     0.336228     0.398795     0.462572     0.526511     0.589431     0.650070     0.707139     0.759371     0.805556     0.844582     0.875472     0.897419     0.909826     0.912344     0.904896     0.887696     0.861243     0.826303     0.783873     0.735130     0.681378     0.623985     0.564334     0.503756     0.443481     0.384580     0.327916     0.274105     0.223507     0.176230     0.132181     0.091125     0.052768     0.016838    -0.016838
    0.020450     0.064724     0.112419     0.163560     0.218076     0.275736     0.336109     0.398547     0.462188     0.525994     0.588790     0.649320     0.706299     0.758462     0.804602     0.843609     0.874507     0.896489     0.908960     0.911569     0.904239     0.887179     0.860886     0.826119     0.783870     0.735309     0.681736     0.624515     0.565020     0.504582     0.444424     0.385611     0.329002     0.275208     0.224580     0.177226     0.133048     0.091810     0.053220     0.017005    -0.017005
    0.020515     0.064868     0.112592     0.163717     0.218176     0.275747     0.336007     0.398315     0.461822     0.525496     0.588168     0.648588     0.705476     0.757569     0.803663     0.842649     0.873552     0.895567     0.908099     0.910797     0.903582     0.886660     0.860522     0.825926     0.783855     0.735475     0.682080     0.625028     0.565690     0.505391     0.445349     0.386626     0.330072     0.276294     0.225638     0.178207     0.133902     0.092485     0.053665     0.017170    -0.017170
    0.020582     0.065016     0.112772     0.163883     0.218287     0.275771     0.335919     0.398101     0.461474     0.525015     0.587564     0.647874     0.704671     0.756693     0.802738     0.841701     0.872607     0.894653     0.907244     0.910028     0.902924     0.886137     0.860153     0.825724     0.783829     0.735629     0.682409     0.625525     0.566344     0.506183     0.446258     0.387623     0.331125     0.277363     0.226680     0.179174     0.134743     0.093150     0.054103     0.017332    -0.017332
    0.020650     0.065168     0.112958     0.164056     0.218409     0.275808     0.335846     0.397902     0.461143     0.524553     0.586978     0.647179     0.703882     0.755832     0.801827     0.840765     0.871672     0.893747     0.906394     0.909261     0.902266     0.885611     0.859778     0.825514     0.783793     0.735769     0.682724     0.626008     0.566981     0.506959     0.447149     0.388603     0.332161     0.278416     0.227707     0.180127     0.135572     0.093805     0.054535     0.017492    -0.017492
    0.020719     0.065322     0.113149     0.164238     0.218541     0.275857     0.335788     0.397720     0.460830     0.524109     0.586410     0.646500     0.703110     0.754986     0.800931     0.839841     0.870748     0.892848     0.905549     0.908497     0.901608     0.885082     0.859397     0.825296     0.783746     0.735898     0.683026     0.626476     0.567603     0.507718     0.448025     0.389567     0.333181     0.279454     0.228718     0.181066     0.136389     0.094451     0.054960     0.017649    -0.017649
    0.020788     0.065480     0.113345     0.164428     0.218684     0.275918     0.335743     0.397553     0.460532     0.523681     0.585859     0.645838     0.702354     0.754156     0.800048     0.838930     0.869833     0.891957     0.904709     0.907735     0.900950     0.884550     0.859012     0.825070     0.783690     0.736014     0.683314     0.626929     0.568210     0.508461     0.448884     0.390515     0.334185     0.280475     0.229715     0.181990     0.137193     0.095086     0.055378     0.017804    -0.017804
    0.020859     0.065641     0.113547     0.164625     0.218836     0.275992     0.335713     0.397402     0.460252     0.523271     0.585326     0.645193     0.701614     0.753340     0.799178     0.838030     0.868928     0.891074     0.903874     0.906976     0.900292     0.884016     0.858621     0.824837     0.783624     0.736120     0.683589     0.627368     0.568801     0.509189     0.449727     0.391447     0.335173     0.281482     0.230697     0.182902     0.137986     0.095712     0.055790     0.017956    -0.017956
    0.020931     0.065805     0.113754     0.164829     0.218997     0.276077     0.335695     0.397265     0.459987     0.522877     0.584809     0.644565     0.700890     0.752539     0.798322     0.837142     0.868033     0.890199     0.903045     0.906220     0.899634     0.883480     0.858225     0.824596     0.783548     0.736214     0.683852     0.627793     0.569378     0.509902     0.450555     0.392363     0.336145     0.282473     0.231664     0.183799     0.138767     0.096329     0.056196     0.018106    -0.018106
    0.021003     0.065972     0.113966     0.165041     0.219168     0.276173     0.335691     0.397143     0.459737     0.522499     0.584308     0.643952     0.700181     0.751752     0.797479     0.836265     0.867148     0.889330     0.902221     0.905466     0.898977     0.882941     0.857824     0.824349     0.783464     0.736297     0.684102     0.628204     0.569940     0.510600     0.451367     0.393264     0.337103     0.283449     0.232617     0.184684     0.139536     0.096936     0.056595     0.018254    -0.018254
    0.021077     0.066142     0.114183     0.165259     0.219348     0.276280     0.335700     0.397034     0.459503     0.522137     0.583823     0.643355     0.699487     0.750980     0.796648     0.835400     0.866272     0.888470     0.901402     0.904716     0.898320     0.882400     0.857419     0.824095     0.783370     0.736369     0.684340     0.628603     0.570489     0.511283     0.452165     0.394150     0.338045     0.284410     0.233556     0.185555     0.140294     0.097534     0.056989     0.018399    -0.018399
    0.021151     0.066314     0.114404     0.165485     0.219536     0.276398     0.335720     0.396940     0.459283     0.521790     0.583354     0.642774     0.698808     0.750221     0.795830     0.834545     0.865405     0.887616     0.900589     0.903968     0.897663     0.881857     0.857009     0.823834     0.783268     0.736431     0.684566     0.628988     0.571024     0.511952     0.452948     0.395021     0.338972     0.285357     0.234481     0.186414     0.141041     0.098123     0.057376     0.018542    -0.018542
    0.021226     0.066489     0.114630     0.165716     0.219733     0.276526     0.335753     0.396859     0.459078     0.521458     0.582900     0.642207     0.698143     0.749476     0.795025     0.833702     0.864548     0.886770     0.899780     0.903223     0.897007     0.881313     0.856596     0.823566     0.783158     0.736484     0.684781     0.629361     0.571545     0.512607     0.453716     0.395877     0.339885     0.286290     0.235392     0.187260     0.141777     0.098704     0.057758     0.018683    -0.018683
    0.021302     0.066666     0.114860     0.165954     0.219938     0.276664     0.335797     0.396790     0.458887     0.521141     0.582460     0.641656     0.697493     0.748744     0.794231     0.832869     0.863699     0.885931     0.898977     0.902481     0.896351     0.880766     0.856178     0.823293     0.783040     0.736526     0.684985     0.629722     0.572053     0.513248     0.454471     0.396720     0.340784     0.287208     0.236290     0.188094     0.142501     0.099275     0.058133     0.018821    -0.018821
    0.021378     0.066845     0.115094     0.166197     0.220150     0.276812     0.335853     0.396735     0.458709     0.520838     0.582036     0.641118     0.696856     0.748025     0.793450     0.832046     0.862860     0.885099     0.898178     0.901742     0.895697     0.880219     0.855757     0.823014     0.782914     0.736559     0.685178     0.630071     0.572549     0.513876     0.455211     0.397548     0.341668     0.288113     0.237175     0.188915     0.143215     0.099839     0.058503     0.018958    -0.018958
    0.021455     0.067026     0.115332     0.166447     0.220371     0.276969     0.335919     0.396692     0.458545     0.520549     0.581625     0.640595     0.696233     0.747319     0.792680     0.831235     0.862029     0.884275     0.897385     0.901006     0.895043     0.879669     0.855332     0.822729     0.782781     0.736583     0.685361     0.630408     0.573031     0.514491     0.455938     0.398362     0.342539     0.289004     0.238046     0.189724     0.143919     0.100393     0.058868     0.019092    -0.019092
    0.021533     0.067210     0.115574     0.166701     0.220598     0.277135     0.335996     0.396660     0.458393     0.520274     0.581229     0.640085     0.695624     0.746626     0.791922     0.830433     0.861207     0.883457     0.896597     0.900273     0.894389     0.879119     0.854904     0.822439     0.782640     0.736598     0.685533     0.630734     0.573502     0.515093     0.456652     0.399163     0.343396     0.289882     0.238905     0.190522     0.144612     0.100940     0.059227     0.019224    -0.019224
    0.021611     0.067396     0.115819     0.166962     0.220833     0.277309     0.336084     0.396640     0.458255     0.520012     0.580845     0.639589     0.695027     0.745944     0.791175     0.829641     0.860393     0.882646     0.895814     0.899543     0.893737     0.878567     0.854473     0.822144     0.782492     0.736604     0.685695     0.631048     0.573961     0.515682     0.457353     0.399950     0.344240     0.290747     0.239751     0.191308     0.145295     0.101478     0.059580     0.019354    -0.019354
    0.021690     0.067583     0.116068     0.167227     0.221075     0.277493     0.336181     0.396632     0.458128     0.519762     0.580475     0.639106     0.694443     0.745275     0.790439     0.828859     0.859588     0.881842     0.895035     0.898816     0.893086     0.878014     0.854038     0.821844     0.782338     0.736603     0.685848     0.631352     0.574408     0.516260     0.458041     0.400725     0.345071     0.291599     0.240585     0.192082     0.145968     0.102009     0.059929     0.019483    -0.019483
    0.021769     0.067772     0.116320     0.167497     0.221323     0.277684     0.336288     0.396635     0.458014     0.519526     0.580118     0.638636     0.693871     0.744618     0.789714     0.828087     0.858791     0.881044     0.894262     0.898093     0.892436     0.877461     0.853601     0.821539     0.782177     0.736593     0.685991     0.631646     0.574844     0.516825     0.458717     0.401487     0.345889     0.292438     0.241407     0.192846     0.146632     0.102532     0.060272     0.019609    -0.019609
    0.021849     0.067963     0.116575     0.167772     0.221577     0.277883     0.336405     0.396648     0.457911     0.519301     0.579774     0.638178     0.693312     0.743972     0.788999     0.827324     0.858002     0.880253     0.893494     0.897372     0.891787     0.876906     0.853160     0.821229     0.782009     0.736575     0.686125     0.631929     0.575269     0.517378     0.459381     0.402236     0.346694     0.293265     0.242216     0.193598     0.147285     0.103047     0.060610     0.019733    -0.019733
    0.021929     0.068156     0.116833     0.168051     0.221837     0.278090     0.336530     0.396671     0.457819     0.519089     0.579442     0.637733     0.692765     0.743337     0.788295     0.826571     0.857222     0.879469     0.892730     0.896654     0.891139     0.876351     0.852718     0.820915     0.781836     0.736550     0.686251     0.632203     0.575684     0.517921     0.460033     0.402974     0.347487     0.294080     0.243015     0.194339     0.147930     0.103554     0.060943     0.019856    -0.019856
    0.022010     0.068350     0.117093     0.168334     0.222104     0.278305     0.336664     0.396705     0.457739     0.518888     0.579121     0.637299     0.692229     0.742713     0.787601     0.825826     0.856449     0.878691     0.891972     0.895939     0.890493     0.875796     0.852273     0.820597     0.781657     0.736517     0.686367     0.632467     0.576088     0.518452     0.460673     0.403699     0.348269     0.294882     0.243801     0.195070     0.148565     0.104055     0.061271     0.019977    -0.019977
    0.022091     0.068545     0.117357     0.168622     0.222376     0.278526     0.336807     0.396748     0.457669     0.518699     0.578813     0.636877     0.691704     0.742101     0.786917     0.825091     0.855684     0.877919     0.891218     0.895228     0.889848     0.875239     0.851825     0.820274     0.781472     0.736478     0.686476     0.632722     0.576481     0.518972     0.461302     0.404413     0.349038     0.295673     0.244577     0.195791     0.149191     0.104548     0.061595     0.020096    -0.020096
    0.022172     0.068742     0.117623     0.168913     0.222653     0.278755     0.336958     0.396801     0.457609     0.518520     0.578516     0.636467     0.691191     0.741498     0.786243     0.824364     0.854926     0.877154     0.890469     0.894519     0.889204     0.874683     0.851376     0.819948     0.781282     0.736431     0.686576     0.632967     0.576865     0.519482     0.461919     0.405115     0.349796     0.296453     0.245341     0.196501     0.149808     0.105034     0.061914     0.020213    -0.020213
    0.022254     0.068940     0.117891     0.169209     0.222935     0.278989     0.337117     0.396862     0.457559     0.518353     0.578229     0.636067     0.690688     0.740906     0.785579     0.823646     0.854176     0.876394     0.889724     0.893814     0.888562     0.874126     0.850924     0.819619     0.781086     0.736378     0.686669     0.633204     0.577239     0.519981     0.462526     0.405806     0.350542     0.297221     0.246094     0.197201     0.150417     0.105513     0.062228     0.020329    -0.020329
    0.022336     0.069139     0.118162     0.169507     0.223222     0.279231     0.337284     0.396933     0.457519     0.518195     0.577954     0.635679     0.690196     0.740324     0.784923     0.822937     0.853433     0.875641     0.888984     0.893112     0.887921     0.873569     0.850471     0.819285     0.780886     0.736319     0.686754     0.633432     0.577604     0.520470     0.463122     0.406486     0.351277     0.297978     0.246837     0.197892     0.151017     0.105986     0.062538     0.020443    -0.020443
    0.022418     0.069339     0.118434     0.169810     0.223514     0.279478     0.337458     0.397012     0.457489     0.518048     0.577689     0.635301     0.689715     0.739752     0.784277     0.822236     0.852698     0.874894     0.888249     0.892413     0.887282     0.873012     0.850015     0.818949     0.780681     0.736253     0.686832     0.633652     0.577959     0.520950     0.463708     0.407155     0.352002     0.298725     0.247570     0.198573     0.151608     0.106452     0.062844     0.020555    -0.020555
    0.022501     0.069540     0.118709     0.170115     0.223811     0.279731     0.337639     0.397099     0.457468     0.517910     0.577434     0.634933     0.689243     0.739190     0.783640     0.821543     0.851970     0.874153     0.887519     0.891717     0.886644     0.872454     0.849559     0.818609     0.780471     0.736182     0.686903     0.633864     0.578306     0.521420     0.464284     0.407814     0.352715     0.299461     0.248292     0.199244     0.152192     0.106911     0.063145     0.020666    -0.020666
    0.022583     0.069742     0.118986     0.170423     0.224112     0.279990     0.337827     0.397194     0.457455     0.517782     0.577189     0.634575     0.688781     0.738637     0.783012     0.820858     0.851248     0.873418     0.886793     0.891024     0.886008     0.871897     0.849100     0.818266     0.780257     0.736105     0.686967     0.634068     0.578644     0.521880     0.464850     0.408463     0.353418     0.300186     0.249005     0.199907     0.152767     0.107364     0.063442     0.020775    -0.020775
    0.022666     0.069945     0.119264     0.170734     0.224417     0.280254     0.338021     0.397297     0.457451     0.517663     0.576953     0.634227     0.688329     0.738094     0.782393     0.820181     0.850534     0.872688     0.886071     0.890335     0.885374     0.871340     0.848641     0.817921     0.780038     0.736022     0.687024     0.634264     0.578974     0.522332     0.465407     0.409101     0.354112     0.300902     0.249707     0.200560     0.153335     0.107811     0.063735     0.020883    -0.020883
    0.022749     0.070149     0.119544     0.171048     0.224725     0.280523     0.338222     0.397407     0.457456     0.517554     0.576727     0.633888     0.687886     0.737559     0.781782     0.819511     0.849826     0.871964     0.885354     0.889648     0.884741     0.870784     0.848180     0.817573     0.779816     0.735934     0.687075     0.634453     0.579295     0.522774     0.465954     0.409730     0.354795     0.301607     0.250400     0.201204     0.153895     0.108252     0.064024     0.020989    -0.020989
    0.022832     0.070353     0.119825     0.171365     0.225038     0.280797     0.338429     0.397525     0.457468     0.517452     0.576510     0.633559     0.687452     0.737033     0.781179     0.818849     0.849125     0.871246     0.884642     0.888965     0.884110     0.870227     0.847718     0.817222     0.779590     0.735841     0.687120     0.634635     0.579609     0.523208     0.466491     0.410350     0.355468     0.302303     0.251084     0.201840     0.154448     0.108687     0.064309     0.021094    -0.021094
    0.022915     0.070558     0.120108     0.171683     0.225354     0.281076     0.338642     0.397649     0.457489     0.517360     0.576302     0.633238     0.687028     0.736516     0.780584     0.818195     0.848431     0.870533     0.883933     0.888285     0.883481     0.869671     0.847255     0.816869     0.779360     0.735743     0.687159     0.634811     0.579915     0.523634     0.467020     0.410960     0.356132     0.302989     0.251758     0.202468     0.154993     0.109117     0.064591     0.021198    -0.021198
    0.022998     0.070763     0.120392     0.172004     0.225673     0.281359     0.338861     0.397780     0.457516     0.517275     0.576102     0.632927     0.686612     0.736007     0.779997     0.817547     0.847743     0.869826     0.883229     0.887607     0.882854     0.869116     0.846791     0.816514     0.779126     0.735641     0.687192     0.634979     0.580213     0.524052     0.467541     0.411560     0.356786     0.303666     0.252424     0.203087     0.155531     0.109540     0.064869     0.021300    -0.021300
    0.023082     0.070969     0.120677     0.172327     0.225995     0.281647     0.339084     0.397918     0.457551     0.517199     0.575911     0.632623     0.686204     0.735506     0.779418     0.816907     0.847061     0.869124     0.882530     0.886933     0.882229     0.868561     0.846326     0.816156     0.778889     0.735534     0.687219     0.635141     0.580504     0.524461     0.468052     0.412152     0.357431     0.304334     0.253081     0.203698     0.156062     0.109959     0.065143     0.021401    -0.021401
    0.023165     0.071175     0.120963     0.172652     0.226321     0.281938     0.339313     0.398061     0.457593     0.517130     0.575728     0.632329     0.685804     0.735013     0.778846     0.816274     0.846385     0.868427     0.881835     0.886263     0.881605     0.868007     0.845861     0.815797     0.778649     0.735423     0.687241     0.635297     0.580788     0.524863     0.468556     0.412736     0.358068     0.304993     0.253729     0.204301     0.156587     0.110372     0.065414     0.021500    -0.021500
    0.023248     0.071381     0.121250     0.172979     0.226649     0.282234     0.339547     0.398211     0.457642     0.517068     0.575553     0.632042     0.685413     0.734528     0.778282     0.815647     0.845716     0.867735     0.881143     0.885595     0.880983     0.867453     0.845395     0.815435     0.778406     0.735307     0.687259     0.635447     0.581066     0.525258     0.469051     0.413310     0.358696     0.305643     0.254369     0.204897     0.157104     0.110779     0.065681     0.021598    -0.021598
    0.023331     0.071588     0.121538     0.173307     0.226980     0.282533     0.339786     0.398366     0.457697     0.517014     0.575385     0.631763     0.685029     0.734051     0.777725     0.815027     0.845052     0.867049     0.880456     0.884930     0.880364     0.866900     0.844929     0.815073     0.778160     0.735188     0.687271     0.635590     0.581336     0.525645     0.469538     0.413877     0.359315     0.306285     0.255000     0.205485     0.157616     0.111182     0.065945     0.021696    -0.021696
    0.023414     0.071795     0.121826     0.173637     0.227313     0.282836     0.340029     0.398527     0.457759     0.516966     0.575225     0.631491     0.684653     0.733581     0.777175     0.814414     0.844395     0.866368     0.879774     0.884269     0.879746     0.866348     0.844462     0.814708     0.777912     0.735065     0.687278     0.635729     0.581601     0.526025     0.470018     0.414435     0.359926     0.306918     0.255624     0.206065     0.158120     0.111579     0.066206     0.021791    -0.021791
    0.023498     0.072002     0.122115     0.173968     0.227648     0.283142     0.340277     0.398692     0.457827     0.516925     0.575071     0.631227     0.684285     0.733118     0.776632     0.813807     0.843743     0.865691     0.879095     0.883610     0.879130     0.865797     0.843995     0.814342     0.777661     0.734938     0.687281     0.635861     0.581859     0.526398     0.470491     0.414986     0.360528     0.307543     0.256240     0.206639     0.158619     0.111972     0.066463     0.021886    -0.021886
    0.023581     0.072209     0.122405     0.174300     0.227986     0.283451     0.340528     0.398863     0.457900     0.516891     0.574925     0.630970     0.683923     0.732662     0.776096     0.813206     0.843096     0.865020     0.878420     0.882955     0.878517     0.865246     0.843527     0.813975     0.777407     0.734808     0.687279     0.635989     0.582111     0.526764     0.470956     0.415529     0.361123     0.308160     0.256848     0.207205     0.159111     0.112360     0.066718     0.021980    -0.021980
    0.023663     0.072416     0.122695     0.174634     0.228325     0.283763     0.340784     0.399039     0.457980     0.516863     0.574785     0.630720     0.683569     0.732214     0.775566     0.812612     0.842455     0.864353     0.877749     0.882302     0.877905     0.864697     0.843060     0.813606     0.777151     0.734674     0.687273     0.636111     0.582357     0.527124     0.471414     0.416064     0.361710     0.308770     0.257448     0.207765     0.159598     0.112743     0.066969     0.022072    -0.022072
    0.023746     0.072623     0.122986     0.174968     0.228667     0.284077     0.341043     0.399220     0.458064     0.516841     0.574652     0.630477     0.683221     0.731771     0.775042     0.812023     0.841820     0.863691     0.877083     0.881653     0.877296     0.864148     0.842592     0.813237     0.776893     0.734537     0.687263     0.636229     0.582597     0.527477     0.471865     0.416592     0.362290     0.309372     0.258042     0.208317     0.160079     0.113122     0.067218     0.022164    -0.022164
    0.023829     0.072830     0.123276     0.175303     0.229010     0.284395     0.341306     0.399404     0.458154     0.516825     0.574526     0.630240     0.682880     0.731336     0.774525     0.811441     0.841190     0.863034     0.876420     0.881007     0.876688     0.863601     0.842125     0.812866     0.776633     0.734398     0.687250     0.636342     0.582832     0.527825     0.472309     0.417113     0.362862     0.309967     0.258628     0.208864     0.160554     0.113497     0.067463     0.022254    -0.022254
    0.023911     0.073036     0.123567     0.175639     0.229354     0.284714     0.341572     0.399594     0.458249     0.516815     0.574405     0.630010     0.682546     0.730907     0.774014     0.810864     0.840565     0.862382     0.875761     0.880364     0.876083     0.863055     0.841657     0.812494     0.776371     0.734255     0.687232     0.636450     0.583062     0.528166     0.472747     0.417627     0.363426     0.310554     0.259207     0.209404     0.161024     0.113867     0.067706     0.022343    -0.022343
    0.023993     0.073243     0.123858     0.175976     0.229700     0.285036     0.341841     0.399787     0.458348     0.516810     0.574290     0.629786     0.682218     0.730484     0.773509     0.810293     0.839946     0.861734     0.875106     0.879723     0.875480     0.862510     0.841190     0.812122     0.776107     0.734110     0.687211     0.636554     0.583287     0.528502     0.473179     0.418134     0.363984     0.311134     0.259780     0.209937     0.161488     0.114233     0.067946     0.022432    -0.022432
    0.024075     0.073449     0.124149     0.176313     0.230047     0.285360     0.342113     0.399984     0.458453     0.516810     0.574181     0.629568     0.681895     0.730067     0.773010     0.809727     0.839331     0.861090     0.874455     0.879086     0.874879     0.861967     0.840723     0.811749     0.775841     0.733962     0.687186     0.636653     0.583506     0.528832     0.473604     0.418634     0.364535     0.311708     0.260346     0.210465     0.161947     0.114595     0.068184     0.022519    -0.022519
    0.024157     0.073655     0.124440     0.176651     0.230396     0.285686     0.342388     0.400184     0.458561     0.516815     0.574078     0.629355     0.681579     0.729656     0.772517     0.809167     0.838722     0.860451     0.873807     0.878452     0.874280     0.861424     0.840257     0.811375     0.775574     0.733812     0.687158     0.636749     0.583721     0.529156     0.474023     0.419128     0.365080     0.312274     0.260905     0.210986     0.162401     0.114953     0.068419     0.022606    -0.022606
    0.024239     0.073860     0.124730     0.176989     0.230745     0.286014     0.342666     0.400388     0.458674     0.516825     0.573980     0.629149     0.681269     0.729251     0.772029     0.808611     0.838117     0.859816     0.873163     0.877821     0.873683     0.860883     0.839791     0.811001     0.775306     0.733659     0.687127     0.636841     0.583931     0.529476     0.474437     0.419616     0.365617     0.312835     0.261458     0.211502     0.162850     0.115307     0.068651     0.022691    -0.022691
    0.024320     0.074066     0.125021     0.177327     0.231095     0.286344     0.342946     0.400596     0.458791     0.516840     0.573887     0.628948     0.680964     0.728851     0.771547     0.808062     0.837517     0.859186     0.872523     0.877193     0.873089     0.860343     0.839325     0.810626     0.775036     0.733504     0.687093     0.636928     0.584137     0.529790     0.474845     0.420098     0.366149     0.313388     0.262005     0.212012     0.163294     0.115657     0.068881     0.022776    -0.022776
    0.024401     0.074270     0.125311     0.177665     0.231446     0.286675     0.343229     0.400806     0.458912     0.516860     0.573798     0.628752     0.680665     0.728457     0.771070     0.807517     0.836922     0.858560     0.871887     0.876568     0.872497     0.859805     0.838860     0.810251     0.774765     0.733347     0.687056     0.637012     0.584338     0.530099     0.475247     0.420573     0.366674     0.313936     0.262545     0.212517     0.163734     0.116004     0.069109     0.022860    -0.022860
    0.024482     0.074475     0.125601     0.178004     0.231798     0.287007     0.343513     0.401020     0.459037     0.516883     0.573715     0.628561     0.680371     0.728068     0.770598     0.806977     0.836332     0.857938     0.871254     0.875945     0.871907     0.859268     0.838395     0.809876     0.774493     0.733188     0.687017     0.637093     0.584535     0.530403     0.475644     0.421043     0.367193     0.314477     0.263080     0.213016     0.164169     0.116347     0.069334     0.022943    -0.022943
    0.024562     0.074678     0.125890     0.178342     0.232150     0.287341     0.343800     0.401236     0.459165     0.516911     0.573637     0.628375     0.680082     0.727684     0.770132     0.806442     0.835746     0.857320     0.870624     0.875326     0.871319     0.858733     0.837931     0.809501     0.774220     0.733028     0.686974     0.637170     0.584728     0.530702     0.476035     0.421507     0.367706     0.315013     0.263610     0.213510     0.164599     0.116686     0.069557     0.023025    -0.023025
    0.024643     0.074881     0.126179     0.178680     0.232502     0.287675     0.344089     0.401455     0.459296     0.516943     0.573563     0.628194     0.679798     0.727306     0.769670     0.805912     0.835164     0.856706     0.869999     0.874710     0.870733     0.858199     0.837468     0.809125     0.773946     0.732865     0.686930     0.637244     0.584917     0.530997     0.476422     0.421966     0.368214     0.315542     0.264133     0.213999     0.165025     0.117022     0.069778     0.023107    -0.023107
    0.024722     0.075084     0.126467     0.179018     0.232855     0.288011     0.344379     0.401677     0.459431     0.516979     0.573493     0.628018     0.679519     0.726932     0.769213     0.805387     0.834587     0.856096     0.869376     0.874096     0.870150     0.857666     0.837006     0.808750     0.773671     0.732701     0.686882     0.637315     0.585102     0.531288     0.476803     0.422419     0.368715     0.316066     0.264651     0.214483     0.165447     0.117355     0.069997     0.023187    -0.023187
    0.024802     0.075286     0.126755     0.179356     0.233208     0.288348     0.344671     0.401901     0.459569     0.517018     0.573427     0.627846     0.679245     0.726563     0.768761     0.804866     0.834014     0.855490     0.868758     0.873486     0.869569     0.857135     0.836544     0.808374     0.773396     0.732536     0.686833     0.637383     0.585284     0.531574     0.477180     0.422868     0.369212     0.316585     0.265164     0.214961     0.165864     0.117685     0.070213     0.023267    -0.023267
    0.024881     0.075487     0.127042     0.179693     0.233561     0.288685     0.344965     0.402127     0.459710     0.517061     0.573366     0.627679     0.678976     0.726199     0.768314     0.804350     0.833446     0.854888     0.868142     0.872878     0.868991     0.856606     0.836084     0.807999     0.773119     0.732369     0.686781     0.637448     0.585462     0.531857     0.477552     0.423311     0.369703     0.317098     0.265672     0.215436     0.166277     0.118011     0.070428     0.023346    -0.023346
    0.024960     0.075687     0.127328     0.180029     0.233915     0.289023     0.345259     0.402356     0.459853     0.517108     0.573308     0.627516     0.678711     0.725840     0.767871     0.803838     0.832881     0.854290     0.867530     0.872274     0.868414     0.856079     0.835624     0.807624     0.772843     0.732201     0.686728     0.637511     0.585637     0.532135     0.477920     0.423749     0.370189     0.317606     0.266174     0.215905     0.166687     0.118334     0.070641     0.023425    -0.023425
    0.025039     0.075887     0.127614     0.180366     0.234268     0.289362     0.345556     0.402586     0.460000     0.517157     0.573254     0.627357     0.678450     0.725485     0.767433     0.803330     0.832321     0.853696     0.866922     0.871672     0.867840     0.855553     0.835165     0.807249     0.772565     0.732031     0.686672     0.637571     0.585808     0.532409     0.478283     0.424182     0.370669     0.318108     0.266672     0.216370     0.167092     0.118655     0.070851     0.023503    -0.023503
    0.025117     0.076086     0.127898     0.180701     0.234620     0.289701     0.345853     0.402818     0.460148     0.517210     0.573204     0.627202     0.678193     0.725134     0.766999     0.802827     0.831765     0.853105     0.866317     0.871073     0.867268     0.855028     0.834707     0.806874     0.772288     0.731861     0.686615     0.637628     0.585976     0.532679     0.478642     0.424610     0.371145     0.318606     0.267165     0.216831     0.167494     0.118972     0.071060     0.023580    -0.023580
    0.025194     0.076285     0.128182     0.181036     0.234973     0.290040     0.346151     0.403052     0.460300     0.517266     0.573157     0.627051     0.677941     0.724787     0.766569     0.802327     0.831212     0.852518     0.865715     0.870477     0.866699     0.854506     0.834251     0.806500     0.772010     0.731689     0.686556     0.637683     0.586142     0.532946     0.478996     0.425034     0.371616     0.319099     0.267653     0.217287     0.167892     0.119287     0.071267     0.023656    -0.023656
    0.025272     0.076482     0.128465     0.181370     0.235325     0.290379     0.346450     0.403287     0.460453     0.517325     0.573114     0.626904     0.677692     0.724445     0.766143     0.801832     0.830664     0.851934     0.865116     0.869884     0.866132     0.853985     0.833795     0.806126     0.771731     0.731517     0.686495     0.637735     0.586304     0.533209     0.479347     0.425454     0.372082     0.319587     0.268136     0.217739     0.168287     0.119598     0.071472     0.023732    -0.023732
    0.025349     0.076679     0.128747     0.181703     0.235677     0.290719     0.346750     0.403524     0.460608     0.517386     0.573074     0.626760     0.677448     0.724107     0.765722     0.801341     0.830119     0.851355     0.864521     0.869293     0.865567     0.853466     0.833341     0.805753     0.771453     0.731343     0.686433     0.637785     0.586463     0.533469     0.479693     0.425869     0.372544     0.320070     0.268615     0.218187     0.168678     0.119908     0.071676     0.023807    -0.023807
    0.025425     0.076874     0.129028     0.182036     0.236029     0.291059     0.347051     0.403762     0.460766     0.517450     0.573037     0.626620     0.677207     0.723772     0.765304     0.800854     0.829579     0.850778     0.863928     0.868705     0.865005     0.852949     0.832887     0.805380     0.771174     0.731169     0.686369     0.637833     0.586620     0.533726     0.480036     0.426280     0.373001     0.320549     0.269089     0.218631     0.169065     0.120214     0.071878     0.023882    -0.023882
    0.025501     0.077069     0.129308     0.182367     0.236379     0.291399     0.347352     0.404002     0.460926     0.517516     0.573003     0.626483     0.676970     0.723441     0.764890     0.800370     0.829041     0.850205     0.863339     0.868121     0.864444     0.852434     0.832435     0.805008     0.770896     0.730994     0.686304     0.637880     0.586774     0.533979     0.480375     0.426687     0.373454     0.321023     0.269560     0.219071     0.169449     0.120518     0.072078     0.023956    -0.023956
    0.025577     0.077263     0.129587     0.182698     0.236729     0.291738     0.347654     0.404243     0.461087     0.517585     0.572971     0.626349     0.676736     0.723114     0.764480     0.799891     0.828508     0.849636     0.862754     0.867538     0.863887     0.851920     0.831984     0.804636     0.770617     0.730819     0.686237     0.637924     0.586925     0.534229     0.480711     0.427089     0.373902     0.321493     0.270026     0.219507     0.169830     0.120819     0.072276     0.024029    -0.024029
    0.025652     0.077456     0.129864     0.183027     0.237079     0.292077     0.347956     0.404484     0.461250     0.517656     0.572943     0.626219     0.676506     0.722791     0.764074     0.799415     0.827978     0.849070     0.862171     0.866959     0.863331     0.851408     0.831535     0.804265     0.770339     0.730642     0.686170     0.637966     0.587074     0.534476     0.481042     0.427488     0.374346     0.321959     0.270488     0.219940     0.170208     0.121118     0.072473     0.024102    -0.024102
    0.025727     0.077648     0.130141     0.183356     0.237428     0.292416     0.348258     0.404727     0.461414     0.517729     0.572917     0.626091     0.676279     0.722471     0.763671     0.798942     0.827452     0.848507     0.861591     0.866383     0.862778     0.850898     0.831087     0.803895     0.770060     0.730466     0.686101     0.638007     0.587221     0.534720     0.481371     0.427883     0.374787     0.322421     0.270946     0.220369     0.170583     0.121415     0.072669     0.024174    -0.024174
    0.025802     0.077839     0.130416     0.183683     0.237775     0.292755     0.348561     0.404970     0.461580     0.517805     0.572894     0.625967     0.676056     0.722155     0.763272     0.798473     0.826929     0.847948     0.861015     0.865809     0.862227     0.850390     0.830640     0.803526     0.769782     0.730289     0.686031     0.638046     0.587365     0.534962     0.481696     0.428275     0.375223     0.322879     0.271400     0.220794     0.170955     0.121709     0.072863     0.024246    -0.024246
    0.025876     0.078029     0.130690     0.184009     0.238122     0.293093     0.348863     0.405214     0.461748     0.517882     0.572873     0.625845     0.675835     0.721842     0.762876     0.798008     0.826409     0.847392     0.860441     0.865238     0.861679     0.849884     0.830194     0.803158     0.769504     0.730111     0.685960     0.638083     0.587507     0.535200     0.482018     0.428662     0.375656     0.323333     0.271851     0.221216     0.171323     0.122001     0.073055     0.024317    -0.024317
    0.025949     0.078218     0.130963     0.184334     0.238468     0.293431     0.349166     0.405459     0.461916     0.517961     0.572855     0.625726     0.675618     0.721532     0.762484     0.797546     0.825893     0.846839     0.859870     0.864669     0.861133     0.849380     0.829750     0.802790     0.769226     0.729934     0.685889     0.638119     0.587647     0.535436     0.482337     0.429046     0.376084     0.323783     0.272297     0.221634     0.171689     0.122291     0.073246     0.024388    -0.024388
    0.026022     0.078406     0.131234     0.184658     0.238813     0.293768     0.349469     0.405705     0.462086     0.518042     0.572838     0.625610     0.675404     0.721226     0.762095     0.797088     0.825380     0.846290     0.859303     0.864104     0.860589     0.848878     0.829308     0.802423     0.768949     0.729756     0.685816     0.638153     0.587785     0.535670     0.482652     0.429427     0.376510     0.324229     0.272740     0.222050     0.172052     0.122578     0.073436     0.024458    -0.024458
    0.026095     0.078593     0.131505     0.184980     0.239157     0.294104     0.349771     0.405951     0.462257     0.518124     0.572824     0.625497     0.675192     0.720923     0.761710     0.796633     0.824871     0.845743     0.858738     0.863541     0.860048     0.848377     0.828867     0.802058     0.768672     0.729578     0.685743     0.638186     0.587921     0.535901     0.482965     0.429805     0.376931     0.324672     0.273180     0.222462     0.172413     0.122864     0.073624     0.024528    -0.024528
    0.026167     0.078779     0.131773     0.185301     0.239500     0.294440     0.350074     0.406197     0.462429     0.518208     0.572812     0.625385     0.674983     0.720622     0.761327     0.796181     0.824365     0.845200     0.858177     0.862980     0.859508     0.847879     0.828427     0.801693     0.768395     0.729399     0.685669     0.638218     0.588055     0.536129     0.483275     0.430179     0.377349     0.325111     0.273616     0.222870     0.172770     0.123147     0.073811     0.024597    -0.024597
    0.026239     0.078964     0.132041     0.185620     0.239841     0.294775     0.350376     0.406444     0.462602     0.518294     0.572802     0.625277     0.674778     0.720325     0.760948     0.795732     0.823861     0.844660     0.857618     0.862423     0.858972     0.847382     0.827989     0.801329     0.768119     0.729221     0.685594     0.638248     0.588188     0.536355     0.483582     0.430550     0.377764     0.325546     0.274049     0.223276     0.173125     0.123428     0.073997     0.024666    -0.024666
    0.026310     0.079148     0.132307     0.185939     0.240182     0.295109     0.350678     0.406691     0.462775     0.518381     0.572794     0.625170     0.674574     0.720031     0.760572     0.795286     0.823361     0.844122     0.857062     0.861868     0.858437     0.846888     0.827552     0.800966     0.767844     0.729043     0.685519     0.638278     0.588318     0.536579     0.483886     0.430918     0.378175     0.325979     0.274478     0.223679     0.173478     0.123708     0.074181     0.024735    -0.024735
    0.026381     0.079331     0.132572     0.186255     0.240521     0.295442     0.350979     0.406938     0.462950     0.518469     0.572788     0.625066     0.674374     0.719739     0.760198     0.794844     0.822865     0.843588     0.856509     0.861315     0.857905     0.846395     0.827117     0.800605     0.767569     0.728864     0.685443     0.638306     0.588447     0.536800     0.484188     0.431282     0.378583     0.326408     0.274905     0.224079     0.173828     0.123985     0.074365     0.024802    -0.024802
    0.026451     0.079512     0.132835     0.186571     0.240859     0.295775     0.351280     0.407185     0.463125     0.518559     0.572784     0.624964     0.674176     0.719450     0.759828     0.794404     0.822371     0.843057     0.855959     0.860766     0.857376     0.845905     0.826684     0.800244     0.767295     0.728686     0.685366     0.638333     0.588575     0.537020     0.484487     0.431644     0.378988     0.326833     0.275328     0.224476     0.174175     0.124261     0.074547     0.024870    -0.024870
    0.026521     0.079693     0.133097     0.186884     0.241195     0.296106     0.351581     0.407432     0.463301     0.518650     0.572781     0.624865     0.673980     0.719164     0.759461     0.793967     0.821880     0.842529     0.855411     0.860218     0.856848     0.845416     0.826252     0.799885     0.767021     0.728508     0.685290     0.638359     0.588700     0.537237     0.484783     0.432003     0.379390     0.327256     0.275748     0.224870     0.174520     0.124534     0.074727     0.024937    -0.024937
    0.026591     0.079872     0.133358     0.187197     0.241530     0.296436     0.351881     0.407679     0.463477     0.518741     0.572780     0.624767     0.673787     0.718881     0.759096     0.793534     0.821392     0.842003     0.854867     0.859674     0.856323     0.844930     0.825821     0.799526     0.766748     0.728330     0.685212     0.638384     0.588824     0.537453     0.485077     0.432360     0.379788     0.327675     0.276165     0.225261     0.174863     0.124806     0.074907     0.025004    -0.025004
    0.026660     0.080051     0.133617     0.187507     0.241864     0.296765     0.352180     0.407927     0.463654     0.518834     0.572780     0.624671     0.673596     0.718600     0.758734     0.793103     0.820907     0.841481     0.854325     0.859132     0.855801     0.844445     0.825393     0.799169     0.766476     0.728152     0.685135     0.638408     0.588947     0.537666     0.485369     0.432713     0.380184     0.328092     0.276579     0.225650     0.175203     0.125076     0.075085     0.025070    -0.025070
    0.026728     0.080228     0.133874     0.187816     0.242196     0.297094     0.352479     0.408174     0.463831     0.518928     0.572782     0.624577     0.673407     0.718321     0.758375     0.792675     0.820425     0.840961     0.853786     0.858593     0.855280     0.843963     0.824966     0.798814     0.766204     0.727974     0.685057     0.638432     0.589069     0.537878     0.485658     0.433064     0.380577     0.328505     0.276990     0.226036     0.175542     0.125345     0.075263     0.025136    -0.025136
    0.026796     0.080404     0.134130     0.188124     0.242527     0.297421     0.352777     0.408420     0.464008     0.519023     0.572785     0.624485     0.673221     0.718046     0.758019     0.792250     0.819946     0.840444     0.853250     0.858056     0.854762     0.843482     0.824540     0.798459     0.765933     0.727797     0.684979     0.638454     0.589189     0.538087     0.485946     0.433412     0.380967     0.328915     0.277399     0.226419     0.175878     0.125611     0.075439     0.025201    -0.025201
    0.026864     0.080579     0.134385     0.188430     0.242856     0.297746     0.353074     0.408667     0.464186     0.519118     0.572790     0.624395     0.673036     0.717772     0.757665     0.791828     0.819469     0.839930     0.852716     0.857522     0.854246     0.843004     0.824117     0.798106     0.765663     0.727620     0.684900     0.638476     0.589308     0.538295     0.486230     0.433758     0.381354     0.329323     0.277804     0.226800     0.176211     0.125876     0.075614     0.025266    -0.025266
    0.026931     0.080753     0.134638     0.188734     0.243184     0.298071     0.353370     0.408913     0.464364     0.519215     0.572796     0.624306     0.672854     0.717501     0.757314     0.791408     0.818995     0.839419     0.852185     0.856990     0.853733     0.842527     0.823695     0.797754     0.765394     0.727443     0.684822     0.638497     0.589425     0.538502     0.486513     0.434101     0.381739     0.329728     0.278207     0.227179     0.176543     0.126140     0.075788     0.025331    -0.025331
    0.026997     0.080926     0.134889     0.189037     0.243510     0.298394     0.353666     0.409159     0.464543     0.519312     0.572803     0.624219     0.672674     0.717232     0.756965     0.790991     0.818524     0.838910     0.851657     0.856461     0.853222     0.842053     0.823274     0.797403     0.765125     0.727266     0.684743     0.638517     0.589541     0.538706     0.486794     0.434442     0.382121     0.330130     0.278607     0.227555     0.176873     0.126401     0.075962     0.025395    -0.025395
    0.027063     0.081097     0.135139     0.189338     0.243835     0.298716     0.353960     0.409405     0.464721     0.519410     0.572811     0.624134     0.672495     0.716966     0.756619     0.790577     0.818056     0.838404     0.851131     0.855934     0.852713     0.841580     0.822856     0.797053     0.764858     0.727090     0.684664     0.638537     0.589657     0.538909     0.487072     0.434780     0.382500     0.330530     0.279005     0.227928     0.177200     0.126662     0.076134     0.025459    -0.025459
    0.027129     0.081268     0.135388     0.189637     0.244158     0.299037     0.354254     0.409650     0.464900     0.519508     0.572820     0.624050     0.672319     0.716702     0.756275     0.790165     0.817591     0.837901     0.850608     0.855410     0.852206     0.841110     0.822439     0.796705     0.764591     0.726915     0.684585     0.638556     0.589771     0.539110     0.487349     0.435116     0.382877     0.330927     0.279400     0.228300     0.177526     0.126920     0.076305     0.025523    -0.025523
    0.027194     0.081437     0.135635     0.189935     0.244480     0.299356     0.354547     0.409895     0.465078     0.519607     0.572831     0.623968     0.672145     0.716439     0.755933     0.789756     0.817128     0.837401     0.850088     0.854888     0.851702     0.840642     0.822023     0.796358     0.764325     0.726740     0.684506     0.638575     0.589884     0.539310     0.487623     0.435450     0.383251     0.331321     0.279793     0.228669     0.177849     0.127177     0.076475     0.025586    -0.025586
    0.027259     0.081605     0.135880     0.190231     0.244799     0.299674     0.354838     0.410139     0.465257     0.519707     0.572842     0.623887     0.671972     0.716180     0.755594     0.789349     0.816667     0.836903     0.849570     0.854369     0.851200     0.840175     0.821610     0.796013     0.764061     0.726565     0.684427     0.638593     0.589996     0.539508     0.487896     0.435781     0.383623     0.331713     0.280183     0.229035     0.178171     0.127433     0.076644     0.025649    -0.025649
    0.027323     0.081773     0.136124     0.190525     0.245118     0.299990     0.355129     0.410382     0.465436     0.519807     0.572855     0.623808     0.671801     0.715922     0.755258     0.788945     0.816210     0.836408     0.849055     0.853852     0.850701     0.839711     0.821198     0.795669     0.763797     0.726391     0.684348     0.638611     0.590107     0.539705     0.488167     0.436111     0.383993     0.332102     0.280571     0.229400     0.178491     0.127687     0.076812     0.025711    -0.025711
    0.027387     0.081938     0.136367     0.190817     0.245434     0.300305     0.355419     0.410625     0.465614     0.519907     0.572868     0.623730     0.671632     0.715666     0.754923     0.788543     0.815755     0.835915     0.848542     0.853338     0.850203     0.839249     0.820788     0.795326     0.763534     0.726217     0.684270     0.638628     0.590217     0.539901     0.488436     0.436438     0.384360     0.332489     0.280956     0.229762     0.178809     0.127940     0.076979     0.025774    -0.025774
    0.027450     0.082103     0.136607     0.191108     0.245749     0.300619     0.355707     0.410868     0.465793     0.520008     0.572882     0.623653     0.671465     0.715412     0.754591     0.788144     0.815302     0.835425     0.848032     0.852826     0.849708     0.838789     0.820380     0.794984     0.763272     0.726044     0.684191     0.638644     0.590326     0.540095     0.488703     0.436763     0.384725     0.332873     0.281339     0.230122     0.179125     0.128191     0.077146     0.025836    -0.025836
    0.027513     0.082267     0.136847     0.191397     0.246062     0.300931     0.355995     0.411109     0.465971     0.520109     0.572897     0.623578     0.671299     0.715160     0.754261     0.787747     0.814852     0.834937     0.847524     0.852316     0.849215     0.838330     0.819973     0.794644     0.763011     0.725871     0.684112     0.638661     0.590434     0.540288     0.488969     0.437086     0.385088     0.333256     0.281720     0.230480     0.179439     0.128441     0.077311     0.025897    -0.025897
    0.027576     0.082430     0.137084     0.191685     0.246374     0.301241     0.356281     0.411350     0.466149     0.520211     0.572913     0.623504     0.671135     0.714910     0.753933     0.787352     0.814404     0.834452     0.847019     0.851809     0.848725     0.837874     0.819568     0.794306     0.762751     0.725699     0.684033     0.638677     0.590542     0.540479     0.489233     0.437407     0.385448     0.333636     0.282099     0.230836     0.179752     0.128689     0.077476     0.025958    -0.025958
    0.027637     0.082591     0.137320     0.191970     0.246683     0.301551     0.356566     0.411590     0.466327     0.520312     0.572930     0.623431     0.670972     0.714662     0.753608     0.786960     0.813959     0.833970     0.846517     0.851305     0.848236     0.837420     0.819165     0.793969     0.762492     0.725528     0.683955     0.638692     0.590648     0.540669     0.489495     0.437726     0.385806     0.334013     0.282475     0.231190     0.180062     0.128936     0.077639     0.026019    -0.026019
    0.027699     0.082751     0.137555     0.192254     0.246991     0.301858     0.356850     0.411830     0.466504     0.520414     0.572947     0.623359     0.670811     0.714416     0.753284     0.786570     0.813516     0.833490     0.846017     0.850802     0.847750     0.836968     0.818764     0.793633     0.762235     0.725357     0.683876     0.638708     0.590754     0.540858     0.489755     0.438044     0.386162     0.334389     0.282849     0.231542     0.180371     0.129182     0.077802     0.026080    -0.026080
    0.027760     0.082910     0.137788     0.192536     0.247298     0.302164     0.357133     0.412069     0.466681     0.520516     0.572965     0.623288     0.670652     0.714172     0.752963     0.786183     0.813076     0.833012     0.845519     0.850302     0.847266     0.836518     0.818364     0.793299     0.761978     0.725187     0.683798     0.638723     0.590859     0.541046     0.490014     0.438359     0.386516     0.334762     0.283221     0.231892     0.180679     0.129427     0.077964     0.026140    -0.026140
    0.027821     0.083069     0.138020     0.192817     0.247602     0.302469     0.357414     0.412307     0.466858     0.520619     0.572984     0.623219     0.670494     0.713929     0.752644     0.785797     0.812638     0.832537     0.845024     0.849805     0.846785     0.836070     0.817967     0.792966     0.761722     0.725017     0.683720     0.638737     0.590964     0.541232     0.490272     0.438672     0.386868     0.335133     0.283591     0.232240     0.180984     0.129670     0.078125     0.026200    -0.026200
    0.027881     0.083226     0.138250     0.193095     0.247905     0.302772     0.357695     0.412544     0.467035     0.520721     0.573003     0.623150     0.670337     0.713689     0.752326     0.785414     0.812202     0.832064     0.844531     0.849310     0.846305     0.835624     0.817570     0.792634     0.761467     0.724848     0.683642     0.638752     0.591067     0.541418     0.490528     0.438984     0.387218     0.335502     0.283959     0.232587     0.181288     0.129911     0.078285     0.026260    -0.026260
    0.027940     0.083381     0.138478     0.193372     0.248206     0.303073     0.357974     0.412780     0.467211     0.520824     0.573023     0.623083     0.670182     0.713450     0.752011     0.785033     0.811769     0.831594     0.844040     0.848817     0.845828     0.835180     0.817176     0.792305     0.761214     0.724680     0.683565     0.638766     0.591170     0.541602     0.490782     0.439294     0.387566     0.335869     0.284325     0.232931     0.181591     0.130152     0.078445     0.026319    -0.026319
    0.028000     0.083536     0.138705     0.193647     0.248505     0.303373     0.358251     0.413015     0.467387     0.520927     0.573044     0.623016     0.670028     0.713212     0.751698     0.784654     0.811338     0.831126     0.843552     0.848326     0.845353     0.834738     0.816784     0.791976     0.760961     0.724513     0.683487     0.638780     0.591272     0.541785     0.491035     0.439602     0.387912     0.336234     0.284689     0.233273     0.181891     0.130391     0.078603     0.026378    -0.026378
    0.028058     0.083690     0.138930     0.193921     0.248803     0.303671     0.358528     0.413250     0.467562     0.521029     0.573065     0.622951     0.669876     0.712977     0.751386     0.784278     0.810909     0.830661     0.843067     0.847838     0.844881     0.834298     0.816393     0.791649     0.760710     0.724346     0.683410     0.638794     0.591374     0.541967     0.491286     0.439908     0.388256     0.336597     0.285051     0.233614     0.182190     0.130629     0.078761     0.026437    -0.026437
    0.028117     0.083842     0.139154     0.194193     0.249099     0.303968     0.358803     0.413483     0.467737     0.521132     0.573086     0.622886     0.669725     0.712743     0.751077     0.783903     0.810483     0.830198     0.842583     0.847352     0.844410     0.833860     0.816004     0.791323     0.760460     0.724180     0.683333     0.638807     0.591475     0.542148     0.491536     0.440213     0.388598     0.336958     0.285411     0.233952     0.182488     0.130866     0.078918     0.026495    -0.026495
    0.028175     0.083994     0.139377     0.194463     0.249393     0.304263     0.359077     0.413716     0.467911     0.521235     0.573108     0.622822     0.669575     0.712511     0.750769     0.783531     0.810059     0.829737     0.842102     0.846869     0.843942     0.833425     0.815617     0.790999     0.760211     0.724014     0.683257     0.638821     0.591575     0.542328     0.491785     0.440516     0.388939     0.337317     0.285768     0.234289     0.182784     0.131102     0.079074     0.026553    -0.026553
    0.028232     0.084144     0.139597     0.194731     0.249685     0.304556     0.359349     0.413948     0.468085     0.521338     0.573131     0.622760     0.669426     0.712280     0.750464     0.783161     0.809637     0.829278     0.841624     0.846388     0.843475     0.832991     0.815231     0.790677     0.759962     0.723849     0.683180     0.638834     0.591675     0.542507     0.492032     0.440817     0.389277     0.337674     0.286124     0.234624     0.183078     0.131336     0.079229     0.026611    -0.026611
    0.028289     0.084294     0.139817     0.194997     0.249976     0.304848     0.359621     0.414179     0.468259     0.521441     0.573154     0.622698     0.669279     0.712051     0.750160     0.782792     0.809217     0.828822     0.841148     0.845909     0.843011     0.832559     0.814848     0.790355     0.759716     0.723685     0.683104     0.638847     0.591774     0.542685     0.492278     0.441116     0.389614     0.338029     0.286479     0.234958     0.183371     0.131569     0.079384     0.026669    -0.026669
    0.028346     0.084442     0.140035     0.195262     0.250265     0.305138     0.359890     0.414409     0.468432     0.521543     0.573177     0.622637     0.669133     0.711823     0.749858     0.782426     0.808799     0.828368     0.840674     0.845432     0.842550     0.832129     0.814466     0.790036     0.759470     0.723522     0.683029     0.638860     0.591873     0.542862     0.492523     0.441414     0.389948     0.338382     0.286831     0.235289     0.183663     0.131801     0.079538     0.026726    -0.026726
    0.028402     0.084589     0.140251     0.195525     0.250552     0.305426     0.360159     0.414637     0.468604     0.521646     0.573201     0.622577     0.668988     0.711598     0.749558     0.782062     0.808384     0.827916     0.840202     0.844958     0.842090     0.831701     0.814086     0.789717     0.759225     0.723360     0.682953     0.638873     0.591971     0.543038     0.492766     0.441711     0.390281     0.338733     0.287181     0.235619     0.183953     0.132032     0.079691     0.026783    -0.026783
    0.028458     0.084736     0.140466     0.195787     0.250837     0.305713     0.360426     0.414865     0.468776     0.521749     0.573225     0.622517     0.668845     0.711373     0.749260     0.781700     0.807971     0.827467     0.839733     0.844485     0.841632     0.831275     0.813707     0.789400     0.758981     0.723198     0.682878     0.638886     0.592068     0.543214     0.493008     0.442006     0.390612     0.339083     0.287530     0.235948     0.184241     0.132261     0.079843     0.026840    -0.026840
    0.028513     0.084881     0.140680     0.196047     0.251121     0.305999     0.360692     0.415092     0.468947     0.521851     0.573249     0.622459     0.668702     0.711150     0.748963     0.781340     0.807560     0.827020     0.839265     0.844016     0.841177     0.830851     0.813330     0.789085     0.758739     0.723037     0.682804     0.638898     0.592165     0.543388     0.493249     0.442299     0.390942     0.339431     0.287877     0.236274     0.184528     0.132490     0.079994     0.026896    -0.026896
    0.028568     0.085025     0.140892     0.196305     0.251403     0.306282     0.360956     0.415318     0.469118     0.521954     0.573274     0.622401     0.668561     0.710929     0.748668     0.780982     0.807151     0.826575     0.838801     0.843548     0.840724     0.830429     0.812956     0.788771     0.758498     0.722876     0.682729     0.638911     0.592262     0.543561     0.493488     0.442591     0.391270     0.339776     0.288222     0.236599     0.184813     0.132717     0.080145     0.026952    -0.026952
    0.028623     0.085168     0.141102     0.196561     0.251683     0.306565     0.361219     0.415543     0.469288     0.522056     0.573299     0.622344     0.668421     0.710709     0.748375     0.780626     0.806744     0.826132     0.838338     0.843082     0.840273     0.830009     0.812582     0.788459     0.758257     0.722717     0.682655     0.638923     0.592358     0.543734     0.493726     0.442881     0.391596     0.340120     0.288565     0.236922     0.185097     0.132943     0.080295     0.027008    -0.027008
    0.028677     0.085310     0.141311     0.196816     0.251961     0.306845     0.361481     0.415767     0.469458     0.522158     0.573324     0.622287     0.668282     0.710490     0.748084     0.780272     0.806340     0.825692     0.837878     0.842619     0.839824     0.829591     0.812211     0.788148     0.758018     0.722558     0.682581     0.638936     0.592453     0.543905     0.493963     0.443170     0.391920     0.340463     0.288906     0.237243     0.185380     0.133168     0.080444     0.027063    -0.027063
    0.028731     0.085451     0.141519     0.197069     0.252238     0.307124     0.361742     0.415990     0.469627     0.522260     0.573350     0.622232     0.668144     0.710273     0.747795     0.779919     0.805937     0.825254     0.837420     0.842158     0.839377     0.829175     0.811841     0.787838     0.757780     0.722400     0.682508     0.638948     0.592548     0.544076     0.494199     0.443457     0.392243     0.340803     0.289246     0.237563     0.185661     0.133392     0.080593     0.027119    -0.027119
    0.028784     0.085592     0.141726     0.197320     0.252513     0.307401     0.362001     0.416212     0.469795     0.522362     0.573376     0.622177     0.668007     0.710058     0.747507     0.779569     0.805537     0.824817     0.836964     0.841699     0.838932     0.828761     0.811473     0.787530     0.757544     0.722243     0.682435     0.638960     0.592643     0.544245     0.494434     0.443743     0.392564     0.341142     0.289584     0.237882     0.185941     0.133615     0.080740     0.027174    -0.027174
    0.028838     0.085731     0.141930     0.197570     0.252787     0.307677     0.362258     0.416433     0.469963     0.522463     0.573402     0.622122     0.667872     0.709844     0.747221     0.779221     0.805139     0.824384     0.836510     0.841243     0.838489     0.828349     0.811107     0.787224     0.757308     0.722086     0.682363     0.638973     0.592737     0.544414     0.494667     0.444027     0.392883     0.341479     0.289920     0.238198     0.186219     0.133836     0.080887     0.027228    -0.027228
    0.028890     0.085869     0.142134     0.197818     0.253058     0.307951     0.362515     0.416652     0.470130     0.522565     0.573429     0.622069     0.667737     0.709631     0.746936     0.778874     0.804742     0.823952     0.836059     0.840788     0.838049     0.827938     0.810743     0.786919     0.757073     0.721930     0.682290     0.638985     0.592830     0.544583     0.494899     0.444310     0.393201     0.341814     0.290255     0.238513     0.186496     0.134057     0.081033     0.027283    -0.027283
    0.028942     0.086006     0.142336     0.198065     0.253328     0.308224     0.362770     0.416871     0.470296     0.522666     0.573456     0.622016     0.667604     0.709419     0.746653     0.778530     0.804348     0.823522     0.835610     0.840336     0.837610     0.827530     0.810380     0.786615     0.756840     0.721775     0.682218     0.638997     0.592923     0.544750     0.495130     0.444591     0.393517     0.342148     0.290587     0.238827     0.186771     0.134276     0.081179     0.027337    -0.027337
    0.028994     0.086142     0.142537     0.198310     0.253597     0.308495     0.363023     0.417089     0.470462     0.522767     0.573482     0.621964     0.667471     0.709209     0.746372     0.778187     0.803956     0.823095     0.835163     0.839886     0.837174     0.827124     0.810019     0.786313     0.756608     0.721621     0.682147     0.639009     0.593016     0.544916     0.495360     0.444871     0.393832     0.342480     0.290918     0.239138     0.187045     0.134494     0.081323     0.027391    -0.027391
    0.029046     0.086278     0.142736     0.198553     0.253863     0.308764     0.363275     0.417306     0.470628     0.522868     0.573510     0.621912     0.667340     0.709001     0.746093     0.777846     0.803566     0.822670     0.834718     0.839438     0.836739     0.826719     0.809659     0.786012     0.756376     0.721468     0.682076     0.639021     0.593108     0.545082     0.495589     0.445150     0.394145     0.342810     0.291248     0.239449     0.187318     0.134711     0.081467     0.027445    -0.027445
    0.029097     0.086412     0.142935     0.198795     0.254128     0.309032     0.363526     0.417521     0.470792     0.522968     0.573537     0.621861     0.667209     0.708793     0.745815     0.777507     0.803178     0.822246     0.834275     0.838992     0.836307     0.826317     0.809302     0.785712     0.756146     0.721315     0.682005     0.639033     0.593200     0.545247     0.495816     0.445427     0.394456     0.343138     0.291576     0.239757     0.187589     0.134927     0.081610     0.027498    -0.027498
    0.029148     0.086546     0.143131     0.199035     0.254392     0.309298     0.363776     0.417736     0.470956     0.523069     0.573565     0.621811     0.667080     0.708587     0.745539     0.777170     0.802792     0.821825     0.833834     0.838548     0.835877     0.825916     0.808946     0.785415     0.755917     0.721163     0.681935     0.639045     0.593291     0.545411     0.496043     0.445703     0.394766     0.343465     0.291902     0.240064     0.187859     0.135142     0.081753     0.027551    -0.027551
    0.029198     0.086678     0.143327     0.199274     0.254654     0.309563     0.364024     0.417950     0.471119     0.523169     0.573593     0.621761     0.666951     0.708383     0.745264     0.776835     0.802408     0.821406     0.833396     0.838107     0.835449     0.825517     0.808592     0.785118     0.755690     0.721012     0.681865     0.639057     0.593382     0.545574     0.496268     0.445977     0.395074     0.343790     0.292226     0.240370     0.188128     0.135356     0.081894     0.027604    -0.027604
    0.029248     0.086810     0.143521     0.199511     0.254914     0.309826     0.364271     0.418162     0.471282     0.523269     0.573621     0.621712     0.666824     0.708179     0.744991     0.776501     0.802026     0.820990     0.832960     0.837667     0.835022     0.825121     0.808239     0.784823     0.755463     0.720861     0.681795     0.639069     0.593473     0.545736     0.496492     0.446250     0.395381     0.344114     0.292549     0.240673     0.188395     0.135568     0.082035     0.027656    -0.027656
    0.029298     0.086940     0.143714     0.199747     0.255172     0.310088     0.364516     0.418374     0.471444     0.523368     0.573649     0.621664     0.666697     0.707978     0.744720     0.776170     0.801646     0.820575     0.832526     0.837230     0.834598     0.824726     0.807888     0.784529     0.755237     0.720712     0.681726     0.639081     0.593563     0.545898     0.496715     0.446522     0.395686     0.344436     0.292870     0.240976     0.188660     0.135780     0.082175     0.027708    -0.027708
    0.029347     0.087070     0.143905     0.199981     0.255429     0.310348     0.364761     0.418584     0.471605     0.523468     0.573677     0.621616     0.666572     0.707777     0.744450     0.775840     0.801268     0.820162     0.832094     0.836795     0.834176     0.824333     0.807539     0.784237     0.755013     0.720563     0.681657     0.639093     0.593653     0.546059     0.496937     0.446792     0.395989     0.344756     0.293189     0.241276     0.188924     0.135990     0.082315     0.027760    -0.027760
    0.029396     0.087199     0.144095     0.200213     0.255685     0.310607     0.365004     0.418794     0.471766     0.523567     0.573706     0.621568     0.666447     0.707578     0.744182     0.775512     0.800892     0.819752     0.831664     0.836362     0.833756     0.823942     0.807192     0.783947     0.754790     0.720415     0.681588     0.639105     0.593742     0.546219     0.497158     0.447061     0.396291     0.345075     0.293507     0.241576     0.189187     0.136199     0.082453     0.027812    -0.027812
    0.029445     0.087327     0.144284     0.200444     0.255938     0.310864     0.365245     0.419002     0.471926     0.523666     0.573734     0.621522     0.666323     0.707380     0.743915     0.775186     0.800518     0.819344     0.831237     0.835931     0.833339     0.823552     0.806846     0.783657     0.754567     0.720267     0.681520     0.639116     0.593831     0.546378     0.497378     0.447328     0.396592     0.345391     0.293823     0.241873     0.189449     0.136407     0.082591     0.027863    -0.027863
    0.029493     0.087454     0.144472     0.200674     0.256191     0.311119     0.365485     0.419209     0.472085     0.523764     0.573763     0.621475     0.666201     0.707183     0.743651     0.774862     0.800146     0.818938     0.830811     0.835503     0.832923     0.823165     0.806502     0.783369     0.754346     0.720121     0.681452     0.639128     0.593919     0.546536     0.497596     0.447595     0.396891     0.345707     0.294137     0.242169     0.189709     0.136614     0.082728     0.027914    -0.027914
    0.029541     0.087580     0.144658     0.200902     0.256441     0.311373     0.365724     0.419416     0.472243     0.523863     0.573792     0.621430     0.666079     0.706987     0.743387     0.774540     0.799776     0.818533     0.830388     0.835076     0.832509     0.822780     0.806160     0.783083     0.754126     0.719975     0.681385     0.639140     0.594007     0.546694     0.497814     0.447859     0.397188     0.346020     0.294450     0.242463     0.189967     0.136820     0.082865     0.027965    -0.027965
    0.029588     0.087705     0.144843     0.201128     0.256690     0.311626     0.365962     0.419621     0.472401     0.523961     0.573822     0.621385     0.665959     0.706793     0.743125     0.774219     0.799408     0.818132     0.829967     0.834652     0.832097     0.822397     0.805819     0.782798     0.753908     0.719830     0.681318     0.639152     0.594095     0.546851     0.498030     0.448123     0.397484     0.346332     0.294761     0.242756     0.190224     0.137024     0.083000     0.028015    -0.028015
    0.029636     0.087829     0.145027     0.201353     0.256937     0.311877     0.366198     0.419825     0.472559     0.524059     0.573851     0.621341     0.665839     0.706601     0.742865     0.773900     0.799042     0.817732     0.829548     0.834230     0.831688     0.822015     0.805480     0.782515     0.753690     0.719686     0.681251     0.639164     0.594182     0.547007     0.498246     0.448385     0.397778     0.346642     0.295070     0.243047     0.190480     0.137228     0.083135     0.028065    -0.028065
    0.029682     0.087953     0.145210     0.201577     0.257183     0.312126     0.366433     0.420029     0.472715     0.524156     0.573881     0.621297     0.665720     0.706409     0.742607     0.773583     0.798678     0.817334     0.829132     0.833810     0.831280     0.821636     0.805143     0.782233     0.753473     0.719542     0.681185     0.639175     0.594269     0.547162     0.498460     0.448645     0.398070     0.346951     0.295378     0.243337     0.190734     0.137430     0.083268     0.028115    -0.028115
    0.029729     0.088075     0.145391     0.201799     0.257428     0.312374     0.366666     0.420231     0.472871     0.524253     0.573910     0.621253     0.665602     0.706219     0.742350     0.773269     0.798316     0.816939     0.828717     0.833392     0.830875     0.821258     0.804808     0.781952     0.753258     0.719399     0.681119     0.639187     0.594355     0.547317     0.498673     0.448904     0.398361     0.347257     0.295683     0.243624     0.190987     0.137631     0.083401     0.028164    -0.028164
    0.029775     0.088197     0.145571     0.202019     0.257670     0.312620     0.366898     0.420432     0.473026     0.524350     0.573940     0.621211     0.665486     0.706030     0.742095     0.772955     0.797956     0.816545     0.828305     0.832976     0.830472     0.820883     0.804474     0.781673     0.753044     0.719258     0.681054     0.639199     0.594441     0.547471     0.498885     0.449162     0.398650     0.347562     0.295987     0.243910     0.191238     0.137830     0.083533     0.028213    -0.028213
    0.029821     0.088318     0.145749     0.202238     0.257911     0.312865     0.367129     0.420632     0.473181     0.524447     0.573970     0.621169     0.665370     0.705843     0.741841     0.772644     0.797599     0.816154     0.827895     0.832563     0.830071     0.820509     0.804143     0.781396     0.752831     0.719116     0.680989     0.639211     0.594527     0.547623     0.499095     0.449419     0.398938     0.347866     0.296290     0.244195     0.191487     0.138029     0.083665     0.028262    -0.028262
    0.029866     0.088437     0.145927     0.202455     0.258150     0.313109     0.367359     0.420831     0.473334     0.524544     0.574000     0.621127     0.665255     0.705657     0.741589     0.772335     0.797243     0.815766     0.827488     0.832152     0.829672     0.820138     0.803813     0.781120     0.752619     0.718976     0.680924     0.639222     0.594612     0.547776     0.499305     0.449673     0.399224     0.348167     0.296590     0.244477     0.191735     0.138225     0.083795     0.028310    -0.028310
    0.029911     0.088556     0.146103     0.202671     0.258388     0.313350     0.367587     0.421029     0.473488     0.524640     0.574031     0.621086     0.665141     0.705472     0.741339     0.772028     0.796890     0.815379     0.827083     0.831744     0.829276     0.819769     0.803485     0.780846     0.752409     0.718837     0.680860     0.639234     0.594696     0.547927     0.499513     0.449927     0.399508     0.348467     0.296889     0.244758     0.191982     0.138421     0.083924     0.028358    -0.028358
    0.029956     0.088674     0.146277     0.202885     0.258624     0.313590     0.367813     0.421226     0.473640     0.524736     0.574061     0.621046     0.665028     0.705289     0.741091     0.771723     0.796539     0.814995     0.826680     0.831338     0.828882     0.819402     0.803159     0.780573     0.752200     0.718698     0.680796     0.639246     0.594781     0.548077     0.499720     0.450179     0.399791     0.348765     0.297185     0.245037     0.192226     0.138615     0.084053     0.028406    -0.028406
    0.030000     0.088791     0.146450     0.203097     0.258858     0.313829     0.368038     0.421421     0.473791     0.524831     0.574092     0.621006     0.664917     0.705107     0.740844     0.771420     0.796190     0.814613     0.826280     0.830934     0.828490     0.819037     0.802835     0.780302     0.751992     0.718561     0.680733     0.639258     0.594864     0.548227     0.499926     0.450429     0.400072     0.349060     0.297480     0.245314     0.192469     0.138808     0.084180     0.028453    -0.028453
    0.030044     0.088906     0.146622     0.203308     0.259091     0.314065     0.368262     0.421616     0.473942     0.524926     0.574122     0.620967     0.664806     0.704927     0.740599     0.771119     0.795843     0.814234     0.825882     0.830533     0.828101     0.818674     0.802513     0.780033     0.751785     0.718424     0.680671     0.639269     0.594948     0.548375     0.500131     0.450678     0.400351     0.349354     0.297773     0.245589     0.192710     0.138999     0.084306     0.028500    -0.028500
    0.030087     0.089021     0.146792     0.203517     0.259322     0.314300     0.368484     0.421809     0.474092     0.525021     0.574153     0.620929     0.664697     0.704748     0.740357     0.770820     0.795499     0.813858     0.825487     0.830134     0.827714     0.818314     0.802193     0.779765     0.751580     0.718289     0.680608     0.639281     0.595031     0.548523     0.500335     0.450925     0.400628     0.349646     0.298063     0.245862     0.192949     0.139189     0.084431     0.028546    -0.028546
    0.030130     0.089134     0.146960     0.203724     0.259550     0.314534     0.368705     0.422001     0.474241     0.525116     0.574184     0.620891     0.664588     0.704571     0.740116     0.770523     0.795158     0.813484     0.825095     0.829739     0.827330     0.817956     0.801875     0.779500     0.751376     0.718154     0.680547     0.639293     0.595113     0.548670     0.500537     0.451171     0.400903     0.349936     0.298352     0.246132     0.193186     0.139377     0.084555     0.028592    -0.028592
    0.030172     0.089246     0.147127     0.203929     0.259777     0.314765     0.368924     0.422192     0.474390     0.525210     0.574216     0.620854     0.664481     0.704395     0.739877     0.770229     0.794819     0.813113     0.824706     0.829346     0.826949     0.817601     0.801560     0.779236     0.751174     0.718020     0.680486     0.639305     0.595195     0.548816     0.500738     0.451415     0.401177     0.350224     0.298638     0.246401     0.193421     0.139563     0.084678     0.028637    -0.028637
    0.030214     0.089357     0.147292     0.204132     0.260002     0.314994     0.369141     0.422381     0.474537     0.525304     0.574247     0.620818     0.664375     0.704221     0.739640     0.769938     0.794483     0.812745     0.824320     0.828956     0.826570     0.817249     0.801247     0.778975     0.750974     0.717888     0.680425     0.639317     0.595277     0.548961     0.500937     0.451657     0.401448     0.350509     0.298921     0.246667     0.193654     0.139747     0.084799     0.028682    -0.028682
    0.030255     0.089466     0.147454     0.204333     0.260224     0.315221     0.369356     0.422569     0.474683     0.525397     0.574278     0.620782     0.664270     0.704049     0.739406     0.769649     0.794150     0.812380     0.823936     0.828570     0.826195     0.816900     0.800937     0.778716     0.750775     0.717757     0.680365     0.639329     0.595358     0.549105     0.501135     0.451897     0.401717     0.350792     0.299203     0.246931     0.193885     0.139929     0.084919     0.028726    -0.028726
    0.030295     0.089574     0.147615     0.204532     0.260444     0.315446     0.369569     0.422755     0.474829     0.525490     0.574310     0.620747     0.664167     0.703879     0.739174     0.769363     0.793820     0.812019     0.823557     0.828187     0.825824     0.816554     0.800630     0.778459     0.750579     0.717627     0.680306     0.639341     0.595438     0.549248     0.501331     0.452135     0.401983     0.351072     0.299481     0.247192     0.194112     0.140109     0.085037     0.028770    -0.028770
    0.030335     0.089680     0.147774     0.204728     0.260661     0.315668     0.369780     0.422939     0.474973     0.525582     0.574342     0.620713     0.664065     0.703711     0.738944     0.769080     0.793494     0.811661     0.823181     0.827808     0.825456     0.816211     0.800326     0.778205     0.750384     0.717499     0.680248     0.639354     0.595519     0.549390     0.501526     0.452371     0.402247     0.351350     0.299757     0.247450     0.194338     0.140287     0.085153     0.028812    -0.028812
    0.030374     0.089785     0.147930     0.204921     0.260876     0.315888     0.369989     0.423122     0.475115     0.525673     0.574373     0.620679     0.663965     0.703545     0.738718     0.768800     0.793171     0.811307     0.822810     0.827433     0.825092     0.815872     0.800025     0.777953     0.750192     0.717372     0.680191     0.639366     0.595598     0.549531     0.501718     0.452605     0.402509     0.351624     0.300029     0.247705     0.194560     0.140462     0.085268     0.028854    -0.028854
    0.030412     0.089887     0.148083     0.205111     0.261087     0.316105     0.370196     0.423303     0.475257     0.525764     0.574405     0.620647     0.663866     0.703382     0.738494     0.768524     0.792852     0.810957     0.822443     0.827062     0.824732     0.815537     0.799727     0.777705     0.750002     0.717247     0.680134     0.639379     0.595677     0.549670     0.501909     0.452836     0.402767     0.351896     0.300299     0.247957     0.194779     0.140635     0.085381     0.028896    -0.028896
    0.030449     0.089987     0.148234     0.205298     0.261296     0.316318     0.370399     0.423481     0.475396     0.525854     0.574436     0.620614     0.663768     0.703220     0.738273     0.768251     0.792538     0.810613     0.822081     0.826697     0.824378     0.815207     0.799434     0.777460     0.749814     0.717124     0.680079     0.639391     0.595755     0.549807     0.502098     0.453064     0.403023     0.352164     0.300564     0.248205     0.194995     0.140805     0.085492     0.028936    -0.028936
    0.030485     0.090085     0.148381     0.205481     0.261500     0.316529     0.370599     0.423656     0.475534     0.525943     0.574468     0.620584     0.663673     0.703062     0.738057     0.767983     0.792228     0.810273     0.821724     0.826337     0.824027     0.814881     0.799145     0.777219     0.749630     0.717003     0.680024     0.639404     0.595833     0.549944     0.502284     0.453290     0.403275     0.352428     0.300826     0.248449     0.195208     0.140971     0.085600     0.028976    -0.028976
    0.030521     0.090180     0.148525     0.205661     0.261701     0.316735     0.370796     0.423829     0.475669     0.526030     0.574499     0.620553     0.663579     0.702906     0.737844     0.767720     0.791924     0.809940     0.821375     0.825984     0.823685     0.814562     0.798862     0.776983     0.749449     0.716884     0.679971     0.639417     0.595909     0.550078     0.502467     0.453512     0.403522     0.352688     0.301083     0.248689     0.195416     0.141135     0.085706     0.029014    -0.029014
    0.030554     0.090272     0.148665     0.205836     0.261896     0.316937     0.370989     0.423998     0.475803     0.526116     0.574530     0.620524     0.663488     0.702754     0.737635     0.767462     0.791625     0.809612     0.821030     0.825636     0.823347     0.814247     0.798583     0.776750     0.749272     0.716768     0.679920     0.639430     0.595985     0.550210     0.502648     0.453730     0.403766     0.352943     0.301336     0.248925     0.195620     0.141294     0.085810     0.029052    -0.029052
    0.030587     0.090362     0.148801     0.206006     0.262087     0.317133     0.371176     0.424163     0.475932     0.526200     0.574560     0.620495     0.663398     0.702605     0.737431     0.767210     0.791335     0.809294     0.820696     0.825299     0.823020     0.813943     0.798313     0.776524     0.749099     0.716654     0.679868     0.639443     0.596057     0.550338     0.502824     0.453943     0.404004     0.353193     0.301583     0.249155     0.195820     0.141451     0.085911     0.029088    -0.029088
    0.030618     0.090448     0.148932     0.206170     0.262272     0.317324     0.371359     0.424324     0.476059     0.526282     0.574590     0.620468     0.663312     0.702461     0.737233     0.766964     0.791051     0.808981     0.820367     0.824967     0.822698     0.813643     0.798047     0.776303     0.748930     0.716544     0.679820     0.639457     0.596131     0.550466     0.502997     0.454152     0.404236     0.353436     0.301824     0.249380     0.196015     0.141603     0.086010     0.029124    -0.029124
    0.030648     0.090531     0.149059     0.206329     0.262450     0.317508     0.371534     0.424478     0.476179     0.526359     0.574617     0.620439     0.663227     0.702321     0.737041     0.766728     0.790778     0.808683     0.820054     0.824651     0.822391     0.813357     0.797793     0.776091     0.748768     0.716437     0.679772     0.639468     0.596199     0.550586     0.503162     0.454352     0.404461     0.353672     0.302057     0.249598     0.196205     0.141752     0.086107     0.029159    -0.029159
    0.030677     0.090611     0.149180     0.206481     0.262620     0.317684     0.371703     0.424627     0.476297     0.526436     0.574645     0.620415     0.663147     0.702186     0.736856     0.766498     0.790512     0.808390     0.819746     0.824340     0.822089     0.813076     0.797545     0.775885     0.748611     0.716335     0.679729     0.639482     0.596269     0.550706     0.503324     0.454547     0.404678     0.353899     0.302283     0.249809     0.196389     0.141898     0.086203     0.029194    -0.029194
    0.030706     0.090688     0.149296     0.206626     0.262781     0.317848     0.371859     0.424762     0.476402     0.526502     0.574666     0.620386     0.663068     0.702057     0.736681     0.766282     0.790264     0.808118     0.819461     0.824052     0.821810     0.812817     0.797314     0.775692     0.748464     0.716238     0.679684     0.639491     0.596330     0.550814     0.503473     0.454728     0.404881     0.354114     0.302497     0.250011     0.196567     0.142041     0.086299     0.029230    -0.029230
    0.030736     0.090765     0.149408     0.206761     0.262931     0.318002     0.372007     0.424894     0.476506     0.526570     0.574691     0.620363     0.662995     0.701935     0.736512     0.766073     0.790021     0.807851     0.819180     0.823769     0.821535     0.812561     0.797088     0.775504     0.748322     0.716147     0.679646     0.639506     0.596394     0.550923     0.503620     0.454904     0.405076     0.354318     0.302700     0.250202     0.196738     0.142182     0.086398     0.029269    -0.029269
    0.030771     0.090844     0.149515     0.206886     0.263064     0.318135     0.372130     0.424999     0.476587     0.526619     0.574703     0.620335     0.662924     0.701823     0.736361     0.765887     0.789807     0.807617     0.818934     0.823521     0.821295     0.812338     0.796891     0.775340     0.748196     0.716064     0.679608     0.639513     0.596444     0.551011     0.503742     0.455052     0.405244     0.354496     0.302882     0.250379     0.196902     0.142322     0.086504     0.029318    -0.029318
    0.030824     0.090927     0.149612     0.206995     0.263182     0.318256     0.372247     0.425103     0.476669     0.526673     0.574721     0.620313     0.662860     0.701716     0.736214     0.765705     0.789595     0.807383     0.818689     0.823273     0.821054     0.812115     0.796694     0.775178     0.748074     0.715986     0.679576     0.639526     0.596499     0.551104     0.503865     0.455199     0.405406     0.354665     0.303049     0.250539     0.197048     0.142454     0.086618     0.029394    -0.029394
    0.030793     0.090927     0.149612     0.206995     0.263182     0.318256     0.372247     0.425103     0.476669     0.526673     0.574721     0.620313     0.662860     0.701716     0.736214     0.765705     0.789595     0.807383     0.818689     0.823273     0.821054     0.812115     0.796694     0.775178     0.748074     0.715986     0.679576     0.639526     0.596499     0.551104     0.503865     0.455199     0.405406     0.354665     0.303049     0.250539     0.197048     0.142454     0.086618     0.029363    -0.029363
