    0.000000    -0.000024    -0.000033    -0.000000     0.000084     0.000226     0.000429     0.000697     0.001032     0.001439     0.001919     0.002481     0.003135     0.003903     0.004825     0.005979     0.007498     0.009566     0.012188     0.013672     0.002643    -0.003503    -0.001795    -0.001042    -0.000770    -0.000650    -0.000585    -0.000541    -0.000507    -0.000475    -0.000444    -0.000410    -0.000373    -0.000333    -0.000288    -0.000237    -0.000179    -0.000108    -0.000008     0.000150     0.000000
    0.000000    -0.000032     0.000005     0.000178     0.000520     0.001052     0.001787     0.002735     0.003903     0.005299     0.006931     0.008810     0.010957     0.013409     0.016231     0.019521     0.023383     0.027754     0.031669     0.030578     0.008064    -0.007196    -0.005314    -0.003680    -0.002918    -0.002533    -0.002304    -0.002144    -0.002013    -0.001891    -0.001767    -0.001634    -0.001488    -0.001327    -0.001148    -0.000948    -0.000721    -0.000455    -0.000123     0.000261     0.000000
    0.000000     0.000018     0.000190     0.000588     0.001264     0.002248     0.003561     0.005217     0.007223     0.009583     0.012298     0.015368     0.018792     0.022568     0.026685     0.031075     0.035491     0.039165     0.039970     0.032959     0.011556    -0.006487    -0.007657    -0.006311    -0.005395    -0.004846    -0.004485    -0.004211    -0.003974    -0.003744    -0.003505    -0.003245    -0.002959    -0.002641    -0.002288    -0.001895    -0.001454    -0.000956    -0.000393     0.000111     0.000000
    0.000000     0.000088     0.000415     0.001039     0.002006     0.003350     0.005092     0.007243     0.009803     0.012765     0.016112     0.019818     0.023839     0.028104     0.032485     0.036730     0.040309     0.042124     0.040026     0.030632     0.012150    -0.004834    -0.008465    -0.008019    -0.007346    -0.006849    -0.006470    -0.006149    -0.005844    -0.005530    -0.005191    -0.004816    -0.004398    -0.003931    -0.003411    -0.002834    -0.002196    -0.001491    -0.000739    -0.000110     0.000000
    0.000000     0.000150     0.000616     0.001433     0.002635     0.004249     0.006291     0.008763     0.011657     0.014950     0.018603     0.022561     0.026735     0.030991     0.035112     0.038730     0.041201     0.041419     0.037621     0.027715     0.011624    -0.003625    -0.008720    -0.009171    -0.008880    -0.008555    -0.008245    -0.007932    -0.007598    -0.007226    -0.006806    -0.006330    -0.005791    -0.005184    -0.004507    -0.003757    -0.002932    -0.002034    -0.001099    -0.000312     0.000000
    0.000000     0.000196     0.000769     0.001735     0.003112     0.004917     0.007155     0.009820     0.012892     0.016331     0.020080     0.024055     0.028133     0.032139     0.035803     0.038712     0.040218     0.039332     0.034688     0.024986     0.010728    -0.002948    -0.008837    -0.010031    -0.010129    -0.010020    -0.009825    -0.009562    -0.009229    -0.008823    -0.008340    -0.007776    -0.007128    -0.006392    -0.005567    -0.004652    -0.003648    -0.002562    -0.001442    -0.000479     0.000000
    0.000000     0.000225     0.000874     0.001945     0.003443     0.005375     0.007733     0.010502     0.013648     0.017119     0.020839     0.024706     0.028574     0.032240     0.035418     0.037691     0.038454     0.036857     0.031842     0.022572     0.009734    -0.002663    -0.008961    -0.010743    -0.011193    -0.011302    -0.011241    -0.011048    -0.010738    -0.010317    -0.009787    -0.009148    -0.008401    -0.007545    -0.006581    -0.005509    -0.004332    -0.003062    -0.001757    -0.000612     0.000000
    0.000000     0.000243     0.000939     0.002079     0.003657     0.005666     0.008091     0.010904     0.014061     0.017498     0.021126     0.024828     0.028444     0.031763     0.034494     0.036239     0.036450     0.034401     0.029258     0.020463     0.008744    -0.002639    -0.009129    -0.011377    -0.012135    -0.012446    -0.012520    -0.012408    -0.012133    -0.011709    -0.011143    -0.010441    -0.009605    -0.008638    -0.007543    -0.006321    -0.004977    -0.003527    -0.002038    -0.000718     0.000000
    0.000000     0.000252     0.000977     0.002159     0.003784     0.005837     0.008293     0.011113     0.014245     0.017613     0.021121     0.024639     0.028003     0.030997     0.033340     0.034658     0.034458     0.032118     0.026964     0.018616     0.007792    -0.002781    -0.009343    -0.011965    -0.012992    -0.013485    -0.013687    -0.013657    -0.013422    -0.013003    -0.012410    -0.011653    -0.010737    -0.009668    -0.008448    -0.007083    -0.005578    -0.003954    -0.002286    -0.000803     0.000000
    0.000000     0.000256     0.000997     0.002203     0.003855     0.005929     0.008392     0.011198     0.014284     0.017569     0.020946     0.024282     0.027409     0.030113     0.032124     0.033095     0.032583     0.030049     0.024938     0.016989     0.006890    -0.003029    -0.009594    -0.012520    -0.013782    -0.014440    -0.014760    -0.014807    -0.014615    -0.014205    -0.013591    -0.012786    -0.011797    -0.010631    -0.009295    -0.007793    -0.006134    -0.004342    -0.002504    -0.000870     0.000000
    0.000000     0.000258     0.001007     0.002226     0.003891     0.005971     0.008428     0.011207     0.014238     0.017433     0.020681     0.023844     0.026752     0.029200     0.030928     0.031615     0.030860     0.028190     0.023145     0.015545     0.006041    -0.003341    -0.009872    -0.013047    -0.014519    -0.015324    -0.015750    -0.015871    -0.015720    -0.015321    -0.014690    -0.013841    -0.012785    -0.011529    -0.010082    -0.008449    -0.006643    -0.004692    -0.002693    -0.000924     0.000000
    0.000000     0.000259     0.001013     0.002238     0.003908     0.005986     0.008427     0.011172     0.014144     0.017249     0.020371     0.023372     0.026084     0.028304     0.029789     0.030239     0.029290     0.026523     0.021550     0.014251     0.005243    -0.003692    -0.010168    -0.013549    -0.015209    -0.016146    -0.016670    -0.016857    -0.016745    -0.016356    -0.015710    -0.014821    -0.013702    -0.012362    -0.010810    -0.009054    -0.007108    -0.005004    -0.002855    -0.000968     0.000000
    0.000000     0.000260     0.001017     0.002245     0.003915     0.005986     0.008407     0.011113     0.014024     0.017040     0.020044     0.022895     0.025428     0.027447     0.028722     0.028970     0.027861     0.025023     0.020121     0.013084     0.004492    -0.004065    -0.010475    -0.014027    -0.015855    -0.016913    -0.017524    -0.017772    -0.017695    -0.017316    -0.016656    -0.015730    -0.014552    -0.013132    -0.011480    -0.009607    -0.007528    -0.005282    -0.002995    -0.001002     0.000000
    0.000000     0.000261     0.001020     0.002250     0.003917     0.005978     0.008376     0.011042     0.013891     0.016821     0.019713     0.022425     0.024795     0.026636     0.027725     0.027801     0.026559     0.023664     0.018832     0.012021     0.003784    -0.004449    -0.010788    -0.014482    -0.016462    -0.017629    -0.018319    -0.018622    -0.018576    -0.018205    -0.017531    -0.016570    -0.015336    -0.013840    -0.012095    -0.010111    -0.007906    -0.005527    -0.003112    -0.001029     0.000000
    0.000000     0.000262     0.001024     0.002255     0.003917     0.005965     0.008338     0.010963     0.013752     0.016599     0.019385     0.021968     0.024191     0.025870     0.026796     0.026722     0.025366     0.022428     0.017659     0.011047     0.003115    -0.004837    -0.011103    -0.014915    -0.017031    -0.018298    -0.019059    -0.019411    -0.019392    -0.019029    -0.018341    -0.017346    -0.016058    -0.014491    -0.012657    -0.010568    -0.008245    -0.005740    -0.003211    -0.001049     0.000000
    0.000000     0.000264     0.001028     0.002258     0.003916     0.005950     0.008297     0.010881     0.013610     0.016378     0.019063     0.021527     0.023614     0.025148     0.025928     0.025722     0.024269     0.021295     0.016586     0.010149     0.002482    -0.005224    -0.011416    -0.015325    -0.017563    -0.018922    -0.019748    -0.020144    -0.020149    -0.019791    -0.019088    -0.018060    -0.016722    -0.015087    -0.013168    -0.010980    -0.008546    -0.005926    -0.003292    -0.001063     0.000000
    0.000000     0.000266     0.001031     0.002261     0.003913     0.005932     0.008253     0.010796     0.013467     0.016159     0.018750     0.021102     0.023065     0.024467     0.025115     0.024792     0.023254     0.020251     0.015596     0.009315     0.001882    -0.005607    -0.011726    -0.015715    -0.018063    -0.019505    -0.020388    -0.020823    -0.020850    -0.020494    -0.019777    -0.018717    -0.017330    -0.015630    -0.013631    -0.011350    -0.008812    -0.006085    -0.003358    -0.001073     0.000000
    0.000000     0.000267     0.001034     0.002264     0.003909     0.005913     0.008207     0.010709     0.013324     0.015943     0.018444     0.020693     0.022540     0.023821     0.024351     0.023923     0.022310     0.019283     0.014679     0.008537     0.001310    -0.005984    -0.012030    -0.016084    -0.018530    -0.020047    -0.020984    -0.021453    -0.021497    -0.021143    -0.020411    -0.019320    -0.017886    -0.016124    -0.014050    -0.011680    -0.009045    -0.006219    -0.003409    -0.001079     0.000000
    0.000000     0.000268     0.001037     0.002265     0.003902     0.005891     0.008158     0.010620     0.013181     0.015730     0.018147     0.020299     0.022039     0.023209     0.023631     0.023108     0.021428     0.018381     0.013824     0.007807     0.000766    -0.006353    -0.012328    -0.016434    -0.018967    -0.020553    -0.021537    -0.022036    -0.022095    -0.021740    -0.020993    -0.019871    -0.018392    -0.016572    -0.014426    -0.011973    -0.009247    -0.006332    -0.003449    -0.001081     0.000000
    0.000000     0.000270     0.001039     0.002265     0.003895     0.005867     0.008107     0.010530     0.013038     0.015521     0.017858     0.019918     0.021560     0.022627     0.022950     0.022341     0.020601     0.017537     0.013023     0.007120     0.000246    -0.006713    -0.012619    -0.016766    -0.019376    -0.021024    -0.022050    -0.022576    -0.022647    -0.022290    -0.021526    -0.020374    -0.018853    -0.016977    -0.014763    -0.012232    -0.009422    -0.006424    -0.003477    -0.001080     0.000000
    0.000000     0.000271     0.001041     0.002263     0.003885     0.005840     0.008054     0.010439     0.012896     0.015315     0.017576     0.019551     0.021099     0.022071     0.022303     0.021616     0.019822     0.016744     0.012270     0.006471    -0.000252    -0.007064    -0.012903    -0.017080    -0.019757    -0.021462    -0.022526    -0.023074    -0.023154    -0.022794    -0.022013    -0.020833    -0.019270    -0.017340    -0.015063    -0.012459    -0.009570    -0.006498    -0.003495    -0.001077     0.000000
    0.000000     0.000272     0.001041     0.002261     0.003874     0.005812     0.008000     0.010348     0.012755     0.015113     0.017302     0.019196     0.020657     0.021541     0.021688     0.020929     0.019086     0.015995     0.011560     0.005856    -0.000728    -0.007406    -0.013178    -0.017378    -0.020114    -0.021868    -0.022966    -0.023534    -0.023621    -0.023255    -0.022458    -0.021249    -0.019646    -0.017666    -0.015328    -0.012656    -0.009694    -0.006554    -0.003505    -0.001071     0.000000
    0.000000     0.000272     0.001042     0.002258     0.003861     0.005783     0.007944     0.010255     0.012615     0.014914     0.017035     0.018852     0.020232     0.021032     0.021101     0.020275     0.018388     0.015287     0.010887     0.005271    -0.001186    -0.007738    -0.013444    -0.017660    -0.020447    -0.022246    -0.023373    -0.023957    -0.024050    -0.023678    -0.022863    -0.021626    -0.019985    -0.017957    -0.015562    -0.012825    -0.009797    -0.006596    -0.003507    -0.001064     0.000000
    0.000000     0.000273     0.001041     0.002253     0.003847     0.005752     0.007887     0.010162     0.012476     0.014719     0.016775     0.018519     0.019821     0.020544     0.020539     0.019653     0.017724     0.014614     0.010248     0.004713    -0.001625    -0.008061    -0.013703    -0.017927    -0.020758    -0.022596    -0.023749    -0.024347    -0.024442    -0.024063    -0.023231    -0.021967    -0.020288    -0.018215    -0.015766    -0.012969    -0.009879    -0.006624    -0.003502    -0.001055     0.000000
    0.000000     0.000273     0.001041     0.002248     0.003831     0.005719     0.007829     0.010070     0.012338     0.014527     0.016520     0.018195     0.019425     0.020074     0.020001     0.019057     0.017091     0.013973     0.009639     0.004181    -0.002048    -0.008374    -0.013953    -0.018179    -0.021047    -0.022921    -0.024096    -0.024705    -0.024801    -0.024413    -0.023564    -0.022273    -0.020559    -0.018442    -0.015942    -0.013089    -0.009942    -0.006640    -0.003492    -0.001044     0.000000
    0.000000     0.000273     0.001039     0.002242     0.003815     0.005686     0.007771     0.009977     0.012202     0.014339     0.016272     0.017881     0.019041     0.019622     0.019485     0.018487     0.016487     0.013362     0.009058     0.003671    -0.002455    -0.008678    -0.014194    -0.018419    -0.021318    -0.023222    -0.024415    -0.025033    -0.025129    -0.024732    -0.023865    -0.022547    -0.020799    -0.018641    -0.016093    -0.013188    -0.009989    -0.006645    -0.003476    -0.001033     0.000000
    0.000000     0.000273     0.001038     0.002235     0.003798     0.005652     0.007711     0.009884     0.012068     0.014154     0.016029     0.017576     0.018670     0.019185     0.018987     0.017940     0.015907     0.012777     0.008502     0.003183    -0.002847    -0.008972    -0.014428    -0.018646    -0.021570    -0.023500    -0.024710    -0.025334    -0.025427    -0.025020    -0.024135    -0.022792    -0.021011    -0.018813    -0.016220    -0.013267    -0.010021    -0.006640    -0.003456    -0.001020     0.000000
    0.000000     0.000273     0.001036     0.002227     0.003780     0.005616     0.007652     0.009792     0.011934     0.013972     0.015792     0.017278     0.018310     0.018763     0.018508     0.017414     0.015351     0.012216     0.007970     0.002714    -0.003225    -0.009258    -0.014653    -0.018861    -0.021805    -0.023757    -0.024980    -0.025609    -0.025699    -0.025281    -0.024377    -0.023010    -0.021197    -0.018962    -0.016326    -0.013328    -0.010039    -0.006626    -0.003432    -0.001007     0.000000
    0.000000     0.000273     0.001034     0.002219     0.003761     0.005581     0.007592     0.009700     0.011803     0.013793     0.015560     0.016988     0.017960     0.018354     0.018045     0.016907     0.014817     0.011677     0.007458     0.002263    -0.003590    -0.009535    -0.014870    -0.019065    -0.022025    -0.023995    -0.025229    -0.025860    -0.025945    -0.025515    -0.024594    -0.023202    -0.021359    -0.019088    -0.016412    -0.013372    -0.010044    -0.006604    -0.003405    -0.000994     0.000000
    0.000000     0.000273     0.001031     0.002211     0.003742     0.005544     0.007532     0.009608     0.011672     0.013617     0.015333     0.016706     0.017620     0.017958     0.017598     0.016418     0.014302     0.011159     0.006966     0.001828    -0.003943    -0.009803    -0.015080    -0.019258    -0.022229    -0.024215    -0.025457    -0.026088    -0.026168    -0.025726    -0.024786    -0.023370    -0.021499    -0.019193    -0.016480    -0.013401    -0.010038    -0.006576    -0.003374    -0.000979     0.000000
    0.000000     0.000272     0.001028     0.002202     0.003722     0.005508     0.007471     0.009517     0.011543     0.013444     0.015110     0.016430     0.017289     0.017573     0.017164     0.015945     0.013805     0.010660     0.006492     0.001409    -0.004285    -0.010064    -0.015283    -0.019442    -0.022420    -0.024418    -0.025666    -0.026296    -0.026369    -0.025914    -0.024956    -0.023517    -0.021618    -0.019280    -0.016531    -0.013416    -0.010021    -0.006541    -0.003342    -0.000965     0.000000
    0.000000     0.000272     0.001025     0.002193     0.003702     0.005471     0.007411     0.009427     0.011416     0.013274     0.014892     0.016160     0.016967     0.017200     0.016744     0.015488     0.013325     0.010178     0.006035     0.001004    -0.004616    -0.010316    -0.015479    -0.019616    -0.022599    -0.024605    -0.025857    -0.026486    -0.026550    -0.026082    -0.025106    -0.023644    -0.021718    -0.019349    -0.016567    -0.013419    -0.009996    -0.006502    -0.003308    -0.000950     0.000000
    0.000000     0.000271     0.001022     0.002183     0.003681     0.005433     0.007351     0.009337     0.011290     0.013107     0.014678     0.015896     0.016652     0.016836     0.016336     0.015045     0.012861     0.009713     0.005593     0.000613    -0.004936    -0.010562    -0.015668    -0.019782    -0.022765    -0.024779    -0.026033    -0.026657    -0.026712    -0.026231    -0.025237    -0.023753    -0.021800    -0.019403    -0.016590    -0.013410    -0.009963    -0.006458    -0.003272    -0.000936     0.000000
    0.000000     0.000271     0.001018     0.002173     0.003660     0.005396     0.007290     0.009248     0.011166     0.012942     0.014468     0.015638     0.016346     0.016482     0.015940     0.014615     0.012411     0.009263     0.005166     0.000234    -0.005246    -0.010800    -0.015851    -0.019939    -0.022921    -0.024938    -0.026193    -0.026812    -0.026858    -0.026363    -0.025351    -0.023845    -0.021867    -0.019442    -0.016599    -0.013391    -0.009923    -0.006410    -0.003235    -0.000921     0.000000
    0.000000     0.000270     0.001015     0.002163     0.003639     0.005358     0.007230     0.009159     0.011043     0.012779     0.014262     0.015386     0.016046     0.016137     0.015555     0.014198     0.011976     0.008827     0.004752    -0.000133    -0.005548    -0.011031    -0.016028    -0.020090    -0.023067    -0.025086    -0.026340    -0.026953    -0.026988    -0.026479    -0.025449    -0.023922    -0.021920    -0.019468    -0.016598    -0.013364    -0.009876    -0.006358    -0.003197    -0.000906     0.000000
    0.000000     0.000270     0.001011     0.002153     0.003618     0.005320     0.007170     0.009071     0.010922     0.012619     0.014059     0.015138     0.015753     0.015800     0.015179     0.013792     0.011552     0.008404     0.004352    -0.000489    -0.005840    -0.011256    -0.016200    -0.020233    -0.023204    -0.025223    -0.026473    -0.027080    -0.027104    -0.026580    -0.025533    -0.023985    -0.021959    -0.019482    -0.016586    -0.013328    -0.009824    -0.006305    -0.003158    -0.000892     0.000000
    0.000000     0.000269     0.001007     0.002142     0.003596     0.005282     0.007111     0.008984     0.010801     0.012461     0.013860     0.014896     0.015466     0.015472     0.014813     0.013397     0.011141     0.007993     0.003963    -0.000834    -0.006125    -0.011475    -0.016366    -0.020371    -0.023332    -0.025349    -0.026596    -0.027194    -0.027207    -0.026668    -0.025603    -0.024035    -0.021987    -0.019485    -0.016565    -0.013285    -0.009768    -0.006249    -0.003119    -0.000877     0.000000
    0.000000     0.000268     0.001003     0.002132     0.003574     0.005244     0.007051     0.008897     0.010683     0.012306     0.013664     0.014658     0.015186     0.015151     0.014457     0.013013     0.010742     0.007595     0.003585    -0.001169    -0.006402    -0.011689    -0.016527    -0.020502    -0.023453    -0.025466    -0.026708    -0.027297    -0.027298    -0.026744    -0.025662    -0.024074    -0.022004    -0.019479    -0.016535    -0.013236    -0.009707    -0.006191    -0.003080    -0.000863     0.000000
    0.000000     0.000268     0.000999     0.002121     0.003552     0.005206     0.006992     0.008811     0.010565     0.012152     0.013472     0.014424     0.014911     0.014837     0.014108     0.012638     0.010352     0.007207     0.003218    -0.001496    -0.006671    -0.011897    -0.016683    -0.020628    -0.023566    -0.025575    -0.026810    -0.027390    -0.027378    -0.026809    -0.025709    -0.024102    -0.022011    -0.019464    -0.016499    -0.013182    -0.009643    -0.006132    -0.003041    -0.000849     0.000000
    0.000000     0.000267     0.000995     0.002110     0.003530     0.005168     0.006933     0.008726     0.010449     0.012001     0.013282     0.014194     0.014641     0.014529     0.013768     0.012273     0.009973     0.006829     0.002860    -0.001813    -0.006934    -0.012099    -0.016836    -0.020749    -0.023674    -0.025675    -0.026903    -0.027473    -0.027448    -0.026865    -0.025748    -0.024121    -0.022010    -0.019442    -0.016456    -0.013122    -0.009576    -0.006072    -0.003002    -0.000835     0.000000
    0.000000     0.000266     0.000991     0.002099     0.003508     0.005130     0.006874     0.008641     0.010334     0.011851     0.013095     0.013969     0.014377     0.014229     0.013435     0.011916     0.009603     0.006461     0.002512    -0.002123    -0.007190    -0.012297    -0.016984    -0.020866    -0.023776    -0.025769    -0.026989    -0.027548    -0.027510    -0.026911    -0.025777    -0.024132    -0.022001    -0.019412    -0.016408    -0.013059    -0.009507    -0.006011    -0.002963    -0.000821     0.000000
    0.000000     0.000265     0.000987     0.002087     0.003485     0.005092     0.006815     0.008557     0.010220     0.011704     0.012912     0.013747     0.014118     0.013934     0.013110     0.011567     0.009242     0.006102     0.002173    -0.002425    -0.007440    -0.012491    -0.017129    -0.020979    -0.023872    -0.025857    -0.027068    -0.027616    -0.027565    -0.026950    -0.025799    -0.024136    -0.021985    -0.019377    -0.016354    -0.012992    -0.009436    -0.005950    -0.002924    -0.000808     0.000000
    0.000000     0.000264     0.000982     0.002076     0.003463     0.005054     0.006757     0.008474     0.010107     0.011558     0.012731     0.013529     0.013863     0.013645     0.012791     0.011226     0.008890     0.005752     0.001842    -0.002719    -0.007685    -0.012680    -0.017270    -0.021088    -0.023965    -0.025939    -0.027141    -0.027677    -0.027612    -0.026982    -0.025814    -0.024133    -0.021963    -0.019337    -0.016297    -0.012922    -0.009364    -0.005889    -0.002886    -0.000795     0.000000
    0.000000     0.000263     0.000978     0.002065     0.003441     0.005017     0.006699     0.008392     0.009996     0.011415     0.012552     0.013315     0.013613     0.013362     0.012479     0.010893     0.008545     0.005410     0.001519    -0.003007    -0.007924    -0.012866    -0.017409    -0.021194    -0.024053    -0.026017    -0.027208    -0.027732    -0.027653    -0.027008    -0.025823    -0.024124    -0.021936    -0.019292    -0.016236    -0.012850    -0.009291    -0.005828    -0.002849    -0.000783     0.000000
    0.000000     0.000262     0.000973     0.002053     0.003418     0.004979     0.006641     0.008310     0.009886     0.011273     0.012376     0.013104     0.013368     0.013084     0.012173     0.010566     0.008208     0.005076     0.001203    -0.003289    -0.008158    -0.013048    -0.017545    -0.021298    -0.024138    -0.026090    -0.027270    -0.027782    -0.027689    -0.027028    -0.025827    -0.024110    -0.021905    -0.019243    -0.016172    -0.012777    -0.009217    -0.005768    -0.002812    -0.000771     0.000000
    0.000000     0.000261     0.000969     0.002042     0.003396     0.004941     0.006584     0.008228     0.009777     0.011133     0.012203     0.012896     0.013126     0.012811     0.011873     0.010246     0.007878     0.004749     0.000893    -0.003564    -0.008388    -0.013227    -0.017678    -0.021399    -0.024220    -0.026160    -0.027329    -0.027828    -0.027720    -0.027044    -0.025826    -0.024093    -0.021870    -0.019191    -0.016106    -0.012702    -0.009144    -0.005708    -0.002777    -0.000759     0.000000
    0.000000     0.000260     0.000964     0.002030     0.003373     0.004904     0.006527     0.008148     0.009669     0.010994     0.012032     0.012691     0.012888     0.012542     0.011579     0.009933     0.007555     0.004428     0.000591    -0.003834    -0.008613    -0.013403    -0.017810    -0.021498    -0.024299    -0.026226    -0.027384    -0.027870    -0.027748    -0.027056    -0.025822    -0.024072    -0.021832    -0.019137    -0.016038    -0.012626    -0.009070    -0.005649    -0.002742    -0.000748     0.000000
    0.000000     0.000259     0.000959     0.002018     0.003351     0.004866     0.006471     0.008068     0.009562     0.010858     0.011863     0.012490     0.012655     0.012279     0.011290     0.009625     0.007238     0.004115     0.000294    -0.004099    -0.008834    -0.013576    -0.017939    -0.021595    -0.024376    -0.026290    -0.027435    -0.027909    -0.027772    -0.027065    -0.025815    -0.024048    -0.021791    -0.019081    -0.015969    -0.012550    -0.008997    -0.005591    -0.002707    -0.000737     0.000000
    0.000000     0.000258     0.000955     0.002007     0.003328     0.004829     0.006414     0.007989     0.009456     0.010723     0.011697     0.012291     0.012425     0.012020     0.011006     0.009324     0.006928     0.003807     0.000004    -0.004359    -0.009052    -0.013747    -0.018067    -0.021692    -0.024452    -0.026352    -0.027485    -0.027945    -0.027794    -0.027071    -0.025805    -0.024021    -0.021749    -0.019023    -0.015898    -0.012473    -0.008924    -0.005534    -0.002674    -0.000726     0.000000
    0.000000     0.000257     0.000950     0.001995     0.003306     0.004792     0.006358     0.007910     0.009352     0.010589     0.011532     0.012096     0.012198     0.011765     0.010727     0.009027     0.006623     0.003506    -0.000281    -0.004614    -0.009266    -0.013915    -0.018194    -0.021787    -0.024527    -0.026412    -0.027533    -0.027979    -0.027814    -0.027075    -0.025793    -0.023993    -0.021705    -0.018964    -0.015828    -0.012397    -0.008852    -0.005478    -0.002642    -0.000716     0.000000
    0.000000     0.000256     0.000945     0.001983     0.003283     0.004755     0.006303     0.007832     0.009248     0.010457     0.011370     0.011903     0.011975     0.011514     0.010453     0.008736     0.006324     0.003209    -0.000562    -0.004865    -0.009477    -0.014082    -0.018320    -0.021881    -0.024600    -0.026472    -0.027579    -0.028012    -0.027832    -0.027078    -0.025780    -0.023964    -0.021660    -0.018904    -0.015757    -0.012321    -0.008782    -0.005424    -0.002611    -0.000706     0.000000
    0.000000     0.000255     0.000940     0.001971     0.003261     0.004718     0.006248     0.007755     0.009146     0.010327     0.011210     0.011712     0.011755     0.011267     0.010184     0.008450     0.006030     0.002918    -0.000837    -0.005112    -0.009685    -0.014247    -0.018444    -0.021975    -0.024673    -0.026530    -0.027624    -0.028043    -0.027849    -0.027080    -0.025766    -0.023934    -0.021614    -0.018845    -0.015687    -0.012247    -0.008712    -0.005371    -0.002581    -0.000697     0.000000
    0.000000     0.000254     0.000935     0.001960     0.003239     0.004681     0.006193     0.007679     0.009044     0.010198     0.011052     0.011524     0.011539     0.011024     0.009918     0.008168     0.005740     0.002632    -0.001108    -0.005355    -0.009891    -0.014411    -0.018569    -0.022069    -0.024746    -0.026588    -0.027669    -0.028075    -0.027866    -0.027081    -0.025752    -0.023904    -0.021569    -0.018785    -0.015617    -0.012173    -0.008644    -0.005319    -0.002552    -0.000688     0.000000
    0.000000     0.000253     0.000931     0.001948     0.003217     0.004645     0.006139     0.007603     0.008944     0.010070     0.010896     0.011339     0.011325     0.010785     0.009657     0.007891     0.005456     0.002351    -0.001375    -0.005595    -0.010094    -0.014573    -0.018693    -0.022163    -0.024820    -0.026646    -0.027714    -0.028106    -0.027882    -0.027083    -0.025738    -0.023874    -0.021524    -0.018727    -0.015548    -0.012100    -0.008578    -0.005269    -0.002524    -0.000680     0.000000
    0.000000     0.000252     0.000926     0.001936     0.003195     0.004609     0.006085     0.007528     0.008844     0.009944     0.010742     0.011156     0.011115     0.010549     0.009399     0.007618     0.005176     0.002073    -0.001637    -0.005831    -0.010295    -0.014734    -0.018817    -0.022257    -0.024893    -0.026705    -0.027759    -0.028137    -0.027899    -0.027085    -0.025724    -0.023845    -0.021479    -0.018669    -0.015480    -0.012030    -0.008514    -0.005221    -0.002497    -0.000671     0.000000
    0.000000     0.000251     0.000921     0.001924     0.003173     0.004573     0.006031     0.007453     0.008746     0.009820     0.010589     0.010976     0.010907     0.010316     0.009146     0.007350     0.004900     0.001800    -0.001896    -0.006065    -0.010495    -0.014895    -0.018941    -0.022353    -0.024968    -0.026764    -0.027805    -0.028170    -0.027917    -0.027087    -0.025711    -0.023816    -0.021436    -0.018612    -0.015414    -0.011960    -0.008451    -0.005174    -0.002471    -0.000664     0.000000
    0.000000     0.000250     0.000916     0.001913     0.003151     0.004537     0.005978     0.007380     0.008649     0.009696     0.010439     0.010798     0.010702     0.010087     0.008896     0.007085     0.004628     0.001531    -0.002152    -0.006296    -0.010693    -0.015055    -0.019066    -0.022449    -0.025043    -0.026824    -0.027852    -0.028203    -0.027936    -0.027091    -0.025699    -0.023789    -0.021394    -0.018557    -0.015349    -0.011893    -0.008391    -0.005130    -0.002447    -0.000656     0.000000
    0.000000     0.000249     0.000911     0.001901     0.003129     0.004502     0.005926     0.007307     0.008552     0.009574     0.010290     0.010622     0.010499     0.009860     0.008649     0.006824     0.004360     0.001265    -0.002405    -0.006525    -0.010889    -0.015215    -0.019191    -0.022546    -0.025120    -0.026886    -0.027901    -0.028238    -0.027956    -0.027096    -0.025689    -0.023764    -0.021353    -0.018503    -0.015287    -0.011828    -0.008332    -0.005087    -0.002423    -0.000649     0.000000
    0.000000     0.000248     0.000906     0.001890     0.003107     0.004467     0.005874     0.007234     0.008457     0.009454     0.010143     0.010448     0.010300     0.009637     0.008406     0.006566     0.004095     0.001003    -0.002654    -0.006752    -0.011084    -0.015375    -0.019318    -0.022645    -0.025199    -0.026950    -0.027951    -0.028274    -0.027979    -0.027104    -0.025681    -0.023740    -0.021315    -0.018452    -0.015226    -0.011765    -0.008276    -0.005045    -0.002401    -0.000643     0.000000
    0.000000     0.000247     0.000902     0.001878     0.003086     0.004432     0.005822     0.007163     0.008363     0.009335     0.009998     0.010276     0.010102     0.009416     0.008165     0.006311     0.003834     0.000744    -0.002901    -0.006976    -0.011279    -0.015535    -0.019445    -0.022745    -0.025279    -0.027015    -0.028003    -0.028313    -0.028003    -0.027113    -0.025675    -0.023719    -0.021279    -0.018403    -0.015168    -0.011705    -0.008222    -0.005006    -0.002380    -0.000636     0.000000
    0.000000     0.000245     0.000897     0.001867     0.003064     0.004397     0.005771     0.007092     0.008269     0.009217     0.009854     0.010106     0.009907     0.009198     0.007928     0.006060     0.003576     0.000488    -0.003146    -0.007199    -0.011472    -0.015696    -0.019573    -0.022847    -0.025362    -0.027083    -0.028058    -0.028354    -0.028030    -0.027125    -0.025672    -0.023700    -0.021245    -0.018356    -0.015112    -0.011647    -0.008170    -0.004969    -0.002360    -0.000631     0.000000
    0.000000     0.000244     0.000892     0.001855     0.003043     0.004363     0.005720     0.007021     0.008177     0.009100     0.009712     0.009939     0.009715     0.008983     0.007694     0.005812     0.003321     0.000234    -0.003388    -0.007421    -0.011665    -0.015857    -0.019703    -0.022952    -0.025447    -0.027153    -0.028115    -0.028398    -0.028060    -0.027140    -0.025671    -0.023684    -0.021214    -0.018312    -0.015059    -0.011592    -0.008121    -0.004933    -0.002341    -0.000625     0.000000
    0.000000     0.000243     0.000887     0.001844     0.003022     0.004329     0.005670     0.006952     0.008085     0.008985     0.009571     0.009773     0.009524     0.008770     0.007462     0.005567     0.003068    -0.000017    -0.003628    -0.007641    -0.011858    -0.016018    -0.019835    -0.023058    -0.025535    -0.027227    -0.028175    -0.028445    -0.028093    -0.027158    -0.025674    -0.023671    -0.021186    -0.018271    -0.015009    -0.011539    -0.008075    -0.004899    -0.002323    -0.000620     0.000000
    0.000000     0.000242     0.000882     0.001832     0.003001     0.004295     0.005620     0.006883     0.007995     0.008871     0.009433     0.009609     0.009336     0.008559     0.007233     0.005324     0.002819    -0.000266    -0.003867    -0.007860    -0.012051    -0.016181    -0.019969    -0.023167    -0.025625    -0.027303    -0.028238    -0.028496    -0.028129    -0.027179    -0.025680    -0.023661    -0.021161    -0.018233    -0.014962    -0.011489    -0.008030    -0.004868    -0.002306    -0.000615     0.000000
    0.000000     0.000241     0.000878     0.001821     0.002980     0.004261     0.005570     0.006815     0.007906     0.008758     0.009295     0.009447     0.009150     0.008351     0.007006     0.005083     0.002571    -0.000512    -0.004104    -0.008079    -0.012244    -0.016345    -0.020104    -0.023279    -0.025719    -0.027382    -0.028305    -0.028549    -0.028169    -0.027204    -0.025689    -0.023655    -0.021140    -0.018199    -0.014918    -0.011443    -0.007989    -0.004838    -0.002290    -0.000611     0.000000
    0.000000     0.000240     0.000873     0.001810     0.002960     0.004228     0.005522     0.006748     0.007817     0.008647     0.009159     0.009286     0.008966     0.008145     0.006782     0.004845     0.002326    -0.000757    -0.004339    -0.008297    -0.012437    -0.016510    -0.020242    -0.023394    -0.025816    -0.027465    -0.028376    -0.028607    -0.028212    -0.027233    -0.025702    -0.023652    -0.021122    -0.018167    -0.014877    -0.011399    -0.007950    -0.004810    -0.002276    -0.000607     0.000000
    0.000000     0.000239     0.000868     0.001799     0.002939     0.004195     0.005473     0.006681     0.007729     0.008536     0.009025     0.009127     0.008783     0.007941     0.006559     0.004610     0.002083    -0.001000    -0.004573    -0.008514    -0.012631    -0.016677    -0.020382    -0.023511    -0.025916    -0.027552    -0.028450    -0.028668    -0.028260    -0.027266    -0.025719    -0.023653    -0.021108    -0.018139    -0.014840    -0.011358    -0.007914    -0.004784    -0.002262    -0.000603     0.000000
    0.000000     0.000238     0.000864     0.001788     0.002919     0.004163     0.005426     0.006615     0.007643     0.008427     0.008892     0.008970     0.008603     0.007739     0.006339     0.004376     0.001842    -0.001241    -0.004807    -0.008731    -0.012825    -0.016845    -0.020525    -0.023633    -0.026020    -0.027643    -0.028529    -0.028734    -0.028312    -0.027303    -0.025741    -0.023659    -0.021097    -0.018115    -0.014806    -0.011321    -0.007880    -0.004760    -0.002250    -0.000600     0.000000
    0.000000     0.000237     0.000859     0.001778     0.002899     0.004131     0.005378     0.006550     0.007557     0.008319     0.008760     0.008815     0.008424     0.007539     0.006121     0.004144     0.001602    -0.001481    -0.005039    -0.008948    -0.013021    -0.017016    -0.020671    -0.023757    -0.026128    -0.027738    -0.028612    -0.028805    -0.028369    -0.027345    -0.025767    -0.023668    -0.021091    -0.018095    -0.014776    -0.011287    -0.007849    -0.004738    -0.002239    -0.000597     0.000000
    0.000000     0.000236     0.000855     0.001767     0.002880     0.004099     0.005332     0.006485     0.007472     0.008212     0.008630     0.008661     0.008247     0.007341     0.005905     0.003914     0.001364    -0.001720    -0.005271    -0.009165    -0.013217    -0.017188    -0.020819    -0.023885    -0.026241    -0.027837    -0.028699    -0.028880    -0.028430    -0.027391    -0.025797    -0.023682    -0.021089    -0.018078    -0.014749    -0.011256    -0.007821    -0.004718    -0.002228    -0.000594     0.000000
    0.000000     0.000235     0.000850     0.001756     0.002860     0.004068     0.005285     0.006421     0.007389     0.008106     0.008501     0.008508     0.008072     0.007145     0.005690     0.003686     0.001128    -0.001958    -0.005502    -0.009383    -0.013415    -0.017363    -0.020971    -0.024018    -0.026357    -0.027941    -0.028792    -0.028960    -0.028497    -0.027442    -0.025832    -0.023701    -0.021091    -0.018066    -0.014726    -0.011228    -0.007795    -0.004700    -0.002219    -0.000591     0.000000
    0.000000     0.000234     0.000846     0.001746     0.002841     0.004037     0.005240     0.006358     0.007306     0.008002     0.008374     0.008357     0.007898     0.006950     0.005477     0.003459     0.000893    -0.002194    -0.005733    -0.009601    -0.013614    -0.017540    -0.021127    -0.024154    -0.026478    -0.028050    -0.028889    -0.029045    -0.028568    -0.027499    -0.025872    -0.023724    -0.021098    -0.018058    -0.014707    -0.011204    -0.007772    -0.004684    -0.002211    -0.000589     0.000000
    0.000000     0.000233     0.000842     0.001736     0.002822     0.004006     0.005195     0.006296     0.007224     0.007898     0.008247     0.008208     0.007726     0.006757     0.005266     0.003233     0.000659    -0.002431    -0.005965    -0.009820    -0.013815    -0.017720    -0.021285    -0.024294    -0.026604    -0.028164    -0.028992    -0.029136    -0.028645    -0.027561    -0.025918    -0.023752    -0.021109    -0.018054    -0.014692    -0.011183    -0.007753    -0.004669    -0.002204    -0.000587     0.000000
    0.000000     0.000232     0.000837     0.001726     0.002803     0.003976     0.005150     0.006235     0.007143     0.007796     0.008122     0.008060     0.007555     0.006565     0.005056     0.003009     0.000425    -0.002666    -0.006196    -0.010040    -0.014018    -0.017902    -0.021448    -0.024439    -0.026735    -0.028283    -0.029100    -0.029232    -0.028728    -0.027628    -0.025968    -0.023786    -0.021125    -0.018055    -0.014681    -0.011166    -0.007735    -0.004657    -0.002198    -0.000586     0.000000
    0.000000     0.000231     0.000833     0.001716     0.002785     0.003946     0.005106     0.006174     0.007063     0.007694     0.007998     0.007913     0.007386     0.006374     0.004847     0.002786     0.000193    -0.002902    -0.006427    -0.010261    -0.014223    -0.018088    -0.021614    -0.024589    -0.026871    -0.028408    -0.029214    -0.029334    -0.028816    -0.027701    -0.026025    -0.023824    -0.021146    -0.018060    -0.014674    -0.011152    -0.007721    -0.004647    -0.002193    -0.000585     0.000000
    0.000000     0.000230     0.000829     0.001706     0.002767     0.003917     0.005063     0.006114     0.006984     0.007594     0.007876     0.007767     0.007217     0.006185     0.004639     0.002564    -0.000039    -0.003137    -0.006659    -0.010483    -0.014430    -0.018277    -0.021785    -0.024744    -0.027013    -0.028539    -0.029333    -0.029442    -0.028910    -0.027780    -0.026087    -0.023868    -0.021172    -0.018070    -0.014671    -0.011142    -0.007710    -0.004638    -0.002189    -0.000584     0.000000
    0.000000     0.000229     0.000825     0.001696     0.002749     0.003888     0.005020     0.006054     0.006905     0.007495     0.007754     0.007623     0.007050     0.005997     0.004433     0.002342    -0.000270    -0.003372    -0.006892    -0.010707    -0.014640    -0.018470    -0.021960    -0.024903    -0.027160    -0.028675    -0.029459    -0.029556    -0.029011    -0.027865    -0.026155    -0.023918    -0.021204    -0.018084    -0.014672    -0.011135    -0.007701    -0.004632    -0.002186    -0.000583     0.000000
    0.000000     0.000228     0.000821     0.001687     0.002731     0.003860     0.004978     0.005996     0.006828     0.007397     0.007634     0.007479     0.006885     0.005810     0.004227     0.002122    -0.000501    -0.003608    -0.007126    -0.010933    -0.014852    -0.018666    -0.022140    -0.025068    -0.027313    -0.028817    -0.029592    -0.029676    -0.029118    -0.027956    -0.026228    -0.023973    -0.021240    -0.018104    -0.014678    -0.011132    -0.007695    -0.004627    -0.002184    -0.000583     0.000000
    0.000000     0.000227     0.000817     0.001677     0.002714     0.003832     0.004937     0.005938     0.006752     0.007300     0.007514     0.007337     0.006720     0.005624     0.004022     0.001902    -0.000732    -0.003844    -0.007361    -0.011160    -0.015068    -0.018866    -0.022324    -0.025239    -0.027472    -0.028966    -0.029730    -0.029804    -0.029231    -0.028054    -0.026308    -0.024034    -0.021282    -0.018128    -0.014688    -0.011133    -0.007692    -0.004624    -0.002182    -0.000583     0.000000
    0.000000     0.000226     0.000813     0.001668     0.002697     0.003804     0.004896     0.005881     0.006676     0.007204     0.007396     0.007196     0.006556     0.005439     0.003818     0.001682    -0.000963    -0.004080    -0.007597    -0.011390    -0.015286    -0.019070    -0.022513    -0.025415    -0.027637    -0.029122    -0.029876    -0.029938    -0.029352    -0.028158    -0.026395    -0.024101    -0.021330    -0.018157    -0.014702    -0.011138    -0.007692    -0.004624    -0.002182    -0.000583     0.000000
    0.000000     0.000225     0.000809     0.001659     0.002680     0.003777     0.004856     0.005825     0.006602     0.007108     0.007279     0.007056     0.006394     0.005255     0.003615     0.001462    -0.001194    -0.004317    -0.007834    -0.011622    -0.015507    -0.019278    -0.022708    -0.025597    -0.027808    -0.029284    -0.030028    -0.030079    -0.029479    -0.028270    -0.026488    -0.024175    -0.021383    -0.018192    -0.014721    -0.011146    -0.007695    -0.004625    -0.002183    -0.000584     0.000000
    0.000000     0.000224     0.000806     0.001651     0.002664     0.003751     0.004816     0.005770     0.006528     0.007014     0.007163     0.006917     0.006232     0.005071     0.003412     0.001243    -0.001425    -0.004555    -0.008073    -0.011856    -0.015732    -0.019491    -0.022908    -0.025785    -0.027986    -0.029453    -0.030188    -0.030227    -0.029614    -0.028388    -0.026588    -0.024254    -0.021442    -0.018231    -0.014744    -0.011158    -0.007701    -0.004628    -0.002185    -0.000584     0.000000
    0.000000     0.000223     0.000802     0.001642     0.002648     0.003725     0.004777     0.005715     0.006455     0.006921     0.007048     0.006779     0.006071     0.004889     0.003209     0.001024    -0.001657    -0.004795    -0.008314    -0.012093    -0.015961    -0.019708    -0.023113    -0.025979    -0.028171    -0.029630    -0.030355    -0.030383    -0.029756    -0.028514    -0.026694    -0.024340    -0.021507    -0.018276    -0.014773    -0.011174    -0.007709    -0.004633    -0.002188    -0.000586     0.000000
    0.000000     0.000223     0.000798     0.001634     0.002633     0.003699     0.004739     0.005661     0.006383     0.006829     0.006933     0.006642     0.005911     0.004706     0.003007     0.000804    -0.001889    -0.005035    -0.008557    -0.012333    -0.016194    -0.019931    -0.023324    -0.026180    -0.028364    -0.029813    -0.030530    -0.030547    -0.029906    -0.028647    -0.026808    -0.024433    -0.021578    -0.018327    -0.014805    -0.011194    -0.007721    -0.004639    -0.002192    -0.000587     0.000000
    0.000000     0.000222     0.000795     0.001626     0.002617     0.003674     0.004701     0.005609     0.006312     0.006738     0.006820     0.006506     0.005751     0.004525     0.002805     0.000585    -0.002122    -0.005277    -0.008802    -0.012577    -0.016431    -0.020158    -0.023542    -0.026388    -0.028563    -0.030005    -0.030713    -0.030719    -0.030063    -0.028787    -0.026929    -0.024532    -0.021655    -0.018383    -0.014843    -0.011218    -0.007736    -0.004648    -0.002196    -0.000588     0.000000
    0.000000     0.000221     0.000792     0.001618     0.002602     0.003650     0.004664     0.005556     0.006242     0.006647     0.006708     0.006370     0.005592     0.004343     0.002602     0.000365    -0.002357    -0.005521    -0.009050    -0.012823    -0.016672    -0.020391    -0.023766    -0.026603    -0.028770    -0.030205    -0.030904    -0.030898    -0.030229    -0.028935    -0.027057    -0.024639    -0.021739    -0.018444    -0.014886    -0.011246    -0.007753    -0.004659    -0.002202    -0.000590     0.000000
    0.000000     0.000220     0.000789     0.001610     0.002588     0.003626     0.004628     0.005505     0.006173     0.006558     0.006596     0.006235     0.005434     0.004162     0.002400     0.000144    -0.002592    -0.005766    -0.009300    -0.013074    -0.016918    -0.020630    -0.023996    -0.026825    -0.028985    -0.030413    -0.031103    -0.031087    -0.030403    -0.029092    -0.027193    -0.024752    -0.021828    -0.018511    -0.014933    -0.011277    -0.007774    -0.004671    -0.002209    -0.000593     0.000000
    0.000000     0.000220     0.000786     0.001603     0.002574     0.003602     0.004593     0.005455     0.006105     0.006469     0.006485     0.006101     0.005276     0.003981     0.002197    -0.000078    -0.002829    -0.006013    -0.009554    -0.013328    -0.017169    -0.020874    -0.024233    -0.027055    -0.029208    -0.030629    -0.031311    -0.031284    -0.030585    -0.029257    -0.027337    -0.024873    -0.021925    -0.018585    -0.014985    -0.011313    -0.007797    -0.004686    -0.002216    -0.000595     0.000000
    0.000000     0.000219     0.000783     0.001595     0.002560     0.003579     0.004558     0.005405     0.006037     0.006382     0.006375     0.005968     0.005119     0.003800     0.001995    -0.000300    -0.003067    -0.006263    -0.009810    -0.013586    -0.017424    -0.021125    -0.024477    -0.027293    -0.029440    -0.030854    -0.031528    -0.031489    -0.030777    -0.029430    -0.027489    -0.025001    -0.022028    -0.018664    -0.015043    -0.011353    -0.007823    -0.004702    -0.002225    -0.000598     0.000000
    0.000000     0.000218     0.000780     0.001589     0.002547     0.003557     0.004524     0.005356     0.005971     0.006295     0.006266     0.005835     0.004962     0.003619     0.001791    -0.000523    -0.003307    -0.006515    -0.010070    -0.013849    -0.017686    -0.021382    -0.024728    -0.027538    -0.029680    -0.031088    -0.031754    -0.031704    -0.030977    -0.029611    -0.027649    -0.025136    -0.022138    -0.018749    -0.015105    -0.011397    -0.007853    -0.004721    -0.002234    -0.000601     0.000000
    0.000000     0.000218     0.000777     0.001582     0.002534     0.003536     0.004491     0.005308     0.005905     0.006209     0.006158     0.005702     0.004805     0.003438     0.001587    -0.000748    -0.003548    -0.006770    -0.010333    -0.014116    -0.017953    -0.021646    -0.024987    -0.027792    -0.029929    -0.031331    -0.031989    -0.031929    -0.031186    -0.029802    -0.027817    -0.025280    -0.022255    -0.018840    -0.015173    -0.011445    -0.007885    -0.004741    -0.002245    -0.000604     0.000000
    0.000000     0.000217     0.000775     0.001576     0.002522     0.003515     0.004458     0.005261     0.005841     0.006124     0.006050     0.005570     0.004648     0.003256     0.001382    -0.000974    -0.003792    -0.007028    -0.010600    -0.014388    -0.018225    -0.021916    -0.025254    -0.028055    -0.030187    -0.031584    -0.032235    -0.032163    -0.031405    -0.030002    -0.027994    -0.025431    -0.022379    -0.018937    -0.015246    -0.011497    -0.007921    -0.004763    -0.002256    -0.000607     0.000000
    0.000000     0.000217     0.000772     0.001570     0.002510     0.003494     0.004426     0.005215     0.005777     0.006040     0.005943     0.005439     0.004491     0.003075     0.001177    -0.001201    -0.004038    -0.007289    -0.010871    -0.014665    -0.018504    -0.022194    -0.025529    -0.028327    -0.030455    -0.031847    -0.032490    -0.032407    -0.031634    -0.030211    -0.028180    -0.025590    -0.022511    -0.019041    -0.015325    -0.011554    -0.007960    -0.004787    -0.002268    -0.000611     0.000000
    0.000000     0.000216     0.000770     0.001564     0.002498     0.003475     0.004396     0.005170     0.005714     0.005956     0.005836     0.005308     0.004334     0.002892     0.000970    -0.001430    -0.004287    -0.007553    -0.011147    -0.014947    -0.018790    -0.022479    -0.025813    -0.028608    -0.030733    -0.032120    -0.032755    -0.032661    -0.031872    -0.030429    -0.028374    -0.025758    -0.022650    -0.019151    -0.015408    -0.011615    -0.008001    -0.004813    -0.002281    -0.000615     0.000000
    0.000000     0.000216     0.000768     0.001558     0.002488     0.003456     0.004365     0.005125     0.005652     0.005873     0.005731     0.005177     0.004177     0.002709     0.000762    -0.001661    -0.004538    -0.007820    -0.011427    -0.015235    -0.019082    -0.022773    -0.026105    -0.028898    -0.031021    -0.032403    -0.033031    -0.032926    -0.032121    -0.030658    -0.028578    -0.025934    -0.022796    -0.019268    -0.015498    -0.011680    -0.008046    -0.004841    -0.002296    -0.000619     0.000000
    0.000000     0.000216     0.000766     0.001553     0.002477     0.003437     0.004336     0.005081     0.005590     0.005791     0.005625     0.005046     0.004020     0.002526     0.000553    -0.001894    -0.004792    -0.008092    -0.011712    -0.015529    -0.019381    -0.023074    -0.026407    -0.029199    -0.031319    -0.032697    -0.033318    -0.033201    -0.032381    -0.030896    -0.028791    -0.026118    -0.022950    -0.019392    -0.015593    -0.011749    -0.008094    -0.004871    -0.002311    -0.000623     0.000000
    0.000000     0.000215     0.000764     0.001549     0.002467     0.003420     0.004308     0.005039     0.005530     0.005710     0.005520     0.004915     0.003863     0.002341     0.000342    -0.002129    -0.005049    -0.008368    -0.012002    -0.015829    -0.019687    -0.023384    -0.026717    -0.029509    -0.031628    -0.033002    -0.033616    -0.033488    -0.032651    -0.031145    -0.029014    -0.026312    -0.023112    -0.019522    -0.015693    -0.011823    -0.008145    -0.004902    -0.002327    -0.000628     0.000000
    0.000000     0.000215     0.000763     0.001544     0.002458     0.003403     0.004280     0.004997     0.005471     0.005629     0.005416     0.004785     0.003705     0.002156     0.000129    -0.002367    -0.005310    -0.008647    -0.012297    -0.016136    -0.020001    -0.023702    -0.027038    -0.029830    -0.031948    -0.033319    -0.033926    -0.033786    -0.032932    -0.031404    -0.029247    -0.026514    -0.023282    -0.019659    -0.015799    -0.011902    -0.008199    -0.004936    -0.002343    -0.000633     0.000000
    0.000000     0.000215     0.000761     0.001540     0.002449     0.003387     0.004253     0.004956     0.005412     0.005550     0.005312     0.004654     0.003546     0.001969    -0.000085    -0.002608    -0.005574    -0.008932    -0.012598    -0.016449    -0.020324    -0.024030    -0.027369    -0.030162    -0.032279    -0.033647    -0.034247    -0.034096    -0.033225    -0.031675    -0.029489    -0.026725    -0.023460    -0.019803    -0.015911    -0.011984    -0.008257    -0.004972    -0.002361    -0.000638     0.000000
    0.000000     0.000215     0.000760     0.001536     0.002441     0.003371     0.004227     0.004916     0.005354     0.005470     0.005208     0.004523     0.003387     0.001781    -0.000301    -0.002851    -0.005842    -0.009221    -0.012905    -0.016770    -0.020654    -0.024367    -0.027710    -0.030506    -0.032623    -0.033988    -0.034581    -0.034417    -0.033529    -0.031956    -0.029742    -0.026946    -0.023646    -0.019954    -0.016029    -0.012072    -0.008317    -0.005009    -0.002380    -0.000644     0.000000
    0.000000     0.000214     0.000759     0.001533     0.002433     0.003357     0.004203     0.004877     0.005297     0.005392     0.005104     0.004393     0.003227     0.001592    -0.000520    -0.003098    -0.006114    -0.009516    -0.013219    -0.017098    -0.020993    -0.024714    -0.028062    -0.030861    -0.032978    -0.034341    -0.034927    -0.034752    -0.033845    -0.032248    -0.030006    -0.027177    -0.023841    -0.020113    -0.016153    -0.012164    -0.008381    -0.005049    -0.002400    -0.000649     0.000000
    0.000000     0.000214     0.000758     0.001530     0.002426     0.003343     0.004179     0.004839     0.005241     0.005314     0.005001     0.004261     0.003067     0.001401    -0.000741    -0.003347    -0.006390    -0.009816    -0.013538    -0.017434    -0.021342    -0.025071    -0.028425    -0.031228    -0.033346    -0.034707    -0.035286    -0.035098    -0.034174    -0.032552    -0.030280    -0.027417    -0.024044    -0.020279    -0.016282    -0.012260    -0.008448    -0.005090    -0.002420    -0.000655     0.000000
    0.000000     0.000214     0.000758     0.001528     0.002420     0.003330     0.004155     0.004802     0.005186     0.005236     0.004898     0.004130     0.002905     0.001208    -0.000964    -0.003601    -0.006671    -0.010121    -0.013865    -0.017779    -0.021699    -0.025439    -0.028800    -0.031607    -0.033727    -0.035086    -0.035659    -0.035458    -0.034515    -0.032869    -0.030566    -0.027667    -0.024256    -0.020452    -0.016418    -0.012362    -0.008518    -0.005134    -0.002442    -0.000661     0.000000
    0.000000     0.000214     0.000757     0.001526     0.002414     0.003318     0.004133     0.004766     0.005131     0.005159     0.004795     0.003998     0.002742     0.001013    -0.001191    -0.003858    -0.006957    -0.010433    -0.014200    -0.018131    -0.022067    -0.025817    -0.029187    -0.031999    -0.034122    -0.035478    -0.036045    -0.035832    -0.034869    -0.033197    -0.030862    -0.027927    -0.024477    -0.020633    -0.016560    -0.012467    -0.008592    -0.005179    -0.002464    -0.000668     0.000000
    0.000000     0.000215     0.000757     0.001524     0.002409     0.003306     0.004112     0.004730     0.005077     0.005083     0.004692     0.003865     0.002578     0.000816    -0.001420    -0.004119    -0.007248    -0.010751    -0.014541    -0.018493    -0.022445    -0.026208    -0.029586    -0.032405    -0.034530    -0.035885    -0.036445    -0.036219    -0.035236    -0.033537    -0.031170    -0.028198    -0.024707    -0.020822    -0.016709    -0.012578    -0.008669    -0.005226    -0.002487    -0.000674     0.000000
    0.000000     0.000215     0.000757     0.001523     0.002405     0.003296     0.004092     0.004696     0.005024     0.005007     0.004589     0.003732     0.002412     0.000617    -0.001653    -0.004384    -0.007544    -0.011076    -0.014891    -0.018864    -0.022833    -0.026610    -0.029998    -0.032824    -0.034952    -0.036306    -0.036859    -0.036620    -0.035617    -0.033891    -0.031490    -0.028479    -0.024947    -0.021018    -0.016863    -0.012693    -0.008749    -0.005275    -0.002511    -0.000681     0.000000
    0.000000     0.000215     0.000757     0.001522     0.002401     0.003286     0.004073     0.004663     0.004972     0.004931     0.004485     0.003598     0.002245     0.000416    -0.001889    -0.004654    -0.007847    -0.011408    -0.015249    -0.019245    -0.023232    -0.027024    -0.030424    -0.033257    -0.035389    -0.036742    -0.037288    -0.037035    -0.036012    -0.034257    -0.031822    -0.028771    -0.025195    -0.021222    -0.017024    -0.012814    -0.008832    -0.005327    -0.002536    -0.000688     0.000000
    0.000000     0.000215     0.000758     0.001522     0.002398     0.003278     0.004054     0.004630     0.004921     0.004855     0.004382     0.003463     0.002076     0.000212    -0.002129    -0.004929    -0.008155    -0.011747    -0.015616    -0.019636    -0.023643    -0.027451    -0.030863    -0.033705    -0.035841    -0.037194    -0.037733    -0.037465    -0.036420    -0.034637    -0.032166    -0.029074    -0.025454    -0.021435    -0.017191    -0.012939    -0.008919    -0.005380    -0.002562    -0.000695     0.000000
    0.000000     0.000216     0.000759     0.001522     0.002396     0.003270     0.004037     0.004599     0.004870     0.004780     0.004278     0.003327     0.001906     0.000004    -0.002373    -0.005209    -0.008470    -0.012094    -0.015992    -0.020037    -0.024066    -0.027891    -0.031317    -0.034167    -0.036309    -0.037661    -0.038193    -0.037911    -0.036844    -0.035030    -0.032523    -0.029388    -0.025722    -0.021655    -0.017365    -0.013068    -0.009008    -0.005434    -0.002589    -0.000703     0.000000
    0.000000     0.000216     0.000760     0.001523     0.002395     0.003263     0.004021     0.004568     0.004820     0.004706     0.004174     0.003190     0.001733    -0.000206    -0.002621    -0.005495    -0.008791    -0.012449    -0.016378    -0.020450    -0.024501    -0.028345    -0.031785    -0.034646    -0.036792    -0.038144    -0.038669    -0.038372    -0.037282    -0.035438    -0.032892    -0.029714    -0.025999    -0.021884    -0.017545    -0.013203    -0.009102    -0.005491    -0.002616    -0.000710     0.000000
    0.000000     0.000217     0.000761     0.001524     0.002394     0.003258     0.004006     0.004539     0.004770     0.004631     0.004070     0.003052     0.001558    -0.000419    -0.002874    -0.005786    -0.009120    -0.012813    -0.016774    -0.020874    -0.024950    -0.028813    -0.032268    -0.035140    -0.037293    -0.038644    -0.039161    -0.038849    -0.037735    -0.035859    -0.033274    -0.030050    -0.026287    -0.022121    -0.017732    -0.013343    -0.009198    -0.005550    -0.002645    -0.000718     0.000000
    0.000000     0.000217     0.000763     0.001526     0.002395     0.003253     0.003992     0.004510     0.004721     0.004556     0.003964     0.002912     0.001380    -0.000636    -0.003131    -0.006084    -0.009456    -0.013186    -0.017180    -0.021310    -0.025411    -0.029295    -0.032767    -0.035651    -0.037809    -0.039161    -0.039671    -0.039343    -0.038204    -0.036295    -0.033670    -0.030399    -0.026585    -0.022366    -0.017926    -0.013487    -0.009298    -0.005611    -0.002674    -0.000726     0.000000
    0.000000     0.000218     0.000765     0.001529     0.002396     0.003249     0.003979     0.004482     0.004673     0.004482     0.003858     0.002770     0.001200    -0.000857    -0.003394    -0.006388    -0.009800    -0.013568    -0.017597    -0.021758    -0.025887    -0.029793    -0.033283    -0.036178    -0.038344    -0.039695    -0.040197    -0.039853    -0.038689    -0.036746    -0.034078    -0.030760    -0.026893    -0.022620    -0.018126    -0.013637    -0.009400    -0.005673    -0.002704    -0.000734     0.000000
    0.000000     0.000219     0.000767     0.001532     0.002398     0.003247     0.003967     0.004456     0.004625     0.004407     0.003752     0.002627     0.001017    -0.001082    -0.003661    -0.006698    -0.010153    -0.013960    -0.018026    -0.022220    -0.026376    -0.030306    -0.033815    -0.036724    -0.038896    -0.040247    -0.040742    -0.040381    -0.039190    -0.037212    -0.034501    -0.031133    -0.027211    -0.022882    -0.018333    -0.013791    -0.009507    -0.005737    -0.002735    -0.000743     0.000000
    0.000000     0.000220     0.000770     0.001536     0.002400     0.003245     0.003956     0.004430     0.004578     0.004332     0.003644     0.002482     0.000831    -0.001312    -0.003935    -0.007016    -0.010514    -0.014362    -0.018466    -0.022694    -0.026881    -0.030836    -0.034364    -0.037287    -0.039467    -0.040818    -0.041304    -0.040926    -0.039708    -0.037694    -0.034938    -0.031518    -0.027540    -0.023153    -0.018546    -0.013950    -0.009616    -0.005803    -0.002766    -0.000751     0.000000
    0.000000     0.000221     0.000773     0.001540     0.002404     0.003245     0.003946     0.004405     0.004531     0.004257     0.003535     0.002334     0.000641    -0.001546    -0.004215    -0.007342    -0.010884    -0.014775    -0.018919    -0.023183    -0.027401    -0.031383    -0.034931    -0.037869    -0.040057    -0.041408    -0.041885    -0.041489    -0.040243    -0.038191    -0.035388    -0.031915    -0.027880    -0.023433    -0.018767    -0.014114    -0.009728    -0.005871    -0.002798    -0.000760     0.000000
    0.000000     0.000222     0.000776     0.001545     0.002409     0.003245     0.003938     0.004380     0.004485     0.004182     0.003425     0.002185     0.000448    -0.001785    -0.004501    -0.007675    -0.011264    -0.015200    -0.019385    -0.023687    -0.027937    -0.031946    -0.035517    -0.038470    -0.040666    -0.042018    -0.042486    -0.042070    -0.040795    -0.038704    -0.035854    -0.032325    -0.028230    -0.023721    -0.018994    -0.014283    -0.009844    -0.005940    -0.002831    -0.000769     0.000000
    0.000000     0.000223     0.000780     0.001551     0.002415     0.003247     0.003930     0.004357     0.004439     0.004106     0.003314     0.002032     0.000251    -0.002029    -0.004794    -0.008017    -0.011654    -0.015636    -0.019864    -0.024205    -0.028490    -0.032528    -0.036121    -0.039090    -0.041295    -0.042647    -0.043106    -0.042670    -0.041365    -0.039233    -0.036333    -0.032748    -0.028591    -0.024018    -0.019228    -0.014456    -0.009963    -0.006012    -0.002865    -0.000778     0.000000
    0.000000     0.000225     0.000784     0.001557     0.002421     0.003250     0.003924     0.004335     0.004393     0.004030     0.003201     0.001877     0.000050    -0.002279    -0.005094    -0.008368    -0.012054    -0.016084    -0.020358    -0.024739    -0.029061    -0.033129    -0.036746    -0.039731    -0.041945    -0.043297    -0.043746    -0.043289    -0.041953    -0.039779    -0.036828    -0.033184    -0.028963    -0.024324    -0.019468    -0.014635    -0.010084    -0.006084    -0.002899    -0.000787     0.000000
    0.000000     0.000226     0.000788     0.001564     0.002429     0.003254     0.003919     0.004313     0.004347     0.003953     0.003086     0.001719    -0.000155    -0.002534    -0.005401    -0.008727    -0.012466    -0.016545    -0.020866    -0.025290    -0.029648    -0.033748    -0.037390    -0.040393    -0.042616    -0.043968    -0.044406    -0.043928    -0.042559    -0.040342    -0.037338    -0.033633    -0.029346    -0.024639    -0.019716    -0.014818    -0.010209    -0.006159    -0.002934    -0.000796     0.000000
    0.000000     0.000228     0.000793     0.001572     0.002438     0.003260     0.003914     0.004292     0.004301     0.003875     0.002969     0.001558    -0.000366    -0.002796    -0.005717    -0.009097    -0.012889    -0.017020    -0.021389    -0.025857    -0.030255    -0.034387    -0.038055    -0.041076    -0.043309    -0.044660    -0.045087    -0.044587    -0.043184    -0.040921    -0.037862    -0.034095    -0.029740    -0.024963    -0.019970    -0.015006    -0.010337    -0.006234    -0.002969    -0.000805     0.000000
    0.000000     0.000229     0.000798     0.001581     0.002447     0.003266     0.003911     0.004272     0.004256     0.003797     0.002850     0.001393    -0.000581    -0.003065    -0.006041    -0.009477    -0.013324    -0.017509    -0.021928    -0.026442    -0.030881    -0.035047    -0.038742    -0.041782    -0.044024    -0.045374    -0.045790    -0.045266    -0.043828    -0.041518    -0.038403    -0.034570    -0.030145    -0.025295    -0.020230    -0.015198    -0.010467    -0.006312    -0.003005    -0.000815     0.000000
    0.000000     0.000231     0.000804     0.001590     0.002458     0.003274     0.003909     0.004252     0.004210     0.003717     0.002729     0.001224    -0.000802    -0.003341    -0.006374    -0.009868    -0.013772    -0.018012    -0.022483    -0.027045    -0.031526    -0.035728    -0.039450    -0.042510    -0.044761    -0.046111    -0.046514    -0.045966    -0.044491    -0.042133    -0.038958    -0.035059    -0.030561    -0.025636    -0.020498    -0.015395    -0.010600    -0.006390    -0.003042    -0.000824     0.000000
    0.000000     0.000233     0.000810     0.001601     0.002470     0.003283     0.003908     0.004233     0.004164     0.003636     0.002605     0.001052    -0.001028    -0.003624    -0.006716    -0.010270    -0.014233    -0.018530    -0.023055    -0.027667    -0.032192    -0.036431    -0.040182    -0.043261    -0.045523    -0.046871    -0.047261    -0.046687    -0.045174    -0.042765    -0.039530    -0.035561    -0.030989    -0.025986    -0.020771    -0.015597    -0.010736    -0.006470    -0.003079    -0.000834     0.000000
    0.000000     0.000235     0.000817     0.001612     0.002483     0.003293     0.003908     0.004214     0.004118     0.003553     0.002478     0.000874    -0.001261    -0.003916    -0.007069    -0.010683    -0.014708    -0.019064    -0.023646    -0.028309    -0.032879    -0.037156    -0.040937    -0.044036    -0.046308    -0.047655    -0.048031    -0.047430    -0.045876    -0.043416    -0.040117    -0.036076    -0.031427    -0.026345    -0.021052    -0.015802    -0.010874    -0.006552    -0.003116    -0.000843     0.000000
    0.000000     0.000238     0.000824     0.001624     0.002498     0.003304     0.003909     0.004196     0.004071     0.003469     0.002349     0.000693    -0.001500    -0.004215    -0.007431    -0.011110    -0.015197    -0.019615    -0.024254    -0.028971    -0.033588    -0.037904    -0.041716    -0.044836    -0.047117    -0.048462    -0.048823    -0.048194    -0.046599    -0.044084    -0.040720    -0.036606    -0.031876    -0.026712    -0.021338    -0.016012    -0.011015    -0.006634    -0.003154    -0.000853     0.000000
    0.000000     0.000240     0.000831     0.001636     0.002513     0.003317     0.003911     0.004178     0.004024     0.003383     0.002215     0.000506    -0.001746    -0.004524    -0.007804    -0.011549    -0.015701    -0.020183    -0.024882    -0.029654    -0.034319    -0.038676    -0.042519    -0.045661    -0.047952    -0.049294    -0.049639    -0.048981    -0.047342    -0.044771    -0.041340    -0.037148    -0.032337    -0.027088    -0.021630    -0.016226    -0.011158    -0.006717    -0.003191    -0.000862     0.000000
    0.000000     0.000243     0.000839     0.001650     0.002530     0.003330     0.003914     0.004161     0.003976     0.003295     0.002078     0.000313    -0.001999    -0.004842    -0.008189    -0.012002    -0.016222    -0.020769    -0.025530    -0.030358    -0.035074    -0.039473    -0.043348    -0.046511    -0.048812    -0.050151    -0.050480    -0.049790    -0.048106    -0.045477    -0.041975    -0.037705    -0.032808    -0.027473    -0.021929    -0.016444    -0.011303    -0.006801    -0.003230    -0.000872     0.000000
    0.000000     0.000246     0.000848     0.001665     0.002547     0.003345     0.003918     0.004144     0.003927     0.003204     0.001938     0.000115    -0.002260    -0.005170    -0.008586    -0.012469    -0.016758    -0.021373    -0.026198    -0.031086    -0.035853    -0.040295    -0.044203    -0.047388    -0.049698    -0.051034    -0.051344    -0.050622    -0.048891    -0.046200    -0.042626    -0.038274    -0.033290    -0.027865    -0.022233    -0.016665    -0.011450    -0.006886    -0.003268    -0.000882     0.000000
    0.000000     0.000249     0.000857     0.001680     0.002566     0.003362     0.003923     0.004126     0.003877     0.003111     0.001792    -0.000090    -0.002530    -0.005508    -0.008996    -0.012951    -0.017312    -0.021996    -0.026888    -0.031836    -0.036656    -0.041143    -0.045085    -0.048292    -0.050612    -0.051942    -0.052233    -0.051476    -0.049696    -0.046943    -0.043294    -0.038858    -0.033783    -0.028266    -0.022543    -0.016890    -0.011599    -0.006972    -0.003306    -0.000891     0.000000
    0.000000     0.000252     0.000867     0.001697     0.002587     0.003379     0.003928     0.004109     0.003826     0.003015     0.001642    -0.000301    -0.002808    -0.005858    -0.009419    -0.013448    -0.017884    -0.022640    -0.027600    -0.032610    -0.037485    -0.042017    -0.045994    -0.049224    -0.051552    -0.052877    -0.053148    -0.052355    -0.050523    -0.047704    -0.043977    -0.039454    -0.034287    -0.028674    -0.022859    -0.017118    -0.011750    -0.007058    -0.003345    -0.000900     0.000000
    0.000000     0.000255     0.000877     0.001714     0.002608     0.003398     0.003934     0.004091     0.003773     0.002915     0.001487    -0.000520    -0.003096    -0.006219    -0.009856    -0.013962    -0.018474    -0.023305    -0.028335    -0.033409    -0.038341    -0.042919    -0.046931    -0.050183    -0.052520    -0.053839    -0.054087    -0.053256    -0.051371    -0.048485    -0.044677    -0.040064    -0.034800    -0.029090    -0.023179    -0.017349    -0.011902    -0.007145    -0.003383    -0.000910     0.000000
    0.000000     0.000258     0.000888     0.001733     0.002631     0.003417     0.003941     0.004073     0.003718     0.002813     0.001327    -0.000746    -0.003393    -0.006592    -0.010307    -0.014493    -0.019084    -0.023991    -0.029093    -0.034234    -0.039223    -0.043850    -0.047898    -0.051172    -0.053517    -0.054828    -0.055053    -0.054182    -0.052241    -0.049283    -0.045393    -0.040686    -0.035324    -0.029513    -0.023504    -0.017583    -0.012055    -0.007231    -0.003421    -0.000919     0.000000
    0.000000     0.000262     0.000899     0.001753     0.002655     0.003438     0.003948     0.004055     0.003661     0.002706     0.001160    -0.000980    -0.003701    -0.006978    -0.010774    -0.015041    -0.019714    -0.024700    -0.029877    -0.035085    -0.040134    -0.044809    -0.048893    -0.052190    -0.054542    -0.055845    -0.056044    -0.055131    -0.053132    -0.050101    -0.046124    -0.041322    -0.035858    -0.029944    -0.023834    -0.017819    -0.012209    -0.007318    -0.003459    -0.000928     0.000000
    0.000000     0.000266     0.000911     0.001773     0.002680     0.003460     0.003956     0.004035     0.003602     0.002595     0.000988    -0.001223    -0.004021    -0.007378    -0.011257    -0.015609    -0.020364    -0.025432    -0.030685    -0.035964    -0.041073    -0.045798    -0.049919    -0.053238    -0.055597    -0.056890    -0.057062    -0.056105    -0.054045    -0.050937    -0.046871    -0.041970    -0.036401    -0.030381    -0.024168    -0.018058    -0.012364    -0.007405    -0.003496    -0.000937     0.000000
    0.000000     0.000270     0.000924     0.001795     0.002706     0.003483     0.003963     0.004015     0.003540     0.002480     0.000808    -0.001475    -0.004352    -0.007792    -0.011757    -0.016195    -0.021037    -0.026188    -0.031520    -0.036871    -0.042042    -0.046817    -0.050975    -0.054317    -0.056682    -0.057963    -0.058107    -0.057103    -0.054979    -0.051792    -0.047634    -0.042630    -0.036954    -0.030824    -0.024506    -0.018298    -0.012519    -0.007491    -0.003534    -0.000945     0.000000
    0.000000     0.000275     0.000937     0.001817     0.002734     0.003506     0.003971     0.003993     0.003475     0.002359     0.000621    -0.001737    -0.004695    -0.008222    -0.012275    -0.016802    -0.021733    -0.026969    -0.032383    -0.037806    -0.043041    -0.047868    -0.052063    -0.055426    -0.057796    -0.059065    -0.059178    -0.058125    -0.055934    -0.052666    -0.048411    -0.043303    -0.037515    -0.031273    -0.024847    -0.018540    -0.012674    -0.007577    -0.003570    -0.000954     0.000000
    0.000000     0.000279     0.000951     0.001841     0.002762     0.003531     0.003979     0.003971     0.003407     0.002233     0.000425    -0.002010    -0.005052    -0.008667    -0.012811    -0.017431    -0.022452    -0.027777    -0.033273    -0.038772    -0.044072    -0.048951    -0.053184    -0.056568    -0.058942    -0.060196    -0.060276    -0.059171    -0.056911    -0.053557    -0.049204    -0.043986    -0.038085    -0.031728    -0.025192    -0.018783    -0.012829    -0.007663    -0.003606    -0.000962     0.000000
    0.000000     0.000284     0.000966     0.001866     0.002792     0.003556     0.003987     0.003946     0.003336     0.002101     0.000222    -0.002294    -0.005423    -0.009128    -0.013367    -0.018081    -0.023196    -0.028611    -0.034192    -0.039768    -0.045134    -0.050066    -0.054336    -0.057741    -0.060118    -0.061356    -0.061400    -0.060242    -0.057909    -0.054466    -0.050011    -0.044681    -0.038662    -0.032188    -0.025539    -0.019027    -0.012984    -0.007747    -0.003641    -0.000970     0.000000
    0.000000     0.000289     0.000981     0.001892     0.002823     0.003582     0.003994     0.003919     0.003260     0.001962     0.000009    -0.002590    -0.005808    -0.009607    -0.013942    -0.018754    -0.023965    -0.029473    -0.035142    -0.040796    -0.046229    -0.051214    -0.055523    -0.058948    -0.061325    -0.062546    -0.062552    -0.061336    -0.058928    -0.055393    -0.050832    -0.045387    -0.039247    -0.032652    -0.025888    -0.019271    -0.013138    -0.007830    -0.003676    -0.000977     0.000000
    0.000000     0.000294     0.000997     0.001918     0.002855     0.003609     0.004001     0.003890     0.003179     0.001816    -0.000214    -0.002898    -0.006209    -0.010105    -0.014539    -0.019451    -0.024761    -0.030364    -0.036122    -0.041856    -0.047358    -0.052397    -0.056743    -0.060187    -0.062565    -0.063765    -0.063731    -0.062455    -0.059968    -0.056337    -0.051667    -0.046102    -0.039839    -0.033121    -0.026238    -0.019515    -0.013291    -0.007912    -0.003709    -0.000984     0.000000
    0.000000     0.000300     0.001014     0.001946     0.002888     0.003636     0.004007     0.003858     0.003094     0.001663    -0.000447    -0.003220    -0.006626    -0.010622    -0.015158    -0.020172    -0.025584    -0.031285    -0.037134    -0.042950    -0.048521    -0.053614    -0.057997    -0.061460    -0.063836    -0.065014    -0.064937    -0.063597    -0.061028    -0.057298    -0.052514    -0.046827    -0.040436    -0.033592    -0.026590    -0.019758    -0.013443    -0.007993    -0.003741    -0.000991     0.000000
    0.000000     0.000305     0.001032     0.001975     0.002922     0.003663     0.004011     0.003823     0.003003     0.001501    -0.000691    -0.003556    -0.007060    -0.011159    -0.015800    -0.020920    -0.026435    -0.032237    -0.038178    -0.044078    -0.049719    -0.054867    -0.059286    -0.062766    -0.065139    -0.066292    -0.066169    -0.064763    -0.062108    -0.058275    -0.053375    -0.047561    -0.041040    -0.034066    -0.026941    -0.019999    -0.013592    -0.008071    -0.003773    -0.000997     0.000000
    0.000000     0.000311     0.001050     0.002005     0.002957     0.003690     0.004015     0.003785     0.002906     0.001330    -0.000948    -0.003907    -0.007513    -0.011717    -0.016466    -0.021694    -0.027316    -0.033220    -0.039257    -0.045241    -0.050953    -0.056156    -0.060611    -0.064107    -0.066474    -0.067600    -0.067429    -0.065953    -0.063208    -0.059268    -0.054247    -0.048303    -0.041648    -0.034542    -0.027293    -0.020240    -0.013739    -0.008148    -0.003802    -0.001003     0.000000
    0.000000     0.000318     0.001069     0.002036     0.002992     0.003717     0.004016     0.003743     0.002802     0.001150    -0.001217    -0.004275    -0.007984    -0.012297    -0.017157    -0.022496    -0.028228    -0.034236    -0.040369    -0.046439    -0.052224    -0.057481    -0.061972    -0.065482    -0.067842    -0.068938    -0.068714    -0.067165    -0.064326    -0.060275    -0.055129    -0.049052    -0.042260    -0.035019    -0.027643    -0.020477    -0.013884    -0.008222    -0.003831    -0.001008     0.000000
    0.000000     0.000324     0.001088     0.002068     0.003029     0.003744     0.004016     0.003696     0.002691     0.000959    -0.001500    -0.004659    -0.008476    -0.012900    -0.017874    -0.023328    -0.029171    -0.035286    -0.041518    -0.047675    -0.053532    -0.058844    -0.063369    -0.066892    -0.069242    -0.070305    -0.070026    -0.068399    -0.065463    -0.061297    -0.056022    -0.049808    -0.042875    -0.035496    -0.027992    -0.020712    -0.014025    -0.008293    -0.003857    -0.001013     0.000000
    0.000000     0.000331     0.001109     0.002101     0.003065     0.003770     0.004013     0.003644     0.002571     0.000757    -0.001797    -0.005060    -0.008988    -0.013528    -0.018619    -0.024189    -0.030146    -0.036370    -0.042703    -0.048948    -0.054878    -0.060244    -0.064803    -0.068336    -0.070674    -0.071701    -0.071363    -0.069655    -0.066617    -0.062332    -0.056925    -0.050569    -0.043492    -0.035973    -0.028338    -0.020944    -0.014163    -0.008362    -0.003883    -0.001017     0.000000
    0.000000     0.000338     0.001130     0.002134     0.003103     0.003795     0.004007     0.003586     0.002444     0.000543    -0.002110    -0.005481    -0.009523    -0.014181    -0.019391    -0.025081    -0.031156    -0.037490    -0.043925    -0.050260    -0.056262    -0.061682    -0.066273    -0.069816    -0.072138    -0.073127    -0.072726    -0.070932    -0.067789    -0.063380    -0.057836    -0.051334    -0.044110    -0.036448    -0.028681    -0.021171    -0.014296    -0.008428    -0.003906    -0.001021     0.000000
    0.000000     0.000346     0.001151     0.002169     0.003140     0.003819     0.003997     0.003523     0.002306     0.000315    -0.002439    -0.005922    -0.010081    -0.014860    -0.020194    -0.026006    -0.032199    -0.038647    -0.045185    -0.051610    -0.057686    -0.063159    -0.067781    -0.071330    -0.073635    -0.074581    -0.074113    -0.072230    -0.068976    -0.064439    -0.058753    -0.052103    -0.044728    -0.036921    -0.029019    -0.021393    -0.014426    -0.008490    -0.003927    -0.001024     0.000000
    0.000000     0.000353     0.001173     0.002204     0.003177     0.003842     0.003984     0.003452     0.002158     0.000074    -0.002786    -0.006383    -0.010664    -0.015567    -0.021026    -0.026964    -0.033279    -0.039842    -0.046485    -0.053001    -0.059150    -0.064675    -0.069326    -0.072880    -0.075163    -0.076063    -0.075524    -0.073547    -0.070178    -0.065509    -0.059677    -0.052874    -0.045345    -0.037390    -0.029353    -0.021610    -0.014550    -0.008548    -0.003946    -0.001026     0.000000
    0.000000     0.000361     0.001196     0.002239     0.003214     0.003862     0.003966     0.003374     0.002000    -0.000182    -0.003152    -0.006867    -0.011272    -0.016302    -0.021891    -0.027956    -0.034395    -0.041076    -0.047825    -0.054432    -0.060654    -0.066230    -0.070908    -0.074464    -0.076723    -0.077572    -0.076958    -0.074882    -0.071394    -0.066587    -0.060606    -0.053646    -0.045960    -0.037854    -0.029680    -0.021821    -0.014668    -0.008602    -0.003963    -0.001028     0.000000
    0.000000     0.000369     0.001220     0.002275     0.003251     0.003881     0.003944     0.003287     0.001829    -0.000454    -0.003537    -0.007374    -0.011906    -0.017068    -0.022788    -0.028984    -0.035550    -0.042349    -0.049205    -0.055904    -0.062198    -0.067825    -0.072528    -0.076082    -0.078313    -0.079108    -0.078415    -0.076235    -0.072622    -0.067674    -0.061539    -0.054418    -0.046572    -0.038313    -0.030001    -0.022025    -0.014781    -0.008652    -0.003978    -0.001029     0.000000
    0.000000     0.000378     0.001244     0.002312     0.003287     0.003896     0.003915     0.003191     0.001644    -0.000743    -0.003943    -0.007906    -0.012569    -0.017865    -0.023720    -0.030049    -0.036743    -0.043662    -0.050627    -0.057418    -0.063784    -0.069459    -0.074185    -0.077735    -0.079934    -0.080670    -0.079892    -0.077605    -0.073862    -0.068767    -0.062473    -0.055188    -0.047178    -0.038765    -0.030314    -0.022221    -0.014887    -0.008698    -0.003990    -0.001029     0.000000
    0.000000     0.000387     0.001268     0.002348     0.003322     0.003908     0.003880     0.003085     0.001446    -0.001050    -0.004371    -0.008464    -0.013261    -0.018694    -0.024687    -0.031152    -0.037976    -0.045018    -0.052092    -0.058975    -0.065412    -0.071134    -0.075879    -0.079421    -0.081585    -0.082258    -0.081390    -0.078989    -0.075112    -0.069865    -0.063408    -0.055955    -0.047779    -0.039209    -0.030618    -0.022408    -0.014986    -0.008738    -0.004000    -0.001029     0.000000
    0.000000     0.000396     0.001293     0.002385     0.003355     0.003917     0.003838     0.002968     0.001232    -0.001376    -0.004823    -0.009048    -0.013984    -0.019557    -0.025691    -0.032293    -0.039251    -0.046415    -0.053599    -0.060574    -0.067081    -0.072847    -0.077610    -0.081140    -0.083264    -0.083869    -0.082907    -0.080387    -0.076370    -0.070967    -0.064342    -0.056717    -0.048372    -0.039643    -0.030912    -0.022586    -0.015077    -0.008773    -0.004007    -0.001028     0.000000
    0.000000     0.000405     0.001319     0.002421     0.003387     0.003921     0.003788     0.002839     0.001002    -0.001724    -0.005299    -0.009661    -0.014738    -0.020455    -0.026732    -0.033475    -0.040567    -0.047856    -0.055150    -0.062217    -0.068792    -0.074601    -0.079377    -0.082892    -0.084971    -0.085503    -0.084441    -0.081797    -0.077635    -0.072071    -0.065274    -0.057472    -0.048955    -0.040067    -0.031195    -0.022754    -0.015161    -0.008803    -0.004011    -0.001026     0.000000
    0.000000     0.000414     0.001344     0.002457     0.003417     0.003919     0.003729     0.002696     0.000755    -0.002093    -0.005802    -0.010304    -0.015526    -0.021389    -0.027812    -0.034698    -0.041926    -0.049341    -0.056746    -0.063903    -0.070545    -0.076394    -0.081181    -0.084676    -0.086705    -0.087159    -0.085992    -0.083218    -0.078905    -0.073174    -0.066200    -0.058220    -0.049528    -0.040478    -0.031466    -0.022911    -0.015236    -0.008828    -0.004012    -0.001023     0.000000
    0.000000     0.000424     0.001370     0.002492     0.003443     0.003912     0.003660     0.002539     0.000488    -0.002486    -0.006332    -0.010978    -0.016348    -0.022361    -0.028933    -0.035964    -0.043330    -0.050871    -0.058386    -0.065633    -0.072340    -0.078226    -0.083019    -0.086490    -0.088465    -0.088835    -0.087557    -0.084647    -0.080178    -0.074276    -0.067121    -0.058957    -0.050089    -0.040876    -0.031723    -0.023057    -0.015301    -0.008846    -0.004010    -0.001019     0.000000
    0.000000     0.000434     0.001396     0.002526     0.003467     0.003898     0.003580     0.002366     0.000201    -0.002903    -0.006890    -0.011685    -0.017206    -0.023372    -0.030095    -0.037273    -0.044778    -0.052446    -0.060071    -0.067407    -0.074177    -0.080096    -0.084892    -0.088335    -0.090249    -0.090529    -0.089134    -0.086083    -0.081453    -0.075373    -0.068033    -0.059683    -0.050635    -0.041259    -0.031966    -0.023190    -0.015357    -0.008858    -0.004005    -0.001014     0.000000
    0.000000     0.000444     0.001422     0.002559     0.003486     0.003877     0.003488     0.002177    -0.000108    -0.003347    -0.007480    -0.012426    -0.018102    -0.024423    -0.031299    -0.038626    -0.046271    -0.054067    -0.061802    -0.069225    -0.076055    -0.082004    -0.086799    -0.090207    -0.092056    -0.092241    -0.090722    -0.087524    -0.082726    -0.076464    -0.068934    -0.060395    -0.051166    -0.041626    -0.032194    -0.023310    -0.015403    -0.008863    -0.003997    -0.001009     0.000000
    0.000000     0.000454     0.001447     0.002590     0.003501     0.003847     0.003383     0.001969    -0.000440    -0.003819    -0.008101    -0.013202    -0.019036    -0.025515    -0.032547    -0.040025    -0.047811    -0.055735    -0.063579    -0.071087    -0.077975    -0.083950    -0.088738    -0.092107    -0.093884    -0.093967    -0.092319    -0.088967    -0.083996    -0.077547    -0.069823    -0.061091    -0.051679    -0.041975    -0.032405    -0.023415    -0.015439    -0.008862    -0.003986    -0.001002     0.000000
    0.000000     0.000464     0.001472     0.002619     0.003511     0.003808     0.003263     0.001741    -0.000797    -0.004320    -0.008755    -0.014015    -0.020010    -0.026650    -0.033840    -0.041469    -0.049399    -0.057450    -0.065401    -0.072993    -0.079935    -0.085932    -0.090708    -0.094032    -0.095732    -0.095706    -0.093923    -0.090411    -0.085261    -0.078619    -0.070697    -0.061769    -0.052173    -0.042305    -0.032599    -0.023506    -0.015464    -0.008854    -0.003971    -0.000995     0.000000
    0.000000     0.000475     0.001496     0.002646     0.003515     0.003758     0.003128     0.001493    -0.001180    -0.004852    -0.009444    -0.014867    -0.021026    -0.027829    -0.035179    -0.042961    -0.051033    -0.059211    -0.067270    -0.074942    -0.081934    -0.087949    -0.092709    -0.095981    -0.097597    -0.097456    -0.095530    -0.091852    -0.086517    -0.079678    -0.071554    -0.062427    -0.052646    -0.042614    -0.032773    -0.023581    -0.015477    -0.008839    -0.003953    -0.000987     0.000000
    0.000000     0.000485     0.001520     0.002669     0.003512     0.003696     0.002975     0.001221    -0.001591    -0.005416    -0.010170    -0.015758    -0.022084    -0.029053    -0.036564    -0.044501    -0.052716    -0.061021    -0.069184    -0.076933    -0.083973    -0.090000    -0.094737    -0.097952    -0.099477    -0.099215    -0.097139    -0.093288    -0.087762    -0.080721    -0.072391    -0.063063    -0.053095    -0.042900    -0.032928    -0.023640    -0.015478    -0.008817    -0.003932    -0.000978     0.000000
    0.000000     0.000495     0.001542     0.002689     0.003501     0.003622     0.002804     0.000925    -0.002032    -0.006015    -0.010934    -0.016691    -0.023186    -0.030322    -0.037997    -0.046089    -0.054447    -0.062877    -0.071143    -0.078968    -0.086049    -0.092084    -0.096792    -0.099943    -0.101370    -0.100979    -0.098747    -0.094717    -0.088994    -0.081746    -0.073206    -0.063675    -0.053520    -0.043163    -0.033061    -0.023682    -0.015467    -0.008787    -0.003907    -0.000968     0.000000
    0.000000     0.000505     0.001563     0.002704     0.003482     0.003533     0.002612     0.000603    -0.002504    -0.006649    -0.011738    -0.017667    -0.024333    -0.031639    -0.039479    -0.047727    -0.056227    -0.064782    -0.073147    -0.081043    -0.088162    -0.094199    -0.098872    -0.101951    -0.103273    -0.102746    -0.100350    -0.096135    -0.090209    -0.082749    -0.073996    -0.064260    -0.053918    -0.043400    -0.033172    -0.023707    -0.015444    -0.008750    -0.003879    -0.000957     0.000000
    0.000000     0.000515     0.001582     0.002714     0.003453     0.003428     0.002399     0.000254    -0.003009    -0.007321    -0.012582    -0.018686    -0.025527    -0.033004    -0.041009    -0.049413    -0.058056    -0.066733    -0.075196    -0.083159    -0.090310    -0.096342    -0.100974    -0.103975    -0.105183    -0.104513    -0.101947    -0.097539    -0.091405    -0.083728    -0.074758    -0.064815    -0.054286    -0.043610    -0.033260    -0.023713    -0.015408    -0.008705    -0.003847    -0.000946     0.000000
    0.000000     0.000524     0.001599     0.002719     0.003413     0.003307     0.002162    -0.000125    -0.003548    -0.008031    -0.013470    -0.019751    -0.026769    -0.034419    -0.042590    -0.051150    -0.059933    -0.068731    -0.077288    -0.085313    -0.092492    -0.098513    -0.103096    -0.106010    -0.107099    -0.106277    -0.103533    -0.098926    -0.092578    -0.084680    -0.075490    -0.065340    -0.054624    -0.043792    -0.033324    -0.023700    -0.015359    -0.008652    -0.003812    -0.000933     0.000000
    0.000000     0.000533     0.001614     0.002717     0.003361     0.003167     0.001900    -0.000536    -0.004124    -0.008783    -0.014401    -0.020862    -0.028058    -0.035882    -0.044220    -0.052936    -0.061859    -0.070775    -0.079423    -0.087506    -0.094705    -0.100709    -0.105235    -0.108056    -0.109016    -0.108035    -0.105106    -0.100293    -0.093725    -0.085602    -0.076190    -0.065831    -0.054929    -0.043944    -0.033363    -0.023668    -0.015296    -0.008592    -0.003773    -0.000920     0.000000
    0.000000     0.000541     0.001626     0.002709     0.003296     0.003008     0.001612    -0.000979    -0.004738    -0.009576    -0.015377    -0.022021    -0.029397    -0.037396    -0.045901    -0.054773    -0.063834    -0.072864    -0.081599    -0.089734    -0.096948    -0.102927    -0.107388    -0.110107    -0.110931    -0.109783    -0.106661    -0.101636    -0.094843    -0.086490    -0.076854    -0.066285    -0.055200    -0.044065    -0.033375    -0.023616    -0.015220    -0.008524    -0.003731    -0.000906     0.000000
    0.000000     0.000549     0.001634     0.002692     0.003217     0.002827     0.001295    -0.001456    -0.005391    -0.010413    -0.016400    -0.023229    -0.030786    -0.038961    -0.047633    -0.056658    -0.065855    -0.074998    -0.083814    -0.091996    -0.099218    -0.105165    -0.109553    -0.112162    -0.112841    -0.111517    -0.108196    -0.102952    -0.095929    -0.087342    -0.077479    -0.066701    -0.055434    -0.044154    -0.033361    -0.023543    -0.015131    -0.008449    -0.003686    -0.000891     0.000000
    0.000000     0.000556     0.001639     0.002666     0.003122     0.002622     0.000948    -0.001970    -0.006086    -0.011295    -0.017470    -0.024486    -0.032226    -0.040577    -0.049416    -0.058593    -0.067924    -0.077175    -0.086067    -0.094290    -0.101513    -0.107419    -0.111727    -0.114216    -0.114741    -0.113235    -0.109706    -0.104237    -0.096978    -0.088154    -0.078063    -0.067076    -0.055630    -0.044208    -0.033319    -0.023451    -0.015028    -0.008366    -0.003637    -0.000875     0.000000
    0.000000     0.000562     0.001639     0.002630     0.003010     0.002394     0.000569    -0.002522    -0.006824    -0.012224    -0.018590    -0.025793    -0.033717    -0.042244    -0.051248    -0.060577    -0.070038    -0.079393    -0.088357    -0.096613    -0.103830    -0.109687    -0.113905    -0.116266    -0.116629    -0.114931    -0.111188    -0.105487    -0.097988    -0.088924    -0.078604    -0.067408    -0.055785    -0.044228    -0.033249    -0.023337    -0.014911    -0.008275    -0.003586    -0.000859     0.000000
    0.000000     0.000567     0.001634     0.002584     0.002879     0.002138     0.000156    -0.003113    -0.007605    -0.013199    -0.019758    -0.027152    -0.035259    -0.043962    -0.053131    -0.062609    -0.072197    -0.081650    -0.090680    -0.098963    -0.106165    -0.111964    -0.116083    -0.118307    -0.118500    -0.116602    -0.112637    -0.106698    -0.098954    -0.089647    -0.079097    -0.067695    -0.055900    -0.044212    -0.033150    -0.023202    -0.014781    -0.008177    -0.003531    -0.000842     0.000000
    0.000000     0.000570     0.001624     0.002525     0.002729     0.001855    -0.000291    -0.003745    -0.008432    -0.014223    -0.020977    -0.028561    -0.036853    -0.045731    -0.055063    -0.064687    -0.074398    -0.083946    -0.093035    -0.101337    -0.108515    -0.114248    -0.118258    -0.120336    -0.120349    -0.118244    -0.114049    -0.107867    -0.099873    -0.090321    -0.079541    -0.067934    -0.055970    -0.044159    -0.033022    -0.023046    -0.014637    -0.008071    -0.003473    -0.000824     0.000000
    0.000000     0.000572     0.001609     0.002454     0.002558     0.001543    -0.000775    -0.004419    -0.009305    -0.015296    -0.022247    -0.030022    -0.038498    -0.047550    -0.057044    -0.066810    -0.076640    -0.086277    -0.095418    -0.103731    -0.110877    -0.116533    -0.120426    -0.122349    -0.122172    -0.119851    -0.115420    -0.108988    -0.100742    -0.090943    -0.079932    -0.068124    -0.055997    -0.044068    -0.032864    -0.022869    -0.014480    -0.007959    -0.003413    -0.000806     0.000000
    0.000000     0.000573     0.001586     0.002369     0.002364     0.001200    -0.001297    -0.005137    -0.010226    -0.016419    -0.023568    -0.031535    -0.040194    -0.049419    -0.059071    -0.068977    -0.078922    -0.088640    -0.097826    -0.106142    -0.113246    -0.118817    -0.122582    -0.124339    -0.123965    -0.121420    -0.116745    -0.110059    -0.101556    -0.091508    -0.080268    -0.068262    -0.055977    -0.043939    -0.032676    -0.022671    -0.014310    -0.007840    -0.003349    -0.000787     0.000000
    0.000000     0.000571     0.001557     0.002268     0.002146     0.000825    -0.001859    -0.005900    -0.011194    -0.017592    -0.024940    -0.033098    -0.041940    -0.051336    -0.061144    -0.071186    -0.081239    -0.091034    -0.100256    -0.108566    -0.115619    -0.121094    -0.124721    -0.126303    -0.125722    -0.122945    -0.118021    -0.111075    -0.102312    -0.092015    -0.080547    -0.068346    -0.055909    -0.043770    -0.032458    -0.022452    -0.014128    -0.007714    -0.003284    -0.000768     0.000000
    0.000000     0.000568     0.001519     0.002152     0.001904     0.000416    -0.002460    -0.006708    -0.012212    -0.018816    -0.026363    -0.034712    -0.043735    -0.053301    -0.063261    -0.073434    -0.083590    -0.093454    -0.102705    -0.110999    -0.117991    -0.123359    -0.126839    -0.128236    -0.127439    -0.124422    -0.119242    -0.112031    -0.103006    -0.092459    -0.080766    -0.068375    -0.055794    -0.043562    -0.032210    -0.022213    -0.013932    -0.007582    -0.003215    -0.000748     0.000000
    0.000000     0.000562     0.001474     0.002019     0.001635    -0.000028    -0.003104    -0.007562    -0.013278    -0.020089    -0.027836    -0.036376    -0.045579    -0.055311    -0.065420    -0.075719    -0.085972    -0.095896    -0.105167    -0.113437    -0.120356    -0.125608    -0.128930    -0.130132    -0.129111    -0.125846    -0.120403    -0.112925    -0.103634    -0.092838    -0.080923    -0.068347    -0.055629    -0.043313    -0.031933    -0.021953    -0.013725    -0.007444    -0.003145    -0.000728     0.000000
    0.000000     0.000554     0.001419     0.001868     0.001338    -0.000508    -0.003789    -0.008463    -0.014394    -0.021413    -0.029360    -0.038089    -0.047469    -0.057364    -0.067618    -0.078038    -0.088381    -0.098358    -0.107640    -0.115873    -0.122711    -0.127836    -0.130988    -0.131986    -0.130731    -0.127213    -0.121501    -0.113750    -0.104194    -0.093149    -0.081015    -0.068261    -0.055414    -0.043025    -0.031625    -0.021674    -0.013506    -0.007300    -0.003073    -0.000707     0.000000
    0.000000     0.000543     0.001354     0.001698     0.001013    -0.001024    -0.004518    -0.009411    -0.015558    -0.022787    -0.030932    -0.039849    -0.049403    -0.059459    -0.069853    -0.080387    -0.090813    -0.100835    -0.110117    -0.118305    -0.125049    -0.130035    -0.133009    -0.133793    -0.132296    -0.128516    -0.122531    -0.114504    -0.104681    -0.093390    -0.081040    -0.068115    -0.055148    -0.042696    -0.031289    -0.021375    -0.013276    -0.007151    -0.002998    -0.000687     0.000000
    0.000000     0.000529     0.001280     0.001508     0.000659    -0.001577    -0.005289    -0.010405    -0.016771    -0.024208    -0.032551    -0.041654    -0.051381    -0.061592    -0.072121    -0.082764    -0.093265    -0.103321    -0.112594    -0.120726    -0.127366    -0.132202    -0.134986    -0.135547    -0.133800    -0.129750    -0.123487    -0.115182    -0.105092    -0.093556    -0.080997    -0.067908    -0.054832    -0.042328    -0.030923    -0.021058    -0.013036    -0.006997    -0.002922    -0.000666     0.000000
    0.000000     0.000512     0.001195     0.001298     0.000275    -0.002169    -0.006104    -0.011446    -0.018031    -0.025677    -0.034217    -0.043502    -0.053398    -0.063761    -0.074420    -0.085163    -0.095731    -0.105813    -0.115067    -0.123130    -0.129654    -0.134330    -0.136914    -0.137241    -0.135237    -0.130912    -0.124366    -0.115781    -0.105424    -0.093647    -0.080884    -0.067640    -0.054464    -0.041920    -0.030530    -0.020723    -0.012786    -0.006839    -0.002845    -0.000644     0.000000
    0.000000     0.000491     0.001098     0.001066    -0.000140    -0.002798    -0.006962    -0.012533    -0.019338    -0.027192    -0.035926    -0.045392    -0.055453    -0.065962    -0.076744    -0.087582    -0.098207    -0.108306    -0.117528    -0.125512    -0.131909    -0.136413    -0.138787    -0.138872    -0.136601    -0.131996    -0.125163    -0.116297    -0.105674    -0.093660    -0.080700    -0.067309    -0.054045    -0.041473    -0.030109    -0.020371    -0.012526    -0.006676    -0.002767    -0.000623     0.000000
    0.000000     0.000467     0.000990     0.000813    -0.000585    -0.003466    -0.007863    -0.013664    -0.020689    -0.028750    -0.037676    -0.047319    -0.057541    -0.068191    -0.079091    -0.090014    -0.100688    -0.110792    -0.119972    -0.127865    -0.134123    -0.138445    -0.140598    -0.140432    -0.137888    -0.132996    -0.125874    -0.116725    -0.105839    -0.093592    -0.080443    -0.066916    -0.053576    -0.040987    -0.029662    -0.020002    -0.012258    -0.006510    -0.002687    -0.000602     0.000000
    0.000000     0.000440     0.000869     0.000538    -0.001062    -0.004171    -0.008805    -0.014839    -0.022084    -0.030350    -0.039465    -0.049282    -0.059660    -0.070446    -0.081454    -0.092456    -0.103169    -0.113267    -0.122394    -0.130184    -0.136291    -0.140419    -0.142341    -0.141915    -0.139092    -0.133909    -0.126494    -0.117063    -0.105916    -0.093443    -0.080113    -0.066460    -0.053056    -0.040465    -0.029190    -0.019619    -0.011983    -0.006341    -0.002607    -0.000580     0.000000
    0.000000     0.000408     0.000736     0.000240    -0.001571    -0.004914    -0.009789    -0.016055    -0.023520    -0.031988    -0.041290    -0.051276    -0.061805    -0.072720    -0.083831    -0.094901    -0.105643    -0.115725    -0.124786    -0.132461    -0.138406    -0.142329    -0.144010    -0.143317    -0.140207    -0.134729    -0.127020    -0.117307    -0.105903    -0.093210    -0.079708    -0.065942    -0.052487    -0.039906    -0.028694    -0.019222    -0.011700    -0.006170    -0.002526    -0.000559     0.000000
    0.000000     0.000372     0.000590    -0.000080    -0.002110    -0.005694    -0.010812    -0.017312    -0.024994    -0.033662    -0.043146    -0.053298    -0.063972    -0.075010    -0.086215    -0.097344    -0.108104    -0.118158    -0.127142    -0.134690    -0.140461    -0.144168    -0.145599    -0.144630    -0.141228    -0.135451    -0.127447    -0.117454    -0.105798    -0.092892    -0.079229    -0.065361    -0.051869    -0.039312    -0.028175    -0.018811    -0.011411    -0.005996    -0.002445    -0.000538     0.000000
    0.000000     0.000332     0.000431    -0.000424    -0.002680    -0.006509    -0.011872    -0.018606    -0.026504    -0.035369    -0.045032    -0.055343    -0.066157    -0.077310    -0.088601    -0.099779    -0.110547    -0.120561    -0.129455    -0.136863    -0.142449    -0.145930    -0.147102    -0.145850    -0.142150    -0.136072    -0.127773    -0.117502    -0.105599    -0.092489    -0.078675    -0.064719    -0.051204    -0.038685    -0.027634    -0.018389    -0.011117    -0.005820    -0.002363    -0.000517     0.000000
    0.000000     0.000288     0.000259    -0.000789    -0.003279    -0.007359    -0.012969    -0.019935    -0.028046    -0.037105    -0.046941    -0.057407    -0.068354    -0.079615    -0.090982    -0.102201    -0.112964    -0.122926    -0.131718    -0.138975    -0.144363    -0.147608    -0.148512    -0.146970    -0.142969    -0.136586    -0.127992    -0.117448    -0.105305    -0.092000    -0.078048    -0.064017    -0.050493    -0.038025    -0.027074    -0.017956    -0.010818    -0.005644    -0.002282    -0.000496     0.000000
    0.000000     0.000239     0.000074    -0.001177    -0.003908    -0.008241    -0.014098    -0.021295    -0.029617    -0.038866    -0.048871    -0.059485    -0.070559    -0.081919    -0.093354    -0.104601    -0.115349    -0.125246    -0.133924    -0.141017    -0.146197    -0.149195    -0.149824    -0.147986    -0.143679    -0.136991    -0.128104    -0.117290    -0.104914    -0.091424    -0.077346    -0.063255    -0.049737    -0.037336    -0.026496    -0.017514    -0.010516    -0.005466    -0.002201    -0.000475     0.000000
    0.000000     0.000186    -0.000124    -0.001586    -0.004564    -0.009154    -0.015259    -0.022685    -0.031214    -0.040647    -0.050816    -0.061572    -0.072765    -0.084216    -0.095708    -0.106973    -0.117694    -0.127515    -0.136065    -0.142983    -0.147943    -0.150685    -0.151030    -0.148891    -0.144275    -0.137282    -0.128104    -0.117026    -0.104425    -0.090762    -0.076572    -0.062436    -0.048940    -0.036618    -0.025901    -0.017064    -0.010211    -0.005288    -0.002120    -0.000454     0.000000
    0.000000     0.000128    -0.000335    -0.002016    -0.005246    -0.010095    -0.016447    -0.024099    -0.032831    -0.042444    -0.052771    -0.063663    -0.074967    -0.086500    -0.098040    -0.109311    -0.119992    -0.129724    -0.138135    -0.144865    -0.149595    -0.152072    -0.152127    -0.149682    -0.144754    -0.137456    -0.127990    -0.116655    -0.103839    -0.090014    -0.075727    -0.061561    -0.048102    -0.035875    -0.025292    -0.016607    -0.009904    -0.005111    -0.002040    -0.000434     0.000000
    0.000000     0.000066    -0.000559    -0.002465    -0.005953    -0.011061    -0.017660    -0.025535    -0.034465    -0.044253    -0.054731    -0.065752    -0.077158    -0.088764    -0.100341    -0.111607    -0.122236    -0.131866    -0.140125    -0.146655    -0.151145    -0.153349    -0.153107    -0.150352    -0.145112    -0.137509    -0.127761    -0.116176    -0.103154    -0.089182    -0.074811    -0.060633    -0.047226    -0.035107    -0.024669    -0.016145    -0.009596    -0.004934    -0.001961    -0.000415     0.000000
    0.000000    -0.000001    -0.000794    -0.002934    -0.006682    -0.012051    -0.018893    -0.026988    -0.036112    -0.046067    -0.056691    -0.067832    -0.079333    -0.091002    -0.102605    -0.113854    -0.124418    -0.133934    -0.142028    -0.148348    -0.152588    -0.154510    -0.153966    -0.150897    -0.145344    -0.137441    -0.127415    -0.115587    -0.102372    -0.088266    -0.073828    -0.059653    -0.046315    -0.034318    -0.024036    -0.015679    -0.009288    -0.004758    -0.001883    -0.000395     0.000000
    0.000000    -0.000072    -0.001041    -0.003420    -0.007432    -0.013062    -0.020144    -0.028454    -0.037765    -0.047883    -0.058644    -0.069899    -0.081484    -0.093206    -0.104824    -0.116044    -0.126531    -0.135919    -0.143837    -0.149936    -0.153916    -0.155550    -0.154698    -0.151314    -0.145448    -0.137247    -0.126950    -0.114890    -0.101494    -0.087268    -0.072780    -0.058624    -0.045371    -0.033509    -0.023393    -0.015210    -0.008980    -0.004584    -0.001806    -0.000377     0.000000
    0.000000    -0.000147    -0.001299    -0.003922    -0.008200    -0.014089    -0.021409    -0.029928    -0.039421    -0.049694    -0.060585    -0.071944    -0.083606    -0.095370    -0.106991    -0.118170    -0.128567    -0.137815    -0.145545    -0.151412    -0.155124    -0.156463    -0.155299    -0.151598    -0.145422    -0.136927    -0.126365    -0.114084    -0.100520    -0.086190    -0.071668    -0.057550    -0.044397    -0.032684    -0.022743    -0.014739    -0.008673    -0.004411    -0.001731    -0.000358     0.000000
    0.000000    -0.000226    -0.001566    -0.004438    -0.008983    -0.015129    -0.022682    -0.031405    -0.041073    -0.051494    -0.062508    -0.073963    -0.085690    -0.097486    -0.109098    -0.120223    -0.130518    -0.139614    -0.147145    -0.152770    -0.156206    -0.157244    -0.155765    -0.151747    -0.145261    -0.136478    -0.125662    -0.113170    -0.099452    -0.085034    -0.070497    -0.056432    -0.043396    -0.031844    -0.022088    -0.014269    -0.008368    -0.004241    -0.001656    -0.000340     0.000000
    0.000000    -0.000309    -0.001843    -0.004967    -0.009779    -0.016179    -0.023961    -0.032881    -0.042717    -0.053279    -0.064407    -0.075948    -0.087731    -0.099548    -0.111139    -0.122198    -0.132377    -0.141309    -0.148629    -0.154003    -0.157155    -0.157887    -0.156092    -0.151756    -0.144966    -0.135901    -0.124839    -0.112149    -0.098293    -0.083804    -0.069268    -0.055276    -0.042371    -0.030992    -0.021429    -0.013799    -0.008067    -0.004073    -0.001584    -0.000323     0.000000
    0.000000    -0.000395    -0.002128    -0.005507    -0.010584    -0.017236    -0.025239    -0.034351    -0.044347    -0.055041    -0.066274    -0.077892    -0.089721    -0.101547    -0.113105    -0.124085    -0.134137    -0.142893    -0.149991    -0.155105    -0.157967    -0.158389    -0.156275    -0.151625    -0.144534    -0.135195    -0.123897    -0.111023    -0.097044    -0.082503    -0.067987    -0.054083    -0.041325    -0.030131    -0.020768    -0.013332    -0.007768    -0.003909    -0.001513    -0.000306     0.000000
    0.000000    -0.000484    -0.002420    -0.006055    -0.011397    -0.018294    -0.026514    -0.035809    -0.045957    -0.056775    -0.068104    -0.079790    -0.091654    -0.103476    -0.114990    -0.125879    -0.135791    -0.144359    -0.151225    -0.156071    -0.158637    -0.158746    -0.156313    -0.151350    -0.143964    -0.134360    -0.122839    -0.109795    -0.095709    -0.081133    -0.066655    -0.052858    -0.040261    -0.029263    -0.020107    -0.012868    -0.007474    -0.003747    -0.001444    -0.000290     0.000000
    0.000000    -0.000577    -0.002718    -0.006609    -0.012213    -0.019351    -0.027780    -0.037250    -0.047542    -0.058475    -0.069891    -0.081634    -0.093521    -0.105329    -0.116786    -0.127570    -0.137330    -0.145700    -0.152325    -0.156895    -0.159160    -0.158954    -0.156203    -0.150930    -0.143256    -0.133396    -0.121664    -0.108466    -0.094291    -0.079699    -0.065278    -0.051604    -0.039183    -0.028391    -0.019448    -0.012408    -0.007184    -0.003589    -0.001377    -0.000274     0.000000
    0.000000    -0.000671    -0.003021    -0.007168    -0.013029    -0.020402    -0.029032    -0.038670    -0.049097    -0.060135    -0.071628    -0.083417    -0.095317    -0.107099    -0.118485    -0.129154    -0.138750    -0.146910    -0.153285    -0.157572    -0.159532    -0.159009    -0.155942    -0.150365    -0.142410    -0.132306    -0.120377    -0.107039    -0.092794    -0.078204    -0.063859    -0.050326    -0.038093    -0.027517    -0.018793    -0.011954    -0.006900    -0.003435    -0.001312    -0.000259     0.000000
    0.000000    -0.000768    -0.003327    -0.007728    -0.013843    -0.021443    -0.030267    -0.040062    -0.050615    -0.061749    -0.073309    -0.085134    -0.097034    -0.108778    -0.120082    -0.130622    -0.140043    -0.147983    -0.154101    -0.158099    -0.159750    -0.158911    -0.155530    -0.149655    -0.141428    -0.131090    -0.118978    -0.105519    -0.091222    -0.076654    -0.062403    -0.049026    -0.036995    -0.026643    -0.018142    -0.011506    -0.006621    -0.003285    -0.001249    -0.000245     0.000000
    0.000000    -0.000866    -0.003635    -0.008288    -0.014650    -0.022471    -0.031478    -0.041422    -0.052091    -0.063312    -0.074928    -0.086777    -0.098667    -0.110359    -0.121569    -0.131969    -0.141203    -0.148914    -0.154766    -0.158471    -0.159812    -0.158656    -0.154966    -0.148798    -0.140310    -0.129752    -0.117472    -0.103909    -0.089579    -0.075052    -0.060913    -0.047709    -0.035891    -0.025771    -0.017498    -0.011066    -0.006349    -0.003139    -0.001188    -0.000231     0.000000
    0.000000    -0.000966    -0.003944    -0.008844    -0.015448    -0.023480    -0.032662    -0.042745    -0.053520    -0.064816    -0.076478    -0.088341    -0.100208    -0.111837    -0.122941    -0.133188    -0.142225    -0.149698    -0.155278    -0.158685    -0.159714    -0.158244    -0.154249    -0.147797    -0.139058    -0.128293    -0.115862    -0.102214    -0.087870    -0.073404    -0.059396    -0.046379    -0.034786    -0.024905    -0.016862    -0.010634    -0.006083    -0.002998    -0.001130    -0.000218     0.000000
    0.000000    -0.001066    -0.004251    -0.009395    -0.016233    -0.024467    -0.033814    -0.044026    -0.054897    -0.066258    -0.077954    -0.089818    -0.101651    -0.113206    -0.124190    -0.134274    -0.143104    -0.150331    -0.155632    -0.158739    -0.159456    -0.157674    -0.153380    -0.146653    -0.137674    -0.126718    -0.114153    -0.100437    -0.086100    -0.071714    -0.057854    -0.045039    -0.033681    -0.024046    -0.016235    -0.010211    -0.005824    -0.002861    -0.001073    -0.000205     0.000000
    0.000000    -0.001166    -0.004557    -0.009938    -0.017001    -0.025428    -0.034930    -0.045260    -0.056216    -0.067631    -0.079350    -0.091205    -0.102990    -0.114458    -0.125312    -0.135221    -0.143835    -0.150808    -0.155826    -0.158630    -0.159036    -0.156946    -0.152359    -0.145368    -0.136163    -0.125030    -0.112349    -0.098585    -0.084274    -0.069988    -0.056292    -0.043693    -0.032581    -0.023195    -0.015619    -0.009797    -0.005572    -0.002728    -0.001019    -0.000193     0.000000
    0.000000    -0.001265    -0.004858    -0.010471    -0.017750    -0.026360    -0.036005    -0.046442    -0.057472    -0.068930    -0.080661    -0.092494    -0.104221    -0.115590    -0.126302    -0.136026    -0.144414    -0.151126    -0.155857    -0.158357    -0.158453    -0.156061    -0.151190    -0.143944    -0.134527    -0.123233    -0.110454    -0.096662    -0.082397    -0.068229    -0.054716    -0.042346    -0.031486    -0.022356    -0.015015    -0.009394    -0.005328    -0.002600    -0.000967    -0.000182     0.000000
    0.000000    -0.001364    -0.005154    -0.010990    -0.018476    -0.027258    -0.037036    -0.047568    -0.058661    -0.070150    -0.081882    -0.093681    -0.105338    -0.116595    -0.127155    -0.136684    -0.144838    -0.151284    -0.155723    -0.157919    -0.157709    -0.155020    -0.149873    -0.142386    -0.132770    -0.121333    -0.108474    -0.094675    -0.080476    -0.066445    -0.053129    -0.040999    -0.030401    -0.021528    -0.014423    -0.009001    -0.005092    -0.002477    -0.000918    -0.000171     0.000000
    0.000000    -0.001461    -0.005444    -0.011495    -0.019177    -0.028119    -0.038017    -0.048634    -0.059777    -0.071287    -0.083007    -0.094761    -0.106335    -0.117471    -0.127866    -0.137191    -0.145103    -0.151278    -0.155424    -0.157316    -0.156803    -0.153824    -0.148412    -0.140695    -0.130896    -0.119334    -0.106415    -0.092628    -0.078515    -0.064639    -0.051536    -0.039658    -0.029328    -0.020715    -0.013844    -0.008619    -0.004864    -0.002359    -0.000870    -0.000161     0.000000
    0.000000    -0.001556    -0.005725    -0.011982    -0.019849    -0.028939    -0.038946    -0.049635    -0.060818    -0.072337    -0.084033    -0.095730    -0.107210    -0.118211    -0.128432    -0.137544    -0.145208    -0.151107    -0.154959    -0.156548    -0.155737    -0.152476    -0.146810    -0.138877    -0.128912    -0.117242    -0.104283    -0.090528    -0.076520    -0.062817    -0.049942    -0.038325    -0.028268    -0.019918    -0.013280    -0.008249    -0.004644    -0.002246    -0.000825    -0.000151     0.000000
    0.000000    -0.001649    -0.005997    -0.012449    -0.020490    -0.029716    -0.039820    -0.050569    -0.061780    -0.073295    -0.084956    -0.096583    -0.107957    -0.118814    -0.128851    -0.137741    -0.145151    -0.150770    -0.154327    -0.155617    -0.154514    -0.150980    -0.145071    -0.136937    -0.126822    -0.115063    -0.102084    -0.088381    -0.074497    -0.060984    -0.048349    -0.037004    -0.027224    -0.019137    -0.012731    -0.007891    -0.004432    -0.002137    -0.000782    -0.000142     0.000000
    0.000000    -0.001738    -0.006258    -0.012895    -0.021097    -0.030446    -0.040634    -0.051431    -0.062657    -0.074157    -0.085771    -0.097318    -0.108574    -0.119276    -0.129119    -0.137780    -0.144931    -0.150268    -0.153531    -0.154525    -0.153136    -0.149339    -0.143200    -0.134880    -0.124632    -0.112803    -0.099823    -0.086193    -0.072453    -0.059146    -0.046763    -0.035697    -0.026198    -0.018374    -0.012198    -0.007544    -0.004228    -0.002034    -0.000741    -0.000134     0.000000
    0.000000    -0.001824    -0.006506    -0.013317    -0.021668    -0.031127    -0.041387    -0.052219    -0.063449    -0.074921    -0.086476    -0.097930    -0.109058    -0.119594    -0.129235    -0.137660    -0.144547    -0.149601    -0.152571    -0.153274    -0.151607    -0.147557    -0.141202    -0.132711    -0.122348    -0.110469    -0.097509    -0.083970    -0.070391    -0.057306    -0.045187    -0.034406    -0.025192    -0.017630    -0.011680    -0.007210    -0.004032    -0.001935    -0.000703    -0.000126     0.000000
    0.000000    -0.001906    -0.006742    -0.013713    -0.022200    -0.031757    -0.042074    -0.052930    -0.064151    -0.075583    -0.087068    -0.098418    -0.109407    -0.119767    -0.129198    -0.137381    -0.144001    -0.148770    -0.151449    -0.151866    -0.149931    -0.145640    -0.139081    -0.130436    -0.119977    -0.108067    -0.095146    -0.081719    -0.068319    -0.055469    -0.043625    -0.033135    -0.024207    -0.016906    -0.011179    -0.006888    -0.003845    -0.001841    -0.000666    -0.000118     0.000000
    0.000000    -0.001984    -0.006963    -0.014083    -0.022692    -0.032332    -0.042695    -0.053561    -0.064761    -0.076142    -0.087545    -0.098780    -0.109619    -0.119794    -0.129007    -0.136942    -0.143292    -0.147777    -0.150169    -0.150307    -0.148112    -0.143591    -0.136845    -0.128062    -0.117526    -0.105604    -0.092742    -0.079445    -0.066241    -0.053640    -0.042080    -0.031886    -0.023244    -0.016202    -0.010695    -0.006579    -0.003666    -0.001751    -0.000632    -0.000111     0.000000
    0.000000    -0.002057    -0.007168    -0.014424    -0.023141    -0.032852    -0.043247    -0.054111    -0.065277    -0.076596    -0.087904    -0.099013    -0.109692    -0.119674    -0.128662    -0.136345    -0.142423    -0.146625    -0.148733    -0.148599    -0.146155    -0.141418    -0.134499    -0.125596    -0.115000    -0.103086    -0.090304    -0.077155    -0.064163    -0.051823    -0.040554    -0.030660    -0.022305    -0.015519    -0.010228    -0.006282    -0.003494    -0.001666    -0.000600    -0.000105     0.000000
    0.000000    -0.002124    -0.007358    -0.014736    -0.023547    -0.033314    -0.043728    -0.054577    -0.065698    -0.076942    -0.088145    -0.099117    -0.109627    -0.119408    -0.128164    -0.135591    -0.141396    -0.145317    -0.147147    -0.146749    -0.144065    -0.139126    -0.132049    -0.123045    -0.112409    -0.100522    -0.087838    -0.074855    -0.062089    -0.050022    -0.039052    -0.029460    -0.021390    -0.014858    -0.009777    -0.005996    -0.003331    -0.001586    -0.000569    -0.000099     0.000000
    0.000000    -0.002186    -0.007530    -0.015016    -0.023907    -0.033717    -0.044137    -0.054959    -0.066023    -0.077179    -0.088267    -0.099092    -0.109423    -0.118995    -0.127514    -0.134682    -0.140213    -0.143856    -0.145414    -0.144760    -0.141850    -0.136721    -0.129504    -0.120415    -0.109758    -0.097918    -0.085350    -0.072551    -0.060025    -0.048240    -0.037575    -0.028287    -0.020501    -0.014218    -0.009343    -0.005724    -0.003176    -0.001510    -0.000541    -0.000094     0.000000
    0.000000    -0.002242    -0.007684    -0.015264    -0.024221    -0.034060    -0.044473    -0.055255    -0.066249    -0.077309    -0.088269    -0.098937    -0.109081    -0.118437    -0.126714    -0.133621    -0.138879    -0.142247    -0.143539    -0.142640    -0.139514    -0.134212    -0.126870    -0.117714    -0.107054    -0.095281    -0.082847    -0.070247    -0.057975    -0.046482    -0.036125    -0.027142    -0.019638    -0.013600    -0.008927    -0.005463    -0.003028    -0.001438    -0.000514    -0.000089     0.000000
    0.000000    -0.002293    -0.007820    -0.015480    -0.024488    -0.034342    -0.044735    -0.055465    -0.066379    -0.077329    -0.088152    -0.098654    -0.108603    -0.117735    -0.125767    -0.132411    -0.137397    -0.140495    -0.141528    -0.140393    -0.137065    -0.131604    -0.124154    -0.114950    -0.104306    -0.092617    -0.080335    -0.067950    -0.055943    -0.044749    -0.034705    -0.026027    -0.018802    -0.013004    -0.008527    -0.005213    -0.002887    -0.001370    -0.000489    -0.000084     0.000000
    0.000000    -0.002336    -0.007938    -0.015663    -0.024707    -0.034563    -0.044923    -0.055589    -0.066410    -0.077240    -0.087916    -0.098242    -0.107989    -0.116893    -0.124676    -0.131056    -0.135773    -0.138605    -0.139388    -0.138028    -0.134510    -0.128905    -0.121364    -0.112129    -0.101521    -0.089934    -0.077821    -0.065664    -0.053933    -0.043045    -0.033316    -0.024942    -0.017992    -0.012430    -0.008143    -0.004976    -0.002754    -0.001306    -0.000466    -0.000080     0.000000
    0.000000    -0.002373    -0.008036    -0.015811    -0.024878    -0.034722    -0.045036    -0.055626    -0.066344    -0.077044    -0.087563    -0.097705    -0.107241    -0.115913    -0.123443    -0.129560    -0.134010    -0.136582    -0.137123    -0.135550    -0.131857    -0.126122    -0.118508    -0.109260    -0.098704    -0.087237    -0.075309    -0.063394    -0.051949    -0.041373    -0.031961    -0.023889    -0.017210    -0.011878    -0.007776    -0.004749    -0.002628    -0.001246    -0.000445    -0.000077     0.000000
    0.000000    -0.002404    -0.008114    -0.015926    -0.025001    -0.034820    -0.045076    -0.055578    -0.066181    -0.076741    -0.087094    -0.097044    -0.106364    -0.114798    -0.122074    -0.127928    -0.132115    -0.134434    -0.134742    -0.132966    -0.129112    -0.123264    -0.115593    -0.106350    -0.095865    -0.084534    -0.072806    -0.061144    -0.049994    -0.039734    -0.030639    -0.022866    -0.016454    -0.011347    -0.007425    -0.004534    -0.002509    -0.001190    -0.000425    -0.000073     0.000000
    0.000000    -0.002428    -0.008173    -0.016006    -0.025076    -0.034856    -0.045042    -0.055446    -0.065923    -0.076333    -0.086510    -0.096262    -0.105360    -0.113552    -0.120573    -0.126165    -0.130093    -0.132166    -0.132251    -0.130285    -0.126283    -0.120338    -0.112627    -0.103406    -0.093008    -0.081831    -0.070316    -0.058920    -0.048071    -0.038130    -0.029353    -0.021876    -0.015725    -0.010837    -0.007089    -0.004329    -0.002396    -0.001137    -0.000407    -0.000070     0.000000
    0.000000    -0.002445    -0.008213    -0.016053    -0.025103    -0.034832    -0.044936    -0.055229    -0.065572    -0.075822    -0.085816    -0.095361    -0.104232    -0.112180    -0.118946    -0.124278    -0.127952    -0.129786    -0.129658    -0.127514    -0.123378    -0.117352    -0.109617    -0.100436    -0.090142    -0.079132    -0.067844    -0.056723    -0.046183    -0.036564    -0.028102    -0.020918    -0.015024    -0.010348    -0.006768    -0.004134    -0.002290    -0.001088    -0.000390    -0.000067     0.000000
    0.000000    -0.002456    -0.008233    -0.016066    -0.025082    -0.034747    -0.044758    -0.054931    -0.065129    -0.075210    -0.085013    -0.094346    -0.102985    -0.110686    -0.117196    -0.122271    -0.125697    -0.127300    -0.126969    -0.124660    -0.120405    -0.114313    -0.106571    -0.097446    -0.087272    -0.076445    -0.065396    -0.054558    -0.044331    -0.035035    -0.026888    -0.019992    -0.014348    -0.009880    -0.006463    -0.003949    -0.002190    -0.001042    -0.000374    -0.000065     0.000000
    0.000000    -0.002460    -0.008234    -0.016046    -0.025015    -0.034604    -0.044510    -0.054553    -0.064596    -0.074500    -0.084105    -0.093220    -0.101623    -0.109076    -0.115330    -0.120152    -0.123335    -0.124716    -0.124193    -0.121732    -0.117372    -0.111229    -0.103496    -0.094443    -0.084404    -0.073774    -0.062974    -0.052429    -0.042518    -0.033546    -0.025710    -0.019097    -0.013698    -0.009431    -0.006171    -0.003774    -0.002095    -0.000999    -0.000360    -0.000063     0.000000
    0.000000    -0.002457    -0.008216    -0.015993    -0.024902    -0.034404    -0.044194    -0.054097    -0.063976    -0.073696    -0.083096    -0.091987    -0.100151    -0.107354    -0.113355    -0.117927    -0.120873    -0.122041    -0.121337    -0.118736    -0.114286    -0.108108    -0.100400    -0.091434    -0.081545    -0.071123    -0.060583    -0.050336    -0.040746    -0.032097    -0.024569    -0.018234    -0.013074    -0.009002    -0.005894    -0.003608    -0.002006    -0.000959    -0.000346    -0.000061     0.000000
    0.000000    -0.002448    -0.008179    -0.015908    -0.024745    -0.034147    -0.043812    -0.053565    -0.063272    -0.072800    -0.081989    -0.090652    -0.098575    -0.105527    -0.111276    -0.115603    -0.118319    -0.119283    -0.118409    -0.115682    -0.111155    -0.104957    -0.097289    -0.088424    -0.078699    -0.068498    -0.058227    -0.048284    -0.039016    -0.030688    -0.023464    -0.017402    -0.012475    -0.008592    -0.005629    -0.003451    -0.001923    -0.000921    -0.000334    -0.000060     0.000000
    0.000000    -0.002433    -0.008125    -0.015793    -0.024545    -0.033837    -0.043366    -0.052960    -0.062487    -0.071816    -0.080788    -0.089219    -0.096898    -0.103601    -0.109101    -0.113187    -0.115681    -0.116449    -0.115417    -0.112576    -0.107987    -0.101783    -0.094170    -0.085422    -0.075873    -0.065902    -0.055908    -0.046273    -0.037328    -0.029321    -0.022396    -0.016601    -0.011900    -0.008200    -0.005378    -0.003302    -0.001844    -0.000887    -0.000323    -0.000058     0.000000
    0.000000    -0.002412    -0.008053    -0.015647    -0.024302    -0.033473    -0.042858    -0.052285    -0.061625    -0.070748    -0.079499    -0.087695    -0.095129    -0.101582    -0.106835    -0.110686    -0.112965    -0.113548    -0.112369    -0.109427    -0.104789    -0.098594    -0.091049    -0.082430    -0.073069    -0.063340    -0.053629    -0.044306    -0.035685    -0.027994    -0.021364    -0.015830    -0.011348    -0.007825    -0.005139    -0.003161    -0.001770    -0.000854    -0.000314    -0.000057     0.000000
    0.000000    -0.002384    -0.007964    -0.015472    -0.024020    -0.033060    -0.042291    -0.051543    -0.060689    -0.069601    -0.078126    -0.086083    -0.093271    -0.099476    -0.104486    -0.108107    -0.110179    -0.110586    -0.109272    -0.106242    -0.101568    -0.095395    -0.087933    -0.079456    -0.070294    -0.060814    -0.051392    -0.042384    -0.034085    -0.026708    -0.020368    -0.015088    -0.010819    -0.007467    -0.004911    -0.003028    -0.001701    -0.000824    -0.000305    -0.000056     0.000000
    0.000000    -0.002352    -0.007860    -0.015270    -0.023699    -0.032599    -0.041668    -0.050737    -0.059683    -0.068378    -0.076673    -0.084390    -0.091331    -0.097290    -0.102060    -0.105458    -0.107331    -0.107572    -0.106134    -0.103027    -0.098332    -0.092194    -0.084827    -0.076504    -0.067551    -0.058328    -0.049200    -0.040508    -0.032530    -0.025463    -0.019407    -0.014374    -0.010313    -0.007125    -0.004694    -0.002902    -0.001636    -0.000797    -0.000296    -0.000056     0.000000
    0.000000    -0.002314    -0.007740    -0.015042    -0.023341    -0.032091    -0.040991    -0.049871    -0.058610    -0.067085    -0.075146    -0.082621    -0.089316    -0.095030    -0.099565    -0.102746    -0.104427    -0.104513    -0.102962    -0.099791    -0.095087    -0.088997    -0.081737    -0.073578    -0.064844    -0.055884    -0.047054    -0.038678    -0.031020    -0.024258    -0.018479    -0.013688    -0.009827    -0.006798    -0.004489    -0.002783    -0.001575    -0.000771    -0.000289    -0.000055     0.000000
    0.000000    -0.002271    -0.007605    -0.014788    -0.022948    -0.031541    -0.040263    -0.048947    -0.057476    -0.065725    -0.073551    -0.080782    -0.087231    -0.092703    -0.097008    -0.099977    -0.101477    -0.101417    -0.099763    -0.096541    -0.091838    -0.085809    -0.078667    -0.070684    -0.062175    -0.053485    -0.044956    -0.036897    -0.029554    -0.023092    -0.017585    -0.013029    -0.009362    -0.006487    -0.004293    -0.002670    -0.001517    -0.000747    -0.000282    -0.000055     0.000000
    0.000000    -0.002224    -0.007457    -0.014511    -0.022523    -0.030950    -0.039488    -0.047971    -0.056283    -0.064304    -0.071891    -0.078878    -0.085083    -0.090316    -0.094395    -0.097161    -0.098486    -0.098290    -0.096544    -0.093282    -0.088594    -0.082636    -0.075623    -0.067824    -0.059549    -0.051133    -0.042906    -0.035162    -0.028133    -0.021966    -0.016724    -0.012395    -0.008916    -0.006189    -0.004106    -0.002563    -0.001463    -0.000725    -0.000276    -0.000054     0.000000
    0.000000    -0.002173    -0.007297    -0.014212    -0.022067    -0.030321    -0.038668    -0.046945    -0.055037    -0.062826    -0.070173    -0.076916    -0.082878    -0.087875    -0.091734    -0.094302    -0.095462    -0.095139    -0.093313    -0.090021    -0.085359    -0.079483    -0.072609    -0.065002    -0.056967    -0.048829    -0.040905    -0.033476    -0.026755    -0.020877    -0.015893    -0.011787    -0.008489    -0.005904    -0.003929    -0.002462    -0.001413    -0.000704    -0.000271    -0.000054     0.000000
    0.000000    -0.002117    -0.007125    -0.013893    -0.021583    -0.029656    -0.037808    -0.045874    -0.053742    -0.061296    -0.068402    -0.074902    -0.080622    -0.085387    -0.089031    -0.091409    -0.092411    -0.091971    -0.090075    -0.086764    -0.082138    -0.076355    -0.069629    -0.062221    -0.054432    -0.046574    -0.038955    -0.031836    -0.025420    -0.019825    -0.015094    -0.011202    -0.008079    -0.005633    -0.003760    -0.002366    -0.001365    -0.000685    -0.000266    -0.000054     0.000000
    0.000000    -0.002058    -0.006942    -0.013554    -0.021072    -0.028959    -0.036909    -0.044761    -0.052401    -0.059720    -0.066584    -0.072840    -0.078321    -0.082859    -0.086293    -0.088488    -0.089341    -0.088793    -0.086837    -0.083517    -0.078937    -0.073256    -0.066686    -0.059485    -0.051945    -0.044371    -0.037054    -0.030245    -0.024127    -0.018809    -0.014323    -0.010640    -0.007687    -0.005373    -0.003599    -0.002275    -0.001320    -0.000668    -0.000262    -0.000054     0.000000
    0.000000    -0.001996    -0.006749    -0.013199    -0.020537    -0.028231    -0.035976    -0.043609    -0.051020    -0.058101    -0.064723    -0.070737    -0.075982    -0.080296    -0.083527    -0.085545    -0.086258    -0.085611    -0.083604    -0.080286    -0.075761    -0.070191    -0.063784    -0.056795    -0.049508    -0.042219    -0.035204    -0.028699    -0.022876    -0.017829    -0.013581    -0.010099    -0.007310    -0.005124    -0.003446    -0.002188    -0.001278    -0.000651    -0.000258    -0.000055     0.000000
    0.000000    -0.001931    -0.006548    -0.012828    -0.019981    -0.027477    -0.035012    -0.042423    -0.049603    -0.056445    -0.062825    -0.068599    -0.073611    -0.077705    -0.080738    -0.082588    -0.083167    -0.082431    -0.080382    -0.077074    -0.072615    -0.067162    -0.060926    -0.054154    -0.047123    -0.040118    -0.033403    -0.027200    -0.021665    -0.016882    -0.012866    -0.009580    -0.006949    -0.004886    -0.003299    -0.002106    -0.001237    -0.000636    -0.000255    -0.000055     0.000000
    0.000000    -0.001863    -0.006339    -0.012443    -0.019404    -0.026698    -0.034020    -0.041207    -0.048153    -0.054756    -0.060895    -0.066430    -0.071212    -0.075092    -0.077933    -0.079621    -0.080076    -0.079259    -0.077177    -0.073888    -0.069501    -0.064174    -0.058114    -0.051563    -0.044791    -0.038070    -0.031653    -0.025746    -0.020493    -0.015968    -0.012177    -0.009080    -0.006602    -0.004658    -0.003159    -0.002028    -0.001199    -0.000621    -0.000252    -0.000055     0.000000
    0.000000    -0.001794    -0.006123    -0.012046    -0.018810    -0.025898    -0.033003    -0.039964    -0.046676    -0.053039    -0.058938    -0.064237    -0.068793    -0.072463    -0.075118    -0.076651    -0.076989    -0.076099    -0.073993    -0.070731    -0.066424    -0.061229    -0.055350    -0.049024    -0.042511    -0.036074    -0.029951    -0.024336    -0.019360    -0.015085    -0.011513    -0.008599    -0.006269    -0.004439    -0.003024    -0.001953    -0.001163    -0.000608    -0.000249    -0.000055     0.000000
    0.000000    -0.001723    -0.005902    -0.011638    -0.018201    -0.025078    -0.031965    -0.038698    -0.045175    -0.051299    -0.056959    -0.062025    -0.066358    -0.069823    -0.072298    -0.073684    -0.073912    -0.072957    -0.070834    -0.067607    -0.063387    -0.058331    -0.052637    -0.046538    -0.040286    -0.034130    -0.028298    -0.022970    -0.018264    -0.014233    -0.010873    -0.008136    -0.005948    -0.004228    -0.002896    -0.001881    -0.001129    -0.000595    -0.000246    -0.000056     0.000000
    0.000000    -0.001650    -0.005675    -0.011221    -0.017578    -0.024242    -0.030908    -0.037412    -0.043654    -0.049541    -0.054963    -0.059798    -0.063913    -0.067178    -0.069480    -0.070724    -0.070851    -0.069838    -0.067706    -0.064521    -0.060394    -0.055480    -0.049976    -0.044106    -0.038113    -0.032238    -0.026693    -0.021645    -0.017203    -0.013410    -0.010255    -0.007690    -0.005640    -0.004026    -0.002772    -0.001813    -0.001096    -0.000583    -0.000244    -0.000056     0.000000
    0.000000    -0.001576    -0.005445    -0.010796    -0.016945    -0.023393    -0.029836    -0.036111    -0.042118    -0.047767    -0.052955    -0.057562    -0.061462    -0.064533    -0.066667    -0.067776    -0.067808    -0.066745    -0.064611    -0.061474    -0.057446    -0.052681    -0.047368    -0.041729    -0.035995    -0.030397    -0.025134    -0.020362    -0.016177    -0.012614    -0.009659    -0.007259    -0.005342    -0.003831    -0.002653    -0.001747    -0.001065    -0.000571    -0.000242    -0.000057     0.000000
    0.000000    -0.001502    -0.005212    -0.010366    -0.016302    -0.022532    -0.028752    -0.034797    -0.040569    -0.045983    -0.050938    -0.055321    -0.059012    -0.061893    -0.063865    -0.064846    -0.064790    -0.063683    -0.061554    -0.058471    -0.054547    -0.049933    -0.044815    -0.039406    -0.033931    -0.028606    -0.023621    -0.019119    -0.015184    -0.011846    -0.009084    -0.006844    -0.005056    -0.003643    -0.002538    -0.001683    -0.001035    -0.000560    -0.000240    -0.000057     0.000000
    0.000000    -0.001427    -0.004976    -0.009931    -0.015653    -0.021663    -0.027658    -0.033473    -0.039013    -0.044193    -0.048918    -0.053080    -0.056565    -0.059263    -0.061078    -0.061938    -0.061800    -0.060656    -0.058537    -0.055514    -0.051698    -0.047239    -0.042317    -0.037139    -0.031920    -0.026866    -0.022153    -0.017914    -0.014224    -0.011103    -0.008527    -0.006443    -0.004778    -0.003462    -0.002428    -0.001622    -0.001005    -0.000550    -0.000238    -0.000057     0.000000
    0.000000    -0.001352    -0.004740    -0.009492    -0.014998    -0.020787    -0.026557    -0.032144    -0.037451    -0.042400    -0.046898    -0.050843    -0.054127    -0.056646    -0.058311    -0.059055    -0.058842    -0.057667    -0.055564    -0.052606    -0.048902    -0.044599    -0.039875    -0.034927    -0.029962    -0.025174    -0.020729    -0.016747    -0.013294    -0.010384    -0.007990    -0.006055    -0.004510    -0.003286    -0.002320    -0.001563    -0.000977    -0.000540    -0.000236    -0.000058     0.000000
    0.000000    -0.001277    -0.004503    -0.009052    -0.014340    -0.019907    -0.025453    -0.030811    -0.035889    -0.040608    -0.044882    -0.048614    -0.051702    -0.054047    -0.055567    -0.056202    -0.055919    -0.054718    -0.052637    -0.049747    -0.046159    -0.042016    -0.037489    -0.032770    -0.028056    -0.023530    -0.019347    -0.015616    -0.012393    -0.009688    -0.007469    -0.005679    -0.004251    -0.003116    -0.002216    -0.001505    -0.000949    -0.000529    -0.000234    -0.000058     0.000000
    0.000000    -0.001202    -0.004266    -0.008611    -0.013681    -0.019026    -0.024347    -0.029479    -0.034328    -0.038820    -0.042874    -0.046397    -0.049293    -0.051469    -0.052850    -0.053381    -0.053034    -0.051814    -0.049758    -0.046941    -0.043471    -0.039488    -0.035159    -0.030668    -0.026201    -0.021933    -0.018006    -0.014519    -0.011521    -0.009015    -0.006965    -0.005316    -0.003999    -0.002951    -0.002115    -0.001449    -0.000923    -0.000520    -0.000232    -0.000058     0.000000
    0.000000    -0.001128    -0.004030    -0.008171    -0.013022    -0.018144    -0.023242    -0.028148    -0.032771    -0.037040    -0.040878    -0.044196    -0.046904    -0.048917    -0.050165    -0.050597    -0.050191    -0.048955    -0.046930    -0.044189    -0.040839    -0.037018    -0.032886    -0.028620    -0.024397    -0.020382    -0.016705    -0.013456    -0.010676    -0.008362    -0.006477    -0.004963    -0.003755    -0.002790    -0.002016    -0.001394    -0.000896    -0.000510    -0.000230    -0.000059     0.000000
    0.000000    -0.001055    -0.003795    -0.007732    -0.012364    -0.017265    -0.022140    -0.026823    -0.031223    -0.035271    -0.038896    -0.042013    -0.044539    -0.046394    -0.047512    -0.047851    -0.047392    -0.046145    -0.044154    -0.041492    -0.038264    -0.034605    -0.030669    -0.026626    -0.022643    -0.018875    -0.015443    -0.012425    -0.009857    -0.007729    -0.006003    -0.004620    -0.003517    -0.002634    -0.001920    -0.001340    -0.000870    -0.000500    -0.000228    -0.000059     0.000000
    0.000000    -0.000983    -0.003563    -0.007297    -0.011710    -0.016390    -0.021044    -0.025506    -0.029685    -0.033516    -0.036931    -0.039852    -0.042200    -0.043901    -0.044897    -0.045147    -0.044639    -0.043386    -0.041431    -0.038851    -0.035746    -0.032249    -0.028508    -0.024684    -0.020938    -0.017412    -0.014218    -0.011425    -0.009062    -0.007115    -0.005542    -0.004287    -0.003285    -0.002481    -0.001826    -0.001287    -0.000844    -0.000490    -0.000226    -0.000059     0.000000
    0.000000    -0.000912    -0.003334    -0.006865    -0.011061    -0.015520    -0.019955    -0.024198    -0.028160    -0.031777    -0.034987    -0.037716    -0.039891    -0.041444    -0.042321    -0.042487    -0.041934    -0.040678    -0.038764    -0.036266    -0.033286    -0.029950    -0.026402    -0.022795    -0.019280    -0.015991    -0.013029    -0.010455    -0.008291    -0.006518    -0.005095    -0.003962    -0.003059    -0.002331    -0.001733    -0.001234    -0.000818    -0.000480    -0.000224    -0.000059     0.000000
    0.000000    -0.000843    -0.003108    -0.006438    -0.010418    -0.014658    -0.018875    -0.022902    -0.026650    -0.030057    -0.033066    -0.035607    -0.037614    -0.039023    -0.039786    -0.039873    -0.039279    -0.038024    -0.036152    -0.033739    -0.030884    -0.027708    -0.024350    -0.020957    -0.017669    -0.014611    -0.011874    -0.009513    -0.007542    -0.005939    -0.004659    -0.003646    -0.002839    -0.002184    -0.001642    -0.001183    -0.000793    -0.000470    -0.000221    -0.000059     0.000000
    0.000000    -0.000775    -0.002885    -0.006017    -0.009782    -0.013805    -0.017807    -0.021621    -0.025157    -0.028358    -0.031169    -0.033528    -0.035371    -0.036641    -0.037294    -0.037307    -0.036676    -0.035424    -0.033598    -0.031270    -0.028540    -0.025523    -0.022353    -0.019169    -0.016103    -0.013271    -0.010754    -0.008599    -0.006814    -0.005375    -0.004235    -0.003337    -0.002622    -0.002040    -0.001552    -0.001131    -0.000767    -0.000460    -0.000219    -0.000060     0.000000
    0.000000    -0.000708    -0.002667    -0.005603    -0.009154    -0.012962    -0.016751    -0.020355    -0.023683    -0.026683    -0.029301    -0.031481    -0.033164    -0.034300    -0.034848    -0.034790    -0.034126    -0.032880    -0.031100    -0.028860    -0.026253    -0.023394    -0.020409    -0.017431    -0.014582    -0.011969    -0.009665    -0.007710    -0.006107    -0.004826    -0.003822    -0.003035    -0.002411    -0.001899    -0.001463    -0.001080    -0.000741    -0.000449    -0.000216    -0.000059     0.000000
    0.000000    -0.000644    -0.002454    -0.005196    -0.008536    -0.012131    -0.015710    -0.019106    -0.022231    -0.025032    -0.027462    -0.029467    -0.030996    -0.032001    -0.032449    -0.032324    -0.031629    -0.030392    -0.028660    -0.026507    -0.024024    -0.021320    -0.018518    -0.015740    -0.013103    -0.010704    -0.008608    -0.006847    -0.005419    -0.004292    -0.003418    -0.002740    -0.002203    -0.001759    -0.001374    -0.001029    -0.000715    -0.000439    -0.000213    -0.000059     0.000000
    0.000000    -0.000581    -0.002246    -0.004797    -0.007928    -0.011313    -0.014685    -0.017877    -0.020802    -0.023409    -0.025654    -0.027490    -0.028868    -0.029747    -0.030099    -0.029910    -0.029187    -0.027961    -0.026279    -0.024212    -0.021852    -0.019302    -0.016678    -0.014097    -0.011667    -0.009475    -0.007580    -0.006007    -0.004749    -0.003771    -0.003024    -0.002451    -0.001998    -0.001621    -0.001287    -0.000978    -0.000689    -0.000427    -0.000210    -0.000059     0.000000
    0.000000    -0.000520    -0.002042    -0.004406    -0.007332    -0.010509    -0.013676    -0.016668    -0.019396    -0.021813    -0.023879    -0.025549    -0.026781    -0.027539    -0.027797    -0.027548    -0.026801    -0.025587    -0.023955    -0.021976    -0.019736    -0.017337    -0.014888    -0.012500    -0.010271    -0.008281    -0.006581    -0.005191    -0.004096    -0.003262    -0.002638    -0.002167    -0.001797    -0.001485    -0.001200    -0.000926    -0.000662    -0.000416    -0.000207    -0.000059     0.000000
    0.000000    -0.000461    -0.001845    -0.004024    -0.006748    -0.009720    -0.012686    -0.015480    -0.018017    -0.020248    -0.022137    -0.023647    -0.024737    -0.025378    -0.025547    -0.025240    -0.024471    -0.023270    -0.021689    -0.019797    -0.017676    -0.015426    -0.013148    -0.010947    -0.008914    -0.007120    -0.005610    -0.004395    -0.003460    -0.002766    -0.002260    -0.001888    -0.001599    -0.001349    -0.001113    -0.000875    -0.000635    -0.000404    -0.000203    -0.000059     0.000000
    0.000000    -0.000405    -0.001653    -0.003652    -0.006177    -0.008947    -0.011714    -0.014316    -0.016664    -0.018714    -0.020432    -0.021784    -0.022737    -0.023264    -0.023347    -0.022986    -0.022196    -0.021011    -0.019482    -0.017675    -0.015672    -0.013567    -0.011457    -0.009438    -0.007595    -0.005992    -0.004665    -0.003621    -0.002840    -0.002280    -0.001890    -0.001614    -0.001403    -0.001215    -0.001026    -0.000823    -0.000607    -0.000392    -0.000199    -0.000058     0.000000
    0.000000    -0.000350    -0.001467    -0.003289    -0.005618    -0.008190    -0.010763    -0.013175    -0.015339    -0.017211    -0.018762    -0.019963    -0.020782    -0.021199    -0.021199    -0.020787    -0.019978    -0.018810    -0.017331    -0.015609    -0.013722    -0.011759    -0.009813    -0.007972    -0.006314    -0.004895    -0.003746    -0.002867    -0.002234    -0.001806    -0.001527    -0.001345    -0.001209    -0.001082    -0.000939    -0.000771    -0.000579    -0.000379    -0.000195    -0.000058     0.000000
    0.000000    -0.000298    -0.001287    -0.002937    -0.005074    -0.007451    -0.009833    -0.012059    -0.014042    -0.015742    -0.017131    -0.018182    -0.018873    -0.019182    -0.019104    -0.018642    -0.017817    -0.016666    -0.015238    -0.013599    -0.011826    -0.010002    -0.008215    -0.006547    -0.005068    -0.003828    -0.002850    -0.002131    -0.001643    -0.001341    -0.001171    -0.001079    -0.001017    -0.000949    -0.000853    -0.000718    -0.000550    -0.000366    -0.000191    -0.000057     0.000000
    0.000000    -0.000247    -0.001113    -0.002595    -0.004545    -0.006729    -0.008924    -0.010968    -0.012776    -0.014307    -0.015537    -0.016444    -0.017009    -0.017216    -0.017061    -0.016552    -0.015712    -0.014578    -0.013201    -0.011645    -0.009982    -0.008294    -0.006662    -0.005162    -0.003857    -0.002790    -0.001979    -0.001414    -0.001065    -0.000885    -0.000820    -0.000816    -0.000827    -0.000817    -0.000765    -0.000664    -0.000521    -0.000352    -0.000186    -0.000056     0.000000
    0.000000    -0.000199    -0.000946    -0.002264    -0.004030    -0.006027    -0.008037    -0.009903    -0.011539    -0.012905    -0.013981    -0.014749    -0.015192    -0.015299    -0.015070    -0.014517    -0.013663    -0.012547    -0.011221    -0.009745    -0.008191    -0.006635    -0.005153    -0.003815    -0.002679    -0.001780    -0.001129    -0.000714    -0.000500    -0.000439    -0.000475    -0.000557    -0.000639    -0.000686    -0.000678    -0.000610    -0.000490    -0.000338    -0.000181    -0.000055     0.000000
    0.000000    -0.000153    -0.000785    -0.001944    -0.003530    -0.005343    -0.007173    -0.008865    -0.010333    -0.011539    -0.012465    -0.013097    -0.013422    -0.013433    -0.013133    -0.012536    -0.011670    -0.010573    -0.009295    -0.007898    -0.006450    -0.005022    -0.003687    -0.002507    -0.001534    -0.000797    -0.000301    -0.000031     0.000053    -0.000000    -0.000136    -0.000301    -0.000451    -0.000554    -0.000590    -0.000556    -0.000459    -0.000323    -0.000176    -0.000054     0.000000
    0.000000    -0.000109    -0.000630    -0.001635    -0.003045    -0.004678    -0.006332    -0.007854    -0.009158    -0.010209    -0.010989    -0.011488    -0.011698    -0.011616    -0.011248    -0.010610    -0.009732    -0.008653    -0.007425    -0.006105    -0.004759    -0.003456    -0.002262    -0.001236    -0.000420     0.000160     0.000506     0.000637     0.000595     0.000430     0.000199    -0.000048    -0.000265    -0.000422    -0.000502    -0.000500    -0.000428    -0.000307    -0.000170    -0.000053     0.000000
    0.000000    -0.000067    -0.000482    -0.001337    -0.002577    -0.004033    -0.005514    -0.006870    -0.008015    -0.008913    -0.009552    -0.009923    -0.010022    -0.009850    -0.009415    -0.008738    -0.007849    -0.006789    -0.005607    -0.004363    -0.003117    -0.001935    -0.000879     0.000000     0.000663     0.001093     0.001293     0.001290     0.001126     0.000853     0.000529     0.000203    -0.000080    -0.000291    -0.000412    -0.000444    -0.000395    -0.000291    -0.000164    -0.000052     0.000000
    0.000000    -0.000027    -0.000340    -0.001051    -0.002123    -0.003408    -0.004720    -0.005914    -0.006903    -0.007654    -0.008155    -0.008401    -0.008393    -0.008133    -0.007635    -0.006920    -0.006021    -0.004978    -0.003843    -0.002671    -0.001523    -0.000458     0.000466     0.001201     0.001717     0.002001     0.002061     0.001928     0.001646     0.001269     0.000854     0.000452     0.000105    -0.000159    -0.000323    -0.000386    -0.000362    -0.000275    -0.000157    -0.000051     0.000000
    0.000000     0.000010    -0.000204    -0.000775    -0.001686    -0.002802    -0.003950    -0.004985    -0.005823    -0.006431    -0.006797    -0.006923    -0.006810    -0.006466    -0.005906    -0.005155    -0.004246    -0.003221    -0.002131    -0.001030     0.000025     0.000976     0.001771     0.002369     0.002743     0.002886     0.002811     0.002552     0.002157     0.001679     0.001176     0.000699     0.000288    -0.000027    -0.000232    -0.000328    -0.000328    -0.000257    -0.000151    -0.000050     0.000000
    0.000000     0.000046    -0.000074    -0.000511    -0.001264    -0.002217    -0.003204    -0.004084    -0.004775    -0.005243    -0.005480    -0.005488    -0.005274    -0.004848    -0.004229    -0.003442    -0.002523    -0.001516    -0.000470     0.000563     0.001527     0.002368     0.003040     0.003504     0.003741     0.003748     0.003544     0.003164     0.002658     0.002082     0.001494     0.000944     0.000472     0.000106    -0.000141    -0.000269    -0.000293    -0.000240    -0.000144    -0.000048     0.000000
    0.000000     0.000080     0.000049    -0.000257    -0.000858    -0.001651    -0.002481    -0.003212    -0.003759    -0.004091    -0.004202    -0.004097    -0.003785    -0.003279    -0.002602    -0.001781    -0.000853     0.000137     0.001141     0.002108     0.002984     0.003720     0.004272     0.004608     0.004713     0.004589     0.004259     0.003762     0.003150     0.002480     0.001808     0.001187     0.000655     0.000239    -0.000048    -0.000209    -0.000257    -0.000221    -0.000136    -0.000047     0.000000
    0.000000     0.000111     0.000166    -0.000015    -0.000468    -0.001106    -0.001783    -0.002367    -0.002775    -0.002975    -0.002964    -0.002748    -0.002341    -0.001759    -0.001025    -0.000171     0.000765     0.001740     0.002704     0.003606     0.004398     0.005032     0.005469     0.005681     0.005659     0.005409     0.004958     0.004348     0.003633     0.002871     0.002120     0.001429     0.000838     0.000372     0.000045    -0.000148    -0.000221    -0.000202    -0.000129    -0.000045     0.000000
    0.000000     0.000141     0.000278     0.000217    -0.000093    -0.000580    -0.001108    -0.001549    -0.001822    -0.001895    -0.001764    -0.001442    -0.000942    -0.000286     0.000502     0.001389     0.002334     0.003293     0.004217     0.005059     0.005769     0.006305     0.006631     0.006725     0.006581     0.006210     0.005642     0.004923     0.004108     0.003258     0.002428     0.001669     0.001020     0.000506     0.000139    -0.000085    -0.000183    -0.000182    -0.000120    -0.000043     0.000000
    0.000000     0.000169     0.000383     0.000438     0.000266    -0.000075    -0.000458    -0.000760    -0.000901    -0.000849    -0.000604    -0.000178     0.000411     0.001140     0.001981     0.002899     0.003852     0.004797     0.005684     0.006467     0.007099     0.007540     0.007760     0.007740     0.007478     0.006990     0.006310     0.005486     0.004576     0.003639     0.002733     0.001908     0.001203     0.000641     0.000234    -0.000022    -0.000145    -0.000162    -0.000112    -0.000041     0.000000
    0.000000     0.000196     0.000483     0.000648     0.000610     0.000411     0.000169     0.000003    -0.000011     0.000161     0.000518     0.001045     0.001720     0.002520     0.003412     0.004360     0.005323     0.006253     0.007105     0.007831     0.008388     0.008739     0.008857     0.008727     0.008352     0.007752     0.006964     0.006039     0.005036     0.004015     0.003036     0.002146     0.001385     0.000776     0.000330     0.000042    -0.000105    -0.000141    -0.000103    -0.000039     0.000000
    0.000000     0.000220     0.000578     0.000849     0.000938     0.000878     0.000773     0.000738     0.000849     0.001138     0.001602     0.002226     0.002986     0.003854     0.004796     0.005774     0.006745     0.007663     0.008481     0.009153     0.009638     0.009902     0.009922     0.009687     0.009204     0.008496     0.007604     0.006581     0.005488     0.004387     0.003336     0.002383     0.001568     0.000912     0.000427     0.000107    -0.000065    -0.000119    -0.000094    -0.000037     0.000000
    0.000000     0.000243     0.000667     0.001039     0.001252     0.001325     0.001354     0.001446     0.001678     0.002080     0.002649     0.003368     0.004209     0.005142     0.006133     0.007141     0.008121     0.009027     0.009812     0.010433     0.010850     0.011031     0.010957     0.010621     0.010033     0.009222     0.008230     0.007114     0.005934     0.004755     0.003633     0.002620     0.001750     0.001049     0.000525     0.000174    -0.000024    -0.000096    -0.000085    -0.000035     0.000000
    0.000000     0.000265     0.000750     0.001219     0.001551     0.001754     0.001911     0.002128     0.002477     0.002988     0.003659     0.004469     0.005389     0.006387     0.007425     0.008461     0.009450     0.010346     0.011101     0.011672     0.012024     0.012126     0.011962     0.011529     0.010842     0.009931     0.008844     0.007636     0.006373     0.005118     0.003929     0.002855     0.001933     0.001187     0.000624     0.000241     0.000019    -0.000073    -0.000075    -0.000033     0.000000
    0.000000     0.000285     0.000829     0.001389     0.001836     0.002163     0.002447     0.002783     0.003246     0.003864     0.004633     0.005531     0.006528     0.007588     0.008672     0.009737     0.010735     0.011621     0.012347     0.012872     0.013161     0.013188     0.012938     0.012413     0.011630     0.010624     0.009444     0.008150     0.006806     0.005477     0.004222     0.003089     0.002116     0.001325     0.000725     0.000310     0.000062    -0.000050    -0.000064    -0.000030     0.000000
    0.000000     0.000303     0.000903     0.001550     0.002107     0.002555     0.002959     0.003413     0.003986     0.004707     0.005571     0.006555     0.007626     0.008747     0.009876     0.010968     0.011976     0.012853     0.013552     0.014034     0.014263     0.014218     0.013886     0.013272     0.012398     0.011301     0.010032     0.008654     0.007232     0.005832     0.004513     0.003323     0.002299     0.001464     0.000826     0.000379     0.000106    -0.000025    -0.000054    -0.000028     0.000000
    0.000000     0.000320     0.000971     0.001702     0.002364     0.002928     0.003451     0.004018     0.004697     0.005518     0.006475     0.007541     0.008684     0.009864     0.011037     0.012156     0.013175     0.014043     0.014718     0.015157     0.015331     0.015216     0.014806     0.014109     0.013147     0.011962     0.010609     0.009150     0.007653     0.006184     0.004802     0.003556     0.002482     0.001604     0.000928     0.000450     0.000150    -0.000000    -0.000043    -0.000025     0.000000
    0.000000     0.000336     0.001036     0.001845     0.002607     0.003284     0.003920     0.004597     0.005380     0.006298     0.007343     0.008491     0.009703     0.010940     0.012156     0.013302     0.014331     0.015193     0.015844     0.016244     0.016364     0.016185     0.015700     0.014922     0.013877     0.012609     0.011173     0.009637     0.008067     0.006531     0.005089     0.003788     0.002666     0.001744     0.001031     0.000522     0.000196     0.000025    -0.000032    -0.000022     0.000000
    0.000000     0.000350     0.001095     0.001979     0.002838     0.003622     0.004369     0.005152     0.006036     0.007046     0.008178     0.009403     0.010684     0.011976     0.013233     0.014407     0.015446     0.016303     0.016932     0.017295     0.017365     0.017124     0.016569     0.015714     0.014589     0.013240     0.011727     0.010116     0.008476     0.006876     0.005374     0.004020     0.002850     0.001886     0.001136     0.000594     0.000243     0.000051    -0.000020    -0.000019     0.000000
    0.000000     0.000363     0.001151     0.002105     0.003055     0.003943     0.004796     0.005683     0.006664     0.007765     0.008980     0.010281     0.011627     0.012973     0.014271     0.015471     0.016521     0.017373     0.017983     0.018312     0.018334     0.018034     0.017412     0.016484     0.015283     0.013858     0.012269     0.010586     0.008879     0.007216     0.005657     0.004251     0.003034     0.002028     0.001241     0.000668     0.000290     0.000078    -0.000008    -0.000016     0.000000
    0.000000     0.000375     0.001202     0.002222     0.003261     0.004248     0.005204     0.006191     0.007265     0.008454     0.009750     0.011123     0.012533     0.013932     0.015270     0.016496     0.017558     0.018406     0.018997     0.019294     0.019271     0.018916     0.018230     0.017233     0.015960     0.014462     0.012801     0.011049     0.009277     0.007553     0.005938     0.004481     0.003218     0.002170     0.001347     0.000743     0.000339     0.000106     0.000004    -0.000013     0.000000
    0.000000     0.000386     0.001250     0.002332     0.003454     0.004537     0.005592     0.006675     0.007841     0.009114     0.010488     0.011932     0.013403     0.014853     0.016230     0.017482     0.018556     0.019402     0.019976     0.020243     0.020178     0.019771     0.019025     0.017962     0.016620     0.015052     0.013323     0.011504     0.009670     0.007887     0.006218     0.004711     0.003402     0.002314     0.001454     0.000818     0.000388     0.000134     0.000017    -0.000010     0.000000
    0.000000     0.000396     0.001293     0.002434     0.003635     0.004810     0.005960     0.007137     0.008390     0.009746     0.011195     0.012707     0.014238     0.015737     0.017153     0.018430     0.019516     0.020361     0.020920     0.021160     0.021056     0.020599     0.019796     0.018671     0.017263     0.015629     0.013834     0.011952     0.010057     0.008218     0.006496     0.004940     0.003587     0.002458     0.001563     0.000895     0.000438     0.000163     0.000030    -0.000007     0.000000
    0.000000     0.000405     0.001333     0.002529     0.003805     0.005067     0.006310     0.007577     0.008915     0.010350     0.011872     0.013450     0.015038     0.016586     0.018039     0.019342     0.020441     0.021285     0.021831     0.022045     0.021904     0.021401     0.020545     0.019360     0.017890     0.016193     0.014335     0.012393     0.010439     0.008545     0.006772     0.005168     0.003771     0.002603     0.001672     0.000973     0.000489     0.000192     0.000043    -0.000003     0.000000
    0.000000     0.000413     0.001370     0.002617     0.003964     0.005310     0.006641     0.007995     0.009416     0.010927     0.012519     0.014161     0.015806     0.017400     0.018890     0.020218     0.021330     0.022174     0.022709     0.022899     0.022724     0.022178     0.021271     0.020031     0.018502     0.016744     0.014827     0.012826     0.010816     0.008869     0.007046     0.005396     0.003956     0.002748     0.001781     0.001051     0.000540     0.000222     0.000057     0.000000     0.000000
    0.000000     0.000420     0.001403     0.002698     0.004112     0.005538     0.006954     0.008392     0.009892     0.011477     0.013138     0.014841     0.016540     0.018180     0.019706     0.021059     0.022184     0.023030     0.023554     0.023723     0.023517     0.022930     0.021976     0.020683     0.019098     0.017283     0.015309     0.013252     0.011189     0.009190     0.007319     0.005623     0.004141     0.002894     0.001892     0.001130     0.000593     0.000252     0.000071     0.000004     0.000000
    0.000000     0.000426     0.001433     0.002772     0.004249     0.005752     0.007250     0.008769     0.010346     0.012002     0.013728     0.015491     0.017242     0.018927     0.020488     0.021866     0.023004     0.023853     0.024369     0.024518     0.024282     0.023658     0.022659     0.021317     0.019680     0.017810     0.015781     0.013671     0.011556     0.009508     0.007589     0.005850     0.004326     0.003041     0.002004     0.001211     0.000646     0.000283     0.000085     0.000008     0.000000
    0.000000     0.000431     0.001460     0.002840     0.004377     0.005952     0.007529     0.009125     0.010777     0.012502     0.014291     0.016111     0.017914     0.019642     0.021236     0.022639     0.023792     0.024644     0.025152     0.025284     0.025022     0.024363     0.023322     0.021933     0.020246     0.018325     0.016244     0.014083     0.011918     0.009822     0.007858     0.006075     0.004511     0.003188     0.002116     0.001292     0.000700     0.000314     0.000100     0.000011     0.000000
    0.000000     0.000435     0.001484     0.002903     0.004495     0.006139     0.007791     0.009462     0.011185     0.012977     0.014827     0.016703     0.018554     0.020324     0.021953     0.023380     0.024548     0.025404     0.025906     0.026023     0.025736     0.025044     0.023965     0.022532     0.020798     0.018828     0.016699     0.014488     0.012276     0.010134     0.008125     0.006300     0.004695     0.003335     0.002229     0.001373     0.000754     0.000346     0.000114     0.000015     0.000000
    0.000000     0.000439     0.001505     0.002959     0.004604     0.006314     0.008037     0.009780     0.011572     0.013428     0.015337     0.017266     0.019166     0.020976     0.022638     0.024089     0.025272     0.026133     0.026631     0.026734     0.026424     0.025703     0.024587     0.023114     0.021336     0.019320     0.017144     0.014887     0.012628     0.010442     0.008390     0.006524     0.004880     0.003483     0.002342     0.001456     0.000810     0.000379     0.000130     0.000019     0.000000
    0.000000     0.000442     0.001523     0.003010     0.004704     0.006475     0.008267     0.010080     0.011938     0.013855     0.015822     0.017803     0.019748     0.021598     0.023292     0.024767     0.025965     0.026833     0.027328     0.027418     0.027089     0.026340     0.025191     0.023679     0.021860     0.019801     0.017580     0.015278     0.012976     0.010747     0.008653     0.006747     0.005065     0.003631     0.002456     0.001539     0.000865     0.000412     0.000145     0.000023     0.000000
    0.000000     0.000444     0.001539     0.003055     0.004796     0.006625     0.008482     0.010362     0.012283     0.014260     0.016281     0.018312     0.020302     0.022191     0.023917     0.025415     0.026629     0.027503     0.027996     0.028077     0.027729     0.026955     0.025775     0.024228     0.022370     0.020270     0.018007     0.015663     0.013319     0.011048     0.008914     0.006969     0.005249     0.003779     0.002571     0.001623     0.000922     0.000445     0.000161     0.000028     0.000000
    0.000000     0.000446     0.001553     0.003096     0.004879     0.006763     0.008683     0.010626     0.012609     0.014643     0.016717     0.018796     0.020829     0.022755     0.024512     0.026034     0.027263     0.028146     0.028638     0.028709     0.028346     0.027549     0.026341     0.024761     0.022867     0.020729     0.018426     0.016042     0.013657     0.011346     0.009173     0.007189     0.005433     0.003928     0.002686     0.001707     0.000979     0.000479     0.000176     0.000032     0.000000
    0.000000     0.000447     0.001565     0.003132     0.004954     0.006890     0.008869     0.010873     0.012915     0.015004     0.017129     0.019254     0.021329     0.023292     0.025078     0.026624     0.027869     0.028760     0.029253     0.029317     0.028940     0.028123     0.026889     0.025279     0.023351     0.021176     0.018836     0.016414     0.013991     0.011641     0.009430     0.007409     0.005616     0.004076     0.002802     0.001792     0.001037     0.000513     0.000193     0.000036     0.000000
    0.000000     0.000448     0.001574     0.003163     0.005021     0.007006     0.009041     0.011104     0.013202     0.015344     0.017518     0.019688     0.021803     0.023801     0.025617     0.027186     0.028448     0.029347     0.029842     0.029901     0.029511     0.028676     0.027418     0.025780     0.023821     0.021613     0.019238     0.016779     0.014319     0.011933     0.009685     0.007628     0.005799     0.004225     0.002918     0.001878     0.001095     0.000548     0.000209     0.000041     0.000000
    0.000000     0.000448     0.001581     0.003189     0.005081     0.007112     0.009200     0.011318     0.013471     0.015664     0.017884     0.020098     0.022251     0.024284     0.026129     0.027721     0.028999     0.029908     0.030406     0.030461     0.030061     0.029209     0.027930     0.026267     0.024279     0.022039     0.019631     0.017137     0.014643     0.012221     0.009938     0.007845     0.005982     0.004374     0.003034     0.001964     0.001153     0.000583     0.000226     0.000045     0.000000
    0.000000     0.000448     0.001586     0.003212     0.005134     0.007207     0.009346     0.011517     0.013722     0.015964     0.018229     0.020484     0.022675     0.024741     0.026614     0.028229     0.029524     0.030443     0.030945     0.030997     0.030588     0.029723     0.028425     0.026738     0.024723     0.022455     0.020015     0.017489     0.014961     0.012506     0.010188     0.008061     0.006164     0.004523     0.003151     0.002050     0.001212     0.000619     0.000242     0.000050     0.000000
    0.000000     0.000447     0.001590     0.003230     0.005180     0.007293     0.009479     0.011701     0.013956     0.016244     0.018553     0.020848     0.023075     0.025173     0.027073     0.028711     0.030022     0.030953     0.031459     0.031511     0.031095     0.030217     0.028902     0.027194     0.025155     0.022860     0.020391     0.017835     0.015275     0.012787     0.010436     0.008276     0.006345     0.004671     0.003268     0.002137     0.001272     0.000654     0.000260     0.000054     0.000000
    0.000000     0.000445     0.001592     0.003245     0.005220     0.007370     0.009600     0.011870     0.014173     0.016506     0.018857     0.021189     0.023451     0.025580     0.027508     0.029168     0.030496     0.031438     0.031950     0.032002     0.031581     0.030693     0.029363     0.027636     0.025575     0.023255     0.020759     0.018174     0.015583     0.013064     0.010681     0.008489     0.006526     0.004820     0.003385     0.002224     0.001332     0.000691     0.000277     0.000059     0.000000
    0.000000     0.000444     0.001592     0.003255     0.005253     0.007437     0.009710     0.012025     0.014373     0.016750     0.019140     0.021509     0.023805     0.025964     0.027918     0.029599     0.030945     0.031900     0.032418     0.032472     0.032047     0.031150     0.029807     0.028063     0.025982     0.023639     0.021118     0.018506     0.015887     0.013338     0.010924     0.008700     0.006705     0.004968     0.003502     0.002312     0.001392     0.000727     0.000294     0.000064     0.000000
    0.000000     0.000442     0.001591     0.003263     0.005281     0.007496     0.009808     0.012167     0.014558     0.016975     0.019404     0.021808     0.024136     0.026324     0.028304     0.030007     0.031370     0.032337     0.032863     0.032919     0.032492     0.031589     0.030235     0.028477     0.026377     0.024013     0.021469     0.018831     0.016185     0.013608     0.011165     0.008910     0.006884     0.005115     0.003619     0.002399     0.001452     0.000764     0.000312     0.000069     0.000000
    0.000000     0.000439     0.001588     0.003267     0.005303     0.007546     0.009895     0.012295     0.014727     0.017183     0.019648     0.022087     0.024446     0.026662     0.028666     0.030391     0.031771     0.032751     0.033286     0.033346     0.032918     0.032009     0.030646     0.028875     0.026760     0.024377     0.021811     0.019150     0.016479     0.013874     0.011402     0.009118     0.007062     0.005262     0.003736     0.002487     0.001513     0.000801     0.000330     0.000073     0.000000
    0.000000     0.000437     0.001584     0.003268     0.005319     0.007589     0.009972     0.012410     0.014881     0.017375     0.019875     0.022345     0.024734     0.026977     0.029006     0.030752     0.032150     0.033143     0.033687     0.033752     0.033325     0.032413     0.031042     0.029260     0.027131     0.024730     0.022145     0.019462     0.016767     0.014136     0.011637     0.009324     0.007239     0.005409     0.003852     0.002575     0.001574     0.000838     0.000347     0.000078     0.000000
    0.000000     0.000434     0.001578     0.003266     0.005331     0.007624     0.010038     0.012512     0.015020     0.017550     0.020083     0.022584     0.025002     0.027271     0.029324     0.031090     0.032506     0.033513     0.034067     0.034138     0.033713     0.032798     0.031422     0.029631     0.027489     0.025074     0.022471     0.019767     0.017049     0.014394     0.011869     0.009528     0.007414     0.005555     0.003969     0.002663     0.001635     0.000875     0.000366     0.000083     0.000000
    0.000000     0.000431     0.001571     0.003262     0.005337     0.007651     0.010094     0.012602     0.015145     0.017709     0.020274     0.022805     0.025249     0.027544     0.029620     0.031407     0.032840     0.033861     0.034426     0.034504     0.034082     0.033167     0.031787     0.029989     0.027836     0.025407     0.022788     0.020066     0.017327     0.014648     0.012098     0.009731     0.007588     0.005700     0.004085     0.002751     0.001697     0.000913     0.000384     0.000088     0.000000
    0.000000     0.000427     0.001564     0.003254     0.005339     0.007671     0.010141     0.012681     0.015257     0.017853     0.020448     0.023007     0.025478     0.027797     0.029895     0.031702     0.033152     0.034188     0.034764     0.034850     0.034432     0.033519     0.032136     0.030332     0.028171     0.025731     0.023097     0.020357     0.017599     0.014898     0.012324     0.009931     0.007761     0.005845     0.004202     0.002839     0.001758     0.000950     0.000402     0.000093     0.000000
    0.000000     0.000423     0.001555     0.003244     0.005336     0.007685     0.010179     0.012748     0.015355     0.017981     0.020605     0.023191     0.025687     0.028030     0.030149     0.031976     0.033443     0.034494     0.035082     0.035177     0.034765     0.033854     0.032471     0.030663     0.028495     0.026044     0.023397     0.020642     0.017865     0.015144     0.012546     0.010128     0.007932     0.005989     0.004317     0.002927     0.001819     0.000988     0.000420     0.000099     0.000000
    0.000000     0.000419     0.001545     0.003232     0.005329     0.007692     0.010209     0.012805     0.015441     0.018096     0.020746     0.023357     0.025877     0.028243     0.030383     0.032229     0.033714     0.034780     0.035380     0.035484     0.035080     0.034172     0.032790     0.030980     0.028806     0.026347     0.023689     0.020920     0.018126     0.015385     0.012766     0.010324     0.008102     0.006131     0.004432     0.003015     0.001881     0.001026     0.000439     0.000104     0.000000
    0.000000     0.000415     0.001534     0.003218     0.005318     0.007693     0.010229     0.012850     0.015514     0.018196     0.020872     0.023507     0.026050     0.028437     0.030598     0.032463     0.033965     0.035046     0.035659     0.035774     0.035377     0.034474     0.033094     0.031283     0.029106     0.026640     0.023972     0.021190     0.018381     0.015622     0.012982     0.010517     0.008270     0.006273     0.004547     0.003102     0.001942     0.001064     0.000457     0.000109     0.000000
    0.000000     0.000411     0.001522     0.003201     0.005303     0.007688     0.010242     0.012886     0.015575     0.018282     0.020982     0.023640     0.026205     0.028612     0.030793     0.032676     0.034195     0.035292     0.035919     0.036045     0.035657     0.034761     0.033384     0.031574     0.029394     0.026923     0.024247     0.021454     0.018630     0.015854     0.013194     0.010707     0.008436     0.006414     0.004661     0.003189     0.002004     0.001102     0.000476     0.000114     0.000000
    0.000000     0.000406     0.001510     0.003183     0.005284     0.007677     0.010246     0.012911     0.015624     0.018355     0.021078     0.023758     0.026343     0.028770     0.030969     0.032871     0.034407     0.035519     0.036160     0.036298     0.035919     0.035031     0.033659     0.031851     0.029671     0.027196     0.024513     0.021710     0.018873     0.016081     0.013403     0.010895     0.008600     0.006553     0.004774     0.003276     0.002065     0.001140     0.000495     0.000119     0.000000
    0.000000     0.000401     0.001497     0.003162     0.005262     0.007661     0.010244     0.012927     0.015661     0.018414     0.021159     0.023859     0.026464     0.028910     0.031128     0.033047     0.034600     0.035727     0.036382     0.036533     0.036166     0.035286     0.033920     0.032115     0.029936     0.027459     0.024770     0.021959     0.019111     0.016304     0.013608     0.011080     0.008763     0.006691     0.004886     0.003362     0.002126     0.001178     0.000513     0.000125     0.000000
    0.000000     0.000397     0.001483     0.003140     0.005236     0.007639     0.010233     0.012934     0.015688     0.018462     0.021227     0.023946     0.026568     0.029032     0.031268     0.033204     0.034774     0.035917     0.036587     0.036751     0.036395     0.035525     0.034167     0.032367     0.030189     0.027712     0.025019     0.022201     0.019342     0.016522     0.013810     0.011262     0.008923     0.006827     0.004997     0.003448     0.002187     0.001215     0.000532     0.000130     0.000000
    0.000000     0.000392     0.001468     0.003116     0.005207     0.007613     0.010216     0.012932     0.015704     0.018497     0.021280     0.024017     0.026657     0.029138     0.031391     0.033344     0.034930     0.036089     0.036774     0.036952     0.036608     0.035749     0.034399     0.032605     0.030431     0.027954     0.025259     0.022435     0.019567     0.016735     0.014007     0.011441     0.009081     0.006962     0.005108     0.003533     0.002247     0.001253     0.000551     0.000135     0.000000
    0.000000     0.000387     0.001453     0.003090     0.005176     0.007581     0.010193     0.012922     0.015710     0.018520     0.021321     0.024074     0.026731     0.029228     0.031496     0.033466     0.035068     0.036243     0.036943     0.037136     0.036805     0.035957     0.034617     0.032831     0.030662     0.028187     0.025491     0.022662     0.019786     0.016943     0.014200     0.011617     0.009237     0.007096     0.005217     0.003618     0.002308     0.001291     0.000569     0.000141     0.000000
    0.000000     0.000381     0.001437     0.003063     0.005141     0.007546     0.010163     0.012903     0.015706     0.018532     0.021349     0.024118     0.026789     0.029301     0.031585     0.033570     0.035189     0.036380     0.037095     0.037303     0.036986     0.036151     0.034822     0.033044     0.030881     0.028409     0.025713     0.022881     0.019999     0.017146     0.014390     0.011789     0.009390     0.007227     0.005326     0.003702     0.002367     0.001328     0.000588     0.000146     0.000000
    0.000000     0.000376     0.001420     0.003035     0.005104     0.007506     0.010127     0.012876     0.015692     0.018533     0.021364     0.024147     0.026833     0.029359     0.031658     0.033659     0.035292     0.036499     0.037231     0.037453     0.037152     0.036330     0.035012     0.033245     0.031089     0.028622     0.025927     0.023093     0.020206     0.017343     0.014575     0.011959     0.009541     0.007357     0.005433     0.003785     0.002427     0.001366     0.000606     0.000151     0.000000
    0.000000     0.000371     0.001404     0.003005     0.005065     0.007462     0.010085     0.012842     0.015669     0.018522     0.021367     0.024163     0.026862     0.029402     0.031715     0.033730     0.035379     0.036602     0.037350     0.037588     0.037302     0.036494     0.035189     0.033433     0.031286     0.028824     0.026132     0.023297     0.020406     0.017535     0.014755     0.012125     0.009690     0.007485     0.005538     0.003868     0.002486     0.001403     0.000625     0.000156     0.000000
    0.000000     0.000365     0.001386     0.002974     0.005023     0.007414     0.010037     0.012800     0.015637     0.018502     0.021358     0.024167     0.026878     0.029430     0.031757     0.033786     0.035450     0.036688     0.037452     0.037707     0.037436     0.036643     0.035353     0.033608     0.031471     0.029016     0.026328     0.023494     0.020599     0.017722     0.014932     0.012287     0.009835     0.007611     0.005643     0.003949     0.002544     0.001440     0.000643     0.000162     0.000000
    0.000000     0.000360     0.001369     0.002942     0.004978     0.007362     0.009984     0.012751     0.015596     0.018471     0.021338     0.024157     0.026879     0.029444     0.031783     0.033826     0.035505     0.036759     0.037539     0.037810     0.037556     0.036779     0.035503     0.033771     0.031644     0.029198     0.026515     0.023683     0.020786     0.017903     0.015104     0.012446     0.009978     0.007735     0.005746     0.004030     0.002602     0.001476     0.000661     0.000167     0.000000
    0.000000     0.000354     0.001350     0.002909     0.004932     0.007307     0.009926     0.012696     0.015547     0.018430     0.021307     0.024136     0.026868     0.029443     0.031794     0.033850     0.035544     0.036813     0.037609     0.037898     0.037660     0.036900     0.035639     0.033922     0.031807     0.029370     0.026693     0.023864     0.020966     0.018078     0.015271     0.012601     0.010118     0.007857     0.005847     0.004109     0.002660     0.001513     0.000680     0.000172     0.000000
    0.000000     0.000348     0.001332     0.002875     0.004884     0.007249     0.009863     0.012634     0.015490     0.018380     0.021265     0.024103     0.026844     0.029429     0.031791     0.033860     0.035567     0.036852     0.037665     0.037970     0.037750     0.037007     0.035763     0.034060     0.031958     0.029532     0.026862     0.024037     0.021139     0.018248     0.015433     0.012753     0.010255     0.007977     0.005947     0.004188     0.002716     0.001548     0.000698     0.000177     0.000000
    0.000000     0.000342     0.001313     0.002840     0.004833     0.007187     0.009795     0.012565     0.015425     0.018321     0.021213     0.024058     0.026807     0.029402     0.031774     0.033855     0.035576     0.036876     0.037705     0.038027     0.037825     0.037100     0.035873     0.034186     0.032098     0.029683     0.027022     0.024202     0.021305     0.018412     0.015591     0.012900     0.010389     0.008094     0.006045     0.004265     0.002772     0.001584     0.000715     0.000182     0.000000
    0.000000     0.000337     0.001294     0.002805     0.004781     0.007122     0.009723     0.012491     0.015352     0.018253     0.021150     0.024002     0.026758     0.029361     0.031743     0.033835     0.035570     0.036885     0.037730     0.038070     0.037886     0.037179     0.035970     0.034300     0.032227     0.029824     0.027173     0.024359     0.021465     0.018570     0.015743     0.013044     0.010520     0.008209     0.006142     0.004341     0.002828     0.001619     0.000733     0.000188     0.000000
    0.000000     0.000331     0.001275     0.002768     0.004728     0.007055     0.009647     0.012411     0.015273     0.018176     0.021078     0.023935     0.026698     0.029308     0.031699     0.033802     0.035549     0.036879     0.037741     0.038098     0.037933     0.037245     0.036054     0.034402     0.032345     0.029956     0.027315     0.024508     0.021617     0.018722     0.015891     0.013183     0.010647     0.008321     0.006236     0.004416     0.002882     0.001654     0.000751     0.000193     0.000000
    0.000000     0.000325     0.001255     0.002731     0.004673     0.006985     0.009567     0.012326     0.015186     0.018092     0.020996     0.023857     0.026625     0.029242     0.031641     0.033755     0.035514     0.036858     0.037737     0.038112     0.037966     0.037297     0.036126     0.034491     0.032451     0.030077     0.027448     0.024649     0.021763     0.018868     0.016034     0.013319     0.010771     0.008431     0.006329     0.004490     0.002936     0.001688     0.000768     0.000198     0.000000
    0.000000     0.000319     0.001235     0.002693     0.004616     0.006912     0.009483     0.012235     0.015093     0.017999     0.020905     0.023770     0.026542     0.029164     0.031571     0.033694     0.035466     0.036824     0.037719     0.038112     0.037985     0.037336     0.036184     0.034569     0.032547     0.030187     0.027571     0.024781     0.021901     0.019008     0.016171     0.013450     0.010892     0.008538     0.006420     0.004562     0.002988     0.001722     0.000785     0.000203     0.000000
    0.000000     0.000313     0.001215     0.002654     0.004558     0.006837     0.009395     0.012139     0.014993     0.017898     0.020806     0.023672     0.026448     0.029075     0.031488     0.033620     0.035403     0.036776     0.037687     0.038098     0.037990     0.037362     0.036230     0.034635     0.032631     0.030288     0.027685     0.024906     0.022032     0.019142     0.016303     0.013576     0.011010     0.008643     0.006508     0.004633     0.003040     0.001755     0.000802     0.000208     0.000000
    0.000000     0.000307     0.001195     0.002615     0.004499     0.006760     0.009304     0.012038     0.014887     0.017790     0.020697     0.023565     0.026343     0.028974     0.031394     0.033534     0.035328     0.036714     0.037641     0.038071     0.037982     0.037374     0.036264     0.034689     0.032705     0.030379     0.027791     0.025022     0.022156     0.019269     0.016430     0.013698     0.011123     0.008744     0.006595     0.004702     0.003091     0.001788     0.000818     0.000212     0.000000
    0.000000     0.000301     0.001175     0.002576     0.004439     0.006681     0.009209     0.011933     0.014775     0.017674     0.020581     0.023448     0.026227     0.028862     0.031287     0.033435     0.035240     0.036639     0.037582     0.038030     0.037961     0.037374     0.036286     0.034732     0.032767     0.030459     0.027886     0.025130     0.022273     0.019390     0.016551     0.013816     0.011233     0.008843     0.006679     0.004769     0.003141     0.001820     0.000835     0.000217     0.000000
    0.000000     0.000296     0.001155     0.002536     0.004378     0.006600     0.009111     0.011823     0.014658     0.017552     0.020456     0.023322     0.026102     0.028739     0.031169     0.033324     0.035139     0.036551     0.037509     0.037975     0.037927     0.037361     0.036295     0.034763     0.032819     0.030530     0.027973     0.025230     0.022382     0.019505     0.016667     0.013929     0.011339     0.008939     0.006761     0.004836     0.003189     0.001851     0.000851     0.000222     0.000000
    0.000000     0.000290     0.001134     0.002495     0.004315     0.006517     0.009011     0.011710     0.014535     0.017423     0.020323     0.023188     0.025967     0.028605     0.031039     0.033201     0.035026     0.036451     0.037424     0.037908     0.037880     0.037336     0.036292     0.034782     0.032859     0.030590     0.028051     0.025322     0.022484     0.019613     0.016778     0.014038     0.011442     0.009032     0.006841     0.004900     0.003237     0.001882     0.000866     0.000226     0.000000
    0.000000     0.000284     0.001114     0.002455     0.004252     0.006432     0.008908     0.011592     0.014407     0.017288     0.020183     0.023045     0.025823     0.028462     0.030899     0.033067     0.034900     0.036337     0.037326     0.037828     0.037821     0.037298     0.036277     0.034790     0.032889     0.030641     0.028119     0.025405     0.022578     0.019715     0.016883     0.014141     0.011540     0.009121     0.006918     0.004963     0.003283     0.001912     0.000882     0.000231     0.000000
    0.000000     0.000278     0.001093     0.002414     0.004188     0.006346     0.008802     0.011471     0.014274     0.017147     0.020036     0.022894     0.025670     0.028309     0.030748     0.032921     0.034763     0.036212     0.037216     0.037736     0.037749     0.037248     0.036250     0.034787     0.032909     0.030681     0.028178     0.025480     0.022665     0.019810     0.016982     0.014240     0.011635     0.009208     0.006993     0.005023     0.003329     0.001941     0.000897     0.000235     0.000000
    0.000000     0.000272     0.001072     0.002372     0.004124     0.006258     0.008694     0.011346     0.014136     0.017000     0.019882     0.022735     0.025508     0.028145     0.030586     0.032765     0.034615     0.036075     0.037094     0.037632     0.037664     0.037187     0.036212     0.034772     0.032917     0.030712     0.028228     0.025546     0.022745     0.019898     0.017075     0.014334     0.011726     0.009291     0.007066     0.005082     0.003373     0.001970     0.000912     0.000240     0.000000
    0.000000     0.000266     0.001052     0.002331     0.004058     0.006169     0.008583     0.011217     0.013994     0.016847     0.019721     0.022568     0.025337     0.027973     0.030415     0.032597     0.034455     0.035926     0.036960     0.037515     0.037568     0.037113     0.036162     0.034746     0.032916     0.030732     0.028269     0.025605     0.022817     0.019980     0.017163     0.014423     0.011812     0.009371     0.007136     0.005140     0.003415     0.001998     0.000926     0.000244     0.000000
    0.000000     0.000260     0.001031     0.002289     0.003993     0.006079     0.008471     0.011086     0.013848     0.016689     0.019554     0.022394     0.025158     0.027792     0.030234     0.032420     0.034284     0.035766     0.036814     0.037386     0.037460     0.037027     0.036100     0.034710     0.032903     0.030743     0.028301     0.025655     0.022881     0.020056     0.017245     0.014508     0.011894     0.009447     0.007203     0.005195     0.003457     0.002025     0.000940     0.000248     0.000000
    0.000000     0.000254     0.001010     0.002247     0.003926     0.005987     0.008356     0.010952     0.013697     0.016526     0.019381     0.022213     0.024971     0.027602     0.030043     0.032232     0.034103     0.035595     0.036656     0.037246     0.037340     0.036930     0.036028     0.034662     0.032881     0.030744     0.028324     0.025696     0.022939     0.020124     0.017321     0.014587     0.011973     0.009521     0.007268     0.005248     0.003497     0.002051     0.000954     0.000252     0.000000
    0.000000     0.000249     0.000989     0.002205     0.003859     0.005895     0.008240     0.010814     0.013543     0.016357     0.019202     0.022025     0.024777     0.027403     0.029843     0.032034     0.033911     0.035413     0.036488     0.037095     0.037209     0.036822     0.035944     0.034604     0.032848     0.030735     0.028338     0.025730     0.022988     0.020186     0.017391     0.014661     0.012047     0.009590     0.007330     0.005299     0.003535     0.002076     0.000967     0.000256     0.000000
    0.000000     0.000243     0.000969     0.002163     0.003792     0.005802     0.008122     0.010675     0.013385     0.016185     0.019017     0.021830     0.024575     0.027196     0.029635     0.031827     0.033709     0.035220     0.036308     0.036933     0.037067     0.036703     0.035850     0.034535     0.032805     0.030717     0.028342     0.025755     0.023030     0.020242     0.017455     0.014730     0.012116     0.009657     0.007389     0.005349     0.003573     0.002101     0.000979     0.000260     0.000000
    0.000000     0.000237     0.000948     0.002121     0.003724     0.005707     0.008002     0.010532     0.013223     0.016007     0.018827     0.021630     0.024366     0.026982     0.029418     0.031611     0.033497     0.035017     0.036119     0.036759     0.036914     0.036573     0.035744     0.034456     0.032752     0.030689     0.028338     0.025771     0.023065     0.020290     0.017514     0.014794     0.012182     0.009719     0.007445     0.005396     0.003609     0.002125     0.000992     0.000264     0.000000
    0.000000     0.000231     0.000927     0.002078     0.003656     0.005612     0.007881     0.010388     0.013058     0.015826     0.018631     0.021423     0.024150     0.026759     0.029192     0.031385     0.033276     0.034805     0.035918     0.036576     0.036750     0.036432     0.035628     0.034366     0.032688     0.030652     0.028325     0.025780     0.023092     0.020332     0.017566     0.014853     0.012243     0.009778     0.007499     0.005441     0.003643     0.002148     0.001004     0.000267     0.000000
    0.000000     0.000226     0.000907     0.002036     0.003588     0.005517     0.007759     0.010241     0.012891     0.015640     0.018431     0.021210     0.023928     0.026530     0.028958     0.031151     0.033046     0.034582     0.035708     0.036381     0.036576     0.036280     0.035502     0.034266     0.032616     0.030606     0.028303     0.025781     0.023111     0.020367     0.017613     0.014907     0.012300     0.009834     0.007550     0.005484     0.003676     0.002170     0.001015     0.000271     0.000000
    0.000000     0.000220     0.000886     0.001994     0.003520     0.005420     0.007635     0.010092     0.012720     0.015451     0.018226     0.020992     0.023699     0.026293     0.028717     0.030909     0.032807     0.034350     0.035488     0.036177     0.036391     0.036118     0.035365     0.034157     0.032533     0.030550     0.028273     0.025773     0.023124     0.020396     0.017654     0.014956     0.012352     0.009886     0.007598     0.005525     0.003707     0.002190     0.001026     0.000274     0.000000
    0.000000     0.000214     0.000866     0.001952     0.003451     0.005324     0.007510     0.009942     0.012547     0.015258     0.018016     0.020768     0.023464     0.026050     0.028468     0.030659     0.032559     0.034109     0.035258     0.035963     0.036197     0.035947     0.035219     0.034037     0.032441     0.030485     0.028234     0.025757     0.023129     0.020417     0.017688     0.014999     0.012400     0.009934     0.007643     0.005563     0.003737     0.002210     0.001037     0.000277     0.000000
    0.000000     0.000209     0.000846     0.001910     0.003383     0.005227     0.007385     0.009790     0.012371     0.015062     0.017802     0.020540     0.023223     0.025800     0.028212     0.030400     0.032302     0.033859     0.035019     0.035739     0.035992     0.035765     0.035063     0.033908     0.032340     0.030411     0.028186     0.025734     0.023126     0.020432     0.017717     0.015037     0.012443     0.009979     0.007685     0.005599     0.003765     0.002230     0.001047     0.000280     0.000000
    0.000000     0.000203     0.000825     0.001868     0.003314     0.005129     0.007258     0.009636     0.012193     0.014862     0.017585     0.020307     0.022977     0.025543     0.027949     0.030134     0.032038     0.033601     0.034771     0.035506     0.035778     0.035573     0.034896     0.033769     0.032229     0.030328     0.028130     0.025702     0.023116     0.020441     0.017740     0.015070     0.012482     0.010020     0.007724     0.005634     0.003792     0.002248     0.001056     0.000283     0.000000
    0.000000     0.000198     0.000805     0.001826     0.003245     0.005031     0.007131     0.009481     0.012013     0.014660     0.017363     0.020069     0.022726     0.025281     0.027680     0.029861     0.031766     0.033334     0.034514     0.035264     0.035555     0.035373     0.034721     0.033621     0.032109     0.030237     0.028065     0.025663     0.023099     0.020443     0.017757     0.015098     0.012517     0.010057     0.007760     0.005665     0.003817     0.002265     0.001066     0.000286     0.000000
    0.000000     0.000192     0.000785     0.001784     0.003177     0.004933     0.007003     0.009325     0.011830     0.014455     0.017138     0.019826     0.022469     0.025013     0.027404     0.029581     0.031486     0.033059     0.034249     0.035013     0.035322     0.035163     0.034536     0.033463     0.031980     0.030136     0.027992     0.025616     0.023075     0.020438     0.017768     0.015121     0.012547     0.010091     0.007793     0.005695     0.003841     0.002281     0.001074     0.000289     0.000000
    0.000000     0.000187     0.000765     0.001742     0.003108     0.004835     0.006875     0.009167     0.011646     0.014247     0.016910     0.019580     0.022208     0.024740     0.027122     0.029295     0.031199     0.032776     0.033975     0.034754     0.035081     0.034944     0.034343     0.033297     0.031842     0.030027     0.027912     0.025561     0.023044     0.020427     0.017773     0.015138     0.012573     0.010120     0.007823     0.005722     0.003862     0.002296     0.001082     0.000291     0.000000
    0.000000     0.000182     0.000746     0.001701     0.003040     0.004737     0.006746     0.009009     0.011461     0.014037     0.016678     0.019330     0.021942     0.024461     0.026834     0.029002     0.030905     0.032486     0.033694     0.034486     0.034832     0.034716     0.034140     0.033122     0.031696     0.029910     0.027823     0.025499     0.023005     0.020409     0.017773     0.015151     0.012594     0.010146     0.007850     0.005747     0.003883     0.002310     0.001090     0.000294     0.000000
    0.000000     0.000176     0.000726     0.001659     0.002972     0.004639     0.006617     0.008850     0.011274     0.013825     0.016444     0.019076     0.021672     0.024178     0.026541     0.028702     0.030604     0.032189     0.033405     0.034210     0.034574     0.034480     0.033929     0.032939     0.031542     0.029785     0.027726     0.025429     0.022960     0.020385     0.017766     0.015158     0.012611     0.010169     0.007874     0.005770     0.003901     0.002323     0.001097     0.000296     0.000000
    0.000000     0.000171     0.000706     0.001618     0.002904     0.004540     0.006487     0.008690     0.011085     0.013610     0.016206     0.018819     0.021397     0.023890     0.026242     0.028397     0.030297     0.031885     0.033109     0.033927     0.034307     0.034235     0.033709     0.032747     0.031379     0.029651     0.027621     0.025352     0.022908     0.020355     0.017754     0.015160     0.012623     0.010188     0.007895     0.005790     0.003918     0.002335     0.001104     0.000298     0.000000
    0.000000     0.000166     0.000687     0.001578     0.002836     0.004442     0.006358     0.008529     0.010895     0.013394     0.015967     0.018559     0.021119     0.023597     0.025938     0.028086     0.029984     0.031574     0.032805     0.033636     0.034034     0.033983     0.033482     0.032546     0.031208     0.029510     0.027509     0.025267     0.022849     0.020318     0.017736     0.015158     0.012631     0.010202     0.007913     0.005808     0.003934     0.002346     0.001110     0.000300     0.000000
    0.000000     0.000161     0.000668     0.001537     0.002768     0.004344     0.006228     0.008368     0.010705     0.013177     0.015725     0.018296     0.020838     0.023300     0.025630     0.027770     0.029665     0.031257     0.032495     0.033337     0.033752     0.033722     0.033246     0.032338     0.031029     0.029361     0.027390     0.025176     0.022783     0.020276     0.017713     0.015150     0.012635     0.010214     0.007929     0.005824     0.003947     0.002356     0.001115     0.000301     0.000000
    0.000000     0.000156     0.000649     0.001497     0.002701     0.004247     0.006098     0.008207     0.010513     0.012957     0.015481     0.018030     0.020553     0.023000     0.025317     0.027449     0.029340     0.030933     0.032178     0.033032     0.033464     0.033455     0.033003     0.032123     0.030842     0.029204     0.027263     0.025077     0.022711     0.020227     0.017684     0.015137     0.012634     0.010221     0.007941     0.005837     0.003959     0.002365     0.001120     0.000303     0.000000
    0.000000     0.000151     0.000630     0.001456     0.002634     0.004149     0.005969     0.008045     0.010321     0.012737     0.015235     0.017761     0.020265     0.022695     0.025000     0.027124     0.029010     0.030604     0.031855     0.032720     0.033168     0.033180     0.032752     0.031899     0.030648     0.029040     0.027129     0.024972     0.022632     0.020172     0.017650     0.015119     0.012630     0.010225     0.007950     0.005848     0.003970     0.002372     0.001125     0.000305     0.000000
    0.000000     0.000146     0.000611     0.001417     0.002568     0.004052     0.005839     0.007883     0.010128     0.012515     0.014987     0.017490     0.019974     0.022387     0.024679     0.026793     0.028675     0.030270     0.031526     0.032402     0.032866     0.032898     0.032495     0.031669     0.030447     0.028869     0.026988     0.024860     0.022547     0.020111     0.017610     0.015097     0.012620     0.010226     0.007956     0.005857     0.003978     0.002379     0.001129     0.000306     0.000000
    0.000000     0.000141     0.000593     0.001377     0.002501     0.003955     0.005710     0.007721     0.009934     0.012292     0.014738     0.017218     0.019680     0.022076     0.024354     0.026459     0.028335     0.029930     0.031192     0.032078     0.032557     0.032609     0.032230     0.031431     0.030238     0.028691     0.026840     0.024741     0.022456     0.020045     0.017565     0.015069     0.012607     0.010222     0.007959     0.005863     0.003985     0.002385     0.001132     0.000307     0.000000
    0.000000     0.000136     0.000574     0.001338     0.002435     0.003859     0.005581     0.007559     0.009741     0.012069     0.014487     0.016943     0.019384     0.021762     0.024025     0.026120     0.027991     0.029585     0.030852     0.031748     0.032242     0.032314     0.031958     0.031186     0.030023     0.028506     0.026685     0.024616     0.022358     0.019972     0.017514     0.015037     0.012590     0.010216     0.007960     0.005867     0.003991     0.002390     0.001135     0.000308     0.000000
    0.000000     0.000131     0.000556     0.001299     0.002370     0.003763     0.005452     0.007397     0.009547     0.011845     0.014236     0.016666     0.019086     0.021446     0.023694     0.025778     0.027643     0.029236     0.030507     0.031412     0.031921     0.032012     0.031680     0.030935     0.029801     0.028314     0.026524     0.024485     0.022255     0.019894     0.017459     0.015001     0.012568     0.010205     0.007957     0.005869     0.003994     0.002393     0.001137     0.000309     0.000000
    0.000000     0.000126     0.000538     0.001260     0.002305     0.003667     0.005323     0.007235     0.009352     0.011620     0.013983     0.016388     0.018786     0.021126     0.023359     0.025432     0.027291     0.028882     0.030157     0.031072     0.031594     0.031705     0.031396     0.030678     0.029572     0.028116     0.026356     0.024347     0.022146     0.019811     0.017398     0.014960     0.012542     0.010192     0.007952     0.005869     0.003997     0.002396     0.001139     0.000310     0.000000
    0.000000     0.000122     0.000520     0.001222     0.002240     0.003572     0.005196     0.007074     0.009158     0.011395     0.013729     0.016109     0.018484     0.020805     0.023022     0.025083     0.026935     0.028524     0.029802     0.030726     0.031263     0.031392     0.031106     0.030414     0.029338     0.027912     0.026183     0.024204     0.022031     0.019722     0.017333     0.014914     0.012513     0.010175     0.007943     0.005867     0.003997     0.002398     0.001141     0.000310     0.000000
    0.000000     0.000117     0.000502     0.001184     0.002176     0.003478     0.005068     0.006913     0.008964     0.011170     0.013475     0.015829     0.018180     0.020482     0.022682     0.024731     0.026575     0.028162     0.029443     0.030375     0.030926     0.031073     0.030811     0.030145     0.029097     0.027702     0.026003     0.024054     0.021910     0.019628     0.017262     0.014864     0.012479     0.010154     0.007932     0.005862     0.003996     0.002398     0.001141     0.000311     0.000000
    0.000000     0.000112     0.000485     0.001146     0.002113     0.003384     0.004941     0.006752     0.008770     0.010944     0.013220     0.015547     0.017876     0.020156     0.022340     0.024377     0.026213     0.027797     0.029080     0.030020     0.030584     0.030750     0.030509     0.029870     0.028850     0.027485     0.025818     0.023899     0.021784     0.019529     0.017187     0.014809     0.012442     0.010130     0.007919     0.005855     0.003994     0.002398     0.001142     0.000311     0.000000
    0.000000     0.000108     0.000468     0.001109     0.002050     0.003291     0.004815     0.006592     0.008577     0.010719     0.012965     0.015265     0.017569     0.019829     0.021996     0.024020     0.025847     0.027428     0.028713     0.029661     0.030238     0.030421     0.030203     0.029589     0.028598     0.027264     0.025627     0.023739     0.021653     0.019425     0.017107     0.014750     0.012401     0.010103     0.007902     0.005846     0.003990     0.002396     0.001142     0.000311     0.000000
    0.000000     0.000103     0.000451     0.001072     0.001987     0.003198     0.004690     0.006433     0.008384     0.010494     0.012710     0.014983     0.017262     0.019501     0.021651     0.023661     0.025479     0.027056     0.028343     0.029298     0.029887     0.030088     0.029892     0.029303     0.028341     0.027036     0.025431     0.023573     0.021517     0.019316     0.017023     0.014687     0.012356     0.010073     0.007883     0.005835     0.003984     0.002394     0.001141     0.000311     0.000000
    0.000000     0.000099     0.000434     0.001036     0.001925     0.003106     0.004565     0.006274     0.008191     0.010269     0.012455     0.014700     0.016955     0.019172     0.021303     0.023299     0.025109     0.026682     0.027970     0.028931     0.029532     0.029750     0.029576     0.029013     0.028079     0.026804     0.025229     0.023402     0.021376     0.019202     0.016934     0.014621     0.012308     0.010039     0.007861     0.005822     0.003977     0.002391     0.001140     0.000311     0.000000
    0.000000     0.000095     0.000417     0.001000     0.001864     0.003015     0.004441     0.006116     0.008000     0.010044     0.012200     0.014417     0.016646     0.018842     0.020955     0.022937     0.024737     0.026305     0.027594     0.028561     0.029174     0.029409     0.029256     0.028717     0.027811     0.026567     0.025023     0.023227     0.021229     0.019084     0.016841     0.014550     0.012256     0.010003     0.007837     0.005807     0.003968     0.002387     0.001138     0.000310     0.000000
    0.000000     0.000090     0.000400     0.000964     0.001803     0.002924     0.004318     0.005959     0.007808     0.009820     0.011945     0.014133     0.016338     0.018511     0.020605     0.022572     0.024362     0.025926     0.027215     0.028188     0.028812     0.029063     0.028931     0.028418     0.027540     0.026325     0.024811     0.023046     0.021079     0.018961     0.016744     0.014475     0.012200     0.009963     0.007810     0.005790     0.003958     0.002382     0.001136     0.000310     0.000000
    0.000000     0.000086     0.000384     0.000929     0.001743     0.002835     0.004196     0.005803     0.007618     0.009597     0.011690     0.013850     0.016029     0.018179     0.020255     0.022207     0.023986     0.025544     0.026834     0.027812     0.028447     0.028714     0.028603     0.028114     0.027263     0.026078     0.024596     0.022861     0.020923     0.018834     0.016642     0.014396     0.012141     0.009921     0.007781     0.005771     0.003947     0.002376     0.001134     0.000309     0.000000
    0.000000     0.000082     0.000368     0.000894     0.001683     0.002746     0.004075     0.005648     0.007429     0.009374     0.011437     0.013567     0.015720     0.017847     0.019903     0.021840     0.023609     0.025161     0.026450     0.027434     0.028079     0.028362     0.028271     0.027806     0.026983     0.025827     0.024375     0.022671     0.020764     0.018703     0.016537     0.014314     0.012079     0.009876     0.007750     0.005750     0.003934     0.002369     0.001131     0.000309     0.000000
    0.000000     0.000078     0.000352     0.000859     0.001624     0.002658     0.003955     0.005493     0.007240     0.009153     0.011183     0.013285     0.015411     0.017515     0.019552     0.021473     0.023231     0.024777     0.026065     0.027053     0.027709     0.028007     0.027935     0.027495     0.026699     0.025572     0.024151     0.022478     0.020600     0.018567     0.016428     0.014229     0.012014     0.009828     0.007716     0.005727     0.003920     0.002361     0.001127     0.000308     0.000000
    0.000000     0.000073     0.000336     0.000825     0.001566     0.002571     0.003835     0.005340     0.007053     0.008932     0.010931     0.013003     0.015102     0.017183     0.019200     0.021105     0.022851     0.024391     0.025678     0.026671     0.027336     0.027649     0.027597     0.027180     0.026411     0.025313     0.023923     0.022280     0.020432     0.018428     0.016315     0.014140     0.011946     0.009777     0.007679     0.005703     0.003905     0.002352     0.001123     0.000307     0.000000
    0.000000     0.000069     0.000321     0.000791     0.001508     0.002484     0.003717     0.005188     0.006867     0.008712     0.010679     0.012722     0.014794     0.016851     0.018848     0.020737     0.022471     0.024004     0.025289     0.026286     0.026960     0.027288     0.027255     0.026862     0.026119     0.025051     0.023690     0.022078     0.020261     0.018285     0.016199     0.014047     0.011874     0.009724     0.007641     0.005676     0.003888     0.002343     0.001119     0.000306     0.000000
    0.000000     0.000065     0.000305     0.000758     0.001451     0.002399     0.003600     0.005037     0.006682     0.008494     0.010429     0.012442     0.014487     0.016520     0.018496     0.020368     0.022091     0.023616     0.024900     0.025900     0.026583     0.026925     0.026912     0.026541     0.025825     0.024785     0.023455     0.021873     0.020086     0.018139     0.016079     0.013952     0.011800     0.009668     0.007600     0.005648     0.003870     0.002332     0.001114     0.000304     0.000000
    0.000000     0.000062     0.000290     0.000725     0.001395     0.002314     0.003484     0.004888     0.006498     0.008276     0.010179     0.012163     0.014181     0.016189     0.018144     0.020000     0.021710     0.023228     0.024509     0.025513     0.026205     0.026560     0.026565     0.026217     0.025527     0.024516     0.023216     0.021665     0.019907     0.017989     0.015956     0.013853     0.011723     0.009609     0.007558     0.005619     0.003851     0.002321     0.001109     0.000303     0.000000
    0.000000     0.000058     0.000275     0.000693     0.001339     0.002230     0.003369     0.004739     0.006316     0.008060     0.009931     0.011884     0.013875     0.015859     0.017793     0.019632     0.021329     0.022840     0.024118     0.025124     0.025825     0.026194     0.026217     0.025891     0.025227     0.024244     0.022973     0.021453     0.019725     0.017836     0.015830     0.013751     0.011643     0.009548     0.007513     0.005587     0.003830     0.002310     0.001104     0.000302     0.000000
    0.000000     0.000054     0.000261     0.000661     0.001284     0.002148     0.003255     0.004592     0.006135     0.007846     0.009685     0.011608     0.013571     0.015530     0.017443     0.019264     0.020949     0.022451     0.023727     0.024735     0.025443     0.025825     0.025866     0.025563     0.024924     0.023969     0.022728     0.021238     0.019541     0.017680     0.015701     0.013647     0.011561     0.009485     0.007466     0.005554     0.003809     0.002297     0.001098     0.000300     0.000000
    0.000000     0.000050     0.000246     0.000629     0.001229     0.002066     0.003142     0.004447     0.005955     0.007633     0.009440     0.011332     0.013267     0.015202     0.017094     0.018898     0.020569     0.022063     0.023335     0.024346     0.025061     0.025456     0.025514     0.025233     0.024619     0.023692     0.022480     0.021020     0.019353     0.017521     0.015569     0.013540     0.011476     0.009420     0.007418     0.005520     0.003786     0.002284     0.001092     0.000298     0.000000
    0.000000     0.000046     0.000232     0.000598     0.001176     0.001985     0.003031     0.004303     0.005777     0.007422     0.009196     0.011058     0.012966     0.014876     0.016745     0.018532     0.020189     0.021674     0.022943     0.023956     0.024678     0.025085     0.025161     0.024901     0.024312     0.023412     0.022230     0.020800     0.019162     0.017359     0.015434     0.013430     0.011389     0.009352     0.007367     0.005484     0.003762     0.002270     0.001085     0.000297     0.000000
    0.000000     0.000043     0.000218     0.000567     0.001123     0.001905     0.002921     0.004160     0.005601     0.007212     0.008954     0.010786     0.012665     0.014550     0.016398     0.018167     0.019811     0.021287     0.022552     0.023566     0.024295     0.024714     0.024807     0.024567     0.024003     0.023131     0.021977     0.020577     0.018969     0.017195     0.015297     0.013318     0.011299     0.009283     0.007315     0.005447     0.003738     0.002255     0.001078     0.000295     0.000000
    0.000000     0.000039     0.000204     0.000537     0.001070     0.001826     0.002812     0.004019     0.005426     0.007004     0.008714     0.010515     0.012367     0.014227     0.016053     0.017803     0.019433     0.020900     0.022161     0.023176     0.023912     0.024342     0.024451     0.024233     0.023693     0.022847     0.021722     0.020352     0.018773     0.017028     0.015158     0.013204     0.011207     0.009211     0.007261     0.005409     0.003712     0.002240     0.001071     0.000293     0.000000
    0.000000     0.000036     0.000190     0.000507     0.001019     0.001749     0.002704     0.003879     0.005253     0.006798     0.008476     0.010247     0.012070     0.013905     0.015709     0.017441     0.019057     0.020514     0.021770     0.022786     0.023528     0.023970     0.024095     0.023897     0.023381     0.022562     0.021466     0.020124     0.018575     0.016859     0.015016     0.013087     0.011114     0.009138     0.007206     0.005369     0.003685     0.002224     0.001064     0.000291     0.000000
    0.000000     0.000032     0.000177     0.000477     0.000968     0.001672     0.002598     0.003741     0.005082     0.006594     0.008239     0.009980     0.011775     0.013584     0.015366     0.017080     0.018682     0.020129     0.021381     0.022397     0.023145     0.023598     0.023738     0.023560     0.023068     0.022275     0.021207     0.019895     0.018375     0.016687     0.014871     0.012968     0.011018     0.009063     0.007149     0.005328     0.003658     0.002208     0.001056     0.000289     0.000000
    0.000000     0.000029     0.000164     0.000448     0.000918     0.001596     0.002493     0.003604     0.004913     0.006391     0.008005     0.009715     0.011482     0.013266     0.015026     0.016721     0.018308     0.019746     0.020993     0.022009     0.022762     0.023226     0.023381     0.023223     0.022753     0.021987     0.020947     0.019664     0.018173     0.016514     0.014725     0.012847     0.010920     0.008986     0.007091     0.005285     0.003629     0.002191     0.001048     0.000286     0.000000
    0.000000     0.000026     0.000151     0.000420     0.000868     0.001521     0.002389     0.003469     0.004745     0.006191     0.007773     0.009453     0.011192     0.012950     0.014688     0.016364     0.017937     0.019364     0.020605     0.021622     0.022380     0.022854     0.023025     0.022885     0.022439     0.021698     0.020686     0.019431     0.017970     0.016339     0.014577     0.012725     0.010821     0.008908     0.007031     0.005242     0.003600     0.002173     0.001039     0.000284     0.000000
    0.000000     0.000022     0.000138     0.000392     0.000820     0.001447     0.002287     0.003336     0.004579     0.005993     0.007543     0.009192     0.010903     0.012636     0.014351     0.016009     0.017567     0.018984     0.020220     0.021236     0.021999     0.022482     0.022668     0.022547     0.022123     0.021408     0.020423     0.019197     0.017765     0.016162     0.014428     0.012600     0.010720     0.008828     0.006970     0.005198     0.003570     0.002155     0.001031     0.000282     0.000000
    0.000000     0.000019     0.000125     0.000364     0.000772     0.001375     0.002186     0.003204     0.004416     0.005797     0.007315     0.008935     0.010617     0.012325     0.014017     0.015656     0.017199     0.018606     0.019836     0.020851     0.021619     0.022112     0.022311     0.022210     0.021808     0.021118     0.020160     0.018962     0.017558     0.015984     0.014276     0.012474     0.010618     0.008747     0.006908     0.005152     0.003539     0.002137     0.001022     0.000279     0.000000
    0.000000     0.000016     0.000113     0.000337     0.000725     0.001303     0.002086     0.003074     0.004254     0.005603     0.007090     0.008679     0.010334     0.012016     0.013686     0.015305     0.016833     0.018230     0.019454     0.020468     0.021240     0.021742     0.021956     0.021872     0.021492     0.020827     0.019896     0.018726     0.017350     0.015804     0.014123     0.012347     0.010514     0.008664     0.006845     0.005106     0.003508     0.002118     0.001013     0.000277     0.000000
    0.000000     0.000013     0.000101     0.000310     0.000678     0.001233     0.001988     0.002946     0.004094     0.005411     0.006866     0.008426     0.010053     0.011709     0.013357     0.014957     0.016470     0.017856     0.019074     0.020087     0.020863     0.021373     0.021601     0.021535     0.021176     0.020535     0.019631     0.018489     0.017142     0.015623     0.013969     0.012218     0.010408     0.008580     0.006780     0.005059     0.003476     0.002098     0.001003     0.000274     0.000000
    0.000000     0.000010     0.000089     0.000284     0.000632     0.001163     0.001891     0.002819     0.003936     0.005222     0.006646     0.008176     0.009774     0.011405     0.013031     0.014612     0.016110     0.017484     0.018696     0.019708     0.020487     0.021006     0.021247     0.021198     0.020861     0.020244     0.019366     0.018251     0.016932     0.015441     0.013814     0.012088     0.010302     0.008495     0.006715     0.005011     0.003443     0.002079     0.000994     0.000271     0.000000
    0.000000     0.000007     0.000077     0.000258     0.000587     0.001095     0.001796     0.002694     0.003781     0.005034     0.006428     0.007928     0.009499     0.011104     0.012707     0.014269     0.015752     0.017115     0.018320     0.019330     0.020113     0.020640     0.020894     0.020862     0.020546     0.019953     0.019100     0.018013     0.016721     0.015258     0.013658     0.011957     0.010194     0.008409     0.006648     0.004962     0.003409     0.002059     0.000984     0.000269     0.000000
    0.000000     0.000004     0.000066     0.000232     0.000543     0.001027     0.001702     0.002571     0.003627     0.004850     0.006212     0.007683     0.009226     0.010806     0.012387     0.013930     0.015397     0.016749     0.017947     0.018956     0.019741     0.020276     0.020542     0.020528     0.020231     0.019662     0.018835     0.017775     0.016510     0.015074     0.013500     0.011825     0.010085     0.008322     0.006581     0.004912     0.003376     0.002038     0.000974     0.000266     0.000000
    0.000000     0.000001     0.000054     0.000207     0.000500     0.000961     0.001610     0.002450     0.003475     0.004667     0.005999     0.007440     0.008956     0.010511     0.012069     0.013593     0.015044     0.016385     0.017577     0.018583     0.019371     0.019914     0.020192     0.020194     0.019918     0.019371     0.018569     0.017536     0.016299     0.014889     0.013342     0.011692     0.009976     0.008234     0.006513     0.004862     0.003341     0.002017     0.000964     0.000263     0.000000
    0.000000    -0.000002     0.000043     0.000183     0.000457     0.000896     0.001519     0.002331     0.003326     0.004487     0.005789     0.007201     0.008689     0.010219     0.011755     0.013259     0.014695     0.016024     0.017209     0.018213     0.019004     0.019554     0.019844     0.019862     0.019605     0.019081     0.018304     0.017297     0.016087     0.014704     0.013183     0.011558     0.009865     0.008146     0.006444     0.004811     0.003306     0.001996     0.000954     0.000260     0.000000
    0.000000    -0.000005     0.000032     0.000159     0.000415     0.000832     0.001429     0.002213     0.003179     0.004310     0.005582     0.006964     0.008425     0.009930     0.011443     0.012929     0.014349     0.015667     0.016844     0.017846     0.018639     0.019196     0.019497     0.019531     0.019294     0.018792     0.018039     0.017058     0.015875     0.014519     0.013024     0.011423     0.009754     0.008056     0.006375     0.004760     0.003271     0.001975     0.000944     0.000258     0.000000
    0.000000    -0.000007     0.000022     0.000135     0.000373     0.000769     0.001341     0.002097     0.003034     0.004135     0.005377     0.006731     0.008165     0.009645     0.011136     0.012602     0.014007     0.015313     0.016483     0.017481     0.018276     0.018840     0.019153     0.019202     0.018983     0.018503     0.017775     0.016820     0.015663     0.014333     0.012864     0.011288     0.009642     0.007966     0.006304     0.004708     0.003236     0.001953     0.000933     0.000255     0.000000
    0.000000    -0.000010     0.000011     0.000112     0.000333     0.000707     0.001254     0.001984     0.002891     0.003962     0.005175     0.006500     0.007907     0.009362     0.010831     0.012278     0.013667     0.014962     0.016124     0.017120     0.017917     0.018487     0.018810     0.018874     0.018675     0.018216     0.017512     0.016582     0.015451     0.014148     0.012704     0.011153     0.009530     0.007876     0.006234     0.004656     0.003200     0.001931     0.000923     0.000252     0.000000
    0.000000    -0.000013     0.000001     0.000089     0.000293     0.000646     0.001169     0.001871     0.002750     0.003792     0.004975     0.006273     0.007653     0.009083     0.010530     0.011958     0.013331     0.014614     0.015769     0.016762     0.017560     0.018137     0.018470     0.018549     0.018367     0.017930     0.017249     0.016344     0.015239     0.013962     0.012543     0.011017     0.009417     0.007785     0.006163     0.004603     0.003164     0.001909     0.000912     0.000249     0.000000
    0.000000    -0.000015    -0.000009     0.000066     0.000254     0.000586     0.001085     0.001761     0.002612     0.003625     0.004779     0.006048     0.007402     0.008808     0.010232     0.011641     0.012999     0.014270     0.015418     0.016407     0.017207     0.017789     0.018133     0.018226     0.018062     0.017645     0.016988     0.016107     0.015028     0.013776     0.012383     0.010880     0.009304     0.007693     0.006091     0.004550     0.003127     0.001887     0.000901     0.000246     0.000000
    0.000000    -0.000018    -0.000019     0.000045     0.000216     0.000528     0.001003     0.001653     0.002476     0.003460     0.004586     0.005827     0.007154     0.008536     0.009939     0.011329     0.012671     0.013930     0.015070     0.016056     0.016856     0.017444     0.017798     0.017905     0.017758     0.017362     0.016728     0.015871     0.014817     0.013591     0.012222     0.010744     0.009191     0.007601     0.006020     0.004497     0.003090     0.001865     0.000890     0.000243     0.000000
    0.000000    -0.000020    -0.000029     0.000023     0.000178     0.000470     0.000922     0.001546     0.002342     0.003298     0.004395     0.005609     0.006910     0.008267     0.009648     0.011020     0.012346     0.013593     0.014725     0.015708     0.016509     0.017102     0.017466     0.017586     0.017457     0.017081     0.016469     0.015636     0.014607     0.013405     0.012062     0.010608     0.009077     0.007509     0.005948     0.004443     0.003053     0.001842     0.000880     0.000240     0.000000
    0.000000    -0.000023    -0.000038     0.000002     0.000141     0.000414     0.000843     0.001442     0.002210     0.003138     0.004207     0.005394     0.006669     0.008003     0.009362     0.010714     0.012026     0.013261     0.014385     0.015363     0.016165     0.016763     0.017136     0.017270     0.017157     0.016801     0.016211     0.015402     0.014397     0.013221     0.011902     0.010471     0.008963     0.007417     0.005875     0.004390     0.003016     0.001820     0.000869     0.000237     0.000000
    0.000000    -0.000025    -0.000048    -0.000019     0.000105     0.000358     0.000765     0.001339     0.002080     0.002981     0.004023     0.005182     0.006432     0.007741     0.009079     0.010413     0.011709     0.012932     0.014048     0.015023     0.015825     0.016428     0.016810     0.016956     0.016860     0.016524     0.015955     0.015169     0.014189     0.013037     0.011742     0.010335     0.008850     0.007324     0.005803     0.004336     0.002979     0.001797     0.000858     0.000234     0.000000
    0.000000    -0.000027    -0.000057    -0.000039     0.000070     0.000304     0.000689     0.001238     0.001953     0.002826     0.003841     0.004974     0.006198     0.007484     0.008801     0.010116     0.011396     0.012607     0.013715     0.014686     0.015489     0.016096     0.016487     0.016646     0.016566     0.016248     0.015700     0.014938     0.013981     0.012853     0.011582     0.010199     0.008736     0.007232     0.005731     0.004282     0.002942     0.001774     0.000847     0.000230     0.000000
    0.000000    -0.000030    -0.000066    -0.000059     0.000035     0.000251     0.000614     0.001139     0.001828     0.002675     0.003662     0.004769     0.005968     0.007230     0.008526     0.009822     0.011087     0.012286     0.013386     0.014353     0.015156     0.015767     0.016167     0.016338     0.016274     0.015974     0.015448     0.014708     0.013774     0.012671     0.011424     0.010063     0.008622     0.007140     0.005658     0.004228     0.002905     0.001752     0.000836     0.000227     0.000000
    0.000000    -0.000032    -0.000074    -0.000078     0.000001     0.000199     0.000541     0.001042     0.001706     0.002525     0.003486     0.004567     0.005741     0.006980     0.008255     0.009533     0.010783     0.011970     0.013061     0.014024     0.014827     0.015443     0.015850     0.016033     0.015984     0.015703     0.015197     0.014479     0.013569     0.012489     0.011265     0.009928     0.008509     0.007047     0.005586     0.004173     0.002867     0.001729     0.000825     0.000224     0.000000
    0.000000    -0.000034    -0.000083    -0.000097    -0.000032     0.000148     0.000469     0.000946     0.001585     0.002379     0.003314     0.004368     0.005518     0.006734     0.007988     0.009248     0.010482     0.011658     0.012741     0.013699     0.014502     0.015121     0.015536     0.015731     0.015697     0.015434     0.014948     0.014252     0.013365     0.012308     0.011108     0.009793     0.008396     0.006955     0.005513     0.004119     0.002830     0.001706     0.000813     0.000221     0.000000
    0.000000    -0.000036    -0.000091    -0.000115    -0.000064     0.000098     0.000398     0.000853     0.001467     0.002235     0.003144     0.004173     0.005299     0.006492     0.007725     0.008967     0.010186     0.011350     0.012425     0.013378     0.014180     0.014804     0.015226     0.015432     0.015413     0.015168     0.014702     0.014027     0.013162     0.012128     0.010951     0.009658     0.008283     0.006863     0.005441     0.004065     0.002793     0.001683     0.000802     0.000218     0.000000
    0.000000    -0.000038    -0.000099    -0.000133    -0.000096     0.000049     0.000329     0.000761     0.001351     0.002094     0.002977     0.003982     0.005083     0.006254     0.007467     0.008691     0.009895     0.011046     0.012113     0.013062     0.013863     0.014490     0.014920     0.015137     0.015132     0.014904     0.014457     0.013804     0.012961     0.011950     0.010795     0.009524     0.008171     0.006772     0.005369     0.004012     0.002755     0.001661     0.000791     0.000215     0.000000
    0.000000    -0.000040    -0.000107    -0.000151    -0.000127     0.000001     0.000262     0.000672     0.001238     0.001956     0.002814     0.003793     0.004871     0.006020     0.007212     0.008418     0.009607     0.010747     0.011805     0.012750     0.013551     0.014181     0.014617     0.014845     0.014854     0.014643     0.014215     0.013582     0.012761     0.011772     0.010640     0.009391     0.008059     0.006680     0.005297     0.003958     0.002718     0.001638     0.000780     0.000212     0.000000
    0.000000    -0.000042    -0.000115    -0.000168    -0.000158    -0.000046     0.000196     0.000584     0.001126     0.001820     0.002653     0.003608     0.004662     0.005789     0.006962     0.008150     0.009324     0.010452     0.011502     0.012442     0.013242     0.013875     0.014319     0.014557     0.014579     0.014384     0.013975     0.013363     0.012563     0.011596     0.010486     0.009259     0.007948     0.006589     0.005225     0.003904     0.002681     0.001615     0.000770     0.000209     0.000000
    0.000000    -0.000044    -0.000122    -0.000185    -0.000187    -0.000091     0.000131     0.000498     0.001017     0.001687     0.002496     0.003427     0.004457     0.005563     0.006715     0.007886     0.009046     0.010162     0.011203     0.012139     0.012937     0.013573     0.014023     0.014272     0.014308     0.014128     0.013738     0.013145     0.012367     0.011421     0.010333     0.009128     0.007837     0.006499     0.005154     0.003851     0.002644     0.001593     0.000759     0.000206     0.000000
    0.000000    -0.000046    -0.000129    -0.000201    -0.000216    -0.000136     0.000068     0.000414     0.000910     0.001556     0.002341     0.003248     0.004256     0.005340     0.006473     0.007627     0.008772     0.009876     0.010909     0.011840     0.012637     0.013276     0.013732     0.013990     0.014039     0.013876     0.013503     0.012930     0.012172     0.011248     0.010181     0.008997     0.007727     0.006409     0.005083     0.003798     0.002608     0.001570     0.000748     0.000203     0.000000
    0.000000    -0.000047    -0.000136    -0.000217    -0.000244    -0.000180     0.000006     0.000331     0.000806     0.001428     0.002190     0.003073     0.004059     0.005122     0.006235     0.007372     0.008502     0.009595     0.010620     0.011545     0.012342     0.012982     0.013445     0.013712     0.013774     0.013626     0.013271     0.012717     0.011980     0.011077     0.010030     0.008867     0.007618     0.006319     0.005012     0.003745     0.002571     0.001548     0.000737     0.000200     0.000000
    0.000000    -0.000049    -0.000143    -0.000233    -0.000272    -0.000222    -0.000055     0.000251     0.000703     0.001303     0.002041     0.002902     0.003865     0.004907     0.006002     0.007121     0.008237     0.009319     0.010335     0.011255     0.012050     0.012693     0.013162     0.013438     0.013512     0.013379     0.013041     0.012506     0.011789     0.010906     0.009881     0.008739     0.007510     0.006230     0.004942     0.003693     0.002535     0.001526     0.000726     0.000197     0.000000
    0.000000    -0.000051    -0.000150    -0.000248    -0.000299    -0.000264    -0.000114     0.000172     0.000603     0.001181     0.001896     0.002734     0.003675     0.004697     0.005772     0.006875     0.007977     0.009047     0.010055     0.010970     0.011763     0.012409     0.012883     0.013168     0.013254     0.013135     0.012814     0.012298     0.011600     0.010738     0.009733     0.008611     0.007402     0.006142     0.004873     0.003641     0.002499     0.001504     0.000716     0.000194     0.000000
    0.000000    -0.000052    -0.000157    -0.000263    -0.000325    -0.000304    -0.000171     0.000095     0.000505     0.001061     0.001753     0.002569     0.003489     0.004490     0.005547     0.006633     0.007721     0.008779     0.009779     0.010689     0.011481     0.012128     0.012607     0.012902     0.012999     0.012895     0.012590     0.012092     0.011413     0.010571     0.009587     0.008485     0.007296     0.006055     0.004803     0.003589     0.002463     0.001482     0.000705     0.000191     0.000000
    0.000000    -0.000054    -0.000163    -0.000277    -0.000350    -0.000344    -0.000228     0.000020     0.000410     0.000943     0.001614     0.002408     0.003306     0.004287     0.005326     0.006396     0.007469     0.008517     0.009508     0.010413     0.011203     0.011852     0.012336     0.012639     0.012748     0.012657     0.012369     0.011889     0.011229     0.010406     0.009441     0.008359     0.007190     0.005968     0.004735     0.003537     0.002428     0.001461     0.000695     0.000188     0.000000
    0.000000    -0.000055    -0.000169    -0.000291    -0.000375    -0.000382    -0.000282    -0.000053     0.000316     0.000829     0.001477     0.002250     0.003127     0.004089     0.005109     0.006163     0.007223     0.008259     0.009242     0.010142     0.010930     0.011580     0.012070     0.012380     0.012500     0.012423     0.012150     0.011688     0.011047     0.010243     0.009298     0.008235     0.007085     0.005882     0.004667     0.003487     0.002392     0.001439     0.000684     0.000185     0.000000
    0.000000    -0.000057    -0.000175    -0.000305    -0.000399    -0.000420    -0.000336    -0.000125     0.000225     0.000716     0.001344     0.002095     0.002952     0.003894     0.004897     0.005935     0.006980     0.008005     0.008980     0.009875     0.010661     0.011313     0.011807     0.012125     0.012256     0.012192     0.011935     0.011489     0.010866     0.010082     0.009156     0.008112     0.006981     0.005797     0.004599     0.003436     0.002357     0.001418     0.000674     0.000183     0.000000
    0.000000    -0.000058    -0.000181    -0.000318    -0.000423    -0.000457    -0.000388    -0.000195     0.000136     0.000607     0.001214     0.001944     0.002781     0.003703     0.004688     0.005711     0.006743     0.007757     0.008723     0.009613     0.010397     0.011050     0.011549     0.011875     0.012016     0.011965     0.011723     0.011293     0.010688     0.009923     0.009015     0.007991     0.006878     0.005712     0.004533     0.003386     0.002323     0.001397     0.000664     0.000180     0.000000
    0.000000    -0.000060    -0.000187    -0.000331    -0.000446    -0.000492    -0.000439    -0.000263     0.000049     0.000500     0.001086     0.001796     0.002613     0.003517     0.004484     0.005491     0.006510     0.007513     0.008471     0.009355     0.010138     0.010792     0.011294     0.011628     0.011779     0.011741     0.011513     0.011100     0.010513     0.009765     0.008877     0.007871     0.006777     0.005629     0.004467     0.003337     0.002289     0.001376     0.000654     0.000177     0.000000
    0.000000    -0.000061    -0.000192    -0.000343    -0.000468    -0.000527    -0.000488    -0.000329    -0.000036     0.000395     0.000961     0.001651     0.002449     0.003334     0.004284     0.005276     0.006281     0.007273     0.008223     0.009103     0.009883     0.010538     0.011045     0.011385     0.011546     0.011520     0.011307     0.010910     0.010340     0.009610     0.008739     0.007752     0.006676     0.005546     0.004401     0.003288     0.002255     0.001355     0.000644     0.000174     0.000000
    0.000000    -0.000062    -0.000197    -0.000355    -0.000489    -0.000560    -0.000536    -0.000394    -0.000119     0.000293     0.000840     0.001510     0.002288     0.003155     0.004089     0.005065     0.006057     0.007039     0.007981     0.008855     0.009633     0.010288     0.010799     0.011146     0.011317     0.011303     0.011104     0.010722     0.010169     0.009456     0.008604     0.007635     0.006577     0.005464     0.004336     0.003239     0.002221     0.001335     0.000634     0.000171     0.000000
    0.000000    -0.000064    -0.000203    -0.000367    -0.000510    -0.000593    -0.000583    -0.000457    -0.000199     0.000194     0.000721     0.001372     0.002131     0.002980     0.003897     0.004858     0.005838     0.006809     0.007743     0.008611     0.009387     0.010043     0.010558     0.010912     0.011091     0.011089     0.010903     0.010537     0.010000     0.009305     0.008470     0.007519     0.006478     0.005383     0.004273     0.003191     0.002188     0.001315     0.000624     0.000169     0.000000
    0.000000    -0.000065    -0.000208    -0.000378    -0.000530    -0.000625    -0.000629    -0.000518    -0.000278     0.000097     0.000605     0.001237     0.001977     0.002809     0.003710     0.004656     0.005623     0.006583     0.007509     0.008373     0.009146     0.009803     0.010321     0.010681     0.010870     0.010879     0.010706     0.010355     0.009834     0.009156     0.008338     0.007404     0.006381     0.005303     0.004209     0.003144     0.002155     0.001295     0.000615     0.000166     0.000000
    0.000000    -0.000066    -0.000212    -0.000389    -0.000550    -0.000656    -0.000673    -0.000578    -0.000355     0.000002     0.000492     0.001105     0.001828     0.002642     0.003526     0.004458     0.005413     0.006363     0.007281     0.008139     0.008909     0.009567     0.010088     0.010454     0.010652     0.010672     0.010513     0.010176     0.009671     0.009009     0.008208     0.007291     0.006286     0.005225     0.004147     0.003097     0.002123     0.001275     0.000605     0.000164     0.000000
    0.000000    -0.000067    -0.000217    -0.000399    -0.000569    -0.000685    -0.000716    -0.000636    -0.000429    -0.000090     0.000382     0.000976     0.001681     0.002478     0.003347     0.004265     0.005207     0.006146     0.007057     0.007909     0.008678     0.009335     0.009860     0.010232     0.010438     0.010469     0.010322     0.010000     0.009509     0.008864     0.008080     0.007180     0.006191     0.005147     0.004085     0.003051     0.002091     0.001256     0.000596     0.000161     0.000000
    0.000000    -0.000068    -0.000221    -0.000410    -0.000587    -0.000714    -0.000757    -0.000692    -0.000502    -0.000179     0.000274     0.000851     0.001538     0.002319     0.003172     0.004076     0.005005     0.005935     0.006837     0.007685     0.008450     0.009108     0.009636     0.010014     0.010228     0.010269     0.010134     0.009826     0.009351     0.008721     0.007954     0.007070     0.006098     0.005070     0.004024     0.003005     0.002060     0.001237     0.000587     0.000158     0.000000
    0.000000    -0.000069    -0.000226    -0.000420    -0.000605    -0.000742    -0.000798    -0.000747    -0.000572    -0.000267     0.000169     0.000729     0.001399     0.002163     0.003001     0.003891     0.004808     0.005728     0.006623     0.007465     0.008228     0.008886     0.009416     0.009799     0.010021     0.010073     0.009950     0.009655     0.009195     0.008581     0.007829     0.006962     0.006006     0.004994     0.003965     0.002960     0.002029     0.001218     0.000578     0.000156     0.000000
    0.000000    -0.000070    -0.000230    -0.000429    -0.000622    -0.000770    -0.000837    -0.000800    -0.000640    -0.000351     0.000067     0.000610     0.001263     0.002011     0.002834     0.003710     0.004616     0.005525     0.006412     0.007250     0.008010     0.008668     0.009201     0.009589     0.009819     0.009880     0.009769     0.009487     0.009041     0.008442     0.007706     0.006855     0.005915     0.004919     0.003905     0.002916     0.001998     0.001200     0.000569     0.000153     0.000000
    0.000000    -0.000071    -0.000234    -0.000438    -0.000639    -0.000796    -0.000875    -0.000851    -0.000707    -0.000434    -0.000032     0.000494     0.001130     0.001862     0.002671     0.003534     0.004428     0.005327     0.006207     0.007039     0.007796     0.008454     0.008990     0.009383     0.009620     0.009691     0.009591     0.009322     0.008890     0.008306     0.007586     0.006750     0.005826     0.004846     0.003847     0.002873     0.001968     0.001181     0.000560     0.000151     0.000000
    0.000000    -0.000072    -0.000238    -0.000447    -0.000655    -0.000821    -0.000912    -0.000901    -0.000772    -0.000514    -0.000128     0.000381     0.001001     0.001718     0.002511     0.003361     0.004244     0.005134     0.006006     0.006832     0.007587     0.008245     0.008783     0.009181     0.009425     0.009505     0.009416     0.009160     0.008742     0.008172     0.007467     0.006647     0.005738     0.004773     0.003790     0.002830     0.001938     0.001163     0.000551     0.000149     0.000000
    0.000000    -0.000073    -0.000241    -0.000456    -0.000671    -0.000846    -0.000948    -0.000950    -0.000834    -0.000592    -0.000222     0.000271     0.000875     0.001577     0.002356     0.003193     0.004064     0.004945     0.005809     0.006631     0.007383     0.008040     0.008580     0.008983     0.009234     0.009323     0.009245     0.009001     0.008596     0.008040     0.007350     0.006545     0.005652     0.004702     0.003733     0.002787     0.001909     0.001146     0.000543     0.000146     0.000000
    0.000000    -0.000074    -0.000245    -0.000464    -0.000686    -0.000870    -0.000982    -0.000997    -0.000895    -0.000668    -0.000314     0.000163     0.000753     0.001439     0.002205     0.003029     0.003889     0.004760     0.005617     0.006434     0.007183     0.007840     0.008382     0.008789     0.009046     0.009144     0.009077     0.008845     0.008453     0.007911     0.007235     0.006445     0.005566     0.004632     0.003677     0.002746     0.001880     0.001128     0.000535     0.000144     0.000000
    0.000000    -0.000075    -0.000248    -0.000472    -0.000700    -0.000892    -0.001015    -0.001042    -0.000954    -0.000742    -0.000402     0.000059     0.000633     0.001305     0.002057     0.002869     0.003718     0.004580     0.005430     0.006241     0.006987     0.007644     0.008187     0.008599     0.008863     0.008969     0.008912     0.008691     0.008312     0.007784     0.007122     0.006346     0.005483     0.004562     0.003623     0.002705     0.001852     0.001111     0.000526     0.000142     0.000000
    0.000000    -0.000075    -0.000251    -0.000479    -0.000714    -0.000914    -0.001047    -0.001086    -0.001011    -0.000813    -0.000488    -0.000042     0.000517     0.001175     0.001913     0.002713     0.003551     0.004404     0.005247     0.006053     0.006796     0.007452     0.007997     0.008413     0.008683     0.008797     0.008750     0.008540     0.008174     0.007659     0.007011     0.006249     0.005400     0.004494     0.003569     0.002664     0.001824     0.001094     0.000518     0.000140     0.000000
    0.000000    -0.000076    -0.000254    -0.000486    -0.000727    -0.000936    -0.001079    -0.001128    -0.001067    -0.000882    -0.000572    -0.000140     0.000404     0.001048     0.001773     0.002561     0.003388     0.004232     0.005068     0.005869     0.006609     0.007264     0.007811     0.008231     0.008507     0.008629     0.008591     0.008393     0.008038     0.007536     0.006902     0.006154     0.005319     0.004427     0.003516     0.002625     0.001797     0.001078     0.000510     0.000137     0.000000
    0.000000    -0.000077    -0.000257    -0.000493    -0.000740    -0.000956    -0.001108    -0.001169    -0.001120    -0.000949    -0.000653    -0.000236     0.000295     0.000925     0.001637     0.002413     0.003230     0.004065     0.004893     0.005689     0.006426     0.007081     0.007629     0.008052     0.008334     0.008464     0.008436     0.008248     0.007905     0.007416     0.006794     0.006061     0.005239     0.004362     0.003464     0.002586     0.001770     0.001062     0.000503     0.000135     0.000000
    0.000000    -0.000077    -0.000260    -0.000500    -0.000752    -0.000976    -0.001137    -0.001209    -0.001172    -0.001014    -0.000732    -0.000328     0.000188     0.000805     0.001504     0.002268     0.003075     0.003902     0.004723     0.005514     0.006248     0.006902     0.007452     0.007878     0.008166     0.008303     0.008283     0.008106     0.007774     0.007297     0.006689     0.005969     0.005161     0.004297     0.003413     0.002547     0.001744     0.001046     0.000495     0.000133     0.000000
    0.000000    -0.000078    -0.000263    -0.000506    -0.000764    -0.000995    -0.001165    -0.001247    -0.001222    -0.001077    -0.000808    -0.000418     0.000085     0.000688     0.001375     0.002128     0.002925     0.003742     0.004557     0.005343     0.006074     0.006727     0.007278     0.007708     0.008000     0.008145     0.008134     0.007967     0.007646     0.007181     0.006586     0.005878     0.005084     0.004234     0.003362     0.002510     0.001718     0.001030     0.000488     0.000131     0.000000
    0.000000    -0.000079    -0.000265    -0.000512    -0.000775    -0.001013    -0.001192    -0.001284    -0.001270    -0.001138    -0.000882    -0.000505    -0.000016     0.000574     0.001250     0.001991     0.002778     0.003587     0.004395     0.005176     0.005904     0.006556     0.007108     0.007541     0.007839     0.007990     0.007988     0.007830     0.007521     0.007068     0.006484     0.005790     0.005009     0.004171     0.003313     0.002473     0.001693     0.001015     0.000480     0.000129     0.000000
    0.000000    -0.000079    -0.000267    -0.000518    -0.000785    -0.001030    -0.001217    -0.001320    -0.001317    -0.001196    -0.000953    -0.000590    -0.000113     0.000464     0.001128     0.001858     0.002635     0.003436     0.004237     0.005013     0.005738     0.006389     0.006942     0.007378     0.007681     0.007839     0.007845     0.007697     0.007398     0.006956     0.006385     0.005703     0.004935     0.004110     0.003265     0.002437     0.001668     0.001000     0.000473     0.000127     0.000000
    0.000000    -0.000080    -0.000270    -0.000523    -0.000796    -0.001047    -0.001242    -0.001354    -0.001362    -0.001253    -0.001023    -0.000672    -0.000208     0.000357     0.001009     0.001729     0.002497     0.003289     0.004084     0.004854     0.005577     0.006226     0.006780     0.007219     0.007526     0.007691     0.007704     0.007566     0.007277     0.006847     0.006287     0.005618     0.004862     0.004050     0.003217     0.002401     0.001643     0.000985     0.000466     0.000125     0.000000
    0.000000    -0.000080    -0.000272    -0.000528    -0.000805    -0.001063    -0.001266    -0.001387    -0.001405    -0.001308    -0.001090    -0.000751    -0.000300     0.000254     0.000894     0.001603     0.002362     0.003146     0.003934     0.004700     0.005419     0.006067     0.006622     0.007064     0.007376     0.007546     0.007567     0.007438     0.007159     0.006739     0.006192     0.005534     0.004790     0.003991     0.003170     0.002366     0.001620     0.000971     0.000459     0.000124     0.000000
    0.000000    -0.000080    -0.000274    -0.000533    -0.000814    -0.001078    -0.001288    -0.001418    -0.001447    -0.001361    -0.001154    -0.000828    -0.000388     0.000153     0.000782     0.001481     0.002230     0.003007     0.003788     0.004549     0.005266     0.005913     0.006468     0.006912     0.007228     0.007404     0.007433     0.007312     0.007044     0.006634     0.006098     0.005452     0.004721     0.003933     0.003125     0.002332     0.001596     0.000956     0.000452     0.000122     0.000000
    0.000000    -0.000081    -0.000276    -0.000538    -0.000823    -0.001092    -0.001310    -0.001449    -0.001487    -0.001412    -0.001217    -0.000902    -0.000475     0.000056     0.000674     0.001363     0.002103     0.002872     0.003647     0.004403     0.005116     0.005762     0.006318     0.006764     0.007084     0.007266     0.007302     0.007190     0.006930     0.006532     0.006006     0.005371     0.004652     0.003877     0.003080     0.002299     0.001573     0.000943     0.000446     0.000120     0.000000
    0.000000    -0.000081    -0.000277    -0.000542    -0.000832    -0.001106    -0.001331    -0.001478    -0.001526    -0.001461    -0.001277    -0.000974    -0.000558    -0.000039     0.000569     0.001248     0.001979     0.002740     0.003509     0.004260     0.004970     0.005614     0.006171     0.006619     0.006944     0.007131     0.007174     0.007070     0.006820     0.006431     0.005916     0.005293     0.004585     0.003821     0.003036     0.002266     0.001551     0.000929     0.000439     0.000118     0.000000
    0.000000    -0.000082    -0.000279    -0.000546    -0.000839    -0.001119    -0.001351    -0.001506    -0.001563    -0.001508    -0.001335    -0.001043    -0.000638    -0.000130     0.000467     0.001136     0.001858     0.002612     0.003374     0.004121     0.004828     0.005471     0.006028     0.006478     0.006806     0.006999     0.007049     0.006952     0.006711     0.006332     0.005828     0.005215     0.004519     0.003767     0.002993     0.002234     0.001529     0.000916     0.000433     0.000116     0.000000
    0.000000    -0.000082    -0.000280    -0.000550    -0.000847    -0.001132    -0.001370    -0.001532    -0.001599    -0.001554    -0.001391    -0.001110    -0.000716    -0.000219     0.000368     0.001028     0.001742     0.002488     0.003244     0.003986     0.004690     0.005331     0.005888     0.006341     0.006672     0.006870     0.006926     0.006838     0.006605     0.006236     0.005741     0.005140     0.004454     0.003713     0.002951     0.002202     0.001507     0.000903     0.000427     0.000115     0.000000
    0.000000    -0.000082    -0.000282    -0.000553    -0.000854    -0.001143    -0.001388    -0.001558    -0.001633    -0.001598    -0.001445    -0.001175    -0.000791    -0.000305     0.000272     0.000923     0.001628     0.002367     0.003117     0.003855     0.004555     0.005195     0.005752     0.006207     0.006542     0.006744     0.006807     0.006725     0.006501     0.006141     0.005657     0.005066     0.004391     0.003661     0.002909     0.002172     0.001486     0.000890     0.000421     0.000113     0.000000
    0.000000    -0.000082    -0.000283    -0.000557    -0.000860    -0.001155    -0.001405    -0.001582    -0.001665    -0.001640    -0.001497    -0.001237    -0.000864    -0.000387     0.000180     0.000821     0.001518     0.002250     0.002994     0.003727     0.004424     0.005063     0.005620     0.006076     0.006414     0.006622     0.006690     0.006616     0.006400     0.006049     0.005574     0.004993     0.004329     0.003610     0.002869     0.002142     0.001465     0.000878     0.000415     0.000112     0.000000
    0.000000    -0.000083    -0.000284    -0.000560    -0.000866    -0.001165    -0.001421    -0.001606    -0.001697    -0.001680    -0.001547    -0.001297    -0.000934    -0.000468     0.000090     0.000723     0.001412     0.002136     0.002875     0.003603     0.004297     0.004934     0.005491     0.005949     0.006290     0.006502     0.006576     0.006509     0.006301     0.005959     0.005493     0.004922     0.004269     0.003560     0.002829     0.002112     0.001445     0.000866     0.000409     0.000110     0.000000
    0.000000    -0.000083    -0.000285    -0.000563    -0.000872    -0.001175    -0.001436    -0.001628    -0.001727    -0.001719    -0.001595    -0.001355    -0.001002    -0.000545     0.000003     0.000627     0.001308     0.002026     0.002759     0.003482     0.004174     0.004809     0.005366     0.005825     0.006169     0.006385     0.006465     0.006404     0.006204     0.005870     0.005414     0.004853     0.004209     0.003511     0.002791     0.002083     0.001425     0.000854     0.000404     0.000109     0.000000
    0.000000    -0.000083    -0.000286    -0.000565    -0.000878    -0.001184    -0.001451    -0.001649    -0.001755    -0.001756    -0.001641    -0.001411    -0.001067    -0.000620    -0.000080     0.000535     0.001208     0.001919     0.002646     0.003365     0.004053     0.004687     0.005244     0.005704     0.006051     0.006271     0.006356     0.006302     0.006109     0.005784     0.005337     0.004785     0.004151     0.003463     0.002753     0.002055     0.001406     0.000842     0.000398     0.000107     0.000000
    0.000000    -0.000083    -0.000287    -0.000567    -0.000883    -0.001193    -0.001465    -0.001669    -0.001783    -0.001791    -0.001686    -0.001464    -0.001130    -0.000692    -0.000161     0.000446     0.001111     0.001816     0.002537     0.003251     0.003936     0.004568     0.005125     0.005586     0.005936     0.006160     0.006250     0.006203     0.006017     0.005699     0.005261     0.004719     0.004095     0.003416     0.002716     0.002027     0.001387     0.000831     0.000393     0.000106     0.000000
    0.000000    -0.000083    -0.000288    -0.000570    -0.000887    -0.001201    -0.001478    -0.001688    -0.001809    -0.001825    -0.001728    -0.001515    -0.001191    -0.000761    -0.000240     0.000359     0.001017     0.001715     0.002431     0.003141     0.003823     0.004453     0.005009     0.005472     0.005824     0.006052     0.006147     0.006105     0.005927     0.005617     0.005187     0.004654     0.004039     0.003370     0.002680     0.002000     0.001369     0.000820     0.000388     0.000104     0.000000
    0.000000    -0.000083    -0.000288    -0.000572    -0.000891    -0.001209    -0.001490    -0.001706    -0.001833    -0.001857    -0.001769    -0.001565    -0.001249    -0.000828    -0.000315     0.000276     0.000927     0.001618     0.002328     0.003034     0.003713     0.004341     0.004897     0.005360     0.005714     0.005946     0.006046     0.006010     0.005838     0.005536     0.005115     0.004590     0.003985     0.003326     0.002644     0.001974     0.001351     0.000809     0.000382     0.000103     0.000000
    0.000000    -0.000083    -0.000289    -0.000573    -0.000895    -0.001216    -0.001501    -0.001723    -0.001857    -0.001888    -0.001808    -0.001612    -0.001305    -0.000893    -0.000388     0.000195     0.000839     0.001524     0.002229     0.002930     0.003606     0.004232     0.004787     0.005252     0.005608     0.005843     0.005948     0.005918     0.005752     0.005458     0.005044     0.004528     0.003932     0.003282     0.002609     0.001948     0.001333     0.000799     0.000378     0.000101     0.000000
    0.000000    -0.000083    -0.000289    -0.000575    -0.000899    -0.001223    -0.001512    -0.001739    -0.001879    -0.001918    -0.001845    -0.001658    -0.001358    -0.000955    -0.000458     0.000117     0.000754     0.001433     0.002132     0.002830     0.003502     0.004127     0.004681     0.005146     0.005505     0.005743     0.005852     0.005827     0.005668     0.005381     0.004975     0.004467     0.003880     0.003239     0.002576     0.001923     0.001316     0.000788     0.000373     0.000100     0.000000
    0.000000    -0.000083    -0.000290    -0.000576    -0.000902    -0.001229    -0.001522    -0.001754    -0.001900    -0.001946    -0.001880    -0.001701    -0.001410    -0.001015    -0.000526     0.000042     0.000672     0.001345     0.002039     0.002732     0.003401     0.004024     0.004578     0.005044     0.005404     0.005645     0.005759     0.005739     0.005586     0.005306     0.004908     0.004408     0.003829     0.003197     0.002543     0.001899     0.001299     0.000778     0.000368     0.000099     0.000000
    0.000000    -0.000083    -0.000290    -0.000577    -0.000905    -0.001234    -0.001531    -0.001768    -0.001920    -0.001972    -0.001914    -0.001743    -0.001460    -0.001072    -0.000591    -0.000030     0.000593     0.001260     0.001948     0.002638     0.003304     0.003924     0.004478     0.004944     0.005306     0.005550     0.005668     0.005653     0.005506     0.005232     0.004842     0.004350     0.003780     0.003156     0.002510     0.001875     0.001283     0.000768     0.000363     0.000098     0.000000
    0.000000    -0.000083    -0.000290    -0.000578    -0.000907    -0.001239    -0.001540    -0.001781    -0.001939    -0.001997    -0.001946    -0.001782    -0.001507    -0.001127    -0.000654    -0.000100     0.000517     0.001177     0.001861     0.002546     0.003209     0.003828     0.004380     0.004847     0.005211     0.005458     0.005579     0.005569     0.005428     0.005161     0.004777     0.004294     0.003731     0.003116     0.002479     0.001851     0.001267     0.000759     0.000359     0.000096     0.000000
    0.000000    -0.000083    -0.000290    -0.000579    -0.000909    -0.001244    -0.001548    -0.001793    -0.001957    -0.002021    -0.001977    -0.001820    -0.001553    -0.001180    -0.000714    -0.000167     0.000443     0.001098     0.001777     0.002457     0.003117     0.003734     0.004286     0.004753     0.005118     0.005368     0.005493     0.005488     0.005352     0.005091     0.004715     0.004239     0.003684     0.003077     0.002448     0.001828     0.001251     0.000750     0.000354     0.000095     0.000000
    0.000000    -0.000083    -0.000290    -0.000579    -0.000911    -0.001248    -0.001555    -0.001805    -0.001973    -0.002044    -0.002006    -0.001857    -0.001596    -0.001231    -0.000772    -0.000232     0.000372     0.001021     0.001695     0.002372     0.003029     0.003643     0.004194     0.004661     0.005028     0.005280     0.005409     0.005408     0.005278     0.005023     0.004653     0.004185     0.003638     0.003039     0.002418     0.001806     0.001236     0.000741     0.000350     0.000094     0.000000
    0.000000    -0.000083    -0.000290    -0.000580    -0.000913    -0.001251    -0.001562    -0.001815    -0.001989    -0.002065    -0.002034    -0.001891    -0.001638    -0.001280    -0.000827    -0.000294     0.000303     0.000947     0.001616     0.002289     0.002942     0.003555     0.004105     0.004572     0.004940     0.005195     0.005327     0.005331     0.005206     0.004957     0.004594     0.004132     0.003593     0.003002     0.002389     0.001784     0.001221     0.000732     0.000346     0.000093     0.000000
    0.000000    -0.000083    -0.000290    -0.000580    -0.000914    -0.001254    -0.001568    -0.001825    -0.002003    -0.002085    -0.002060    -0.001924    -0.001677    -0.001326    -0.000881    -0.000354     0.000237     0.000875     0.001540     0.002208     0.002859     0.003470     0.004019     0.004486     0.004855     0.005112     0.005247     0.005255     0.005135     0.004892     0.004535     0.004081     0.003549     0.002966     0.002360     0.001763     0.001207     0.000723     0.000342     0.000092     0.000000
    0.000000    -0.000083    -0.000290    -0.000580    -0.000915    -0.001257    -0.001573    -0.001834    -0.002017    -0.002104    -0.002085    -0.001955    -0.001715    -0.001371    -0.000932    -0.000412     0.000174     0.000806     0.001466     0.002131     0.002778     0.003387     0.003935     0.004402     0.004772     0.005031     0.005170     0.005182     0.005066     0.004829     0.004478     0.004030     0.003506     0.002930     0.002332     0.001742     0.001193     0.000715     0.000338     0.000091     0.000000
    0.000000    -0.000083    -0.000289    -0.000580    -0.000916    -0.001260    -0.001578    -0.001842    -0.002029    -0.002122    -0.002108    -0.001985    -0.001751    -0.001414    -0.000981    -0.000467     0.000113     0.000740     0.001395     0.002056     0.002700     0.003307     0.003853     0.004321     0.004692     0.004953     0.005094     0.005110     0.004999     0.004767     0.004423     0.003982     0.003464     0.002896     0.002305     0.001722     0.001179     0.000706     0.000334     0.000090     0.000000
    0.000000    -0.000082    -0.000289    -0.000580    -0.000916    -0.001261    -0.001582    -0.001850    -0.002041    -0.002138    -0.002130    -0.002013    -0.001786    -0.001454    -0.001028    -0.000520     0.000054     0.000676     0.001326     0.001983     0.002625     0.003229     0.003775     0.004242     0.004614     0.004877     0.005021     0.005040     0.004934     0.004707     0.004368     0.003934     0.003423     0.002862     0.002278     0.001702     0.001165     0.000698     0.000330     0.000089     0.000000
    0.000000    -0.000082    -0.000288    -0.000579    -0.000916    -0.001263    -0.001586    -0.001857    -0.002052    -0.002154    -0.002151    -0.002039    -0.001818    -0.001493    -0.001073    -0.000571    -0.000003     0.000614     0.001260     0.001913     0.002552     0.003154     0.003698     0.004165     0.004538     0.004803     0.004949     0.004972     0.004870     0.004648     0.004316     0.003887     0.003383     0.002829     0.002252     0.001683     0.001152     0.000691     0.000327     0.000088     0.000000
    0.000000    -0.000082    -0.000288    -0.000579    -0.000916    -0.001264    -0.001589    -0.001863    -0.002062    -0.002168    -0.002171    -0.002064    -0.001849    -0.001530    -0.001116    -0.000620    -0.000057     0.000555     0.001196     0.001846     0.002481     0.003081     0.003624     0.004091     0.004464     0.004731     0.004880     0.004906     0.004809     0.004591     0.004264     0.003842     0.003344     0.002797     0.002227     0.001664     0.001140     0.000683     0.000323     0.000087     0.000000
    0.000000    -0.000082    -0.000287    -0.000578    -0.000916    -0.001265    -0.001592    -0.001868    -0.002070    -0.002181    -0.002189    -0.002088    -0.001879    -0.001565    -0.001157    -0.000667    -0.000109     0.000498     0.001135     0.001781     0.002413     0.003011     0.003553     0.004019     0.004393     0.004661     0.004812     0.004842     0.004748     0.004536     0.004214     0.003797     0.003307     0.002766     0.002202     0.001646     0.001127     0.000676     0.000320     0.000086     0.000000
    0.000000    -0.000081    -0.000287    -0.000577    -0.000915    -0.001265    -0.001594    -0.001873    -0.002079    -0.002193    -0.002206    -0.002110    -0.001906    -0.001599    -0.001197    -0.000712    -0.000159     0.000443     0.001076     0.001718     0.002347     0.002943     0.003483     0.003949     0.004324     0.004593     0.004746     0.004779     0.004689     0.004481     0.004165     0.003754     0.003270     0.002735     0.002178     0.001628     0.001115     0.000669     0.000316     0.000085     0.000000
    0.000000    -0.000081    -0.000286    -0.000576    -0.000915    -0.001265    -0.001595    -0.001877    -0.002086    -0.002205    -0.002222    -0.002131    -0.001933    -0.001631    -0.001234    -0.000754    -0.000207     0.000390     0.001019     0.001657     0.002284     0.002877     0.003416     0.003882     0.004256     0.004527     0.004683     0.004718     0.004632     0.004429     0.004117     0.003712     0.003233     0.002705     0.002154     0.001611     0.001103     0.000662     0.000313     0.000084     0.000000
    0.000000    -0.000081    -0.000285    -0.000575    -0.000914    -0.001265    -0.001597    -0.001880    -0.002092    -0.002215    -0.002237    -0.002151    -0.001958    -0.001661    -0.001270    -0.000795    -0.000253     0.000340     0.000964     0.001599     0.002222     0.002813     0.003351     0.003816     0.004191     0.004463     0.004620     0.004659     0.004576     0.004377     0.004070     0.003671     0.003198     0.002676     0.002132     0.001594     0.001092     0.000655     0.000310     0.000083     0.000000
    0.000000    -0.000081    -0.000285    -0.000574    -0.000912    -0.001264    -0.001597    -0.001883    -0.002098    -0.002224    -0.002250    -0.002169    -0.001981    -0.001690    -0.001303    -0.000834    -0.000297     0.000291     0.000911     0.001542     0.002163     0.002752     0.003288     0.003752     0.004128     0.004400     0.004560     0.004601     0.004522     0.004327     0.004025     0.003631     0.003164     0.002648     0.002109     0.001577     0.001081     0.000648     0.000307     0.000083     0.000000
    0.000000    -0.000080    -0.000284    -0.000573    -0.000911    -0.001263    -0.001598    -0.001885    -0.002103    -0.002233    -0.002263    -0.002186    -0.002003    -0.001717    -0.001336    -0.000872    -0.000339     0.000245     0.000861     0.001488     0.002106     0.002693     0.003227     0.003691     0.004066     0.004340     0.004501     0.004545     0.004469     0.004278     0.003981     0.003592     0.003130     0.002620     0.002087     0.001561     0.001070     0.000642     0.000304     0.000082     0.000000
    0.000000    -0.000080    -0.000283    -0.000571    -0.000909    -0.001262    -0.001597    -0.001887    -0.002107    -0.002240    -0.002274    -0.002202    -0.002024    -0.001742    -0.001366    -0.000907    -0.000379     0.000200     0.000812     0.001436     0.002051     0.002635     0.003168     0.003631     0.004007     0.004281     0.004444     0.004490     0.004418     0.004230     0.003938     0.003554     0.003098     0.002593     0.002066     0.001545     0.001059     0.000635     0.000301     0.000081     0.000000
    0.000000    -0.000080    -0.000282    -0.000570    -0.000908    -0.001261    -0.001597    -0.001888    -0.002111    -0.002247    -0.002285    -0.002217    -0.002043    -0.001766    -0.001395    -0.000941    -0.000418     0.000157     0.000765     0.001386     0.001998     0.002580     0.003111     0.003573     0.003949     0.004224     0.004389     0.004437     0.004368     0.004184     0.003896     0.003516     0.003066     0.002567     0.002045     0.001530     0.001049     0.000629     0.000298     0.000080     0.000000
    0.000000    -0.000079    -0.000281    -0.000568    -0.000906    -0.001259    -0.001596    -0.001888    -0.002114    -0.002253    -0.002294    -0.002231    -0.002061    -0.001789    -0.001423    -0.000973    -0.000454     0.000116     0.000720     0.001337     0.001946     0.002526     0.003056     0.003517     0.003893     0.004169     0.004335     0.004385     0.004319     0.004139     0.003855     0.003480     0.003035     0.002541     0.002025     0.001515     0.001039     0.000623     0.000295     0.000080     0.000000
    0.000000    -0.000079    -0.000280    -0.000567    -0.000903    -0.001257    -0.001594    -0.001888    -0.002116    -0.002258    -0.002303    -0.002243    -0.002078    -0.001811    -0.001449    -0.001004    -0.000489     0.000077     0.000677     0.001291     0.001897     0.002474     0.003003     0.003463     0.003838     0.004115     0.004282     0.004335     0.004271     0.004095     0.003815     0.003445     0.003004     0.002516     0.002006     0.001501     0.001029     0.000617     0.000292     0.000079     0.000000
    0.000000    -0.000079    -0.000279    -0.000565    -0.000901    -0.001254    -0.001593    -0.001888    -0.002117    -0.002262    -0.002310    -0.002255    -0.002094    -0.001831    -0.001473    -0.001033    -0.000523     0.000039     0.000636     0.001246     0.001849     0.002425     0.002951     0.003411     0.003786     0.004063     0.004231     0.004286     0.004225     0.004052     0.003776     0.003411     0.002975     0.002492     0.001986     0.001486     0.001019     0.000612     0.000290     0.000078     0.000000
    0.000000    -0.000078    -0.000278    -0.000563    -0.000899    -0.001252    -0.001590    -0.001887    -0.002118    -0.002266    -0.002317    -0.002265    -0.002108    -0.001849    -0.001496    -0.001060    -0.000555     0.000004     0.000596     0.001203     0.001804     0.002376     0.002901     0.003360     0.003735     0.004012     0.004182     0.004238     0.004180     0.004010     0.003738     0.003377     0.002946     0.002468     0.001968     0.001473     0.001010     0.000606     0.000287     0.000077     0.000000
    0.000000    -0.000078    -0.000277    -0.000561    -0.000896    -0.001249    -0.001588    -0.001886    -0.002119    -0.002269    -0.002323    -0.002274    -0.002121    -0.001867    -0.001518    -0.001086    -0.000585    -0.000031     0.000558     0.001162     0.001759     0.002330     0.002853     0.003311     0.003685     0.003963     0.004134     0.004192     0.004136     0.003970     0.003701     0.003344     0.002918     0.002445     0.001949     0.001459     0.001001     0.000601     0.000285     0.000077     0.000000
    0.000000    -0.000078    -0.000275    -0.000559    -0.000893    -0.001246    -0.001585    -0.001884    -0.002118    -0.002271    -0.002328    -0.002283    -0.002134    -0.001883    -0.001539    -0.001111    -0.000614    -0.000063     0.000522     0.001122     0.001717     0.002285     0.002807     0.003263     0.003637     0.003915     0.004087     0.004147     0.004094     0.003930     0.003665     0.003312     0.002891     0.002422     0.001932     0.001446     0.000992     0.000595     0.000282     0.000076     0.000000
    0.000000    -0.000077    -0.000274    -0.000557    -0.000890    -0.001242    -0.001582    -0.001881    -0.002118    -0.002272    -0.002332    -0.002290    -0.002145    -0.001898    -0.001558    -0.001134    -0.000641    -0.000094     0.000487     0.001084     0.001676     0.002242     0.002762     0.003217     0.003591     0.003869     0.004042     0.004103     0.004052     0.003891     0.003630     0.003281     0.002864     0.002400     0.001914     0.001433     0.000983     0.000590     0.000280     0.000075     0.000000
    0.000000    -0.000077    -0.000273    -0.000554    -0.000887    -0.001239    -0.001578    -0.001879    -0.002116    -0.002273    -0.002335    -0.002297    -0.002155    -0.001912    -0.001576    -0.001156    -0.000667    -0.000124     0.000454     0.001048     0.001637     0.002200     0.002719     0.003172     0.003545     0.003824     0.003998     0.004061     0.004012     0.003854     0.003595     0.003251     0.002838     0.002378     0.001897     0.001421     0.000975     0.000585     0.000278     0.000075     0.000000
    0.000000    -0.000076    -0.000272    -0.000552    -0.000884    -0.001235    -0.001575    -0.001876    -0.002114    -0.002273    -0.002338    -0.002303    -0.002164    -0.001925    -0.001592    -0.001177    -0.000691    -0.000152     0.000422     0.001013     0.001599     0.002160     0.002677     0.003129     0.003502     0.003780     0.003955     0.004019     0.003972     0.003817     0.003562     0.003221     0.002812     0.002357     0.001881     0.001408     0.000966     0.000580     0.000275     0.000074     0.000000
    0.000000    -0.000076    -0.000270    -0.000550    -0.000881    -0.001231    -0.001571    -0.001872    -0.002112    -0.002273    -0.002340    -0.002307    -0.002172    -0.001937    -0.001608    -0.001196    -0.000715    -0.000179     0.000392     0.000979     0.001563     0.002122     0.002636     0.003088     0.003459     0.003738     0.003913     0.003979     0.003934     0.003781     0.003530     0.003192     0.002788     0.002337     0.001865     0.001396     0.000958     0.000576     0.000273     0.000074     0.000000
    0.000000    -0.000076    -0.000269    -0.000547    -0.000877    -0.001227    -0.001566    -0.001868    -0.002109    -0.002271    -0.002341    -0.002312    -0.002180    -0.001948    -0.001622    -0.001214    -0.000737    -0.000205     0.000363     0.000947     0.001528     0.002084     0.002597     0.003047     0.003418     0.003697     0.003873     0.003940     0.003897     0.003746     0.003498     0.003164     0.002763     0.002317     0.001849     0.001385     0.000950     0.000571     0.000271     0.000073     0.000000
    0.000000    -0.000075    -0.000268    -0.000545    -0.000874    -0.001223    -0.001562    -0.001864    -0.002106    -0.002270    -0.002342    -0.002315    -0.002186    -0.001957    -0.001636    -0.001231    -0.000757    -0.000229     0.000335     0.000916     0.001494     0.002049     0.002559     0.003008     0.003379     0.003657     0.003834     0.003902     0.003860     0.003713     0.003467     0.003137     0.002740     0.002297     0.001834     0.001374     0.000943     0.000567     0.000269     0.000073     0.000000
    0.000000    -0.000075    -0.000266    -0.000542    -0.000870    -0.001218    -0.001557    -0.001859    -0.002102    -0.002268    -0.002342    -0.002317    -0.002191    -0.001966    -0.001648    -0.001247    -0.000777    -0.000252     0.000309     0.000887     0.001462     0.002014     0.002523     0.002971     0.003340     0.003619     0.003795     0.003865     0.003825     0.003679     0.003437     0.003110     0.002717     0.002278     0.001819     0.001362     0.000935     0.000562     0.000267     0.000072     0.000000
    0.000000    -0.000074    -0.000265    -0.000539    -0.000866    -0.001213    -0.001552    -0.001855    -0.002098    -0.002265    -0.002341    -0.002319    -0.002196    -0.001974    -0.001660    -0.001262    -0.000795    -0.000274     0.000284     0.000859     0.001431     0.001981     0.002488     0.002934     0.003303     0.003581     0.003758     0.003829     0.003790     0.003647     0.003407     0.003084     0.002694     0.002260     0.001804     0.001352     0.000928     0.000558     0.000265     0.000072     0.000000
    0.000000    -0.000074    -0.000263    -0.000537    -0.000862    -0.001209    -0.001547    -0.001849    -0.002094    -0.002262    -0.002340    -0.002320    -0.002200    -0.001981    -0.001670    -0.001276    -0.000812    -0.000295     0.000260     0.000832     0.001402     0.001949     0.002454     0.002899     0.003267     0.003545     0.003722     0.003793     0.003757     0.003616     0.003379     0.003058     0.002672     0.002242     0.001790     0.001341     0.000921     0.000554     0.000263     0.000071     0.000000
    0.000000    -0.000073    -0.000262    -0.000534    -0.000858    -0.001204    -0.001541    -0.001844    -0.002089    -0.002258    -0.002338    -0.002321    -0.002203    -0.001987    -0.001679    -0.001289    -0.000829    -0.000314     0.000237     0.000806     0.001373     0.001918     0.002421     0.002865     0.003232     0.003509     0.003687     0.003759     0.003724     0.003585     0.003351     0.003033     0.002651     0.002224     0.001776     0.001331     0.000914     0.000549     0.000261     0.000070     0.000000
    0.000000    -0.000073    -0.000260    -0.000531    -0.000854    -0.001199    -0.001535    -0.001838    -0.002084    -0.002254    -0.002336    -0.002321    -0.002206    -0.001993    -0.001688    -0.001301    -0.000844    -0.000333     0.000215     0.000782     0.001346     0.001888     0.002390     0.002832     0.003198     0.003475     0.003653     0.003726     0.003692     0.003555     0.003323     0.003009     0.002630     0.002207     0.001762     0.001321     0.000907     0.000545     0.000259     0.000070     0.000000
    0.000000    -0.000072    -0.000259    -0.000528    -0.000850    -0.001193    -0.001529    -0.001832    -0.002078    -0.002249    -0.002333    -0.002320    -0.002207    -0.001997    -0.001696    -0.001312    -0.000858    -0.000350     0.000195     0.000758     0.001320     0.001860     0.002359     0.002800     0.003165     0.003442     0.003620     0.003694     0.003661     0.003526     0.003297     0.002985     0.002609     0.002190     0.001749     0.001311     0.000901     0.000542     0.000257     0.000070     0.000000
    0.000000    -0.000072    -0.000257    -0.000526    -0.000846    -0.001188    -0.001523    -0.001826    -0.002072    -0.002245    -0.002329    -0.002318    -0.002209    -0.002001    -0.001702    -0.001322    -0.000871    -0.000366     0.000175     0.000736     0.001295     0.001832     0.002330     0.002769     0.003133     0.003409     0.003588     0.003662     0.003631     0.003498     0.003270     0.002962     0.002589     0.002173     0.001736     0.001301     0.000894     0.000538     0.000255     0.000069     0.000000
    0.000000    -0.000072    -0.000256    -0.000523    -0.000842    -0.001183    -0.001517    -0.001819    -0.002066    -0.002239    -0.002325    -0.002316    -0.002209    -0.002004    -0.001708    -0.001331    -0.000883    -0.000382     0.000157     0.000714     0.001270     0.001806     0.002302     0.002739     0.003102     0.003378     0.003556     0.003631     0.003601     0.003470     0.003245     0.002939     0.002570     0.002157     0.001723     0.001292     0.000888     0.000534     0.000254     0.000069     0.000000
    0.000000    -0.000071    -0.000254    -0.000520    -0.000837    -0.001177    -0.001511    -0.001812    -0.002059    -0.002233    -0.002321    -0.002314    -0.002209    -0.002007    -0.001714    -0.001339    -0.000895    -0.000396     0.000139     0.000694     0.001247     0.001781     0.002274     0.002710     0.003072     0.003347     0.003526     0.003601     0.003573     0.003443     0.003220     0.002917     0.002551     0.002141     0.001711     0.001283     0.000882     0.000530     0.000252     0.000068     0.000000
    0.000000    -0.000071    -0.000253    -0.000517    -0.000833    -0.001171    -0.001504    -0.001805    -0.002052    -0.002227    -0.002316    -0.002311    -0.002208    -0.002008    -0.001718    -0.001346    -0.000905    -0.000410     0.000123     0.000674     0.001225     0.001756     0.002248     0.002682     0.003043     0.003318     0.003496     0.003572     0.003545     0.003417     0.003196     0.002896     0.002532     0.002126     0.001699     0.001274     0.000875     0.000527     0.000250     0.000068     0.000000
    0.000000    -0.000070    -0.000251    -0.000514    -0.000828    -0.001166    -0.001497    -0.001798    -0.002045    -0.002221    -0.002311    -0.002307    -0.002206    -0.002010    -0.001722    -0.001353    -0.000915    -0.000423     0.000107     0.000656     0.001204     0.001733     0.002222     0.002655     0.003015     0.003289     0.003467     0.003544     0.003517     0.003391     0.003172     0.002875     0.002514     0.002111     0.001687     0.001265     0.000870     0.000523     0.000249     0.000067     0.000000
    0.000000    -0.000070    -0.000250    -0.000511    -0.000824    -0.001160    -0.001490    -0.001791    -0.002038    -0.002214    -0.002305    -0.002303    -0.002205    -0.002010    -0.001725    -0.001359    -0.000924    -0.000435     0.000092     0.000638     0.001184     0.001710     0.002198     0.002629     0.002988     0.003261     0.003439     0.003516     0.003491     0.003366     0.003149     0.002854     0.002496     0.002096     0.001675     0.001256     0.000864     0.000520     0.000247     0.000067     0.000000
    0.000000    -0.000069    -0.000248    -0.000508    -0.000819    -0.001154    -0.001483    -0.001783    -0.002030    -0.002207    -0.002299    -0.002299    -0.002202    -0.002010    -0.001728    -0.001365    -0.000932    -0.000446     0.000078     0.000621     0.001164     0.001688     0.002174     0.002603     0.002961     0.003234     0.003412     0.003489     0.003464     0.003341     0.003127     0.002834     0.002479     0.002082     0.001664     0.001248     0.000858     0.000516     0.000245     0.000066     0.000000
    0.000000    -0.000069    -0.000247    -0.000505    -0.000815    -0.001148    -0.001476    -0.001775    -0.002022    -0.002199    -0.002293    -0.002294    -0.002199    -0.002009    -0.001730    -0.001369    -0.000940    -0.000456     0.000065     0.000605     0.001146     0.001667     0.002151     0.002579     0.002935     0.003207     0.003385     0.003463     0.003439     0.003317     0.003104     0.002814     0.002462     0.002067     0.001653     0.001240     0.000853     0.000513     0.000244     0.000066     0.000000
    0.000000    -0.000068    -0.000245    -0.000502    -0.000810    -0.001142    -0.001469    -0.001767    -0.002014    -0.002192    -0.002286    -0.002289    -0.002196    -0.002008    -0.001731    -0.001373    -0.000947    -0.000466     0.000052     0.000590     0.001128     0.001647     0.002129     0.002555     0.002910     0.003182     0.003359     0.003437     0.003414     0.003293     0.003083     0.002795     0.002445     0.002054     0.001642     0.001232     0.000847     0.000510     0.000242     0.000066     0.000000
    0.000000    -0.000068    -0.000243    -0.000499    -0.000805    -0.001135    -0.001462    -0.001759    -0.002006    -0.002184    -0.002279    -0.002283    -0.002192    -0.002006    -0.001732    -0.001376    -0.000953    -0.000475     0.000041     0.000576     0.001111     0.001628     0.002107     0.002532     0.002886     0.003156     0.003334     0.003412     0.003390     0.003270     0.003062     0.002776     0.002429     0.002040     0.001631     0.001224     0.000842     0.000507     0.000241     0.000065     0.000000
    0.000000    -0.000067    -0.000242    -0.000496    -0.000801    -0.001129    -0.001454    -0.001751    -0.001998    -0.002176    -0.002272    -0.002277    -0.002187    -0.002004    -0.001732    -0.001379    -0.000958    -0.000483     0.000029     0.000562     0.001095     0.001609     0.002087     0.002510     0.002862     0.003132     0.003309     0.003388     0.003366     0.003248     0.003041     0.002757     0.002413     0.002027     0.001620     0.001216     0.000836     0.000504     0.000240     0.000065     0.000000
    0.000000    -0.000067    -0.000240    -0.000492    -0.000796    -0.001123    -0.001447    -0.001743    -0.001989    -0.002167    -0.002264    -0.002270    -0.002183    -0.002001    -0.001731    -0.001381    -0.000963    -0.000491     0.000019     0.000549     0.001079     0.001591     0.002067     0.002488     0.002840     0.003108     0.003285     0.003364     0.003343     0.003226     0.003021     0.002739     0.002397     0.002014     0.001610     0.001209     0.000831     0.000501     0.000238     0.000064     0.000000
    0.000000    -0.000066    -0.000239    -0.000489    -0.000791    -0.001117    -0.001439    -0.001734    -0.001980    -0.002158    -0.002256    -0.002264    -0.002177    -0.001998    -0.001731    -0.001383    -0.000967    -0.000498     0.000009     0.000536     0.001064     0.001574     0.002048     0.002467     0.002817     0.003085     0.003262     0.003340     0.003320     0.003204     0.003001     0.002721     0.002382     0.002001     0.001600     0.001201     0.000826     0.000498     0.000237     0.000064     0.000000
    0.000000    -0.000066    -0.000237    -0.000486    -0.000786    -0.001110    -0.001432    -0.001726    -0.001971    -0.002150    -0.002248    -0.002256    -0.002172    -0.001995    -0.001729    -0.001384    -0.000971    -0.000504     0.000000     0.000525     0.001050     0.001558     0.002029     0.002447     0.002796     0.003063     0.003239     0.003317     0.003298     0.003183     0.002981     0.002704     0.002366     0.001988     0.001590     0.001194     0.000821     0.000495     0.000235     0.000064     0.000000
    0.000000    -0.000065    -0.000235    -0.000483    -0.000782    -0.001104    -0.001424    -0.001717    -0.001962    -0.002140    -0.002239    -0.002249    -0.002166    -0.001991    -0.001727    -0.001385    -0.000974    -0.000510    -0.000008     0.000513     0.001036     0.001542     0.002011     0.002427     0.002775     0.003041     0.003216     0.003295     0.003276     0.003163     0.002962     0.002687     0.002352     0.001976     0.001580     0.001187     0.000816     0.000492     0.000234     0.000063     0.000000
    0.000000    -0.000065    -0.000234    -0.000480    -0.000777    -0.001097    -0.001416    -0.001708    -0.001953    -0.002131    -0.002230    -0.002241    -0.002160    -0.001986    -0.001725    -0.001385    -0.000977    -0.000516    -0.000016     0.000503     0.001023     0.001526     0.001994     0.002408     0.002754     0.003019     0.003194     0.003273     0.003255     0.003142     0.002943     0.002670     0.002337     0.001964     0.001571     0.001180     0.000812     0.000489     0.000233     0.000063     0.000000
    0.000000    -0.000064    -0.000232    -0.000477    -0.000772    -0.001091    -0.001408    -0.001699    -0.001943    -0.002122    -0.002221    -0.002233    -0.002153    -0.001982    -0.001723    -0.001385    -0.000979    -0.000520    -0.000024     0.000493     0.001011     0.001512     0.001977     0.002389     0.002734     0.002999     0.003173     0.003252     0.003234     0.003123     0.002925     0.002653     0.002323     0.001952     0.001562     0.001173     0.000807     0.000486     0.000231     0.000063     0.000000
    0.000000    -0.000064    -0.000231    -0.000474    -0.000767    -0.001084    -0.001400    -0.001690    -0.001934    -0.002112    -0.002212    -0.002225    -0.002146    -0.001976    -0.001720    -0.001384    -0.000981    -0.000525    -0.000031     0.000483     0.000999     0.001497     0.001961     0.002371     0.002715     0.002978     0.003152     0.003231     0.003214     0.003103     0.002907     0.002637     0.002309     0.001940     0.001552     0.001166     0.000802     0.000483     0.000230     0.000062     0.000000
    0.000000    -0.000064    -0.000229    -0.000470    -0.000762    -0.001078    -0.001392    -0.001681    -0.001924    -0.002102    -0.002203    -0.002217    -0.002139    -0.001971    -0.001716    -0.001383    -0.000982    -0.000529    -0.000037     0.000474     0.000987     0.001484     0.001945     0.002354     0.002696     0.002958     0.003132     0.003211     0.003194     0.003084     0.002889     0.002621     0.002295     0.001929     0.001543     0.001159     0.000798     0.000481     0.000229     0.000062     0.000000
    0.000000    -0.000063    -0.000227    -0.000467    -0.000757    -0.001071    -0.001384    -0.001672    -0.001914    -0.002092    -0.002193    -0.002208    -0.002132    -0.001965    -0.001713    -0.001382    -0.000983    -0.000532    -0.000043     0.000466     0.000976     0.001470     0.001929     0.002337     0.002678     0.002939     0.003112     0.003191     0.003174     0.003065     0.002872     0.002606     0.002282     0.001918     0.001534     0.001152     0.000793     0.000478     0.000228     0.000062     0.000000
    0.000000    -0.000063    -0.000226    -0.000464    -0.000752    -0.001065    -0.001376    -0.001663    -0.001904    -0.002082    -0.002184    -0.002199    -0.002124    -0.001959    -0.001709    -0.001380    -0.000984    -0.000535    -0.000049     0.000458     0.000966     0.001458     0.001915     0.002320     0.002660     0.002920     0.003092     0.003171     0.003155     0.003047     0.002855     0.002590     0.002268     0.001907     0.001526     0.001146     0.000789     0.000476     0.000226     0.000061     0.000000
    0.000000    -0.000062    -0.000224    -0.000461    -0.000748    -0.001058    -0.001368    -0.001654    -0.001894    -0.002072    -0.002174    -0.002190    -0.002117    -0.001953    -0.001704    -0.001378    -0.000984    -0.000538    -0.000054     0.000450     0.000956     0.001445     0.001900     0.002304     0.002642     0.002901     0.003073     0.003152     0.003136     0.003029     0.002838     0.002575     0.002255     0.001896     0.001517     0.001140     0.000785     0.000473     0.000225     0.000061     0.000000
    0.000000    -0.000062    -0.000223    -0.000458    -0.000743    -0.001052    -0.001360    -0.001644    -0.001884    -0.002062    -0.002164    -0.002181    -0.002108    -0.001947    -0.001700    -0.001375    -0.000984    -0.000540    -0.000059     0.000443     0.000946     0.001433     0.001886     0.002289     0.002625     0.002883     0.003054     0.003133     0.003118     0.003011     0.002822     0.002560     0.002242     0.001885     0.001508     0.001133     0.000780     0.000470     0.000224     0.000061     0.000000
    0.000000    -0.000061    -0.000221    -0.000455    -0.000738    -0.001045    -0.001352    -0.001635    -0.001874    -0.002052    -0.002154    -0.002171    -0.002100    -0.001940    -0.001695    -0.001372    -0.000984    -0.000542    -0.000063     0.000436     0.000937     0.001422     0.001873     0.002273     0.002608     0.002866     0.003036     0.003114     0.003099     0.002994     0.002806     0.002546     0.002230     0.001874     0.001500     0.001127     0.000776     0.000468     0.000223     0.000060     0.000000
    0.000000    -0.000061    -0.000219    -0.000452    -0.000733    -0.001038    -0.001344    -0.001626    -0.001864    -0.002041    -0.002143    -0.002162    -0.002092    -0.001933    -0.001690    -0.001369    -0.000983    -0.000544    -0.000067     0.000429     0.000928     0.001411     0.001860     0.002258     0.002592     0.002848     0.003018     0.003096     0.003081     0.002977     0.002790     0.002531     0.002217     0.001864     0.001492     0.001121     0.000772     0.000465     0.000222     0.000060     0.000000
    0.000000    -0.000060    -0.000218    -0.000449    -0.000728    -0.001032    -0.001336    -0.001616    -0.001854    -0.002031    -0.002133    -0.002152    -0.002083    -0.001926    -0.001684    -0.001366    -0.000982    -0.000545    -0.000071     0.000423     0.000920     0.001400     0.001847     0.002244     0.002576     0.002831     0.003000     0.003078     0.003064     0.002960     0.002774     0.002517     0.002205     0.001854     0.001484     0.001115     0.000768     0.000463     0.000220     0.000060     0.000000
    0.000000    -0.000060    -0.000216    -0.000446    -0.000723    -0.001025    -0.001327    -0.001607    -0.001844    -0.002020    -0.002123    -0.002142    -0.002074    -0.001918    -0.001679    -0.001362    -0.000980    -0.000546    -0.000074     0.000417     0.000911     0.001390     0.001835     0.002230     0.002560     0.002815     0.002983     0.003061     0.003046     0.002943     0.002758     0.002503     0.002193     0.001844     0.001476     0.001109     0.000764     0.000460     0.000219     0.000059     0.000000
    0.000000    -0.000059    -0.000215    -0.000442    -0.000719    -0.001019    -0.001319    -0.001598    -0.001833    -0.002009    -0.002112    -0.002132    -0.002065    -0.001911    -0.001673    -0.001358    -0.000979    -0.000546    -0.000077     0.000412     0.000904     0.001380     0.001823     0.002216     0.002545     0.002798     0.002966     0.003044     0.003029     0.002927     0.002743     0.002490     0.002181     0.001834     0.001468     0.001103     0.000760     0.000458     0.000218     0.000059     0.000000
    0.000000    -0.000059    -0.000213    -0.000439    -0.000714    -0.001012    -0.001311    -0.001588    -0.001823    -0.001999    -0.002102    -0.002122    -0.002056    -0.001903    -0.001667    -0.001354    -0.000977    -0.000547    -0.000080     0.000407     0.000896     0.001370     0.001811     0.002202     0.002530     0.002782     0.002949     0.003027     0.003013     0.002911     0.002728     0.002476     0.002169     0.001824     0.001460     0.001097     0.000756     0.000456     0.000217     0.000059     0.000000
    0.000000    -0.000059    -0.000212    -0.000436    -0.000709    -0.001006    -0.001303    -0.001579    -0.001813    -0.001988    -0.002091    -0.002112    -0.002047    -0.001895    -0.001661    -0.001350    -0.000975    -0.000547    -0.000083     0.000402     0.000889     0.001360     0.001799     0.002189     0.002515     0.002766     0.002933     0.003010     0.002996     0.002895     0.002713     0.002463     0.002157     0.001814     0.001452     0.001091     0.000752     0.000453     0.000216     0.000059     0.000000
    0.000000    -0.000058    -0.000210    -0.000433    -0.000704    -0.000999    -0.001295    -0.001569    -0.001803    -0.001977    -0.002080    -0.002102    -0.002038    -0.001887    -0.001654    -0.001346    -0.000972    -0.000547    -0.000085     0.000397     0.000882     0.001351     0.001788     0.002176     0.002501     0.002751     0.002917     0.002993     0.002980     0.002879     0.002699     0.002449     0.002146     0.001804     0.001444     0.001086     0.000748     0.000451     0.000215     0.000058     0.000000
    0.000000    -0.000058    -0.000209    -0.000430    -0.000699    -0.000993    -0.001287    -0.001560    -0.001792    -0.001966    -0.002069    -0.002092    -0.002028    -0.001879    -0.001648    -0.001341    -0.000970    -0.000547    -0.000087     0.000393     0.000875     0.001342     0.001777     0.002164     0.002487     0.002736     0.002901     0.002977     0.002964     0.002864     0.002684     0.002436     0.002134     0.001795     0.001437     0.001080     0.000744     0.000449     0.000214     0.000058     0.000000
    0.000000    -0.000057    -0.000207    -0.000427    -0.000695    -0.000986    -0.001279    -0.001551    -0.001782    -0.001956    -0.002058    -0.002081    -0.002019    -0.001871    -0.001641    -0.001336    -0.000967    -0.000546    -0.000089     0.000388     0.000869     0.001334     0.001767     0.002151     0.002473     0.002721     0.002885     0.002961     0.002948     0.002848     0.002670     0.002423     0.002123     0.001785     0.001429     0.001074     0.000740     0.000446     0.000213     0.000058     0.000000
    0.000000    -0.000057    -0.000206    -0.000424    -0.000690    -0.000980    -0.001271    -0.001541    -0.001772    -0.001945    -0.002048    -0.002071    -0.002009    -0.001863    -0.001634    -0.001332    -0.000964    -0.000546    -0.000091     0.000384     0.000862     0.001325     0.001756     0.002139     0.002459     0.002706     0.002869     0.002945     0.002932     0.002833     0.002656     0.002411     0.002112     0.001776     0.001422     0.001069     0.000736     0.000444     0.000212     0.000057     0.000000
    0.000000    -0.000056    -0.000204    -0.000421    -0.000685    -0.000973    -0.001263    -0.001532    -0.001761    -0.001934    -0.002037    -0.002060    -0.002000    -0.001854    -0.001628    -0.001326    -0.000961    -0.000545    -0.000092     0.000381     0.000856     0.001317     0.001746     0.002127     0.002446     0.002691     0.002854     0.002930     0.002917     0.002818     0.002642     0.002398     0.002101     0.001767     0.001415     0.001063     0.000732     0.000442     0.000210     0.000057     0.000000
    0.000000    -0.000056    -0.000203    -0.000418    -0.000681    -0.000967    -0.001255    -0.001523    -0.001751    -0.001923    -0.002026    -0.002050    -0.001990    -0.001846    -0.001621    -0.001321    -0.000958    -0.000544    -0.000093     0.000377     0.000850     0.001309     0.001736     0.002115     0.002433     0.002677     0.002839     0.002914     0.002901     0.002804     0.002628     0.002385     0.002090     0.001758     0.001407     0.001058     0.000729     0.000440     0.000209     0.000057     0.000000
    0.000000    -0.000056    -0.000201    -0.000416    -0.000676    -0.000961    -0.001247    -0.001513    -0.001741    -0.001912    -0.002015    -0.002039    -0.001980    -0.001837    -0.001613    -0.001316    -0.000955    -0.000543    -0.000095     0.000374     0.000845     0.001301     0.001726     0.002104     0.002420     0.002663     0.002824     0.002899     0.002886     0.002789     0.002614     0.002373     0.002079     0.001749     0.001400     0.001052     0.000725     0.000437     0.000208     0.000057     0.000000
    0.000000    -0.000055    -0.000200    -0.000413    -0.000672    -0.000954    -0.001239    -0.001504    -0.001730    -0.001901    -0.002004    -0.002029    -0.001970    -0.001828    -0.001606    -0.001311    -0.000952    -0.000542    -0.000096     0.000370     0.000839     0.001293     0.001716     0.002092     0.002407     0.002649     0.002809     0.002884     0.002871     0.002775     0.002601     0.002361     0.002068     0.001740     0.001393     0.001047     0.000721     0.000435     0.000207     0.000056     0.000000
    0.000000    -0.000055    -0.000198    -0.000410    -0.000667    -0.000948    -0.001231    -0.001495    -0.001720    -0.001891    -0.001993    -0.002018    -0.001960    -0.001820    -0.001599    -0.001305    -0.000948    -0.000540    -0.000097     0.000367     0.000834     0.001286     0.001707     0.002081     0.002394     0.002635     0.002795     0.002869     0.002856     0.002760     0.002587     0.002349     0.002058     0.001731     0.001386     0.001042     0.000718     0.000433     0.000206     0.000056     0.000000
    0.000000    -0.000054    -0.000197    -0.000407    -0.000663    -0.000942    -0.001223    -0.001486    -0.001710    -0.001880    -0.001982    -0.002007    -0.001951    -0.001811    -0.001592    -0.001300    -0.000945    -0.000539    -0.000097     0.000364     0.000828     0.001279     0.001698     0.002070     0.002382     0.002621     0.002780     0.002854     0.002842     0.002746     0.002574     0.002337     0.002047     0.001722     0.001379     0.001036     0.000714     0.000431     0.000205     0.000056     0.000000
    0.000000    -0.000054    -0.000196    -0.000404    -0.000658    -0.000936    -0.001215    -0.001476    -0.001700    -0.001869    -0.001971    -0.001997    -0.001941    -0.001802    -0.001585    -0.001294    -0.000941    -0.000537    -0.000098     0.000361     0.000823     0.001271     0.001688     0.002059     0.002369     0.002608     0.002766     0.002840     0.002827     0.002732     0.002561     0.002325     0.002037     0.001713     0.001372     0.001031     0.000710     0.000429     0.000204     0.000055     0.000000
    0.000000    -0.000054    -0.000194    -0.000401    -0.000654    -0.000929    -0.001208    -0.001467    -0.001690    -0.001858    -0.001960    -0.001986    -0.001931    -0.001793    -0.001577    -0.001288    -0.000937    -0.000536    -0.000099     0.000358     0.000818     0.001264     0.001679     0.002048     0.002357     0.002594     0.002752     0.002825     0.002813     0.002718     0.002548     0.002313     0.002026     0.001704     0.001365     0.001026     0.000707     0.000426     0.000203     0.000055     0.000000
    0.000000    -0.000053    -0.000193    -0.000399    -0.000649    -0.000923    -0.001200    -0.001458    -0.001680    -0.001848    -0.001949    -0.001975    -0.001921    -0.001785    -0.001570    -0.001283    -0.000933    -0.000534    -0.000099     0.000356     0.000813     0.001257     0.001670     0.002037     0.002345     0.002581     0.002738     0.002811     0.002798     0.002704     0.002535     0.002301     0.002016     0.001696     0.001358     0.001021     0.000703     0.000424     0.000202     0.000055     0.000000
    0.000000    -0.000053    -0.000192    -0.000396    -0.000645    -0.000917    -0.001192    -0.001449    -0.001670    -0.001837    -0.001938    -0.001965    -0.001911    -0.001776    -0.001562    -0.001277    -0.000930    -0.000532    -0.000099     0.000353     0.000809     0.001250     0.001662     0.002027     0.002333     0.002568     0.002724     0.002796     0.002784     0.002690     0.002522     0.002289     0.002006     0.001687     0.001351     0.001015     0.000700     0.000422     0.000201     0.000055     0.000000
    0.000000    -0.000052    -0.000190    -0.000393    -0.000640    -0.000911    -0.001185    -0.001440    -0.001660    -0.001826    -0.001928    -0.001954    -0.001901    -0.001767    -0.001555    -0.001271    -0.000926    -0.000530    -0.000100     0.000351     0.000804     0.001243     0.001653     0.002016     0.002321     0.002555     0.002710     0.002782     0.002770     0.002677     0.002509     0.002277     0.001995     0.001678     0.001344     0.001010     0.000696     0.000420     0.000200     0.000054     0.000000
    0.000000    -0.000052    -0.000189    -0.000390    -0.000636    -0.000905    -0.001177    -0.001431    -0.001650    -0.001816    -0.001917    -0.001944    -0.001891    -0.001758    -0.001547    -0.001265    -0.000922    -0.000529    -0.000100     0.000348     0.000799     0.001237     0.001644     0.002006     0.002309     0.002542     0.002696     0.002768     0.002756     0.002663     0.002496     0.002266     0.001985     0.001670     0.001337     0.001005     0.000693     0.000418     0.000199     0.000054     0.000000
    0.000000    -0.000052    -0.000187    -0.000388    -0.000632    -0.000899    -0.001170    -0.001422    -0.001640    -0.001805    -0.001906    -0.001933    -0.001881    -0.001749    -0.001540    -0.001260    -0.000918    -0.000527    -0.000100     0.000346     0.000795     0.001230     0.001635     0.001996     0.002297     0.002529     0.002683     0.002754     0.002742     0.002650     0.002484     0.002254     0.001975     0.001661     0.001330     0.001000     0.000689     0.000416     0.000198     0.000054     0.000000
    0.000000    -0.000051    -0.000186    -0.000385    -0.000628    -0.000893    -0.001162    -0.001414    -0.001630    -0.001795    -0.001895    -0.001923    -0.001871    -0.001740    -0.001532    -0.001254    -0.000914    -0.000525    -0.000101     0.000343     0.000790     0.001223     0.001627     0.001985     0.002286     0.002516     0.002669     0.002740     0.002728     0.002636     0.002471     0.002243     0.001965     0.001653     0.001323     0.000995     0.000685     0.000413     0.000197     0.000053     0.000000
    0.000000    -0.000051    -0.000185    -0.000382    -0.000623    -0.000888    -0.001155    -0.001405    -0.001620    -0.001784    -0.001885    -0.001912    -0.001862    -0.001732    -0.001525    -0.001248    -0.000910    -0.000523    -0.000101     0.000341     0.000786     0.001217     0.001618     0.001975     0.002274     0.002503     0.002656     0.002726     0.002714     0.002623     0.002458     0.002231     0.001955     0.001644     0.001317     0.000990     0.000682     0.000411     0.000196     0.000053     0.000000
    0.000000    -0.000051    -0.000184    -0.000380    -0.000619    -0.000882    -0.001147    -0.001396    -0.001610    -0.001774    -0.001874    -0.001902    -0.001852    -0.001723    -0.001517    -0.001242    -0.000906    -0.000521    -0.000101     0.000339     0.000781     0.001210     0.001610     0.001965     0.002262     0.002491     0.002642     0.002712     0.002700     0.002609     0.002446     0.002220     0.001945     0.001636     0.001310     0.000985     0.000678     0.000409     0.000195     0.000053     0.000000
    0.000000    -0.000050    -0.000182    -0.000377    -0.000615    -0.000876    -0.001140    -0.001387    -0.001600    -0.001763    -0.001863    -0.001891    -0.001842    -0.001714    -0.001510    -0.001236    -0.000902    -0.000519    -0.000101     0.000336     0.000777     0.001204     0.001602     0.001955     0.002251     0.002478     0.002629     0.002699     0.002687     0.002596     0.002433     0.002208     0.001935     0.001627     0.001303     0.000979     0.000675     0.000407     0.000194     0.000053     0.000000
    0.000000    -0.000050    -0.000181    -0.000374    -0.000611    -0.000870    -0.001133    -0.001379    -0.001591    -0.001753    -0.001853    -0.001881    -0.001832    -0.001705    -0.001502    -0.001230    -0.000898    -0.000517    -0.000101     0.000334     0.000772     0.001197     0.001593     0.001945     0.002239     0.002465     0.002615     0.002685     0.002673     0.002583     0.002421     0.002197     0.001925     0.001619     0.001296     0.000974     0.000671     0.000405     0.000193     0.000052     0.000000
    0.000000    -0.000049    -0.000180    -0.000372    -0.000607    -0.000864    -0.001125    -0.001370    -0.001581    -0.001743    -0.001842    -0.001871    -0.001822    -0.001696    -0.001495    -0.001224    -0.000894    -0.000515    -0.000101     0.000332     0.000768     0.001191     0.001585     0.001935     0.002228     0.002453     0.002602     0.002671     0.002659     0.002569     0.002408     0.002186     0.001915     0.001610     0.001289     0.000969     0.000668     0.000403     0.000192     0.000052     0.000000
    0.000000    -0.000049    -0.000178    -0.000369    -0.000603    -0.000859    -0.001118    -0.001362    -0.001572    -0.001732    -0.001832    -0.001860    -0.001813    -0.001688    -0.001488    -0.001219    -0.000890    -0.000513    -0.000101     0.000329     0.000763     0.001184     0.001576     0.001925     0.002216     0.002440     0.002589     0.002657     0.002645     0.002556     0.002395     0.002174     0.001905     0.001602     0.001282     0.000964     0.000664     0.000400     0.000191     0.000052     0.000000
    0.000000    -0.000049    -0.000177    -0.000367    -0.000599    -0.000853    -0.001111    -0.001353    -0.001562    -0.001722    -0.001821    -0.001850    -0.001803    -0.001679    -0.001480    -0.001213    -0.000886    -0.000511    -0.000101     0.000327     0.000759     0.001178     0.001568     0.001915     0.002205     0.002427     0.002575     0.002643     0.002632     0.002543     0.002383     0.002163     0.001894     0.001593     0.001276     0.000959     0.000660     0.000398     0.000190     0.000051     0.000000
    0.000000    -0.000048    -0.000176    -0.000364    -0.000594    -0.000847    -0.001104    -0.001345    -0.001552    -0.001712    -0.001811    -0.001840    -0.001793    -0.001670    -0.001473    -0.001207    -0.000882    -0.000509    -0.000102     0.000325     0.000755     0.001171     0.001560     0.001904     0.002193     0.002415     0.002562     0.002630     0.002618     0.002529     0.002370     0.002151     0.001884     0.001585     0.001269     0.000953     0.000657     0.000396     0.000189     0.000051     0.000000
    0.000000    -0.000048    -0.000175    -0.000362    -0.000590    -0.000842    -0.001097    -0.001336    -0.001543    -0.001702    -0.001800    -0.001829    -0.001784    -0.001661    -0.001465    -0.001201    -0.000878    -0.000507    -0.000102     0.000323     0.000750     0.001165     0.001551     0.001894     0.002181     0.002402     0.002548     0.002616     0.002604     0.002516     0.002358     0.002140     0.001874     0.001576     0.001262     0.000948     0.000653     0.000394     0.000188     0.000051     0.000000
    0.000000    -0.000048    -0.000173    -0.000359    -0.000586    -0.000836    -0.001089    -0.001328    -0.001533    -0.001692    -0.001790    -0.001819    -0.001774    -0.001653    -0.001458    -0.001195    -0.000874    -0.000505    -0.000102     0.000320     0.000746     0.001158     0.001543     0.001884     0.002170     0.002389     0.002535     0.002602     0.002590     0.002502     0.002345     0.002128     0.001864     0.001567     0.001255     0.000943     0.000649     0.000392     0.000186     0.000051     0.000000
    0.000000    -0.000047    -0.000172    -0.000357    -0.000582    -0.000831    -0.001082    -0.001319    -0.001524    -0.001681    -0.001779    -0.001809    -0.001764    -0.001644    -0.001450    -0.001190    -0.000870    -0.000503    -0.000102     0.000318     0.000741     0.001152     0.001534     0.001874     0.002158     0.002376     0.002521     0.002588     0.002576     0.002488     0.002332     0.002116     0.001853     0.001559     0.001248     0.000937     0.000646     0.000389     0.000185     0.000050     0.000000
    0.000000    -0.000047    -0.000171    -0.000354    -0.000578    -0.000825    -0.001075    -0.001311    -0.001514    -0.001671    -0.001769    -0.001798    -0.001754    -0.001635    -0.001443    -0.001184    -0.000866    -0.000501    -0.000102     0.000315     0.000736     0.001145     0.001525     0.001863     0.002146     0.002363     0.002507     0.002573     0.002562     0.002475     0.002319     0.002104     0.001843     0.001550     0.001240     0.000932     0.000642     0.000387     0.000184     0.000050     0.000000
    0.000000    -0.000047    -0.000170    -0.000351    -0.000574    -0.000819    -0.001068    -0.001302    -0.001505    -0.001661    -0.001758    -0.001788    -0.001745    -0.001626    -0.001436    -0.001178    -0.000862    -0.000499    -0.000103     0.000313     0.000732     0.001138     0.001517     0.001853     0.002134     0.002350     0.002493     0.002559     0.002547     0.002461     0.002306     0.002092     0.001832     0.001541     0.001233     0.000926     0.000638     0.000384     0.000183     0.000050     0.000000
    0.000000    -0.000046    -0.000168    -0.000349    -0.000570    -0.000814    -0.001061    -0.001294    -0.001495    -0.001651    -0.001748    -0.001778    -0.001735    -0.001617    -0.001428    -0.001172    -0.000858    -0.000497    -0.000103     0.000311     0.000727     0.001131     0.001508     0.001842     0.002122     0.002337     0.002479     0.002545     0.002533     0.002447     0.002293     0.002080     0.001822     0.001532     0.001226     0.000921     0.000634     0.000382     0.000182     0.000049     0.000000
    0.000000    -0.000046    -0.000167    -0.000346    -0.000566    -0.000808    -0.001053    -0.001285    -0.001485    -0.001640    -0.001737    -0.001767    -0.001725    -0.001608    -0.001420    -0.001166    -0.000854    -0.000495    -0.000103     0.000308     0.000722     0.001124     0.001499     0.001831     0.002110     0.002323     0.002465     0.002530     0.002518     0.002432     0.002279     0.002068     0.001811     0.001522     0.001218     0.000915     0.000630     0.000380     0.000181     0.000049     0.000000
    0.000000    -0.000046    -0.000166    -0.000344    -0.000562    -0.000802    -0.001046    -0.001276    -0.001476    -0.001630    -0.001726    -0.001756    -0.001715    -0.001599    -0.001413    -0.001160    -0.000850    -0.000493    -0.000103     0.000305     0.000717     0.001117     0.001490     0.001821     0.002097     0.002310     0.002450     0.002515     0.002503     0.002418     0.002265     0.002055     0.001800     0.001513     0.001210     0.000909     0.000626     0.000377     0.000179     0.000049     0.000000
    0.000000    -0.000045    -0.000164    -0.000341    -0.000557    -0.000796    -0.001038    -0.001267    -0.001466    -0.001619    -0.001715    -0.001746    -0.001704    -0.001590    -0.001405    -0.001154    -0.000846    -0.000491    -0.000104     0.000303     0.000713     0.001110     0.001480     0.001809     0.002084     0.002296     0.002435     0.002500     0.002488     0.002403     0.002251     0.002042     0.001788     0.001503     0.001203     0.000903     0.000621     0.000374     0.000178     0.000048     0.000000
    0.000000    -0.000045    -0.000163    -0.000338    -0.000553    -0.000790    -0.001031    -0.001258    -0.001455    -0.001608    -0.001704    -0.001735    -0.001694    -0.001581    -0.001397    -0.001148    -0.000841    -0.000489    -0.000104     0.000300     0.000707     0.001103     0.001471     0.001798     0.002071     0.002281     0.002420     0.002484     0.002472     0.002388     0.002237     0.002029     0.001777     0.001493     0.001194     0.000897     0.000617     0.000372     0.000177     0.000048     0.000000
    0.000000    -0.000044    -0.000162    -0.000335    -0.000549    -0.000784    -0.001023    -0.001249    -0.001445    -0.001597    -0.001693    -0.001723    -0.001683    -0.001571    -0.001389    -0.001141    -0.000837    -0.000487    -0.000104     0.000297     0.000702     0.001095     0.001461     0.001786     0.002058     0.002267     0.002405     0.002468     0.002456     0.002372     0.002222     0.002016     0.001765     0.001483     0.001186     0.000890     0.000612     0.000369     0.000175     0.000047     0.000000
    0.000000    -0.000044    -0.000160    -0.000332    -0.000544    -0.000777    -0.001015    -0.001239    -0.001434    -0.001586    -0.001681    -0.001712    -0.001672    -0.001561    -0.001380    -0.001134    -0.000832    -0.000485    -0.000104     0.000295     0.000697     0.001088     0.001451     0.001774     0.002044     0.002252     0.002389     0.002452     0.002440     0.002356     0.002207     0.002002     0.001752     0.001472     0.001177     0.000884     0.000608     0.000366     0.000174     0.000047     0.000000
    0.000000    -0.000043    -0.000159    -0.000329    -0.000539    -0.000771    -0.001007    -0.001229    -0.001423    -0.001574    -0.001669    -0.001700    -0.001661    -0.001551    -0.001371    -0.001127    -0.000828    -0.000482    -0.000104     0.000292     0.000692     0.001080     0.001441     0.001762     0.002030     0.002236     0.002372     0.002435     0.002423     0.002340     0.002191     0.001987     0.001739     0.001461     0.001168     0.000877     0.000603     0.000363     0.000172     0.000047     0.000000
    0.000000    -0.000043    -0.000157    -0.000326    -0.000534    -0.000764    -0.000998    -0.001219    -0.001412    -0.001561    -0.001656    -0.001687    -0.001649    -0.001540    -0.001362    -0.001120    -0.000823    -0.000480    -0.000105     0.000289     0.000686     0.001071     0.001430     0.001749     0.002016     0.002220     0.002355     0.002417     0.002405     0.002322     0.002175     0.001972     0.001726     0.001450     0.001159     0.000869     0.000597     0.000359     0.000171     0.000046     0.000000
    0.000000    -0.000043    -0.000155    -0.000323    -0.000529    -0.000757    -0.000989    -0.001208    -0.001400    -0.001548    -0.001643    -0.001674    -0.001636    -0.001529    -0.001352    -0.001112    -0.000817    -0.000477    -0.000105     0.000286     0.000680     0.001063     0.001419     0.001736     0.002000     0.002203     0.002337     0.002399     0.002387     0.002304     0.002158     0.001956     0.001712     0.001437     0.001149     0.000861     0.000592     0.000356     0.000169     0.000046     0.000000
    0.000000    -0.000042    -0.000153    -0.000319    -0.000523    -0.000749    -0.000979    -0.001197    -0.001387    -0.001535    -0.001629    -0.001660    -0.001623    -0.001517    -0.001342    -0.001104    -0.000811    -0.000474    -0.000104     0.000283     0.000674     0.001054     0.001408     0.001722     0.001984     0.002185     0.002318     0.002379     0.002367     0.002285     0.002140     0.001940     0.001697     0.001425     0.001138     0.000853     0.000586     0.000352     0.000167     0.000045     0.000000
    0.000000    -0.000041    -0.000151    -0.000315    -0.000517    -0.000741    -0.000969    -0.001185    -0.001374    -0.001520    -0.001614    -0.001645    -0.001609    -0.001504    -0.001331    -0.001095    -0.000805    -0.000471    -0.000104     0.000280     0.000668     0.001045     0.001396     0.001707     0.001968     0.002167     0.002299     0.002359     0.002347     0.002265     0.002121     0.001922     0.001681     0.001411     0.001127     0.000845     0.000580     0.000348     0.000165     0.000044     0.000000
    0.000000    -0.000041    -0.000149    -0.000311    -0.000511    -0.000732    -0.000958    -0.001172    -0.001359    -0.001505    -0.001598    -0.001630    -0.001594    -0.001490    -0.001319    -0.001086    -0.000798    -0.000467    -0.000104     0.000277     0.000662     0.001035     0.001383     0.001692     0.001950     0.002147     0.002278     0.002337     0.002325     0.002244     0.002101     0.001904     0.001665     0.001397     0.001115     0.000835     0.000573     0.000344     0.000163     0.000044     0.000000
    0.000000    -0.000040    -0.000147    -0.000307    -0.000504    -0.000723    -0.000946    -0.001158    -0.001344    -0.001488    -0.001581    -0.001613    -0.001578    -0.001475    -0.001306    -0.001075    -0.000791    -0.000463    -0.000103     0.000275     0.000656     0.001025     0.001370     0.001676     0.001931     0.002127     0.002256     0.002314     0.002302     0.002222     0.002079     0.001884     0.001647     0.001382     0.001103     0.000826     0.000566     0.000339     0.000161     0.000043     0.000000
    0.000000    -0.000039    -0.000145    -0.000302    -0.000497    -0.000713    -0.000934    -0.001144    -0.001327    -0.001470    -0.001562    -0.001594    -0.001560    -0.001459    -0.001292    -0.001064    -0.000782    -0.000458    -0.000102     0.000272     0.000649     0.001015     0.001355     0.001658     0.001911     0.002104     0.002232     0.002290     0.002277     0.002198     0.002056     0.001863     0.001628     0.001365     0.001089     0.000815     0.000558     0.000335     0.000158     0.000042     0.000000
    0.000000    -0.000039    -0.000142    -0.000297    -0.000488    -0.000701    -0.000920    -0.001127    -0.001309    -0.001451    -0.001542    -0.001574    -0.001541    -0.001441    -0.001276    -0.001051    -0.000773    -0.000452    -0.000100     0.000269     0.000642     0.001004     0.001341     0.001640     0.001889     0.002081     0.002207     0.002264     0.002251     0.002172     0.002032     0.001840     0.001608     0.001348     0.001074     0.000804     0.000550     0.000329     0.000155     0.000042     0.000000
    0.000000    -0.000038    -0.000139    -0.000291    -0.000479    -0.000689    -0.000905    -0.001109    -0.001289    -0.001429    -0.001520    -0.001551    -0.001519    -0.001421    -0.001258    -0.001036    -0.000762    -0.000445    -0.000098     0.000266     0.000634     0.000991     0.001324     0.001619     0.001866     0.002054     0.002178     0.002234     0.002222     0.002143     0.002005     0.001815     0.001585     0.001328     0.001059     0.000791     0.000541     0.000324     0.000153     0.000041     0.000000
    0.000000    -0.000037    -0.000136    -0.000285    -0.000470    -0.000676    -0.000888    -0.001090    -0.001267    -0.001406    -0.001495    -0.001527    -0.001495    -0.001399    -0.001239    -0.001020    -0.000750    -0.000438    -0.000096     0.000264     0.000626     0.000979     0.001307     0.001598     0.001841     0.002026     0.002149     0.002203     0.002191     0.002113     0.001976     0.001788     0.001561     0.001308     0.001042     0.000778     0.000532     0.000318     0.000150     0.000040     0.000000
    0.000000    -0.000036    -0.000132    -0.000278    -0.000459    -0.000661    -0.000870    -0.001068    -0.001242    -0.001379    -0.001467    -0.001498    -0.001468    -0.001373    -0.001216    -0.001001    -0.000735    -0.000429    -0.000092     0.000261     0.000618     0.000964     0.001287     0.001573     0.001812     0.001994     0.002114     0.002168     0.002155     0.002079     0.001944     0.001759     0.001535     0.001285     0.001023     0.000764     0.000522     0.000311     0.000146     0.000039     0.000000
    0.000000    -0.000034    -0.000128    -0.000270    -0.000447    -0.000645    -0.000849    -0.001044    -0.001215    -0.001349    -0.001436    -0.001467    -0.001438    -0.001345    -0.001191    -0.000980    -0.000720    -0.000419    -0.000088     0.000259     0.000609     0.000950     0.001266     0.001547     0.001782     0.001961     0.002078     0.002131     0.002118     0.002042     0.001909     0.001727     0.001507     0.001261     0.001004     0.000749     0.000511     0.000305     0.000143     0.000038     0.000000
    0.000000    -0.000033    -0.000124    -0.000262    -0.000434    -0.000628    -0.000827    -0.001017    -0.001184    -0.001315    -0.001400    -0.001431    -0.001402    -0.001311    -0.001161    -0.000955    -0.000700    -0.000405    -0.000082     0.000257     0.000600     0.000932     0.001242     0.001516     0.001746     0.001921     0.002036     0.002087     0.002074     0.002000     0.001869     0.001691     0.001475     0.001235     0.000982     0.000732     0.000499     0.000298     0.000140     0.000037     0.000000
    0.000000    -0.000032    -0.000120    -0.000253    -0.000421    -0.000608    -0.000802    -0.000987    -0.001150    -0.001278    -0.001361    -0.001391    -0.001363    -0.001275    -0.001129    -0.000927    -0.000679    -0.000391    -0.000076     0.000255     0.000590     0.000915     0.001217     0.001485     0.001709     0.001879     0.001991     0.002041     0.002027     0.001954     0.001826     0.001652     0.001441     0.001206     0.000959     0.000715     0.000488     0.000291     0.000136     0.000036     0.000000
    0.000000    -0.000031    -0.000115    -0.000244    -0.000406    -0.000587    -0.000774    -0.000953    -0.001110    -0.001234    -0.001314    -0.001342    -0.001315    -0.001229    -0.001087    -0.000892    -0.000651    -0.000372    -0.000066     0.000254     0.000578     0.000893     0.001186     0.001445     0.001662     0.001827     0.001936     0.001984     0.001971     0.001900     0.001776     0.001607     0.001403     0.001175     0.000935     0.000698     0.000476     0.000284     0.000133     0.000035     0.000000
    0.000000    -0.000030    -0.000111    -0.000235    -0.000390    -0.000564    -0.000744    -0.000916    -0.001067    -0.001186    -0.001263    -0.001291    -0.001264    -0.001181    -0.001044    -0.000855    -0.000622    -0.000353    -0.000057     0.000254     0.000567     0.000872     0.001155     0.001406     0.001615     0.001775     0.001879     0.001925     0.001912     0.001843     0.001723     0.001560     0.001362     0.001141     0.000910     0.000680     0.000466     0.000279     0.000131     0.000035     0.000000
    0.000000    -0.000029    -0.000108    -0.000227    -0.000375    -0.000540    -0.000711    -0.000873    -0.001015    -0.001127    -0.001198    -0.001223    -0.001196    -0.001117    -0.000985    -0.000805    -0.000582    -0.000325    -0.000043     0.000254     0.000553     0.000844     0.001114     0.001353     0.001553     0.001705     0.001805     0.001849     0.001837     0.001772     0.001658     0.001502     0.001314     0.001104     0.000883     0.000663     0.000457     0.000276     0.000131     0.000035     0.000000
    0.000000    -0.000029    -0.000107    -0.000221    -0.000361    -0.000516    -0.000675    -0.000827    -0.000961    -0.001065    -0.001132    -0.001155    -0.001130    -0.001053    -0.000928    -0.000756    -0.000543    -0.000298    -0.000029     0.000254     0.000540     0.000817     0.001075     0.001303     0.001493     0.001638     0.001732     0.001774     0.001762     0.001699     0.001591     0.001443     0.001265     0.001066     0.000857     0.000648     0.000452     0.000277     0.000135     0.000038     0.000000
    0.000000    -0.000033    -0.000111    -0.000220    -0.000350    -0.000491    -0.000635    -0.000770    -0.000889    -0.000981    -0.001040    -0.001058    -0.001032    -0.000961    -0.000843    -0.000683    -0.000486    -0.000257    -0.000007     0.000257     0.000522     0.000780     0.001020     0.001232     0.001408     0.001542     0.001629     0.001667     0.001657     0.001600     0.001501     0.001366     0.001204     0.001023     0.000831     0.000639     0.000455     0.000287     0.000146     0.000044     0.000000
    0.000000    -0.000044    -0.000125    -0.000227    -0.000343    -0.000469    -0.000596    -0.000715    -0.000820    -0.000902    -0.000953    -0.000968    -0.000943    -0.000875    -0.000766    -0.000617    -0.000433    -0.000220     0.000013     0.000259     0.000507     0.000747     0.000970     0.001167     0.001330     0.001454     0.001534     0.001569     0.001559     0.001507     0.001416     0.001293     0.001145     0.000980     0.000807     0.000632     0.000464     0.000309     0.000173     0.000062     0.000000
    0.000000    -0.000084    -0.000171    -0.000261    -0.000355    -0.000451    -0.000546    -0.000635    -0.000714    -0.000775    -0.000813    -0.000822    -0.000798    -0.000738    -0.000642    -0.000511    -0.000349    -0.000161     0.000046     0.000264     0.000484     0.000697     0.000894     0.001067     0.001210     0.001317     0.001386     0.001415     0.001405     0.001360     0.001283     0.001181     0.001060     0.000926     0.000786     0.000645     0.000506     0.000372     0.000244     0.000120     0.000000
    0.000000    -0.000116    -0.000207    -0.000291    -0.000369    -0.000442    -0.000511    -0.000573    -0.000626    -0.000667    -0.000689    -0.000689    -0.000663    -0.000608    -0.000522    -0.000407    -0.000266    -0.000101     0.000080     0.000270     0.000462     0.000647     0.000819     0.000969     0.001093     0.001186     0.001245     0.001271     0.001265     0.001230     0.001170     0.001089     0.000994     0.000888     0.000777     0.000661     0.000543     0.000422     0.000298     0.000165     0.000000
